sample_id,escenario,vehicle_type,is_autonomous,gnss_speed_kmh,gnss_ramp_grade,lidar_obstacle_dist_m,lidar_visibility_index,op_perclos_score,turno_horas_acumuladas,op_steering_jerk_stddev,op_harsh_braking_count,ttc_raw_sec,effective_ttc_sec,collision_risk_label
DSTM-00001,D,CAT_797F_MANUAL,0,30.38,9.54,43.61,0.233,0.096,5.2,7.08,0,5.37,3.26,1
DSTM-00002,B,PALA_PH_4100XPC,0,0.0,2.07,73.76,0.863,0.241,10.2,3.53,2,142.32,140.37,0
DSTM-00003,E,KOMATSU_930E_AHS,1,25.04,8.05,175.79,0.794,0.06,12.8,0.15,0,24.58,24.11,0
DSTM-00004,D,CAT_797F_MANUAL,0,38.84,8.69,16.41,0.5,0.118,5.2,6.87,0,1.2,-0.75,1
DSTM-00005,A,CAMIONETA_4x4,0,57.4,11.3,191.99,0.562,0.172,7.3,5.43,1,12.69,10.51,0
DSTM-00006,E,KOMATSU_930E_AHS,1,26.39,8.2,115.94,0.822,0.02,7.0,0.15,0,16.33,15.9,0
DSTM-00007,D,CAT_797F_MANUAL,0,36.73,11.01,17.03,0.336,0.035,4.7,4.53,2,1.94,0.07,1
DSTM-00008,D,CAMIONETA_4x4,0,34.5,8.41,15.78,0.587,0.109,4.8,1.82,3,1.97,0.18,1
DSTM-00009,A,CAT_797F_MANUAL,0,30.95,13.34,39.97,0.574,0.138,7.4,3.08,0,3.78,1.51,1
DSTM-00010,C,CAMIONETA_4x4,0,43.05,7.38,17.58,0.881,0.229,10.0,3.95,0,1.18,-0.65,1
DSTM-00011,B,CAMIONETA_4x4,0,32.17,3.19,25.94,0.787,0.04,1.4,1.28,2,2.23,0.83,1
DSTM-00012,E,CAMIONETA_4x4,0,33.15,5.31,50.72,0.881,0.06,6.0,5.42,0,4.99,3.49,1
DSTM-00013,C,CAT_797F_MANUAL,0,20.12,10.17,82.61,1.0,0.219,10.8,0.3,0,12.97,11.03,0
DSTM-00014,D,CAT_797F_MANUAL,0,25.76,8.75,80.77,0.207,0.147,6.3,2.58,1,10.47,8.38,0
DSTM-00015,B,PALA_PH_4100XPC,0,0.0,1.89,2.0,0.868,0.108,2.3,2.1,2,9.77,8.2,1
DSTM-00016,A,KOMATSU_930E_AHS,1,35.84,10.85,33.18,0.561,0.02,11.3,0.15,0,2.93,2.38,1
DSTM-00017,C,CAT_797F_MANUAL,0,31.88,8.09,17.27,0.759,0.285,11.6,4.94,1,2.81,0.72,1
DSTM-00018,A,CAT_797F_MANUAL,0,48.6,14.98,43.53,0.519,0.041,1.0,1.44,3,2.91,0.91,1
DSTM-00019,D,KOMATSU_930E_AHS,1,27.64,9.98,11.23,0.412,0.043,13.8,0.15,0,1.86,1.2,1
DSTM-00020,C,CAT_797F_MANUAL,0,28.0,10.39,11.41,0.844,0.289,11.2,8.69,4,1.61,-0.58,1
DSTM-00021,D,CAT_797F_MANUAL,0,29.75,9.79,17.19,0.391,0.356,4.4,0.66,5,2.43,-0.09,1
DSTM-00022,B,PALA_PH_4100XPC,0,5.42,4.06,32.39,0.927,0.286,3.1,9.94,1,47.54,45.58,0
DSTM-00023,E,CAMIONETA_4x4,0,32.69,11.06,61.55,0.938,0.101,3.8,11.74,2,7.38,5.52,0
DSTM-00024,E,KOMATSU_930E_AHS,1,27.94,16.68,35.14,0.812,0.049,10.5,0.15,0,3.99,3.55,1
DSTM-00025,D,CAT_797F_MANUAL,0,35.05,8.9,69.14,0.387,0.126,1.9,3.35,0,7.02,5.02,0
DSTM-00026,A,CAT_797F_MANUAL,0,42.38,9.13,196.22,0.666,0.069,2.7,0.82,3,16.59,15.03,0
DSTM-00027,C,CAT_797F_MANUAL,0,24.98,11.34,14.32,0.799,0.309,8.4,4.67,5,2.09,-0.21,1
DSTM-00028,A,CAT_797F_MANUAL,0,37.12,8.48,25.0,0.591,0.081,9.2,5.28,0,1.84,0.16,1
DSTM-00029,A,CAMIONETA_4x4,0,47.82,12.34,28.3,0.75,0.063,3.3,0.93,0,1.93,0.11,1
DSTM-00030,D,CAT_797F_MANUAL,0,32.36,9.74,18.6,0.402,0.2,5.9,5.47,1,1.6,-0.52,1
DSTM-00031,D,KOMATSU_930E_AHS,1,30.35,6.96,18.25,0.372,0.022,3.9,0.15,0,2.35,1.67,1
DSTM-00032,E,KOMATSU_930E_AHS,1,39.02,4.71,17.07,0.792,0.049,19.7,0.15,0,2.08,1.63,1
DSTM-00033,B,CAT_797F_MANUAL,0,17.33,1.73,16.3,0.881,0.345,4.7,3.97,1,2.59,0.44,1
DSTM-00034,B,CAMIONETA_4x4,0,40.9,2.38,100.41,1.0,0.179,5.5,7.87,1,9.25,7.63,0
DSTM-00035,C,CAMIONETA_4x4,0,36.55,8.14,90.75,0.915,0.467,9.1,2.18,0,8.89,6.52,0
DSTM-00036,A,CAT_797F_MANUAL,0,52.76,7.55,181.23,0.705,0.157,8.2,1.21,1,12.43,10.65,0
DSTM-00037,A,KOMATSU_930E_AHS,1,38.43,10.59,41.69,0.595,0.02,15.4,0.15,0,4.06,3.5,1
DSTM-00038,C,CAT_797F_MANUAL,0,25.42,11.71,63.01,0.841,0.157,7.6,3.22,4,9.91,7.86,0
DSTM-00039,A,CAT_797F_MANUAL,0,52.12,9.02,18.91,0.691,0.159,4.2,3.8,0,1.11,-0.61,1
DSTM-00040,D,CAT_797F_MANUAL,0,35.09,8.07,153.06,0.351,0.097,2.1,1.7,1,14.32,12.5,0
DSTM-00041,B,CAMIONETA_4x4,0,37.02,2.75,10.55,0.829,0.023,4.0,4.57,0,0.72,-0.64,1
DSTM-00042,D,CAMIONETA_4x4,0,46.85,4.31,119.06,0.361,0.216,7.4,0.67,3,9.55,7.56,0
DSTM-00043,D,CAT_797F_MANUAL,0,34.71,11.45,136.32,0.45,0.291,2.8,3.03,1,12.93,10.44,0
DSTM-00044,B,PALA_PH_4100XPC,0,0.32,5.01,9.02,0.763,0.186,2.6,1.89,0,19.14,17.53,0
DSTM-00045,D,CAT_797F_MANUAL,0,32.57,5.19,20.35,0.253,0.345,8.3,4.08,4,2.29,-0.14,1
DSTM-00046,D,CAT_797F_MANUAL,0,39.18,10.11,55.65,0.426,0.11,5.3,5.46,1,4.57,2.61,1
DSTM-00047,B,PALA_PH_4100XPC,0,6.91,3.93,12.62,0.726,0.042,8.5,4.73,1,13.85,12.42,0
DSTM-00048,B,CAT_797F_MANUAL,0,20.54,6.06,10.58,0.88,0.134,7.4,5.49,0,1.7,0.07,1
DSTM-00049,D,CAT_797F_MANUAL,0,34.07,7.25,43.09,0.197,0.031,1.5,0.94,2,4.82,3.11,1
DSTM-00050,A,CAT_797F_MANUAL,0,48.72,6.01,28.44,0.685,0.037,4.8,4.84,2,2.07,0.54,1
DSTM-00051,A,KOMATSU_930E_AHS,1,39.56,9.81,57.78,0.647,0.038,5.4,0.15,0,5.22,4.66,0
DSTM-00052,A,KOMATSU_930E_AHS,1,35.68,9.35,86.07,0.768,0.069,15.0,0.15,0,8.7,8.25,0
DSTM-00053,D,CAMIONETA_4x4,0,43.28,5.36,47.82,0.548,0.177,10.1,6.42,1,3.93,2.05,1
DSTM-00054,D,CAT_797F_MANUAL,0,34.19,6.34,79.93,0.526,0.156,8.9,4.36,2,8.4,6.55,0
DSTM-00055,D,KOMATSU_930E_AHS,1,31.21,6.46,55.55,0.372,0.02,10.2,0.15,0,6.03,5.38,0
DSTM-00056,D,CAMIONETA_4x4,0,28.3,9.44,54.44,0.497,0.218,3.1,4.7,0,7.3,5.17,0
DSTM-00057,C,CAT_797F_MANUAL,0,32.35,6.74,8.18,0.947,0.213,11.6,4.52,3,1.08,-0.57,1
DSTM-00058,C,CAMIONETA_4x4,0,52.04,11.06,147.69,0.87,0.13,10.6,6.02,3,11.0,9.16,0
DSTM-00059,A,CAT_797F_MANUAL,0,43.13,10.36,26.76,0.753,0.204,1.8,4.48,2,2.02,-0.04,1
DSTM-00060,A,CAT_797F_MANUAL,0,29.11,12.32,200.0,0.844,0.088,1.4,4.7,1,23.21,21.26,0
DSTM-00061,D,CAMIONETA_4x4,0,47.12,3.53,54.93,0.318,0.06,5.9,4.51,0,4.94,3.29,1
DSTM-00062,C,CAT_797F_MANUAL,0,29.88,8.63,11.29,0.998,0.325,10.9,4.45,3,1.48,-0.57,1
DSTM-00063,C,KOMATSU_930E_AHS,1,27.58,7.24,150.92,0.866,0.054,12.8,0.15,0,20.04,19.65,0
DSTM-00064,D,KOMATSU_930E_AHS,1,30.52,7.45,58.47,0.385,0.02,16.9,0.15,0,6.67,6.0,0
DSTM-00065,C,KOMATSU_930E_AHS,1,20.76,11.69,12.08,0.814,0.06,16.6,0.15,0,2.28,1.82,1
DSTM-00066,C,CAT_797F_MANUAL,0,31.8,7.06,42.13,0.802,0.58,11.4,3.3,1,4.71,1.94,1
DSTM-00067,C,CAT_797F_MANUAL,0,34.84,11.46,74.32,1.0,0.521,12.0,0.91,1,7.68,4.94,0
DSTM-00068,B,PALA_PH_4100XPC,0,4.3,3.98,13.01,0.842,0.423,8.1,8.39,1,17.17,14.76,0
DSTM-00069,A,CAT_797F_MANUAL,0,47.84,9.89,42.48,0.603,0.115,8.5,4.81,0,4.03,2.14,1
DSTM-00070,B,PALA_PH_4100XPC,0,3.0,1.2,2.0,0.839,0.081,7.2,3.72,0,4.73,3.13,1
DSTM-00071,A,KOMATSU_930E_AHS,1,25.62,15.8,52.3,0.583,0.079,20.1,0.15,0,8.22,7.65,0
DSTM-00072,B,CAT_797F_MANUAL,0,15.99,2.51,23.85,0.976,0.149,11.1,14.08,0,7.1,5.59,0
DSTM-00073,E,KOMATSU_930E_AHS,1,33.2,7.51,40.42,0.961,0.02,7.4,0.15,0,3.74,3.37,1
DSTM-00074,A,CAT_797F_MANUAL,0,41.68,14.53,44.05,0.757,0.033,1.5,6.35,1,3.77,1.89,1
DSTM-00075,A,CAT_797F_MANUAL,0,44.76,7.67,59.02,0.703,0.02,9.6,1.24,0,5.11,3.62,1
DSTM-00076,B,PALA_PH_4100XPC,0,0.81,3.39,18.9,0.87,0.208,6.7,4.19,1,41.2,39.46,0
DSTM-00077,B,CAT_797F_MANUAL,0,4.85,4.36,16.21,0.856,0.13,5.0,1.54,2,5.3,3.69,1
DSTM-00078,D,KOMATSU_930E_AHS,1,23.09,7.12,20.22,0.394,0.089,13.2,0.15,0,4.04,3.39,1
DSTM-00079,C,KOMATSU_930E_AHS,1,31.71,10.83,35.64,0.786,0.043,9.4,0.15,0,4.81,4.34,0
DSTM-00080,D,CAMIONETA_4x4,0,44.58,10.55,30.56,0.566,0.07,9.6,6.89,1,2.67,0.81,1
DSTM-00081,D,CAT_797F_MANUAL,0,32.63,6.47,110.17,0.418,0.15,8.4,3.68,0,11.27,9.37,0
DSTM-00082,B,CAT_797F_MANUAL,0,13.97,2.47,71.02,1.0,0.215,9.8,9.28,0,17.91,16.11,0
DSTM-00083,D,CAMIONETA_4x4,0,38.68,10.22,80.57,0.292,0.13,4.0,9.02,1,7.59,5.54,0
DSTM-00084,A,KOMATSU_930E_AHS,1,33.74,10.83,9.86,0.613,0.098,12.3,0.15,0,1.15,0.61,1
DSTM-00085,A,CAT_797F_MANUAL,0,46.45,13.15,16.18,0.575,0.169,10.3,3.54,0,1.2,-0.97,1
DSTM-00086,A,CAT_797F_MANUAL,0,55.37,15.44,82.08,0.627,0.028,1.1,4.31,2,5.67,3.64,1
DSTM-00087,D,CAT_797F_MANUAL,0,26.98,10.43,7.2,0.407,0.046,3.5,0.43,0,0.92,-0.87,1
DSTM-00088,C,CAT_797F_MANUAL,0,51.26,2.74,140.15,0.88,0.195,10.0,5.84,4,10.29,8.42,0
DSTM-00089,A,CAT_797F_MANUAL,0,48.55,7.44,113.14,0.621,0.264,2.4,8.23,0,8.43,6.31,0
DSTM-00090,C,CAT_797F_MANUAL,0,27.84,5.7,16.54,0.797,0.473,10.4,2.69,1,1.76,-0.81,1
DSTM-00091,A,CAMIONETA_4x4,0,49.61,8.91,57.72,0.596,0.15,7.8,3.02,4,3.77,1.9,1
DSTM-00092,D,CAT_797F_MANUAL,0,33.74,5.79,11.8,0.211,0.163,4.6,6.65,2,1.1,-0.91,1
DSTM-00093,B,CAT_797F_MANUAL,0,16.69,1.51,10.96,0.827,0.166,4.8,8.17,0,1.57,-0.08,1
DSTM-00094,B,CAT_797F_MANUAL,0,13.75,4.88,19.73,0.915,0.467,9.8,3.67,1,4.37,2.01,1
DSTM-00095,B,CAT_797F_MANUAL,0,9.57,2.91,13.35,0.961,0.086,2.5,1.18,0,4.22,2.77,1
DSTM-00096,C,CAT_797F_MANUAL,0,26.55,9.03,40.03,0.835,0.348,10.6,1.23,1,5.96,3.76,1
DSTM-00097,B,PALA_PH_4100XPC,0,5.5,3.43,10.57,0.876,0.063,6.1,3.98,1,13.9,12.4,1
DSTM-00098,A,CAT_797F_MANUAL,0,43.48,12.98,40.48,0.714,0.113,2.0,5.82,2,2.71,0.85,1
DSTM-00099,A,CAT_797F_MANUAL,0,41.76,14.38,181.9,0.55,0.236,1.6,1.89,1,16.95,14.47,0
DSTM-00100,E,CAMIONETA_4x4,0,36.6,7.13,23.51,0.774,0.249,3.2,4.8,0,2.05,0.15,1
DSTM-00101,E,CAMIONETA_4x4,0,38.27,9.59,19.75,0.955,0.281,10.4,8.82,2,1.87,-0.09,1
DSTM-00102,D,KOMATSU_930E_AHS,1,25.11,8.15,33.79,0.551,0.055,5.3,0.15,0,5.3,4.73,0
DSTM-00103,B,CAT_797F_MANUAL,0,15.72,2.24,48.79,0.721,0.039,2.6,1.17,0,12.55,11.07,0
DSTM-00104,E,CAMIONETA_4x4,0,41.94,6.93,50.15,0.833,0.171,2.2,0.47,2,4.86,3.1,1
DSTM-00105,D,CAT_797F_MANUAL,0,36.13,6.32,68.04,0.374,0.02,2.6,5.86,3,7.04,5.43,0
DSTM-00106,D,CAT_797F_MANUAL,0,37.73,4.32,35.13,0.45,0.111,3.9,1.62,1,3.28,1.54,1
DSTM-00107,B,PALA_PH_4100XPC,0,2.27,3.56,61.1,0.836,0.101,10.3,1.78,1,109.3,107.82,0
DSTM-00108,B,CAT_797F_MANUAL,0,13.0,4.07,6.77,0.912,0.092,2.8,3.07,0,2.82,1.35,1
DSTM-00109,A,CAMIONETA_4x4,0,44.38,9.09,79.73,0.653,0.123,2.6,0.89,0,6.64,4.81,0
DSTM-00110,E,KOMATSU_930E_AHS,1,29.0,7.5,16.24,0.874,0.02,23.1,0.15,0,1.46,1.07,1
DSTM-00111,C,CAT_797F_MANUAL,0,29.28,12.93,3.31,0.92,0.471,9.5,1.31,3,0.88,-1.78,1
DSTM-00112,A,KOMATSU_930E_AHS,1,33.45,9.81,40.7,0.677,0.046,11.5,0.15,0,4.14,3.62,1
DSTM-00113,B,CAT_797F_MANUAL,0,14.36,4.05,23.89,0.958,0.454,10.0,7.62,3,5.53,3.16,1
DSTM-00114,C,CAT_797F_MANUAL,0,27.81,11.73,94.01,0.909,0.136,10.5,1.09,3,14.18,12.35,0
DSTM-00115,A,KOMATSU_930E_AHS,1,33.63,8.99,38.08,0.833,0.02,6.4,0.15,0,4.43,3.98,1
DSTM-00116,E,CAMIONETA_4x4,0,53.25,4.1,38.99,0.888,0.039,9.3,4.36,1,2.53,1.19,1
DSTM-00117,D,CAT_797F_MANUAL,0,22.35,10.67,199.91,0.511,0.12,3.7,2.18,0,27.19,25.21,0
DSTM-00118,D,KOMATSU_930E_AHS,1,30.67,7.94,22.43,0.315,0.046,14.3,0.15,0,3.01,2.33,1
DSTM-00119,B,CAMIONETA_4x4,0,29.7,4.97,15.01,0.992,0.111,7.0,3.92,0,1.71,0.28,1
DSTM-00120,C,KOMATSU_930E_AHS,1,30.88,6.87,32.0,0.878,0.02,5.4,0.15,0,3.25,2.85,1
DSTM-00121,C,CAT_797F_MANUAL,0,38.12,10.18,11.32,0.798,0.329,8.7,10.74,0,0.72,-1.61,1
DSTM-00122,C,CAT_797F_MANUAL,0,34.23,13.24,119.09,0.871,0.349,9.8,3.5,0,11.95,9.37,0
DSTM-00123,A,CAT_797F_MANUAL,0,35.22,10.83,111.47,0.642,0.035,10.0,3.89,1,12.38,10.66,0
DSTM-00124,B,CAT_797F_MANUAL,0,13.93,1.93,7.61,0.898,0.107,8.3,2.12,1,2.85,1.4,1
DSTM-00125,A,CAT_797F_MANUAL,0,44.62,9.74,150.05,0.812,0.037,6.0,2.71,3,11.75,10.19,0
DSTM-00126,C,KOMATSU_930E_AHS,1,30.11,4.94,9.26,0.84,0.043,2.7,0.15,0,1.1,0.66,1
DSTM-00127,B,CAT_797F_MANUAL,0,11.83,5.75,27.88,0.863,0.118,2.1,3.67,0,7.31,5.56,0
DSTM-00128,A,CAT_797F_MANUAL,0,51.32,13.44,20.3,0.656,0.274,3.9,3.35,0,1.49,-0.89,1
DSTM-00129,A,CAMIONETA_4x4,0,48.81,11.98,37.74,0.74,0.06,9.3,3.42,3,2.7,0.84,1
DSTM-00130,C,KOMATSU_930E_AHS,1,20.86,6.78,32.44,0.849,0.038,2.2,0.15,0,5.92,5.46,0
DSTM-00131,A,CAT_797F_MANUAL,0,42.96,8.56,180.11,0.835,0.169,7.3,1.68,1,15.96,14.13,0
DSTM-00132,E,CAMIONETA_4x4,0,35.42,3.72,16.35,0.918,0.066,4.9,5.32,2,1.37,-0.17,1
DSTM-00133,C,CAT_797F_MANUAL,0,33.06,7.13,18.71,0.92,0.408,9.1,5.09,2,2.31,0.06,1
DSTM-00134,B,CAT_797F_MANUAL,0,14.69,4.89,41.21,0.832,0.256,3.5,8.73,1,9.68,7.72,0
DSTM-00135,C,CAT_797F_MANUAL,0,25.72,10.54,30.02,0.971,0.258,10.8,1.45,2,5.47,3.45,1
DSTM-00136,A,CAT_797F_MANUAL,0,42.79,11.15,73.92,0.589,0.194,6.7,7.55,0,6.11,3.99,1
DSTM-00137,E,CAMIONETA_4x4,0,35.5,5.3,200.0,0.791,0.318,2.0,0.57,2,20.34,18.3,0
DSTM-00138,C,CAT_797F_MANUAL,0,35.03,7.59,79.79,0.853,0.336,8.6,6.21,3,7.64,5.49,0
DSTM-00139,D,KOMATSU_930E_AHS,1,33.46,10.91,15.39,0.365,0.062,14.2,0.15,0,2.2,1.52,1
DSTM-00140,A,CAT_797F_MANUAL,0,38.38,9.63,44.09,0.599,0.129,5.0,9.07,2,4.26,2.49,1
DSTM-00141,C,KOMATSU_930E_AHS,1,31.06,6.11,21.61,0.793,0.059,17.3,0.15,0,3.58,3.15,1
DSTM-00142,C,CAT_797F_MANUAL,0,33.51,9.15,32.71,0.819,0.247,9.7,3.59,3,4.13,2.06,1
DSTM-00143,E,CAMIONETA_4x4,0,38.32,7.4,40.6,0.778,0.12,2.3,5.54,2,4.71,3.08,1
DSTM-00144,C,CAT_797F_MANUAL,0,28.85,7.88,18.42,0.886,0.706,11.9,3.57,0,2.22,-0.84,1
DSTM-00145,C,CAT_797F_MANUAL,0,27.56,7.67,43.11,1.0,0.161,8.5,2.29,3,5.73,4.1,0
DSTM-00146,B,CAT_797F_MANUAL,0,10.64,0.71,21.27,0.845,0.302,1.9,5.46,1,5.71,3.7,1
DSTM-00147,B,CAT_797F_MANUAL,0,13.27,4.55,12.45,0.865,0.049,1.3,2.23,0,5.05,3.66,1
DSTM-00148,C,CAT_797F_MANUAL,0,26.96,9.11,107.99,0.982,0.208,10.3,8.58,0,13.35,11.64,0
DSTM-00149,B,CAT_797F_MANUAL,0,17.7,0.0,37.44,0.718,0.299,8.3,0.92,4,8.03,6.05,0
DSTM-00150,A,KOMATSU_930E_AHS,1,41.89,8.05,96.13,0.81,0.029,21.3,0.15,0,8.51,8.05,0
DSTM-00151,D,CAT_797F_MANUAL,0,35.55,7.52,50.95,0.438,0.099,2.8,2.91,1,5.41,3.66,1
DSTM-00152,E,KOMATSU_930E_AHS,1,36.33,10.65,57.21,0.907,0.09,17.1,0.15,0,5.54,5.14,0
DSTM-00153,A,CAMIONETA_4x4,0,46.41,13.41,43.34,0.786,0.02,9.1,1.0,4,3.68,1.85,1
DSTM-00154,C,CAT_797F_MANUAL,0,23.89,11.44,13.0,0.948,0.15,10.1,2.39,2,2.37,0.34,1
DSTM-00155,A,CAT_797F_MANUAL,0,37.03,11.85,43.29,0.619,0.158,3.1,2.09,4,3.91,2.08,1
DSTM-00156,D,CAT_797F_MANUAL,0,29.23,9.14,10.86,0.305,0.13,9.4,13.06,2,0.71,-1.36,1
DSTM-00157,B,PALA_PH_4100XPC,0,2.82,2.76,25.95,0.939,0.143,6.5,2.12,0,24.29,22.59,0
DSTM-00158,D,KOMATSU_930E_AHS,1,24.55,10.33,38.62,0.228,0.029,1.1,0.15,0,6.4,5.65,0
DSTM-00159,D,CAT_797F_MANUAL,0,18.15,0.83,27.17,0.362,0.402,1.0,1.53,0,5.13,2.59,1
DSTM-00160,D,CAT_797F_MANUAL,0,31.59,5.13,67.52,0.586,0.139,3.4,0.77,1,7.76,6.03,0
DSTM-00161,A,CAT_797F_MANUAL,0,39.38,7.38,10.31,0.658,0.085,2.5,5.3,0,0.97,-0.62,1
DSTM-00162,E,KOMATSU_930E_AHS,1,31.43,5.96,53.32,0.922,0.02,17.4,0.15,0,7.54,7.16,0
DSTM-00163,A,CAMIONETA_4x4,0,38.91,11.26,164.52,0.652,0.101,11.4,7.95,3,14.87,12.75,0
DSTM-00164,A,CAT_797F_MANUAL,0,45.81,14.44,38.76,0.591,0.293,9.1,2.47,2,3.83,1.25,1
DSTM-00165,C,CAT_797F_MANUAL,0,39.13,7.87,74.68,0.727,0.253,9.0,3.72,2,7.36,5.33,0
DSTM-00166,B,PALA_PH_4100XPC,0,5.6,3.41,21.18,0.797,0.109,10.1,5.15,1,19.3,17.81,0
DSTM-00167,D,CAMIONETA_4x4,0,46.63,10.34,69.59,0.28,0.103,3.4,9.36,3,5.58,3.51,1
DSTM-00168,D,CAMIONETA_4x4,0,54.24,11.26,70.08,0.473,0.033,8.8,1.83,2,4.76,2.95,1
DSTM-00169,B,PALA_PH_4100XPC,0,5.01,2.18,51.51,0.787,0.14,8.7,2.48,0,50.36,48.67,0
DSTM-00170,E,KOMATSU_930E_AHS,1,25.19,5.72,76.33,0.815,0.035,10.8,0.15,0,12.45,12.01,0
DSTM-00171,B,PALA_PH_4100XPC,0,4.01,1.64,13.87,0.743,0.049,3.8,1.67,2,25.28,23.89,0
DSTM-00172,C,CAMIONETA_4x4,0,48.79,7.09,41.37,0.922,0.203,9.9,4.8,3,3.04,1.22,1
DSTM-00173,B,PALA_PH_4100XPC,0,4.71,2.52,38.74,0.927,0.2,6.5,3.77,0,46.96,45.12,0
DSTM-00174,E,KOMATSU_930E_AHS,1,32.52,10.22,64.71,0.855,0.083,5.7,0.15,0,7.42,6.98,0
DSTM-00175,A,CAT_797F_MANUAL,0,30.74,14.61,59.2,0.704,0.157,4.0,8.87,3,5.95,3.69,1
DSTM-00176,A,KOMATSU_930E_AHS,1,42.92,9.02,198.73,0.774,0.066,14.9,0.15,0,18.07,17.62,0
DSTM-00177,B,CAT_797F_MANUAL,0,13.02,2.63,48.6,0.89,0.219,1.2,1.8,1,13.03,11.33,0
DSTM-00178,E,CAMIONETA_4x4,0,25.54,10.02,43.5,0.803,0.245,7.9,7.82,1,5.92,3.76,1
DSTM-00179,E,KOMATSU_930E_AHS,1,27.62,9.03,55.89,0.924,0.045,3.2,0.15,0,7.26,6.88,0
DSTM-00180,D,CAT_797F_MANUAL,0,35.52,10.89,14.77,0.503,0.13,1.8,4.94,3,1.7,-0.4,1
DSTM-00181,E,KOMATSU_930E_AHS,1,23.93,5.87,31.62,0.759,0.071,9.8,0.15,0,5.84,5.38,0
DSTM-00182,E,KOMATSU_930E_AHS,1,24.95,7.87,71.37,0.738,0.02,4.6,0.15,0,9.99,9.55,0
DSTM-00183,C,CAMIONETA_4x4,0,38.58,5.12,36.98,0.755,0.443,9.1,7.49,1,3.26,0.84,1
DSTM-00184,B,CAT_797F_MANUAL,0,13.42,5.63,9.09,0.845,0.216,10.5,2.34,1,3.43,1.65,1
DSTM-00185,D,CAT_797F_MANUAL,0,33.15,4.24,49.22,0.332,0.101,7.0,4.35,1,5.28,3.39,1
DSTM-00186,D,CAT_797F_MANUAL,0,36.07,7.0,112.75,0.527,0.184,9.2,2.05,1,11.81,9.98,0
DSTM-00187,B,CAT_797F_MANUAL,0,19.42,3.11,12.77,0.751,0.122,5.0,2.08,0,1.79,0.05,1
DSTM-00188,A,KOMATSU_930E_AHS,1,31.46,9.34,6.01,0.633,0.02,6.6,0.15,0,1.03,0.49,1
DSTM-00189,D,CAT_797F_MANUAL,0,25.29,3.99,101.18,0.568,0.099,4.4,2.65,0,13.7,12.02,0
DSTM-00190,B,CAMIONETA_4x4,0,42.59,2.0,7.69,0.906,0.284,9.8,10.06,1,0.51,-1.38,1
DSTM-00191,E,KOMATSU_930E_AHS,1,26.02,8.97,52.57,0.877,0.02,4.9,0.15,0,7.25,6.87,0
DSTM-00192,A,CAMIONETA_4x4,0,52.48,12.51,52.96,0.867,0.108,5.6,8.93,2,3.58,1.76,1
DSTM-00193,A,KOMATSU_930E_AHS,1,41.16,8.9,12.5,0.793,0.07,15.6,0.15,0,0.81,0.33,1
DSTM-00194,D,CAT_797F_MANUAL,0,31.3,9.82,18.53,0.298,0.244,8.7,2.08,3,2.29,-0.07,1
DSTM-00195,A,CAMIONETA_4x4,0,54.73,9.68,84.92,0.594,0.113,4.7,1.46,1,5.6,3.76,1
DSTM-00196,A,CAT_797F_MANUAL,0,38.84,8.95,77.66,0.823,0.121,3.8,2.94,0,6.5,4.85,0
DSTM-00197,C,CAMIONETA_4x4,0,32.57,7.53,86.66,0.807,0.371,10.8,3.14,5,9.93,7.77,0
DSTM-00198,E,CAMIONETA_4x4,0,45.18,8.41,99.81,0.911,0.13,1.2,7.68,1,8.0,6.39,0
DSTM-00199,A,CAT_797F_MANUAL,0,36.7,11.65,80.55,0.661,0.109,1.5,4.89,2,7.97,6.02,0
DSTM-00200,B,CAT_797F_MANUAL,0,13.54,3.57,18.22,0.951,0.203,2.2,3.2,1,6.1,4.38,0
DSTM-00201,D,CAT_797F_MANUAL,0,35.93,10.27,5.11,0.392,0.049,2.3,0.83,1,1.02,-0.9,1
DSTM-00202,E,CAMIONETA_4x4,0,35.42,10.84,78.75,0.936,0.177,10.5,1.67,1,8.13,6.31,0
DSTM-00203,C,KOMATSU_930E_AHS,1,30.4,11.17,27.32,0.78,0.062,3.9,0.15,0,3.46,3.03,1
DSTM-00204,A,CAMIONETA_4x4,0,37.77,6.23,16.72,0.849,0.047,4.1,1.31,3,2.0,0.55,1
DSTM-00205,A,CAT_797F_MANUAL,0,40.65,6.7,93.91,0.557,0.195,8.0,2.46,1,8.54,6.7,0
DSTM-00206,A,KOMATSU_930E_AHS,1,41.59,10.91,109.35,0.785,0.069,3.0,0.15,0,9.17,8.71,0
DSTM-00207,A,CAT_797F_MANUAL,0,37.24,12.71,55.17,0.82,0.202,10.3,7.48,0,5.24,3.19,1
DSTM-00208,D,CAT_797F_MANUAL,0,26.67,10.33,44.11,0.2,0.193,3.7,4.2,3,6.37,4.12,0
DSTM-00209,A,CAT_797F_MANUAL,0,40.24,10.78,155.4,0.784,0.202,11.4,5.07,0,14.51,12.51,0
DSTM-00210,C,CAT_797F_MANUAL,0,31.21,10.76,33.84,0.889,0.02,9.6,2.47,7,4.34,2.74,1
DSTM-00211,D,KOMATSU_930E_AHS,1,18.59,10.74,105.42,0.374,0.063,1.2,0.15,0,18.12,17.44,0
DSTM-00212,C,CAT_797F_MANUAL,0,32.86,7.25,37.86,0.873,0.198,8.2,3.6,2,4.07,2.42,1
DSTM-00213,A,CAT_797F_MANUAL,0,30.76,4.03,17.82,0.694,0.111,1.5,4.76,2,2.03,0.37,1
DSTM-00214,D,CAMIONETA_4x4,0,39.38,9.51,144.96,0.334,0.039,7.9,1.8,0,12.53,10.72,0
DSTM-00215,D,KOMATSU_930E_AHS,1,28.34,10.31,64.54,0.223,0.041,10.9,0.15,0,8.07,7.34,0
DSTM-00216,D,CAT_797F_MANUAL,0,37.7,9.25,120.52,0.472,0.257,9.5,1.69,4,11.6,9.31,0
DSTM-00217,A,CAT_797F_MANUAL,0,29.16,10.74,23.24,0.824,0.154,8.6,3.07,1,2.88,1.02,1
DSTM-00218,A,CAT_797F_MANUAL,0,50.69,7.8,52.12,0.641,0.06,9.0,2.1,0,4.29,2.67,1
DSTM-00219,E,KOMATSU_930E_AHS,1,24.32,8.31,55.22,0.85,0.078,6.1,0.15,0,8.1,7.69,0
DSTM-00220,B,PALA_PH_4100XPC,0,2.33,2.37,17.19,0.881,0.059,3.8,6.53,1,33.17,31.81,0
DSTM-00221,B,CAT_797F_MANUAL,0,19.33,3.31,20.98,0.918,0.118,3.6,3.84,3,4.55,3.11,1
DSTM-00222,C,CAT_797F_MANUAL,0,27.97,10.33,35.11,0.968,0.351,8.3,1.02,0,4.73,2.42,1
DSTM-00223,D,KOMATSU_930E_AHS,1,15.36,11.66,60.24,0.457,0.044,17.9,0.15,0,11.64,11.03,0
DSTM-00224,E,KOMATSU_930E_AHS,1,27.43,8.08,15.5,0.91,0.02,3.0,0.15,0,1.6,1.2,1
DSTM-00225,B,CAT_797F_MANUAL,0,14.85,3.98,25.79,0.883,0.03,3.7,1.68,0,6.65,5.19,0
DSTM-00226,E,CAMIONETA_4x4,0,47.07,10.91,11.19,0.78,0.039,8.3,2.34,1,0.71,-0.97,1
DSTM-00227,A,CAT_797F_MANUAL,0,32.43,9.93,38.52,0.851,0.02,8.4,5.34,1,3.75,2.07,1
DSTM-00228,C,KOMATSU_930E_AHS,1,30.09,6.18,109.4,0.767,0.048,4.0,0.15,0,12.59,12.13,0
DSTM-00229,C,CAT_797F_MANUAL,0,31.19,13.78,25.95,0.995,0.16,10.5,1.7,3,3.16,1.25,1
DSTM-00230,A,CAMIONETA_4x4,0,47.06,10.66,199.51,0.825,0.214,5.5,2.62,3,14.69,12.62,0
DSTM-00231,A,CAT_797F_MANUAL,0,39.66,9.45,52.05,0.627,0.089,4.2,5.81,0,4.92,2.98,1
DSTM-00232,B,PALA_PH_4100XPC,0,0.0,3.4,50.35,0.792,0.123,7.9,1.34,1,95.82,94.19,0
DSTM-00233,E,KOMATSU_930E_AHS,1,27.69,5.41,18.24,0.819,0.063,16.7,0.15,0,1.72,1.28,1
DSTM-00234,C,KOMATSU_930E_AHS,1,26.42,10.74,24.68,0.928,0.081,2.6,0.15,0,3.24,2.88,1
DSTM-00235,E,KOMATSU_930E_AHS,1,26.34,9.04,13.44,0.685,0.063,18.8,0.15,0,1.93,1.46,1
DSTM-00236,D,CAMIONETA_4x4,0,29.68,13.86,61.95,0.346,0.11,9.1,2.21,5,7.2,4.99,0
DSTM-00237,C,CAMIONETA_4x4,0,42.33,11.36,13.84,0.852,0.229,8.8,4.4,6,1.44,-0.61,1
DSTM-00238,D,KOMATSU_930E_AHS,1,30.6,8.42,39.89,0.493,0.096,17.2,0.15,0,3.77,3.16,1
DSTM-00239,A,CAT_797F_MANUAL,0,44.05,11.19,92.79,0.836,0.054,8.7,6.61,2,7.65,5.97,0
DSTM-00240,A,CAT_797F_MANUAL,0,47.72,4.38,68.54,0.677,0.149,9.8,4.98,0,5.73,3.91,1
DSTM-00241,D,KOMATSU_930E_AHS,1,18.93,7.2,48.56,0.35,0.038,18.2,0.15,0,8.82,8.14,0
DSTM-00242,D,CAMIONETA_4x4,0,44.37,6.47,42.91,0.445,0.079,3.4,5.62,1,3.47,1.73,1
DSTM-00243,A,CAT_797F_MANUAL,0,37.67,9.3,43.56,0.611,0.131,3.5,1.9,0,4.55,2.59,1
DSTM-00244,C,CAT_797F_MANUAL,0,30.26,7.37,68.48,0.764,0.591,8.7,14.99,1,7.99,5.14,0
DSTM-00245,C,CAT_797F_MANUAL,0,31.37,9.98,26.43,0.781,0.209,8.7,0.56,2,3.15,1.29,1
DSTM-00246,E,CAMIONETA_4x4,0,53.57,8.61,168.64,0.916,0.02,7.1,0.36,1,11.43,9.99,0
DSTM-00247,C,CAT_797F_MANUAL,0,29.12,11.09,30.67,0.867,0.264,9.4,5.87,2,3.0,0.81,1
DSTM-00248,B,CAT_797F_MANUAL,0,15.91,5.42,82.6,0.914,0.205,6.4,4.03,4,22.36,20.77,0
DSTM-00249,B,CAT_797F_MANUAL,0,13.86,3.16,6.55,0.79,0.274,11.2,9.55,3,2.92,0.97,1
DSTM-00250,B,CAT_797F_MANUAL,0,18.01,2.9,28.54,0.916,0.148,1.4,3.5,1,6.28,4.67,0
DSTM-00251,D,CAT_797F_MANUAL,0,26.36,7.1,139.83,0.249,0.164,3.2,7.2,0,17.51,15.54,0
DSTM-00252,E,CAMIONETA_4x4,0,40.58,5.59,19.66,0.859,0.16,5.5,6.97,1,1.42,-0.24,1
DSTM-00253,C,CAT_797F_MANUAL,0,40.54,4.83,78.9,0.978,0.131,8.7,3.49,0,7.0,5.42,0
DSTM-00254,A,CAMIONETA_4x4,0,52.42,11.31,40.52,0.858,0.047,6.5,4.99,0,3.17,1.51,1
DSTM-00255,A,CAMIONETA_4x4,0,29.27,7.44,79.55,0.623,0.163,5.1,3.47,2,9.57,7.76,0
DSTM-00256,D,KOMATSU_930E_AHS,1,21.8,11.59,15.27,0.484,0.02,22.6,0.15,0,1.73,1.14,1
DSTM-00257,D,KOMATSU_930E_AHS,1,23.27,10.04,28.21,0.498,0.038,8.7,0.15,0,3.58,2.97,1
DSTM-00258,A,CAT_797F_MANUAL,0,44.39,13.36,191.25,0.588,0.116,4.4,7.28,2,16.14,13.91,0
DSTM-00259,A,CAT_797F_MANUAL,0,41.43,8.63,15.96,0.587,0.17,8.2,1.91,1,1.33,-0.65,1
DSTM-00260,C,CAT_797F_MANUAL,0,38.89,8.1,27.4,0.861,0.251,9.2,1.65,1,2.09,0.16,1
DSTM-00261,A,CAT_797F_MANUAL,0,44.16,9.37,122.6,0.846,0.028,1.7,1.47,0,9.41,7.91,0
DSTM-00262,D,KOMATSU_930E_AHS,1,35.74,11.7,84.01,0.268,0.043,15.5,0.15,0,9.11,8.4,0
DSTM-00263,B,CAT_797F_MANUAL,0,10.75,5.25,35.21,0.931,0.064,6.9,4.44,2,12.07,10.52,0
DSTM-00264,A,CAT_797F_MANUAL,0,46.6,10.76,117.89,0.832,0.029,8.1,0.5,0,9.73,8.02,0
DSTM-00265,E,KOMATSU_930E_AHS,1,24.26,12.6,86.74,0.872,0.02,23.6,0.15,0,11.91,11.51,0
DSTM-00266,A,CAT_797F_MANUAL,0,42.51,7.71,8.89,0.689,0.037,7.1,0.95,1,1.18,-0.4,1
DSTM-00267,B,CAT_797F_MANUAL,0,13.46,1.28,6.01,0.795,0.079,6.9,3.49,1,1.24,-0.25,1
DSTM-00268,A,CAT_797F_MANUAL,0,48.02,8.29,35.43,0.814,0.049,9.8,1.44,0,2.75,1.26,1
DSTM-00269,A,KOMATSU_930E_AHS,1,34.46,7.82,161.26,0.732,0.07,15.5,0.15,0,16.23,15.73,0
DSTM-00270,A,CAT_797F_MANUAL,0,39.36,7.05,105.33,0.527,0.233,4.6,6.18,0,10.56,8.64,0
DSTM-00271,A,CAMIONETA_4x4,0,46.03,9.67,11.56,0.786,0.187,9.4,3.79,2,0.72,-1.13,1
DSTM-00272,A,CAT_797F_MANUAL,0,50.61,10.18,47.42,0.772,0.055,3.1,1.89,4,3.29,1.67,1
DSTM-00273,A,KOMATSU_930E_AHS,1,31.76,9.73,157.91,0.751,0.055,12.3,0.15,0,18.7,18.18,0
DSTM-00274,C,CAT_797F_MANUAL,0,39.25,6.55,160.9,0.799,0.192,9.5,2.54,0,14.71,12.98,0
DSTM-00275,D,CAT_797F_MANUAL,0,35.68,9.28,137.91,0.514,0.064,3.2,1.75,2,14.99,13.17,0
DSTM-00276,B,CAT_797F_MANUAL,0,17.11,2.38,5.25,0.683,0.071,3.9,3.76,2,1.0,-0.48,1
DSTM-00277,B,CAT_797F_MANUAL,0,16.09,1.61,5.38,0.885,0.046,7.5,4.87,4,1.32,-0.08,1
DSTM-00278,C,CAT_797F_MANUAL,0,33.79,6.57,162.14,0.914,0.378,8.7,8.28,2,17.64,15.39,0
DSTM-00279,E,KOMATSU_930E_AHS,1,22.52,7.26,95.74,0.915,0.02,14.8,0.15,0,16.35,15.96,0
DSTM-00280,E,CAMIONETA_4x4,0,28.97,5.39,78.48,0.827,0.184,4.2,12.32,2,8.5,6.59,0
DSTM-00281,A,KOMATSU_930E_AHS,1,35.92,9.77,82.75,0.815,0.044,9.9,0.15,0,8.99,8.54,0
DSTM-00282,A,CAMIONETA_4x4,0,54.11,9.08,42.19,0.725,0.165,1.0,10.88,0,2.84,0.95,1
DSTM-00283,A,CAT_797F_MANUAL,0,37.61,9.5,49.0,0.583,0.196,7.9,2.77,1,4.49,2.39,1
DSTM-00284,A,CAT_797F_MANUAL,0,43.59,6.66,98.77,0.677,0.202,2.6,5.69,0,7.8,5.84,0
DSTM-00285,C,CAT_797F_MANUAL,0,31.7,10.44,17.85,0.762,0.194,10.6,6.68,2,2.08,0.05,1
DSTM-00286,B,PALA_PH_4100XPC,0,0.0,4.16,2.0,0.906,0.269,6.6,3.06,1,7.82,5.83,1
DSTM-00287,A,CAT_797F_MANUAL,0,46.66,9.84,72.75,0.637,0.236,11.3,5.64,0,5.93,3.8,1
DSTM-00288,B,CAT_797F_MANUAL,0,13.7,2.24,4.69,0.928,0.196,7.9,2.08,2,2.03,0.3,1
DSTM-00289,C,CAT_797F_MANUAL,0,28.3,5.6,30.21,0.97,0.304,8.1,0.69,2,3.22,1.2,1
DSTM-00290,A,KOMATSU_930E_AHS,1,37.15,10.37,74.57,0.723,0.077,8.2,0.15,0,7.09,6.59,0
DSTM-00291,D,CAT_797F_MANUAL,0,32.77,6.87,118.5,0.202,0.277,6.8,6.92,1,14.35,12.04,0
DSTM-00292,A,CAT_797F_MANUAL,0,42.08,7.85,40.64,0.771,0.143,1.3,1.11,1,3.56,1.7,1
DSTM-00293,E,CAMIONETA_4x4,0,22.12,4.07,43.83,0.919,0.237,4.8,9.05,1,6.35,4.58,0
DSTM-00294,A,KOMATSU_930E_AHS,1,37.71,11.46,48.94,0.801,0.02,15.5,0.15,0,4.36,3.91,1
DSTM-00295,D,CAT_797F_MANUAL,0,27.66,10.14,47.03,0.45,0.175,6.7,8.65,2,5.82,3.72,1
DSTM-00296,E,KOMATSU_930E_AHS,1,29.41,9.02,19.31,0.813,0.07,14.5,0.15,0,2.97,2.52,1
DSTM-00297,E,KOMATSU_930E_AHS,1,26.03,10.51,54.91,0.885,0.081,19.3,0.15,0,6.87,6.45,0
DSTM-00298,D,CAMIONETA_4x4,0,35.25,8.06,26.52,0.516,0.171,5.7,4.51,0,2.59,0.62,1
DSTM-00299,D,CAT_797F_MANUAL,0,34.83,5.01,8.32,0.525,0.264,9.6,3.17,2,1.05,-1.11,1
DSTM-00300,C,CAT_797F_MANUAL,0,29.21,6.66,19.26,0.876,0.326,11.0,2.75,8,2.39,0.43,1
DSTM-00301,D,CAMIONETA_4x4,0,34.59,7.59,111.43,0.381,0.121,11.0,2.63,0,11.24,9.45,0
DSTM-00302,A,CAT_797F_MANUAL,0,39.36,7.95,122.75,0.578,0.198,2.9,3.82,3,11.27,9.42,0
DSTM-00303,C,CAT_797F_MANUAL,0,31.84,3.97,26.63,0.803,0.324,11.5,9.3,1,3.2,1.11,1
DSTM-00304,C,CAT_797F_MANUAL,0,22.41,4.26,11.77,0.89,0.253,10.0,4.91,2,0.99,-0.87,1
DSTM-00305,E,KOMATSU_930E_AHS,1,35.26,11.72,82.88,0.751,0.056,12.2,0.15,0,8.79,8.32,0
DSTM-00306,C,CAT_797F_MANUAL,0,29.97,5.01,73.41,0.735,0.373,9.3,1.07,1,9.18,6.92,0
DSTM-00307,B,CAT_797F_MANUAL,0,14.18,2.43,20.04,0.803,0.154,5.7,0.87,2,5.56,3.77,1
DSTM-00308,C,CAT_797F_MANUAL,0,31.88,10.61,23.74,0.963,0.07,9.1,7.05,2,2.47,0.81,1
DSTM-00309,B,CAT_797F_MANUAL,0,21.64,3.58,10.66,0.964,0.24,5.6,5.38,0,1.19,-0.58,1
DSTM-00310,A,CAT_797F_MANUAL,0,40.31,8.91,43.65,0.544,0.275,6.3,1.72,2,3.77,1.61,1
DSTM-00311,C,CAT_797F_MANUAL,0,22.52,8.83,80.29,0.933,0.392,11.6,2.06,2,14.19,11.88,0
DSTM-00312,B,CAT_797F_MANUAL,0,15.81,3.24,200.0,0.955,0.067,7.3,0.52,1,45.12,43.63,0
DSTM-00313,A,CAT_797F_MANUAL,0,40.05,10.79,31.11,0.649,0.071,11.2,2.25,1,3.01,1.25,1
DSTM-00314,B,CAT_797F_MANUAL,0,17.13,5.68,3.55,0.926,0.147,10.3,2.37,2,1.16,-0.44,1
DSTM-00315,B,PALA_PH_4100XPC,0,4.53,3.19,24.63,0.925,0.079,1.8,5.3,2,29.64,28.08,0
DSTM-00316,B,CAT_797F_MANUAL,0,16.13,4.81,23.15,0.75,0.078,4.2,0.55,2,4.52,3.1,1
DSTM-00317,B,CAT_797F_MANUAL,0,12.24,2.96,49.28,0.97,0.427,9.8,8.6,2,15.78,13.54,0
DSTM-00318,D,CAT_797F_MANUAL,0,26.25,11.26,30.83,0.31,0.276,8.8,3.45,1,3.67,1.14,1
DSTM-00319,B,CAT_797F_MANUAL,0,20.02,6.34,9.37,0.792,0.105,6.5,1.54,1,1.22,-0.35,1
DSTM-00320,E,KOMATSU_930E_AHS,1,35.76,9.51,52.62,0.887,0.042,13.6,0.15,0,5.71,5.28,0
DSTM-00321,E,CAMIONETA_4x4,0,31.93,7.59,29.79,0.939,0.175,9.5,2.9,1,3.27,1.61,1
DSTM-00322,C,CAT_797F_MANUAL,0,35.14,12.13,12.22,0.903,0.165,11.4,0.97,2,1.42,-0.62,1
DSTM-00323,B,CAT_797F_MANUAL,0,16.11,2.13,28.4,0.848,0.247,7.6,2.32,2,6.06,4.09,0
DSTM-00324,C,KOMATSU_930E_AHS,1,30.6,12.39,21.68,0.853,0.047,9.1,0.15,0,2.58,2.16,1
DSTM-00325,D,CAT_797F_MANUAL,0,25.3,1.92,30.36,0.572,0.174,3.4,2.33,3,5.11,3.2,1
DSTM-00326,D,CAT_797F_MANUAL,0,20.46,3.8,34.66,0.288,0.064,11.5,9.61,1,5.4,3.74,1
DSTM-00327,D,CAT_797F_MANUAL,0,24.7,9.56,109.22,0.496,0.038,7.9,0.32,1,15.62,13.92,0
DSTM-00328,C,CAT_797F_MANUAL,0,30.75,10.12,6.06,0.841,0.08,9.1,2.13,1,1.1,-0.61,1
DSTM-00329,C,CAT_797F_MANUAL,0,23.72,12.21,43.09,0.73,0.224,12.0,4.81,2,7.36,5.14,0
DSTM-00330,B,PALA_PH_4100XPC,0,0.4,4.72,103.11,0.818,0.057,2.2,4.13,3,207.6,206.15,0
DSTM-00331,D,CAT_797F_MANUAL,0,30.7,14.33,84.9,0.361,0.27,4.6,2.16,2,10.25,7.59,0
DSTM-00332,A,CAMIONETA_4x4,0,46.66,10.72,69.52,0.597,0.036,5.9,4.19,1,5.28,3.4,1
DSTM-00333,D,KOMATSU_930E_AHS,1,32.27,10.48,35.58,0.228,0.021,20.6,0.15,0,4.12,3.38,1
DSTM-00334,E,KOMATSU_930E_AHS,1,32.34,10.42,67.54,1.0,0.056,11.7,0.15,0,7.66,7.31,0
DSTM-00335,A,CAT_797F_MANUAL,0,26.3,10.27,169.61,0.708,0.137,8.4,1.63,1,22.25,20.42,0
DSTM-00336,C,CAMIONETA_4x4,0,42.37,7.13,68.72,0.845,0.107,11.3,1.96,1,6.19,4.6,0
DSTM-00337,A,CAT_797F_MANUAL,0,42.48,13.41,7.64,0.885,0.127,8.8,3.56,2,0.97,-0.99,1
DSTM-00338,D,CAT_797F_MANUAL,0,36.34,6.11,67.72,0.438,0.257,9.7,1.9,1,6.68,4.7,0
DSTM-00339,A,CAT_797F_MANUAL,0,41.99,11.28,29.97,0.683,0.061,1.2,2.16,2,2.79,1.08,1
DSTM-00340,E,KOMATSU_930E_AHS,1,16.25,9.16,65.1,0.782,0.02,7.1,0.15,0,11.39,10.93,0
DSTM-00341,A,CAT_797F_MANUAL,0,43.04,10.28,14.01,0.664,0.059,10.3,8.65,2,1.48,-0.22,1
DSTM-00342,E,CAMIONETA_4x4,0,41.1,12.38,20.33,0.9,0.08,6.4,3.5,1,2.21,0.42,1
DSTM-00343,D,CAT_797F_MANUAL,0,41.23,7.72,15.54,0.472,0.049,8.0,4.48,1,1.42,-0.22,1
DSTM-00344,C,KOMATSU_930E_AHS,1,18.97,5.51,12.37,0.917,0.021,15.7,0.15,0,3.24,2.85,1
DSTM-00345,D,CAT_797F_MANUAL,0,42.4,14.68,44.66,0.55,0.089,11.2,2.03,1,3.97,1.95,1
DSTM-00346,D,CAT_797F_MANUAL,0,30.43,8.13,32.99,0.466,0.087,5.8,3.57,1,4.04,2.1,1
DSTM-00347,E,KOMATSU_930E_AHS,1,25.07,7.82,119.39,0.942,0.039,7.5,0.15,0,17.94,17.55,0
DSTM-00348,B,PALA_PH_4100XPC,0,1.03,4.66,29.89,0.795,0.096,2.4,1.62,3,57.63,56.07,0
DSTM-00349,C,CAT_797F_MANUAL,0,27.23,11.59,19.27,0.811,0.171,7.9,3.11,3,2.52,0.46,1
DSTM-00350,A,CAT_797F_MANUAL,0,33.72,15.2,61.41,0.834,0.118,6.4,1.49,4,6.83,4.77,0
DSTM-00351,C,CAT_797F_MANUAL,0,23.41,4.9,49.82,0.903,0.204,10.1,3.92,0,7.58,5.74,0
DSTM-00352,A,CAT_797F_MANUAL,0,43.85,9.97,188.11,0.571,0.237,2.4,1.96,0,15.37,13.24,0
DSTM-00353,C,CAT_797F_MANUAL,0,28.28,5.51,11.22,0.747,0.218,11.8,1.96,2,1.49,-0.19,1
DSTM-00354,C,KOMATSU_930E_AHS,1,26.89,14.52,65.01,0.818,0.027,12.8,0.15,0,9.62,9.2,0
DSTM-00355,C,CAT_797F_MANUAL,0,36.7,6.79,168.06,0.834,0.42,8.0,2.69,2,17.6,15.31,0
DSTM-00356,C,KOMATSU_930E_AHS,1,27.74,8.33,5.82,0.878,0.054,15.9,0.15,0,1.17,0.77,1
DSTM-00357,D,CAT_797F_MANUAL,0,41.52,9.48,13.29,0.453,0.064,1.5,1.95,1,1.52,-0.26,1
DSTM-00358,D,CAT_797F_MANUAL,0,22.42,3.76,20.26,0.52,0.049,9.1,3.41,0,4.14,2.54,1
DSTM-00359,C,CAMIONETA_4x4,0,38.58,13.17,76.54,0.82,0.371,8.4,6.12,2,7.22,4.6,0
DSTM-00360,C,CAT_797F_MANUAL,0,49.49,4.31,64.91,0.91,0.396,7.5,10.63,1,4.72,2.51,1
DSTM-00361,E,CAMIONETA_4x4,0,27.77,4.17,100.44,0.88,0.367,9.3,0.81,2,11.88,9.78,0
DSTM-00362,A,CAT_797F_MANUAL,0,47.68,10.97,10.67,0.778,0.1,6.2,1.57,1,1.05,-0.74,1
DSTM-00363,A,KOMATSU_930E_AHS,1,33.28,8.93,199.03,0.806,0.082,19.8,0.15,0,22.42,21.97,0
DSTM-00364,A,CAT_797F_MANUAL,0,41.68,7.84,52.63,0.654,0.191,8.8,3.96,3,4.72,2.77,1
DSTM-00365,D,CAT_797F_MANUAL,0,47.18,11.92,17.69,0.321,0.106,4.0,3.73,2,1.7,-0.35,1
DSTM-00366,B,CAT_797F_MANUAL,0,11.25,2.16,109.46,0.754,0.036,2.6,0.85,0,37.77,36.36,0
DSTM-00367,D,CAMIONETA_4x4,0,36.54,6.3,20.13,0.507,0.141,5.2,1.06,0,1.99,0.24,1
DSTM-00368,D,CAT_797F_MANUAL,0,34.14,4.71,9.67,0.167,0.025,3.5,2.96,1,1.35,-0.41,1
DSTM-00369,B,CAT_797F_MANUAL,0,19.94,3.72,8.71,0.842,0.256,6.4,3.62,5,2.71,0.89,1
DSTM-00370,E,KOMATSU_930E_AHS,1,28.59,9.49,51.14,0.759,0.058,14.7,0.15,0,6.92,6.45,0
DSTM-00371,D,CAT_797F_MANUAL,0,18.02,8.05,44.24,0.511,0.198,6.6,3.22,1,7.15,5.24,0
DSTM-00372,B,CAT_797F_MANUAL,0,9.41,2.3,40.0,0.966,0.264,9.6,1.92,1,15.17,13.28,0
DSTM-00373,B,CAT_797F_MANUAL,0,15.83,5.68,8.33,0.794,0.14,1.5,6.0,0,1.77,0.11,1
DSTM-00374,B,CAT_797F_MANUAL,0,21.02,4.8,9.1,0.871,0.111,8.2,0.71,1,1.62,0.05,1
DSTM-00375,A,CAT_797F_MANUAL,0,45.93,10.89,52.04,0.606,0.176,9.6,2.26,2,4.18,2.08,1
DSTM-00376,A,CAMIONETA_4x4,0,46.13,11.7,26.56,0.762,0.178,5.9,5.81,1,1.68,-0.51,1
DSTM-00377,E,KOMATSU_930E_AHS,1,27.85,5.02,24.7,0.958,0.046,9.7,0.15,0,4.21,3.84,1
DSTM-00378,B,CAT_797F_MANUAL,0,16.63,2.54,40.0,0.807,0.078,7.4,3.45,0,8.87,7.36,0
DSTM-00379,B,CAT_797F_MANUAL,0,10.14,3.17,4.65,0.892,0.148,7.9,1.12,2,1.95,0.31,1
DSTM-00380,D,CAT_797F_MANUAL,0,44.83,9.95,15.67,0.511,0.137,1.1,2.55,5,1.3,-0.72,1
DSTM-00381,C,CAT_797F_MANUAL,0,22.13,8.26,115.92,0.97,0.197,8.0,2.85,0,19.35,17.55,0
DSTM-00382,E,KOMATSU_930E_AHS,1,26.82,4.05,12.44,0.725,0.047,21.4,0.15,0,1.61,1.15,1
DSTM-00383,D,CAT_797F_MANUAL,0,35.26,11.28,8.24,0.262,0.044,6.3,9.14,1,0.73,-1.33,1
DSTM-00384,C,CAMIONETA_4x4,0,42.65,9.09,46.49,0.957,0.349,10.1,3.05,2,4.53,2.3,1
DSTM-00385,B,CAT_797F_MANUAL,0,12.84,5.82,51.62,0.863,0.328,5.7,1.08,1,13.89,11.86,0
DSTM-00386,E,CAMIONETA_4x4,0,36.5,8.4,23.3,0.855,0.089,11.3,0.98,0,1.96,0.48,1
DSTM-00387,D,KOMATSU_930E_AHS,1,18.88,6.12,14.3,0.309,0.028,0.8,0.15,0,2.96,2.26,1
DSTM-00388,E,CAMIONETA_4x4,0,40.09,9.75,52.97,0.902,0.02,4.6,0.05,1,3.97,2.46,1
DSTM-00389,A,CAT_797F_MANUAL,0,42.34,4.1,40.76,0.752,0.289,2.6,4.11,0,3.39,1.42,1
DSTM-00390,E,KOMATSU_930E_AHS,1,19.85,8.52,8.62,0.813,0.06,22.5,0.15,0,2.61,2.16,1
DSTM-00391,C,CAT_797F_MANUAL,0,34.97,9.32,19.07,0.925,0.279,8.5,3.32,0,2.36,0.24,1
DSTM-00392,A,CAMIONETA_4x4,0,51.39,7.35,116.53,0.762,0.108,7.5,2.29,0,8.09,6.45,0
DSTM-00393,C,CAT_797F_MANUAL,0,25.13,4.14,14.76,0.898,0.346,10.6,2.52,0,2.53,0.4,1
DSTM-00394,D,CAT_797F_MANUAL,0,33.12,16.61,70.59,0.54,0.061,10.7,2.51,1,8.18,6.1,0
DSTM-00395,A,CAT_797F_MANUAL,0,42.3,11.19,194.25,0.652,0.032,8.5,2.52,0,16.79,15.05,0
DSTM-00396,C,CAMIONETA_4x4,0,36.26,6.82,43.86,0.947,0.186,8.2,3.75,1,4.3,2.51,1
DSTM-00397,D,CAMIONETA_4x4,0,39.56,3.44,141.35,0.523,0.02,4.4,5.23,1,13.1,11.54,0
DSTM-00398,B,CAT_797F_MANUAL,0,22.4,6.96,6.79,0.854,0.143,1.8,1.25,0,0.78,-0.9,1
DSTM-00399,C,CAT_797F_MANUAL,0,28.3,9.37,92.15,0.791,0.167,11.3,3.93,2,11.76,9.88,0
DSTM-00400,B,CAT_797F_MANUAL,0,15.55,4.57,24.9,0.759,0.06,5.4,1.27,1,6.55,5.02,0
DSTM-00401,B,CAT_797F_MANUAL,0,19.05,6.61,13.68,0.955,0.261,4.9,3.69,4,2.21,0.42,1
DSTM-00402,E,KOMATSU_930E_AHS,1,30.06,7.28,33.23,0.814,0.02,16.6,0.15,0,3.66,3.21,1
DSTM-00403,D,CAT_797F_MANUAL,0,24.66,8.87,67.82,0.536,0.088,1.9,5.39,0,9.44,7.6,0
DSTM-00404,A,CAT_797F_MANUAL,0,46.54,15.43,28.19,0.639,0.161,7.6,2.54,2,1.92,-0.19,1
DSTM-00405,E,CAMIONETA_4x4,0,44.43,8.13,20.25,0.846,0.063,6.9,0.91,1,1.87,0.31,1
DSTM-00406,E,KOMATSU_930E_AHS,1,32.42,10.12,109.26,0.925,0.05,17.1,0.15,0,11.92,11.53,0
DSTM-00407,B,PALA_PH_4100XPC,0,2.71,2.51,3.8,0.779,0.319,3.9,3.98,1,9.57,7.54,1
DSTM-00408,D,CAT_797F_MANUAL,0,30.4,10.99,7.28,0.334,0.037,5.1,3.93,4,0.62,-1.25,1
DSTM-00409,A,CAT_797F_MANUAL,0,42.33,10.76,56.94,0.822,0.275,4.2,5.0,2,5.62,3.45,1
DSTM-00410,E,CAMIONETA_4x4,0,27.06,5.87,16.87,0.817,0.075,11.3,2.28,2,2.41,0.88,1
DSTM-00411,D,CAT_797F_MANUAL,0,31.05,8.48,98.51,0.271,0.247,1.6,4.6,3,10.95,8.64,0
DSTM-00412,D,CAT_797F_MANUAL,0,27.44,10.57,149.73,0.422,0.075,1.3,0.51,4,20.43,18.47,0
DSTM-00413,A,CAMIONETA_4x4,0,49.7,13.57,11.25,0.617,0.035,3.0,0.88,2,0.89,-1.0,1
DSTM-00414,E,KOMATSU_930E_AHS,1,32.98,7.89,118.96,0.958,0.059,7.8,0.15,0,12.97,12.61,0
DSTM-00415,A,KOMATSU_930E_AHS,1,32.96,5.91,2.0,0.762,0.098,9.7,0.15,0,0.97,0.53,1
DSTM-00416,A,KOMATSU_930E_AHS,1,32.1,11.17,90.49,0.776,0.036,6.7,0.15,0,9.36,8.9,0
DSTM-00417,A,CAT_797F_MANUAL,0,36.72,7.46,12.06,0.712,0.465,9.6,2.83,1,1.47,-1.02,1
DSTM-00418,D,CAT_797F_MANUAL,0,26.4,9.95,73.4,0.53,0.167,8.6,4.35,1,8.91,6.95,0
DSTM-00419,A,CAT_797F_MANUAL,0,42.85,11.7,11.67,0.774,0.122,2.5,4.39,4,0.92,-1.01,1
DSTM-00420,E,KOMATSU_930E_AHS,1,28.74,7.71,145.71,1.0,0.051,4.1,0.15,0,17.82,17.46,0
DSTM-00421,D,CAT_797F_MANUAL,0,22.24,10.42,9.68,0.462,0.062,1.2,2.82,2,2.27,0.45,1
DSTM-00422,A,CAT_797F_MANUAL,0,43.36,8.05,13.27,0.621,0.03,2.2,1.99,1,0.95,-0.71,1
DSTM-00423,A,CAT_797F_MANUAL,0,39.85,16.05,20.88,0.792,0.194,11.4,1.15,0,1.9,-0.4,1
DSTM-00424,A,KOMATSU_930E_AHS,1,43.62,8.67,15.73,0.702,0.029,21.5,0.15,0,1.73,1.23,1
DSTM-00425,C,KOMATSU_930E_AHS,1,23.4,3.96,91.15,0.902,0.044,4.6,0.15,0,14.89,14.48,0
DSTM-00426,D,CAT_797F_MANUAL,0,32.27,3.2,98.67,0.172,0.392,3.1,5.13,1,10.84,8.25,0
DSTM-00427,A,KOMATSU_930E_AHS,1,40.33,10.21,16.37,0.675,0.049,10.7,0.15,0,1.4,0.89,1
DSTM-00428,D,CAT_797F_MANUAL,0,37.08,11.63,9.59,0.474,0.077,1.7,0.19,1,0.81,-1.14,1
DSTM-00429,A,CAMIONETA_4x4,0,41.87,9.21,33.23,0.668,0.158,1.5,1.71,3,2.85,0.89,1
DSTM-00430,D,CAT_797F_MANUAL,0,35.93,9.92,40.27,0.27,0.056,7.9,7.6,2,3.74,1.77,1
DSTM-00431,E,KOMATSU_930E_AHS,1,25.06,6.39,77.39,0.937,0.073,3.1,0.15,0,9.94,9.54,0
DSTM-00432,D,CAT_797F_MANUAL,0,39.9,10.35,19.3,0.467,0.14,6.4,4.8,1,2.28,0.3,1
DSTM-00433,D,KOMATSU_930E_AHS,1,31.72,12.32,72.42,0.304,0.076,13.6,0.15,0,8.22,7.54,0
DSTM-00434,D,CAT_797F_MANUAL,0,28.47,8.29,121.09,0.178,0.116,9.4,1.49,2,14.54,12.62,0
DSTM-00435,A,CAT_797F_MANUAL,0,37.9,12.56,33.32,0.606,0.049,5.2,5.28,2,2.87,1.09,1
DSTM-00436,A,CAT_797F_MANUAL,0,37.48,10.38,139.25,0.665,0.137,2.5,1.74,4,13.18,11.25,0
DSTM-00437,A,CAT_797F_MANUAL,0,41.07,8.89,45.06,0.751,0.122,2.2,1.48,0,4.56,2.83,1
DSTM-00438,C,CAT_797F_MANUAL,0,29.56,8.28,66.68,0.831,0.474,9.7,6.13,3,7.57,5.05,0
DSTM-00439,D,CAT_797F_MANUAL,0,46.67,12.38,34.86,0.308,0.032,11.2,2.5,2,3.02,1.0,1
DSTM-00440,C,KOMATSU_930E_AHS,1,29.87,8.9,14.33,0.818,0.074,19.7,0.15,0,1.42,1.0,1
DSTM-00441,E,KOMATSU_930E_AHS,1,22.8,7.16,39.46,0.978,0.085,3.9,0.15,0,6.1,5.73,0
DSTM-00442,A,CAT_797F_MANUAL,0,41.76,8.62,164.92,0.695,0.383,9.2,0.23,1,13.66,11.33,0
DSTM-00443,D,CAT_797F_MANUAL,0,37.9,5.21,96.54,0.299,0.14,8.9,6.18,3,9.41,7.61,0
DSTM-00444,A,KOMATSU_930E_AHS,1,32.96,11.75,25.4,0.677,0.021,23.7,0.15,0,3.41,2.91,1
DSTM-00445,B,PALA_PH_4100XPC,0,2.57,1.91,23.31,0.928,0.085,9.9,3.62,0,38.09,36.72,0
DSTM-00446,D,KOMATSU_930E_AHS,1,30.19,8.79,135.32,0.398,0.052,15.7,0.15,0,14.99,14.34,0
DSTM-00447,E,CAMIONETA_4x4,0,44.16,10.17,31.8,0.807,0.198,1.2,4.78,1,3.07,1.12,1
DSTM-00448,C,CAT_797F_MANUAL,0,27.78,12.77,145.66,0.898,0.316,10.7,10.86,2,21.57,19.15,0
DSTM-00449,A,KOMATSU_930E_AHS,1,37.34,8.06,41.78,0.566,0.041,19.7,0.15,0,3.9,3.33,1
DSTM-00450,C,KOMATSU_930E_AHS,1,27.9,14.18,111.1,0.858,0.02,4.2,0.15,0,15.88,15.46,0
DSTM-00451,A,CAT_797F_MANUAL,0,41.12,11.76,9.43,0.725,0.207,10.5,4.71,2,1.14,-0.93,1
DSTM-00452,E,KOMATSU_930E_AHS,1,25.31,10.65,125.75,0.9,0.045,1.3,0.15,0,18.72,18.35,0
DSTM-00453,D,CAT_797F_MANUAL,0,34.52,10.34,51.77,0.368,0.089,5.9,0.28,3,5.36,3.38,1
DSTM-00454,A,CAT_797F_MANUAL,0,41.47,9.12,35.83,0.859,0.116,10.9,0.89,0,2.59,1.03,1
DSTM-00455,A,CAT_797F_MANUAL,0,40.75,9.92,48.36,0.675,0.069,7.1,1.86,0,3.82,2.06,1
DSTM-00456,A,CAT_797F_MANUAL,0,28.96,8.57,24.45,0.642,0.02,4.0,3.26,1,2.59,1.03,1
DSTM-00457,E,KOMATSU_930E_AHS,1,26.73,8.74,33.99,0.931,0.05,8.2,0.15,0,4.62,4.23,0
DSTM-00458,C,CAT_797F_MANUAL,0,38.96,10.31,7.86,0.912,0.455,8.5,5.71,0,0.91,-1.55,1
DSTM-00459,D,KOMATSU_930E_AHS,1,28.64,9.95,35.91,0.451,0.047,17.5,0.15,0,5.42,4.78,0
DSTM-00460,C,CAMIONETA_4x4,0,35.22,8.31,121.64,0.966,0.484,8.4,9.47,0,12.18,9.71,0
DSTM-00461,C,CAT_797F_MANUAL,0,24.24,7.1,51.72,0.832,0.15,8.5,9.24,1,8.0,6.27,0
DSTM-00462,A,CAMIONETA_4x4,0,47.76,11.06,38.8,0.62,0.118,4.1,9.51,3,3.07,1.11,1
DSTM-00463,E,CAMIONETA_4x4,0,39.3,10.75,24.93,0.85,0.25,8.1,2.75,7,2.7,0.5,1
DSTM-00464,B,PALA_PH_4100XPC,0,0.0,3.42,43.42,0.928,0.361,6.9,6.03,1,48.61,46.47,0
DSTM-00465,C,KOMATSU_930E_AHS,1,31.76,8.89,41.94,0.785,0.038,19.0,0.15,0,4.4,3.94,1
DSTM-00466,D,CAT_797F_MANUAL,0,29.49,10.23,154.24,0.566,0.041,11.1,1.76,1,17.42,15.68,0
DSTM-00467,C,CAMIONETA_4x4,0,44.5,8.6,162.68,0.97,0.248,8.5,2.24,2,14.13,12.08,0
DSTM-00468,E,KOMATSU_930E_AHS,1,26.96,10.19,74.49,0.842,0.02,21.3,0.15,0,9.77,9.37,0
DSTM-00469,A,CAMIONETA_4x4,0,52.39,7.62,23.35,0.698,0.257,3.9,4.04,1,2.02,-0.12,1
DSTM-00470,C,CAT_797F_MANUAL,0,10.9,7.93,29.48,0.896,0.249,9.1,2.91,2,6.43,4.4,0
DSTM-00471,B,PALA_PH_4100XPC,0,5.38,1.4,4.62,0.927,0.093,10.0,1.88,2,8.33,6.85,0
DSTM-00472,C,CAT_797F_MANUAL,0,31.49,9.34,65.36,0.971,0.172,7.6,5.15,2,7.24,5.43,0
DSTM-00473,A,CAMIONETA_4x4,0,45.56,7.17,196.54,0.751,0.02,4.4,0.12,3,15.61,14.16,0
DSTM-00474,A,CAT_797F_MANUAL,0,42.06,9.74,22.9,0.81,0.156,3.7,1.96,1,1.68,-0.11,1
DSTM-00475,B,CAT_797F_MANUAL,0,11.61,2.58,12.04,0.949,0.144,2.2,1.22,2,4.39,2.79,1
DSTM-00476,B,CAT_797F_MANUAL,0,20.12,3.49,42.82,0.885,0.124,8.7,2.06,2,6.93,5.43,0
DSTM-00477,B,PALA_PH_4100XPC,0,2.69,4.47,71.74,0.758,0.04,2.0,1.62,1,147.42,145.91,0
DSTM-00478,C,KOMATSU_930E_AHS,1,34.9,10.55,48.05,0.84,0.06,12.7,0.15,0,4.78,4.36,0
DSTM-00479,C,CAT_797F_MANUAL,0,33.71,8.97,74.78,0.756,0.181,10.0,7.12,2,7.64,5.84,0
DSTM-00480,B,CAT_797F_MANUAL,0,10.5,2.14,26.52,0.825,0.233,10.0,4.58,0,13.94,12.09,0
DSTM-00481,B,CAT_797F_MANUAL,0,16.81,2.41,6.82,0.737,0.09,8.3,2.82,0,1.16,-0.4,1
DSTM-00482,A,KOMATSU_930E_AHS,1,38.07,8.24,47.75,0.781,0.043,4.8,0.15,0,4.27,3.82,1
DSTM-00483,C,CAT_797F_MANUAL,0,36.34,5.99,15.46,1.0,0.204,10.8,2.42,4,0.94,-0.75,1
DSTM-00484,B,CAT_797F_MANUAL,0,9.45,6.2,36.19,0.772,0.064,5.2,2.12,0,10.02,8.57,0
DSTM-00485,A,CAT_797F_MANUAL,0,42.89,11.47,118.86,0.724,0.171,2.7,10.92,0,9.91,7.95,0
DSTM-00486,B,PALA_PH_4100XPC,0,0.0,1.86,9.76,0.888,0.094,9.1,6.86,0,13.31,11.75,1
DSTM-00487,C,CAT_797F_MANUAL,0,33.2,8.59,80.08,0.997,0.109,7.9,5.49,3,8.9,7.36,0
DSTM-00488,A,CAMIONETA_4x4,0,55.64,13.69,66.3,0.774,0.395,9.3,3.34,2,4.25,1.58,1
DSTM-00489,C,CAT_797F_MANUAL,0,33.89,9.53,106.2,0.964,0.457,8.5,11.14,2,12.23,9.74,0
DSTM-00490,C,CAT_797F_MANUAL,0,35.04,10.06,29.1,0.858,0.297,8.9,6.92,0,3.25,1.04,1
DSTM-00491,D,CAT_797F_MANUAL,0,27.58,9.02,74.76,0.287,0.265,10.1,6.14,2,8.44,6.2,0
DSTM-00492,C,KOMATSU_930E_AHS,1,21.25,10.48,101.71,0.858,0.028,20.5,0.15,0,15.0,14.58,0
DSTM-00493,D,KOMATSU_930E_AHS,1,30.06,5.21,107.47,0.463,0.021,23.7,0.15,0,14.64,13.99,0
DSTM-00494,B,CAMIONETA_4x4,0,43.86,3.85,27.52,0.83,0.096,7.2,1.9,0,2.07,0.54,1
DSTM-00495,D,CAT_797F_MANUAL,0,42.4,9.77,12.92,0.292,0.149,2.6,1.51,0,1.32,-0.76,1
DSTM-00496,C,KOMATSU_930E_AHS,1,38.6,11.26,90.45,0.859,0.057,10.3,0.15,0,8.62,8.2,0
DSTM-00497,B,CAT_797F_MANUAL,0,18.39,0.5,26.57,0.918,0.186,3.1,1.0,1,7.14,5.53,0
DSTM-00498,C,CAT_797F_MANUAL,0,40.18,7.73,39.21,0.742,0.329,11.7,7.84,3,3.33,1.17,1
DSTM-00499,B,PALA_PH_4100XPC,0,2.14,5.22,14.83,0.91,0.168,11.1,1.51,2,12.35,10.7,0
DSTM-00500,C,CAT_797F_MANUAL,0,31.26,6.7,26.54,0.876,0.228,8.3,4.59,2,3.14,1.41,1
DSTM-00501,D,CAMIONETA_4x4,0,33.64,11.43,33.45,0.234,0.382,2.8,10.93,3,3.26,0.41,1
DSTM-00502,E,KOMATSU_930E_AHS,1,26.11,10.95,120.67,0.979,0.076,18.1,0.15,0,18.19,17.83,0
DSTM-00503,E,CAMIONETA_4x4,0,40.47,5.35,38.83,0.94,0.101,8.3,0.68,0,3.41,1.91,1
DSTM-00504,C,CAMIONETA_4x4,0,38.47,7.86,14.34,0.971,0.469,10.9,6.13,1,1.76,-0.68,1
DSTM-00505,C,CAT_797F_MANUAL,0,31.41,7.36,157.06,0.856,0.409,9.2,2.29,0,17.05,14.65,0
DSTM-00506,D,CAT_797F_MANUAL,0,30.96,7.05,3.61,0.368,0.115,8.7,2.16,2,0.73,-1.04,1
DSTM-00507,B,CAT_797F_MANUAL,0,18.0,4.08,5.7,0.763,0.21,7.5,10.07,1,1.19,-0.62,1
DSTM-00508,D,CAT_797F_MANUAL,0,37.97,4.37,37.13,0.444,0.179,8.3,1.53,2,2.92,1.06,1
DSTM-00509,C,CAT_797F_MANUAL,0,28.59,7.22,33.75,0.969,0.264,8.9,2.33,1,4.17,2.32,1
DSTM-00510,A,CAT_797F_MANUAL,0,38.46,8.75,68.86,0.573,0.212,1.2,2.78,0,6.31,4.26,0
DSTM-00511,A,KOMATSU_930E_AHS,1,36.1,12.92,27.55,0.579,0.064,1.9,0.15,0,2.96,2.39,1
DSTM-00512,D,KOMATSU_930E_AHS,1,18.87,3.19,65.01,0.316,0.087,19.1,0.15,0,11.6,10.89,0
DSTM-00513,A,KOMATSU_930E_AHS,1,33.63,8.37,22.4,0.835,0.053,9.0,0.15,0,2.66,2.21,1
DSTM-00514,B,PALA_PH_4100XPC,0,2.81,6.19,20.96,0.901,0.087,8.4,4.6,4,32.97,31.43,0
DSTM-00515,B,CAT_797F_MANUAL,0,12.38,2.73,15.93,0.893,0.15,11.4,1.01,1,3.15,1.44,1
DSTM-00516,A,CAT_797F_MANUAL,0,47.08,10.77,70.91,0.653,0.151,11.2,2.44,0,5.49,3.55,1
DSTM-00517,B,CAT_797F_MANUAL,0,14.24,6.42,74.27,0.931,0.074,8.5,0.61,0,17.19,15.71,0
DSTM-00518,D,CAT_797F_MANUAL,0,23.0,6.06,11.91,0.519,0.138,6.5,4.18,1,1.63,-0.22,1
DSTM-00519,A,CAT_797F_MANUAL,0,37.77,9.1,37.36,0.799,0.186,4.2,1.06,1,3.44,1.5,1
DSTM-00520,D,KOMATSU_930E_AHS,1,26.15,3.93,18.11,0.377,0.06,12.5,0.15,0,2.61,1.95,1
DSTM-00521,E,CAMIONETA_4x4,0,25.45,7.2,76.01,0.922,0.422,2.9,1.92,2,9.35,7.16,0
DSTM-00522,B,CAT_797F_MANUAL,0,10.94,2.5,21.22,0.908,0.175,9.1,1.54,2,5.43,3.65,1
DSTM-00523,A,KOMATSU_930E_AHS,1,34.03,7.31,36.21,0.68,0.076,15.5,0.15,0,3.27,2.76,1
DSTM-00524,C,CAT_797F_MANUAL,0,32.38,8.73,41.06,0.809,0.607,9.5,1.93,3,3.62,0.8,1
DSTM-00525,A,CAT_797F_MANUAL,0,44.89,8.05,95.01,0.605,0.193,6.6,5.34,2,7.93,6.01,0
DSTM-00526,B,CAT_797F_MANUAL,0,19.08,4.76,36.7,0.72,0.343,2.0,1.12,3,6.59,4.4,0
DSTM-00527,E,CAMIONETA_4x4,0,33.11,6.86,75.88,0.849,0.093,8.4,0.96,2,8.68,7.21,0
DSTM-00528,E,CAMIONETA_4x4,0,41.58,5.58,115.43,0.872,0.058,4.0,2.59,0,10.41,8.99,0
DSTM-00529,D,CAT_797F_MANUAL,0,35.71,9.75,49.77,0.263,0.06,11.1,1.08,1,5.85,4.0,0
DSTM-00530,B,CAT_797F_MANUAL,0,19.22,3.36,110.91,0.756,0.185,5.0,3.56,1,23.56,21.67,0
DSTM-00531,D,CAT_797F_MANUAL,0,33.65,11.75,15.97,0.57,0.154,7.7,2.92,2,2.4,0.25,1
DSTM-00532,D,KOMATSU_930E_AHS,1,28.55,6.29,11.57,0.466,0.085,17.8,0.15,0,1.12,0.5,1
DSTM-00533,B,CAT_797F_MANUAL,0,19.79,4.26,21.89,0.932,0.081,8.1,10.16,0,4.3,2.78,1
DSTM-00534,C,KOMATSU_930E_AHS,1,35.81,12.04,62.22,1.0,0.028,11.9,0.15,0,6.76,6.41,0
DSTM-00535,A,KOMATSU_930E_AHS,1,33.68,10.7,10.99,0.711,0.038,19.0,0.15,0,1.36,0.85,1
DSTM-00536,A,CAT_797F_MANUAL,0,40.58,9.61,133.73,0.666,0.038,3.2,6.9,0,11.77,10.15,0
DSTM-00537,C,CAMIONETA_4x4,0,32.28,8.8,22.48,0.763,0.302,9.5,15.0,1,2.39,0.09,1
DSTM-00538,A,CAT_797F_MANUAL,0,40.72,9.68,40.58,0.772,0.072,7.5,1.47,3,3.47,1.92,1
DSTM-00539,A,CAT_797F_MANUAL,0,42.23,7.91,40.66,0.548,0.09,6.4,2.89,0,3.77,2.22,1
DSTM-00540,D,CAT_797F_MANUAL,0,24.27,6.55,172.09,0.41,0.205,2.1,4.5,1,27.3,25.29,0
DSTM-00541,E,KOMATSU_930E_AHS,1,30.92,7.53,14.4,0.81,0.033,6.5,0.15,0,2.44,2.01,1
DSTM-00542,C,CAT_797F_MANUAL,0,26.28,11.52,86.27,0.862,0.356,11.2,2.72,7,12.51,10.09,0
DSTM-00543,D,CAMIONETA_4x4,0,30.49,1.59,35.44,0.443,0.158,8.9,4.75,2,3.44,1.52,1
DSTM-00544,E,CAMIONETA_4x4,0,38.23,8.93,65.5,0.965,0.044,3.5,0.82,1,6.06,4.62,0
DSTM-00545,A,CAT_797F_MANUAL,0,42.25,9.06,167.3,0.621,0.12,9.0,1.47,0,14.73,12.97,0
DSTM-00546,B,PALA_PH_4100XPC,0,0.06,3.75,21.88,0.888,0.067,3.4,4.68,0,41.54,40.17,0
DSTM-00547,B,CAT_797F_MANUAL,0,10.92,5.07,25.03,0.958,0.084,2.9,4.38,0,6.28,4.89,0
DSTM-00548,A,CAMIONETA_4x4,0,52.67,9.61,86.66,0.789,0.325,5.3,11.99,1,5.8,3.54,1
DSTM-00549,D,CAT_797F_MANUAL,0,29.1,6.31,2.94,0.321,0.148,1.6,2.62,1,0.88,-1.04,1
DSTM-00550,B,CAMIONETA_4x4,0,44.94,5.5,7.88,0.809,0.267,7.4,4.3,1,0.6,-1.37,1
DSTM-00551,C,CAT_797F_MANUAL,0,32.83,8.55,22.37,0.781,0.383,10.1,7.72,1,2.21,-0.09,1
DSTM-00552,A,CAT_797F_MANUAL,0,37.68,6.6,33.04,0.703,0.082,5.6,1.85,2,2.84,1.32,1
DSTM-00553,A,CAT_797F_MANUAL,0,51.48,12.94,130.92,0.802,0.174,1.9,4.56,0,9.44,7.45,0
DSTM-00554,E,KOMATSU_930E_AHS,1,28.18,7.4,126.12,0.926,0.058,3.5,0.15,0,17.09,16.74,0
DSTM-00555,A,CAT_797F_MANUAL,0,44.36,10.03,114.04,0.79,0.08,1.8,4.93,0,9.07,7.33,0
DSTM-00556,A,CAT_797F_MANUAL,0,45.38,16.67,51.48,0.678,0.048,5.5,2.59,3,4.61,2.5,1
DSTM-00557,B,CAT_797F_MANUAL,0,16.15,4.71,2.42,0.975,0.209,8.6,3.81,2,1.52,-0.23,1
DSTM-00558,C,CAMIONETA_4x4,0,30.59,11.46,19.16,0.93,0.099,9.0,1.79,3,1.6,-0.34,1
DSTM-00559,C,KOMATSU_930E_AHS,1,28.74,8.61,79.03,0.775,0.04,9.6,0.15,0,9.53,9.07,0
DSTM-00560,C,CAT_797F_MANUAL,0,39.1,8.09,43.78,0.883,0.272,10.7,12.25,1,3.91,1.88,1
DSTM-00561,A,CAMIONETA_4x4,0,47.94,9.72,14.29,0.751,0.16,3.9,1.55,1,1.15,-0.79,1
DSTM-00562,A,CAT_797F_MANUAL,0,48.84,11.83,27.69,0.841,0.068,10.8,3.22,1,2.31,0.53,1
DSTM-00563,D,CAT_797F_MANUAL,0,28.37,3.99,69.82,0.228,0.028,2.5,3.18,3,8.46,6.75,0
DSTM-00564,C,CAMIONETA_4x4,0,37.74,8.82,90.31,0.842,0.268,11.4,1.97,1,7.59,5.41,0
DSTM-00565,C,CAMIONETA_4x4,0,34.32,10.94,33.39,0.961,0.261,9.8,3.37,2,3.74,1.66,1
DSTM-00566,D,CAT_797F_MANUAL,0,34.11,10.21,44.27,0.299,0.031,6.4,1.77,1,4.58,2.78,1
DSTM-00567,D,KOMATSU_930E_AHS,1,29.54,10.65,9.63,0.25,0.058,18.4,0.15,0,0.7,-0.03,1
DSTM-00568,A,CAT_797F_MANUAL,0,44.12,10.31,96.18,0.563,0.058,5.8,5.59,0,7.87,6.09,0
DSTM-00569,B,CAT_797F_MANUAL,0,11.04,2.83,7.6,0.946,0.065,5.7,2.1,2,2.34,1.0,1
DSTM-00570,C,CAMIONETA_4x4,0,26.71,7.04,120.18,0.734,0.187,10.6,1.9,4,15.02,13.22,0
DSTM-00571,B,CAT_797F_MANUAL,0,13.92,4.55,90.75,0.94,0.063,9.8,4.12,2,22.82,21.48,0
DSTM-00572,D,CAT_797F_MANUAL,0,29.62,10.81,113.75,0.379,0.173,2.1,0.34,1,14.01,11.96,0
DSTM-00573,C,CAT_797F_MANUAL,0,35.05,6.57,27.81,0.92,0.346,9.8,15.0,2,3.74,1.65,1
DSTM-00574,D,CAMIONETA_4x4,0,42.66,8.31,10.21,0.232,0.147,5.8,6.73,2,1.28,-0.69,1
DSTM-00575,E,CAMIONETA_4x4,0,20.72,6.85,17.5,0.77,0.099,3.5,2.17,0,2.87,1.32,1
DSTM-00576,C,CAT_797F_MANUAL,0,34.68,6.73,31.72,0.989,0.316,11.0,9.18,1,2.72,0.56,1
DSTM-00577,E,KOMATSU_930E_AHS,1,29.36,8.55,19.88,0.892,0.046,18.4,0.15,0,2.63,2.22,1
DSTM-00578,C,CAT_797F_MANUAL,0,24.03,9.47,28.16,0.88,0.476,10.4,4.75,2,4.1,1.62,1
DSTM-00579,E,CAMIONETA_4x4,0,41.01,9.42,132.98,0.976,0.079,1.0,3.23,0,11.66,10.16,0
DSTM-00580,B,CAT_797F_MANUAL,0,13.98,3.22,27.63,0.711,0.283,3.7,1.44,3,7.88,5.82,0
DSTM-00581,C,CAT_797F_MANUAL,0,31.77,7.49,170.58,0.975,0.177,10.5,1.14,1,21.4,19.73,0
DSTM-00582,C,KOMATSU_930E_AHS,1,23.44,6.07,33.7,0.987,0.022,5.9,0.15,0,4.42,4.06,0
DSTM-00583,A,CAT_797F_MANUAL,0,39.86,10.17,71.14,0.638,0.181,4.0,1.03,0,6.72,4.78,0
DSTM-00584,B,PALA_PH_4100XPC,0,1.9,4.01,6.35,0.925,0.222,6.0,8.04,0,10.5,8.67,1
DSTM-00585,E,CAMIONETA_4x4,0,56.69,8.16,29.8,0.865,0.136,6.1,0.48,2,2.24,0.58,1
DSTM-00586,C,CAT_797F_MANUAL,0,28.93,3.27,27.07,0.847,0.319,9.8,2.33,0,3.02,0.87,1
DSTM-00587,A,CAT_797F_MANUAL,0,42.91,7.62,86.49,0.781,0.151,5.2,6.27,0,7.41,5.64,0
DSTM-00588,B,PALA_PH_4100XPC,0,0.0,5.03,9.18,0.901,0.067,5.9,2.6,1,9.2,7.64,1
DSTM-00589,A,CAMIONETA_4x4,0,44.6,11.81,91.93,0.583,0.148,3.1,10.51,2,8.18,6.12,0
DSTM-00590,A,CAT_797F_MANUAL,0,35.27,10.54,25.99,0.67,0.216,8.8,7.89,1,2.64,0.46,1
DSTM-00591,E,KOMATSU_930E_AHS,1,34.3,13.1,57.02,0.954,0.032,15.3,0.15,0,5.54,5.18,0
DSTM-00592,B,CAT_797F_MANUAL,0,6.26,4.23,21.85,0.997,0.029,7.3,3.06,1,10.56,9.07,0
DSTM-00593,B,CAT_797F_MANUAL,0,14.78,4.57,2.0,0.932,0.071,11.0,3.49,1,1.94,0.5,1
DSTM-00594,C,CAMIONETA_4x4,0,42.61,7.22,46.89,0.953,0.375,10.6,9.4,1,3.86,1.71,1
DSTM-00595,A,KOMATSU_930E_AHS,1,37.32,14.19,41.12,0.847,0.028,17.5,0.15,0,3.86,3.44,1
DSTM-00596,B,PALA_PH_4100XPC,0,3.29,4.63,17.97,0.915,0.173,4.5,0.84,1,15.66,14.01,0
DSTM-00597,D,KOMATSU_930E_AHS,1,27.75,10.05,41.55,0.416,0.072,13.9,0.15,0,5.32,4.67,0
DSTM-00598,C,CAT_797F_MANUAL,0,24.22,8.79,60.07,0.954,0.281,8.1,4.13,1,8.36,6.32,0
DSTM-00599,E,KOMATSU_930E_AHS,1,20.26,7.95,48.27,0.811,0.059,22.9,0.15,0,7.62,7.17,0
DSTM-00600,C,CAT_797F_MANUAL,0,36.61,6.35,19.99,0.868,0.342,8.7,2.07,1,2.18,0.07,1
DSTM-00601,C,CAT_797F_MANUAL,0,39.15,9.98,14.54,0.874,0.148,8.0,1.42,1,1.11,-0.63,1
DSTM-00602,D,CAT_797F_MANUAL,0,43.47,10.57,200.0,0.365,0.094,6.6,6.87,3,18.26,16.29,0
DSTM-00603,E,KOMATSU_930E_AHS,1,35.05,8.43,98.56,0.854,0.028,15.9,0.15,0,10.37,9.93,0
DSTM-00604,D,CAT_797F_MANUAL,0,28.7,8.87,26.51,0.466,0.143,1.3,5.83,0,3.7,1.72,1
DSTM-00605,E,CAMIONETA_4x4,0,41.21,7.32,36.49,0.971,0.139,11.4,5.07,1,3.57,2.05,1
DSTM-00606,D,CAMIONETA_4x4,0,41.73,5.44,66.64,0.513,0.121,4.6,4.98,1,5.94,4.15,0
DSTM-00607,E,CAMIONETA_4x4,0,39.3,15.33,32.84,0.86,0.054,8.6,6.74,0,3.12,1.19,1
DSTM-00608,A,CAT_797F_MANUAL,0,44.14,7.85,21.13,0.745,0.105,1.2,1.02,0,1.71,0.06,1
DSTM-00609,D,KOMATSU_930E_AHS,1,26.24,8.51,100.17,0.305,0.054,17.2,0.15,0,15.41,14.72,0
DSTM-00610,B,PALA_PH_4100XPC,0,2.19,4.27,20.56,0.792,0.055,10.2,5.49,3,22.47,21.06,0
DSTM-00611,C,CAT_797F_MANUAL,0,32.38,12.07,92.31,1.0,0.123,7.7,2.67,3,10.17,8.34,0
DSTM-00612,D,CAT_797F_MANUAL,0,30.0,7.85,34.59,0.464,0.166,2.4,6.92,0,4.45,2.39,1
DSTM-00613,E,KOMATSU_930E_AHS,1,27.85,7.51,91.1,0.803,0.058,12.3,0.15,0,10.66,10.22,0
DSTM-00614,E,CAMIONETA_4x4,0,50.28,7.94,128.0,0.773,0.119,1.4,10.99,1,9.07,7.43,0
DSTM-00615,B,CAT_797F_MANUAL,0,14.55,3.37,14.63,0.74,0.073,3.5,2.36,1,1.78,0.29,1
DSTM-00616,D,KOMATSU_930E_AHS,1,30.28,9.6,14.89,0.255,0.041,1.1,0.15,0,2.08,1.35,1
DSTM-00617,D,KOMATSU_930E_AHS,1,35.01,7.47,40.84,0.284,0.03,15.8,0.15,0,4.53,3.82,1
DSTM-00618,B,CAT_797F_MANUAL,0,20.78,5.2,15.62,0.952,0.088,10.4,5.38,1,3.63,2.25,1
DSTM-00619,A,CAT_797F_MANUAL,0,40.93,7.8,75.54,0.639,0.263,2.5,3.94,2,6.64,4.54,0
DSTM-00620,A,CAT_797F_MANUAL,0,37.75,8.09,46.44,0.56,0.176,7.7,2.37,0,4.15,2.32,1
DSTM-00621,D,CAT_797F_MANUAL,0,22.02,13.1,37.73,0.221,0.301,6.0,1.61,1,5.74,3.05,1
DSTM-00622,C,CAT_797F_MANUAL,0,32.03,3.28,88.67,0.882,0.186,8.7,4.23,2,9.82,8.09,0
DSTM-00623,E,KOMATSU_930E_AHS,1,26.03,10.01,35.97,0.796,0.032,10.1,0.15,0,4.68,4.24,0
DSTM-00624,C,CAMIONETA_4x4,0,32.99,8.05,63.03,0.979,0.28,7.8,1.4,3,7.68,5.7,0
DSTM-00625,E,KOMATSU_930E_AHS,1,24.59,6.84,27.47,0.739,0.073,18.1,0.15,0,3.71,3.24,1
DSTM-00626,B,PALA_PH_4100XPC,0,1.01,5.7,15.7,0.735,0.192,5.1,6.22,2,44.84,43.03,0
DSTM-00627,D,KOMATSU_930E_AHS,1,22.03,8.24,26.05,0.494,0.055,11.8,0.15,0,3.85,3.25,1
DSTM-00628,A,CAT_797F_MANUAL,0,47.02,10.94,65.04,0.782,0.139,3.7,14.22,2,5.02,3.2,1
DSTM-00629,C,CAT_797F_MANUAL,0,28.29,6.83,50.89,0.771,0.568,8.6,6.85,1,5.87,3.06,1
DSTM-00630,D,CAT_797F_MANUAL,0,32.89,6.03,61.64,0.444,0.128,11.1,2.36,2,6.8,4.94,0
DSTM-00631,E,KOMATSU_930E_AHS,1,24.84,8.05,41.37,0.827,0.057,6.2,0.15,0,6.58,6.14,0
DSTM-00632,D,CAT_797F_MANUAL,0,38.41,8.01,35.72,0.352,0.065,1.0,3.7,0,3.78,1.9,1
DSTM-00633,A,CAT_797F_MANUAL,0,42.13,10.64,16.61,0.625,0.126,8.6,8.12,1,1.51,-0.37,1
DSTM-00634,B,PALA_PH_4100XPC,0,1.65,5.3,33.94,0.773,0.493,6.2,3.76,1,60.03,57.44,0
DSTM-00635,A,CAT_797F_MANUAL,0,43.26,9.49,14.64,0.612,0.13,10.0,7.69,0,0.99,-0.92,1
DSTM-00636,A,CAT_797F_MANUAL,0,35.62,8.33,11.74,0.528,0.067,7.6,3.95,2,1.38,-0.24,1
DSTM-00637,D,CAT_797F_MANUAL,0,21.93,7.83,52.77,0.206,0.21,2.2,5.04,0,8.42,6.17,0
DSTM-00638,D,CAT_797F_MANUAL,0,35.06,7.47,2.36,0.297,0.083,2.6,3.58,2,0.57,-1.33,1
DSTM-00639,D,KOMATSU_930E_AHS,1,29.45,11.76,73.13,0.352,0.02,21.3,0.15,0,9.33,8.67,0
DSTM-00640,E,KOMATSU_930E_AHS,1,28.76,11.73,44.83,0.764,0.057,7.2,0.15,0,6.16,5.7,0
DSTM-00641,D,CAT_797F_MANUAL,0,31.15,5.84,37.55,0.3,0.25,2.4,0.77,1,5.19,3.06,1
DSTM-00642,D,CAMIONETA_4x4,0,29.49,5.84,15.94,0.266,0.283,1.8,3.68,1,1.42,-0.92,1
DSTM-00643,A,CAT_797F_MANUAL,0,49.73,13.99,12.76,0.702,0.119,5.3,2.18,4,0.6,-1.42,1
DSTM-00644,A,CAT_797F_MANUAL,0,44.21,10.7,14.17,0.818,0.062,8.0,4.61,2,1.04,-0.65,1
DSTM-00645,C,CAT_797F_MANUAL,0,32.0,1.55,65.69,0.926,0.441,8.0,5.97,0,8.02,5.66,0
DSTM-00646,E,KOMATSU_930E_AHS,1,22.21,3.09,13.56,0.814,0.073,22.1,0.15,0,1.75,1.31,1
DSTM-00647,A,CAMIONETA_4x4,0,35.31,9.37,23.19,0.806,0.211,1.2,0.8,0,2.11,-0.02,1
DSTM-00648,C,CAMIONETA_4x4,0,32.48,11.18,14.18,0.838,0.453,9.4,2.6,2,2.43,-0.12,1
DSTM-00649,D,CAT_797F_MANUAL,0,32.21,9.48,49.76,0.293,0.173,3.5,7.44,5,4.34,2.1,1
DSTM-00650,A,KOMATSU_930E_AHS,1,41.26,9.0,24.44,0.678,0.02,5.9,0.15,0,2.14,1.63,1
DSTM-00651,B,CAT_797F_MANUAL,0,16.4,3.11,33.82,0.995,0.081,2.8,2.63,2,9.07,7.57,0
DSTM-00652,E,CAMIONETA_4x4,0,32.62,10.11,30.17,0.83,0.186,9.2,0.91,2,2.7,0.76,1
DSTM-00653,D,CAT_797F_MANUAL,0,30.62,8.36,52.33,0.35,0.086,10.1,1.02,0,5.74,3.95,1
DSTM-00654,A,CAT_797F_MANUAL,0,36.04,12.04,62.63,0.847,0.148,8.8,2.54,3,5.69,3.8,1
DSTM-00655,E,KOMATSU_930E_AHS,1,24.08,13.19,22.21,0.763,0.048,7.6,0.15,0,3.66,3.19,1
DSTM-00656,B,CAMIONETA_4x4,0,40.55,2.31,15.47,0.759,0.061,1.4,1.4,1,1.14,-0.33,1
DSTM-00657,E,CAMIONETA_4x4,0,35.81,13.51,13.89,0.869,0.211,3.6,2.0,4,1.45,-0.68,1
DSTM-00658,B,CAT_797F_MANUAL,0,17.37,3.73,25.99,0.917,0.035,8.1,5.18,0,5.7,4.35,0
DSTM-00659,C,CAT_797F_MANUAL,0,41.31,10.98,44.67,0.749,0.466,11.5,4.43,4,3.88,1.18,1
DSTM-00660,B,CAT_797F_MANUAL,0,6.96,3.87,54.39,0.773,0.231,8.1,0.32,1,23.52,21.62,0
DSTM-00661,B,CAT_797F_MANUAL,0,5.23,2.74,8.69,0.878,0.178,10.3,5.05,1,2.95,1.22,1
DSTM-00662,E,KOMATSU_930E_AHS,1,20.77,10.31,15.66,0.954,0.099,14.2,0.15,0,2.34,1.97,1
DSTM-00663,A,CAT_797F_MANUAL,0,50.41,8.64,48.36,0.578,0.08,7.8,8.29,0,3.69,1.99,1
DSTM-00664,A,CAT_797F_MANUAL,0,47.47,12.16,114.09,0.741,0.229,2.6,3.55,1,9.41,7.24,0
DSTM-00665,B,CAT_797F_MANUAL,0,22.28,5.03,22.12,0.93,0.076,5.5,2.36,1,4.78,3.34,1
DSTM-00666,D,CAT_797F_MANUAL,0,39.66,8.67,46.86,0.21,0.152,4.9,3.16,0,4.49,2.44,1
DSTM-00667,D,CAMIONETA_4x4,0,23.82,6.86,39.96,0.361,0.063,3.7,5.94,0,5.64,4.05,0
DSTM-00668,E,CAMIONETA_4x4,0,35.02,10.54,14.05,0.724,0.114,10.5,2.86,0,1.62,-0.16,1
DSTM-00669,B,CAMIONETA_4x4,0,40.3,4.31,10.17,1.0,0.028,2.6,3.89,2,0.76,-0.56,1
DSTM-00670,B,CAT_797F_MANUAL,0,8.74,6.19,24.14,0.734,0.02,8.8,3.47,1,7.72,6.3,0
DSTM-00671,A,CAT_797F_MANUAL,0,36.77,8.95,90.55,0.72,0.057,3.9,1.06,2,8.65,7.06,0
DSTM-00672,C,CAMIONETA_4x4,0,32.94,9.9,66.84,0.914,0.325,11.1,15.0,2,8.44,6.23,0
DSTM-00673,E,CAMIONETA_4x4,0,46.64,8.04,12.92,0.804,0.107,4.1,4.14,3,1.29,-0.36,1
DSTM-00674,D,CAT_797F_MANUAL,0,44.4,7.74,28.17,0.429,0.144,7.5,5.23,2,2.15,0.33,1
DSTM-00675,C,CAMIONETA_4x4,0,47.58,10.45,166.22,0.815,0.464,8.1,1.14,1,13.64,11.01,0
DSTM-00676,B,PALA_PH_4100XPC,0,1.6,3.28,9.93,0.926,0.135,4.5,5.85,1,12.18,10.66,0
DSTM-00677,E,KOMATSU_930E_AHS,1,20.67,10.53,124.16,0.855,0.046,18.9,0.15,0,21.8,21.38,0
DSTM-00678,C,CAT_797F_MANUAL,0,25.72,5.6,21.72,0.884,0.443,10.0,1.38,2,3.58,1.09,1
DSTM-00679,A,CAT_797F_MANUAL,0,40.5,9.84,39.48,0.615,0.17,4.3,3.49,0,2.91,0.95,1
DSTM-00680,B,CAT_797F_MANUAL,0,20.84,5.1,2.0,0.809,0.022,2.0,3.39,1,1.09,-0.29,1
DSTM-00681,A,CAT_797F_MANUAL,0,45.81,8.46,17.49,0.724,0.034,7.7,3.05,0,1.21,-0.35,1
DSTM-00682,A,CAT_797F_MANUAL,0,31.8,8.08,135.56,0.768,0.05,10.5,0.84,1,15.95,14.52,0
DSTM-00683,A,KOMATSU_930E_AHS,1,37.98,8.88,68.71,0.816,0.025,15.4,0.15,0,6.14,5.71,0
DSTM-00684,C,CAT_797F_MANUAL,0,26.46,7.88,139.38,0.883,0.175,10.1,8.18,1,19.4,17.51,0
DSTM-00685,C,CAT_797F_MANUAL,0,19.21,8.66,21.6,0.827,0.301,8.9,5.39,2,4.38,2.12,1
DSTM-00686,B,CAT_797F_MANUAL,0,17.21,4.63,31.05,0.815,0.091,5.2,1.9,0,6.55,5.09,0
DSTM-00687,B,PALA_PH_4100XPC,0,4.21,5.26,22.4,0.805,0.133,7.7,0.76,0,32.15,30.48,0
DSTM-00688,E,KOMATSU_930E_AHS,1,32.07,11.9,31.44,0.95,0.025,3.2,0.15,0,3.71,3.33,1
DSTM-00689,D,CAT_797F_MANUAL,0,27.16,7.86,10.26,0.337,0.027,8.3,3.73,3,1.04,-0.66,1
DSTM-00690,C,KOMATSU_930E_AHS,1,19.77,9.97,21.99,0.89,0.075,2.7,0.15,0,3.08,2.71,1
DSTM-00691,B,PALA_PH_4100XPC,0,3.86,3.5,34.47,0.698,0.327,8.7,2.18,1,70.58,68.46,0
DSTM-00692,E,KOMATSU_930E_AHS,1,24.89,2.88,64.11,0.857,0.061,18.0,0.15,0,11.11,10.71,0
DSTM-00693,A,CAT_797F_MANUAL,0,40.82,11.85,95.04,0.663,0.1,2.9,1.98,1,8.19,6.24,0
DSTM-00694,B,PALA_PH_4100XPC,0,3.74,4.16,35.57,0.836,0.083,2.4,4.01,3,81.82,80.23,0
DSTM-00695,E,KOMATSU_930E_AHS,1,24.9,7.32,112.08,0.796,0.044,16.8,0.15,0,15.2,14.76,0
DSTM-00696,C,CAT_797F_MANUAL,0,45.69,7.04,54.17,0.888,0.137,11.6,2.91,1,4.21,2.65,1
DSTM-00697,D,KOMATSU_930E_AHS,1,27.34,13.71,7.48,0.474,0.02,8.3,0.15,0,1.34,0.7,1
DSTM-00698,C,KOMATSU_930E_AHS,1,23.16,9.37,12.56,0.963,0.02,10.2,0.15,0,2.45,2.09,1
DSTM-00699,D,CAT_797F_MANUAL,0,36.64,12.44,82.58,0.185,0.02,4.5,1.44,3,8.61,6.62,0
DSTM-00700,B,CAT_797F_MANUAL,0,15.17,2.73,44.49,0.925,0.039,9.0,2.56,1,11.33,9.93,0
DSTM-00701,A,CAMIONETA_4x4,0,48.63,5.19,47.19,0.619,0.071,11.0,6.76,5,3.77,2.2,1
DSTM-00702,B,CAT_797F_MANUAL,0,13.46,3.76,27.18,0.801,0.107,5.4,6.47,2,5.98,4.33,0
DSTM-00703,A,CAT_797F_MANUAL,0,34.86,8.3,51.18,0.614,0.226,3.8,2.14,2,4.41,2.37,1
DSTM-00704,E,CAMIONETA_4x4,0,38.51,6.2,4.23,0.897,0.311,5.8,0.44,3,0.59,-1.31,1
DSTM-00705,B,CAT_797F_MANUAL,0,25.1,5.62,65.14,0.909,0.083,11.0,4.28,1,9.98,8.53,0
DSTM-00706,C,CAT_797F_MANUAL,0,34.46,6.2,27.14,0.936,0.403,10.8,0.67,2,2.21,-0.13,1
DSTM-00707,D,CAT_797F_MANUAL,0,23.18,11.59,200.0,0.483,0.041,10.1,1.6,3,30.34,28.48,0
DSTM-00708,D,CAT_797F_MANUAL,0,34.39,6.24,56.48,0.394,0.262,2.1,3.83,2,5.46,3.31,1
DSTM-00709,B,PALA_PH_4100XPC,0,4.28,3.9,55.0,0.967,0.041,5.8,3.38,1,53.25,51.91,0
DSTM-00710,C,CAT_797F_MANUAL,0,36.7,8.56,30.75,0.855,0.22,9.7,4.88,1,2.55,0.66,1
DSTM-00711,E,KOMATSU_930E_AHS,1,30.32,8.86,153.65,0.941,0.04,2.7,0.15,0,18.36,17.95,0
DSTM-00712,D,CAT_797F_MANUAL,0,34.35,8.86,45.04,0.401,0.116,11.2,1.82,0,4.74,2.76,1
DSTM-00713,D,CAT_797F_MANUAL,0,28.52,12.86,9.92,0.459,0.173,6.7,3.78,2,0.89,-1.23,1
DSTM-00714,E,KOMATSU_930E_AHS,1,27.47,9.99,57.54,0.893,0.037,17.5,0.15,0,6.76,6.36,0
DSTM-00715,D,CAT_797F_MANUAL,0,22.96,2.68,11.3,0.522,0.124,7.0,2.66,3,2.06,0.29,1
DSTM-00716,A,CAT_797F_MANUAL,0,38.84,7.37,11.72,0.802,0.049,6.2,1.38,2,1.57,0.14,1
DSTM-00717,C,KOMATSU_930E_AHS,1,36.24,8.23,69.27,0.817,0.11,5.8,0.15,0,7.03,6.63,0
DSTM-00718,A,CAT_797F_MANUAL,0,39.63,9.14,52.57,0.565,0.063,4.4,4.88,1,3.99,2.37,1
DSTM-00719,D,KOMATSU_930E_AHS,1,29.17,7.94,52.34,0.467,0.05,5.0,0.15,0,6.49,5.89,0
DSTM-00720,E,KOMATSU_930E_AHS,1,30.27,11.47,89.86,0.991,0.036,21.0,0.15,0,10.04,9.68,0
DSTM-00721,C,KOMATSU_930E_AHS,1,27.41,10.63,13.61,1.0,0.081,1.7,0.15,0,1.99,1.64,1
DSTM-00722,B,CAT_797F_MANUAL,0,13.18,3.66,3.79,0.817,0.066,8.7,3.5,0,1.62,0.15,1
DSTM-00723,A,CAMIONETA_4x4,0,52.23,8.93,161.6,0.532,0.223,3.1,5.12,3,11.48,9.45,0
DSTM-00724,E,KOMATSU_930E_AHS,1,28.71,11.4,12.52,0.815,0.041,14.8,0.15,0,1.25,0.82,1
DSTM-00725,A,CAT_797F_MANUAL,0,42.95,10.32,111.47,0.827,0.247,11.0,3.58,2,9.94,7.8,0
DSTM-00726,A,CAT_797F_MANUAL,0,45.37,8.32,121.2,0.663,0.121,10.6,1.89,3,8.98,7.15,0
DSTM-00727,A,CAT_797F_MANUAL,0,41.98,12.72,41.74,0.695,0.261,6.8,1.18,3,3.51,1.11,1
DSTM-00728,A,CAMIONETA_4x4,0,47.58,9.63,12.8,0.715,0.334,7.6,3.05,3,1.12,-1.4,1
DSTM-00729,C,CAT_797F_MANUAL,0,36.43,9.34,158.78,0.865,0.5,10.3,5.12,3,16.11,13.52,0
DSTM-00730,C,CAT_797F_MANUAL,0,18.42,7.35,163.29,0.818,0.172,7.8,1.3,2,27.79,25.94,0
DSTM-00731,B,PALA_PH_4100XPC,0,1.22,4.45,21.34,0.831,0.073,10.1,3.56,1,35.31,33.72,0
DSTM-00732,A,CAMIONETA_4x4,0,51.03,9.22,116.51,0.582,0.049,7.0,2.71,5,8.64,6.99,0
DSTM-00733,A,CAMIONETA_4x4,0,62.78,11.49,53.52,0.621,0.305,5.4,0.57,0,3.07,0.71,1
DSTM-00734,B,PALA_PH_4100XPC,0,0.76,3.19,22.54,0.742,0.054,8.7,0.34,0,31.85,30.38,0
DSTM-00735,A,CAT_797F_MANUAL,0,36.21,10.2,37.54,0.84,0.314,7.6,3.63,1,4.37,2.16,1
DSTM-00736,D,CAT_797F_MANUAL,0,35.36,7.16,26.59,0.499,0.387,6.9,2.83,1,3.04,0.62,1
DSTM-00737,A,CAT_797F_MANUAL,0,47.09,7.19,130.79,0.793,0.136,8.3,10.18,0,10.25,8.61,0
DSTM-00738,B,PALA_PH_4100XPC,0,2.98,3.99,26.52,0.821,0.391,9.3,1.78,2,61.27,59.1,0
DSTM-00739,B,CAT_797F_MANUAL,0,12.66,1.75,23.96,0.975,0.215,8.0,3.12,2,6.06,4.23,0
DSTM-00740,B,CAT_797F_MANUAL,0,12.43,4.21,33.09,0.981,0.199,9.3,2.07,1,7.81,6.09,0
DSTM-00741,A,KOMATSU_930E_AHS,1,38.54,8.35,91.79,0.555,0.02,18.5,0.15,0,8.6,8.04,0
DSTM-00742,A,KOMATSU_930E_AHS,1,31.71,10.81,29.73,0.781,0.082,24.0,0.15,0,3.52,3.04,1
DSTM-00743,E,KOMATSU_930E_AHS,1,23.59,9.71,10.17,0.993,0.039,12.0,0.15,0,1.97,1.61,1
DSTM-00744,A,CAMIONETA_4x4,0,59.15,9.19,116.15,0.603,0.1,7.8,2.74,2,6.92,5.12,0
DSTM-00745,C,CAT_797F_MANUAL,0,26.96,12.52,9.87,0.826,0.338,11.5,6.96,1,1.4,-1.08,1
DSTM-00746,C,CAT_797F_MANUAL,0,30.98,6.74,39.01,0.796,0.216,11.9,6.65,0,4.52,2.65,1
DSTM-00747,B,PALA_PH_4100XPC,0,3.39,4.31,6.63,0.772,0.09,7.4,4.86,1,14.67,13.16,0
DSTM-00748,B,CAT_797F_MANUAL,0,15.92,1.01,107.35,0.88,0.105,11.3,5.61,0,24.14,22.65,0
DSTM-00749,D,CAT_797F_MANUAL,0,49.47,7.28,7.35,0.297,0.097,7.9,1.52,1,0.52,-1.38,1
DSTM-00750,D,CAT_797F_MANUAL,0,27.84,7.34,142.8,0.466,0.127,3.9,3.67,4,18.69,17.01,0
DSTM-00751,B,PALA_PH_4100XPC,0,1.53,2.68,71.28,1.0,0.145,9.6,1.96,2,140.93,139.41,0
DSTM-00752,B,PALA_PH_4100XPC,0,3.23,1.93,125.48,0.96,0.2,5.9,9.76,2,219.2,217.59,0
DSTM-00753,A,CAT_797F_MANUAL,0,49.61,9.55,122.77,0.879,0.085,2.5,1.57,4,8.44,6.66,0
DSTM-00754,C,CAT_797F_MANUAL,0,23.24,4.35,14.45,1.0,0.377,9.6,4.83,0,2.38,0.19,1
DSTM-00755,D,CAT_797F_MANUAL,0,31.01,11.93,9.23,0.266,0.098,11.0,5.52,1,1.47,-0.57,1
DSTM-00756,A,CAT_797F_MANUAL,0,47.37,11.36,99.0,0.869,0.02,10.6,7.63,0,7.28,5.63,0
DSTM-00757,B,PALA_PH_4100XPC,0,2.66,3.25,87.12,0.918,0.153,1.2,5.68,1,107.6,105.92,0
DSTM-00758,E,KOMATSU_930E_AHS,1,34.65,11.2,31.39,0.991,0.022,4.8,0.15,0,2.6,2.24,1
DSTM-00759,A,KOMATSU_930E_AHS,1,33.15,7.86,73.16,0.554,0.057,8.3,0.15,0,8.38,7.81,0
DSTM-00760,C,CAMIONETA_4x4,0,30.49,4.24,68.02,0.756,0.099,9.7,14.74,0,8.41,6.83,0
DSTM-00761,D,KOMATSU_930E_AHS,1,21.07,9.24,61.82,0.361,0.022,8.7,0.15,0,8.49,7.84,0
DSTM-00762,A,KOMATSU_930E_AHS,1,28.9,10.1,45.77,0.674,0.091,22.6,0.15,0,5.89,5.4,0
DSTM-00763,A,KOMATSU_930E_AHS,1,39.65,7.81,53.89,0.853,0.064,5.0,0.15,0,5.09,4.65,0
DSTM-00764,A,CAT_797F_MANUAL,0,51.98,9.3,200.0,0.826,0.111,5.0,2.91,0,14.38,12.67,0
DSTM-00765,E,CAMIONETA_4x4,0,39.3,5.81,23.74,0.786,0.109,1.9,3.53,1,2.41,0.86,1
DSTM-00766,A,CAT_797F_MANUAL,0,31.33,7.03,47.2,0.621,0.175,6.9,2.86,3,5.71,3.91,1
DSTM-00767,A,CAT_797F_MANUAL,0,36.33,11.94,106.58,0.557,0.222,8.7,3.01,1,10.76,8.5,0
DSTM-00768,A,CAMIONETA_4x4,0,47.57,13.91,11.27,0.561,0.02,4.7,4.81,2,0.69,-1.25,1
DSTM-00769,A,KOMATSU_930E_AHS,1,41.87,10.72,38.77,0.831,0.097,10.5,0.15,0,3.66,3.22,1
DSTM-00770,C,CAT_797F_MANUAL,0,36.55,10.05,43.99,0.846,0.522,7.8,7.02,1,4.44,1.8,1
DSTM-00771,A,CAT_797F_MANUAL,0,50.55,6.87,54.61,0.536,0.027,10.0,0.62,0,4.18,2.68,1
DSTM-00772,C,CAT_797F_MANUAL,0,30.8,3.2,60.36,0.815,0.302,7.5,1.87,4,6.58,4.43,0
DSTM-00773,C,KOMATSU_930E_AHS,1,31.6,14.7,33.33,0.9,0.022,0.7,0.15,0,3.61,3.23,1
DSTM-00774,D,KOMATSU_930E_AHS,1,24.67,12.25,47.19,0.409,0.022,13.7,0.15,0,6.38,5.76,0
DSTM-00775,A,KOMATSU_930E_AHS,1,42.72,11.81,62.64,0.784,0.056,10.3,0.15,0,5.26,4.81,0
DSTM-00776,E,CAMIONETA_4x4,0,32.43,5.98,10.97,0.897,0.142,4.7,3.72,0,1.04,-0.59,1
DSTM-00777,C,CAT_797F_MANUAL,0,28.61,8.02,42.09,0.861,0.173,8.6,1.72,2,4.46,2.63,1
DSTM-00778,A,CAT_797F_MANUAL,0,48.54,10.12,81.02,0.794,0.256,9.7,10.51,0,6.09,3.94,1
DSTM-00779,D,CAT_797F_MANUAL,0,29.58,7.96,23.98,0.417,0.267,5.6,2.97,3,2.63,0.42,1
DSTM-00780,E,KOMATSU_930E_AHS,1,20.53,13.4,30.63,0.813,0.073,8.0,0.15,0,5.12,4.67,0
DSTM-00781,B,PALA_PH_4100XPC,0,0.0,5.02,15.3,0.757,0.056,4.7,2.37,2,24.37,22.9,0
DSTM-00782,E,CAMIONETA_4x4,0,31.55,12.58,81.07,0.994,0.142,7.7,6.03,2,10.39,8.63,0
DSTM-00783,C,KOMATSU_930E_AHS,1,31.0,9.05,9.25,0.861,0.105,18.6,0.15,0,0.93,0.5,1
DSTM-00784,C,CAMIONETA_4x4,0,37.57,5.44,18.3,0.917,0.433,9.7,1.52,3,2.11,-0.18,1
DSTM-00785,E,KOMATSU_930E_AHS,1,23.41,7.88,60.22,1.0,0.042,9.4,0.15,0,8.91,8.55,0
DSTM-00786,B,PALA_PH_4100XPC,0,0.0,0.0,13.51,1.0,0.145,3.7,0.53,2,27.9,26.32,0
DSTM-00787,D,CAT_797F_MANUAL,0,27.45,12.49,3.04,0.521,0.204,9.6,6.8,2,0.71,-1.48,1
DSTM-00788,B,CAT_797F_MANUAL,0,14.26,5.74,53.4,0.932,0.089,9.4,7.02,0,12.6,11.21,0
DSTM-00789,D,CAT_797F_MANUAL,0,21.3,9.35,4.11,0.416,0.04,5.8,2.33,0,1.38,-0.52,1
DSTM-00790,C,CAT_797F_MANUAL,0,35.97,7.9,43.21,0.908,0.557,9.0,4.77,1,3.25,0.56,1
DSTM-00791,A,KOMATSU_930E_AHS,1,32.7,11.13,30.49,0.708,0.04,5.5,0.15,0,3.57,3.09,1
DSTM-00792,B,PALA_PH_4100XPC,0,3.64,6.95,46.08,0.891,0.074,8.8,3.81,1,69.95,68.53,0
DSTM-00793,B,CAT_797F_MANUAL,0,15.95,7.27,9.19,0.878,0.088,5.6,2.11,1,1.81,0.31,1
DSTM-00794,A,KOMATSU_930E_AHS,1,29.09,8.48,67.16,0.65,0.039,4.6,0.15,0,7.59,7.04,0
DSTM-00795,A,CAT_797F_MANUAL,0,38.61,7.79,166.93,0.756,0.072,8.9,2.24,1,14.88,13.18,0
DSTM-00796,B,CAT_797F_MANUAL,0,11.31,1.49,23.01,0.982,0.02,9.8,8.33,1,6.83,5.49,0
DSTM-00797,A,CAT_797F_MANUAL,0,44.4,9.87,75.39,0.62,0.068,3.0,4.1,1,6.46,4.74,0
DSTM-00798,A,KOMATSU_930E_AHS,1,37.77,7.81,10.76,0.813,0.046,6.8,0.15,0,1.22,0.78,1
DSTM-00799,D,CAT_797F_MANUAL,0,30.25,4.61,63.85,0.486,0.059,1.4,0.69,0,8.56,6.96,0
DSTM-00800,D,CAT_797F_MANUAL,0,25.41,7.59,24.92,0.405,0.101,7.2,1.03,2,3.23,1.51,1
DSTM-00801,D,KOMATSU_930E_AHS,1,26.85,6.4,26.43,0.472,0.029,18.2,0.15,0,3.64,3.03,1
DSTM-00802,B,CAT_797F_MANUAL,0,24.45,3.29,11.34,0.919,0.068,2.9,3.64,1,1.77,0.24,1
DSTM-00803,E,KOMATSU_930E_AHS,1,30.66,8.93,158.26,0.888,0.074,21.3,0.15,0,17.66,17.26,0
DSTM-00804,C,CAT_797F_MANUAL,0,29.55,7.4,66.99,0.926,0.451,11.1,0.93,4,7.49,5.15,0
DSTM-00805,A,CAT_797F_MANUAL,0,39.91,8.86,162.01,0.64,0.297,3.1,4.24,2,13.77,11.48,0
DSTM-00806,A,CAT_797F_MANUAL,0,38.09,7.41,26.57,0.622,0.073,8.1,6.3,0,2.69,1.14,1
DSTM-00807,D,KOMATSU_930E_AHS,1,37.76,5.03,169.98,0.256,0.024,22.8,0.15,0,16.86,16.14,0
DSTM-00808,A,KOMATSU_930E_AHS,1,41.58,11.95,179.33,0.589,0.055,18.8,0.15,0,15.74,15.19,0
DSTM-00809,C,CAT_797F_MANUAL,0,23.55,12.39,21.12,0.849,0.215,7.9,2.56,2,3.76,1.68,1
DSTM-00810,E,KOMATSU_930E_AHS,1,24.22,8.13,36.39,0.883,0.034,7.3,0.15,0,5.31,4.92,0
DSTM-00811,A,CAT_797F_MANUAL,0,35.88,3.66,48.74,0.675,0.079,2.0,1.31,1,4.59,3.06,1
DSTM-00812,A,CAMIONETA_4x4,0,46.23,8.32,14.57,0.714,0.12,6.9,1.02,1,1.03,-0.81,1
DSTM-00813,E,CAMIONETA_4x4,0,28.03,4.45,42.16,0.885,0.147,5.5,0.87,0,4.91,3.28,1
DSTM-00814,C,CAT_797F_MANUAL,0,33.1,3.88,15.08,0.867,0.324,11.3,11.46,5,1.19,-0.9,1
DSTM-00815,A,CAT_797F_MANUAL,0,41.74,7.08,59.33,0.628,0.152,4.7,10.47,1,5.05,3.22,1
DSTM-00816,E,CAMIONETA_4x4,0,25.8,6.91,29.41,0.815,0.229,10.0,4.8,2,4.17,2.33,1
DSTM-00817,E,CAMIONETA_4x4,0,36.97,9.88,17.51,0.822,0.076,2.8,0.33,4,1.84,0.23,1
DSTM-00818,C,CAT_797F_MANUAL,0,39.72,6.22,116.22,0.697,0.386,9.8,3.35,1,10.81,8.52,0
DSTM-00819,C,KOMATSU_930E_AHS,1,25.71,9.52,29.01,0.956,0.052,5.6,0.15,0,4.4,4.03,0
DSTM-00820,B,CAT_797F_MANUAL,0,13.25,3.88,68.18,0.947,0.149,10.5,9.71,2,20.28,18.64,0
DSTM-00821,A,CAT_797F_MANUAL,0,39.81,9.96,17.82,0.847,0.15,8.1,5.97,0,1.26,-0.57,1
DSTM-00822,C,KOMATSU_930E_AHS,1,22.85,8.53,10.8,0.763,0.037,4.7,0.15,0,1.3,0.84,1
DSTM-00823,B,CAT_797F_MANUAL,0,15.88,2.6,39.63,0.899,0.078,4.2,8.46,1,8.4,6.94,0
DSTM-00824,D,CAT_797F_MANUAL,0,32.88,12.28,30.31,0.318,0.123,5.3,6.23,2,3.02,0.89,1
DSTM-00825,D,CAT_797F_MANUAL,0,40.98,5.88,20.68,0.606,0.141,2.1,6.49,2,1.87,0.21,1
DSTM-00826,A,CAT_797F_MANUAL,0,40.58,8.57,192.54,0.633,0.085,2.3,2.8,2,16.34,14.66,0
DSTM-00827,C,CAT_797F_MANUAL,0,36.22,9.59,19.2,1.0,0.28,10.1,1.37,1,1.3,-0.85,1
DSTM-00828,A,CAT_797F_MANUAL,0,36.07,6.19,123.38,0.653,0.02,7.3,2.7,2,11.71,10.24,0
DSTM-00829,E,KOMATSU_930E_AHS,1,33.06,12.39,162.08,0.916,0.074,22.1,0.15,0,17.3,16.9,0
DSTM-00830,B,PALA_PH_4100XPC,0,0.0,5.93,12.44,0.831,0.118,8.9,3.2,1,15.66,14.17,0
DSTM-00831,C,CAT_797F_MANUAL,0,38.25,3.77,44.52,0.927,0.196,8.8,3.52,1,3.95,2.14,1
DSTM-00832,C,CAT_797F_MANUAL,0,47.52,8.05,13.21,0.733,0.478,8.5,1.9,2,1.05,-1.48,1
DSTM-00833,B,CAT_797F_MANUAL,0,7.36,2.38,13.63,0.891,0.103,11.0,6.65,0,3.67,2.17,1
DSTM-00834,D,CAMIONETA_4x4,0,40.59,8.47,59.49,0.221,0.249,6.5,3.63,3,4.95,2.68,1
DSTM-00835,D,CAT_797F_MANUAL,0,30.18,7.32,35.69,0.332,0.103,9.2,7.96,3,3.93,2.04,1
DSTM-00836,C,CAT_797F_MANUAL,0,38.33,2.07,52.29,0.947,0.318,10.4,2.35,2,4.84,2.84,1
DSTM-00837,D,CAT_797F_MANUAL,0,32.14,7.1,39.78,0.449,0.142,8.8,6.82,1,5.57,3.77,1
DSTM-00838,E,CAMIONETA_4x4,0,38.36,9.63,200.0,0.893,0.116,5.6,2.43,2,18.97,17.33,0
DSTM-00839,B,PALA_PH_4100XPC,0,0.0,3.46,79.63,0.801,0.196,11.2,1.06,2,159.67,157.92,0
DSTM-00840,C,KOMATSU_930E_AHS,1,33.54,6.36,13.82,0.978,0.071,11.9,0.15,0,1.05,0.68,1
DSTM-00841,A,KOMATSU_930E_AHS,1,51.73,9.09,198.92,0.805,0.02,22.8,0.15,0,15.57,15.11,0
DSTM-00842,D,CAT_797F_MANUAL,0,26.73,8.26,120.44,0.574,0.198,9.8,1.64,1,15.56,13.56,0
DSTM-00843,C,CAT_797F_MANUAL,0,39.21,6.91,198.29,0.883,0.264,9.8,2.8,2,19.17,17.24,0
DSTM-00844,B,CAT_797F_MANUAL,0,9.06,6.11,7.04,0.853,0.065,5.1,3.86,2,1.96,0.49,1
DSTM-00845,A,CAMIONETA_4x4,0,47.38,11.53,21.62,0.66,0.14,5.1,2.65,1,1.62,-0.34,1
DSTM-00846,E,KOMATSU_930E_AHS,1,28.02,5.27,69.96,0.958,0.036,17.3,0.15,0,9.36,8.98,0
DSTM-00847,B,PALA_PH_4100XPC,0,2.93,1.7,17.21,0.901,0.026,8.5,1.13,4,15.2,13.8,0
DSTM-00848,D,CAT_797F_MANUAL,0,28.84,9.76,18.51,0.325,0.271,5.4,2.69,2,2.08,-0.23,1
DSTM-00849,A,CAT_797F_MANUAL,0,33.85,7.32,35.84,0.767,0.09,10.8,0.87,1,3.62,2.18,1
DSTM-00850,E,CAMIONETA_4x4,0,46.27,10.43,44.78,0.87,0.172,4.3,4.51,2,2.86,0.9,1
DSTM-00851,A,KOMATSU_930E_AHS,1,34.99,13.99,120.18,0.724,0.051,2.6,0.15,0,12.65,12.19,0
DSTM-00852,A,KOMATSU_930E_AHS,1,31.14,6.15,175.76,0.752,0.02,23.3,0.15,0,20.99,20.48,0
DSTM-00853,E,CAMIONETA_4x4,0,46.1,14.15,7.27,0.806,0.322,8.0,2.27,4,0.83,-1.63,1
DSTM-00854,E,KOMATSU_930E_AHS,1,28.32,10.55,25.54,0.931,0.034,22.4,0.15,0,3.43,3.03,1
DSTM-00855,A,CAT_797F_MANUAL,0,45.75,16.38,20.56,0.716,0.062,2.9,6.67,1,1.29,-0.73,1
DSTM-00856,C,CAT_797F_MANUAL,0,24.26,6.72,105.16,0.679,0.246,11.7,3.73,2,15.4,13.52,0
DSTM-00857,D,KOMATSU_930E_AHS,1,22.19,8.46,50.51,0.209,0.057,17.9,0.15,0,9.62,8.87,0
DSTM-00858,E,KOMATSU_930E_AHS,1,36.86,5.61,80.24,1.0,0.047,16.6,0.15,0,8.59,8.22,0
DSTM-00859,B,CAT_797F_MANUAL,0,12.64,3.29,44.27,0.746,0.02,7.1,6.15,1,13.62,12.2,0
DSTM-00860,C,CAT_797F_MANUAL,0,21.11,5.33,18.57,0.808,0.331,8.3,2.09,3,3.41,1.3,1
DSTM-00861,D,CAT_797F_MANUAL,0,42.72,4.5,57.87,0.391,0.114,7.5,2.3,2,4.55,2.66,1
DSTM-00862,D,CAT_797F_MANUAL,0,26.43,8.66,12.35,0.54,0.137,3.8,2.34,1,1.59,-0.18,1
DSTM-00863,D,CAT_797F_MANUAL,0,26.54,7.19,23.69,0.375,0.121,8.9,1.71,1,3.06,1.28,1
DSTM-00864,C,CAT_797F_MANUAL,0,45.86,6.34,47.5,0.787,0.446,10.7,1.1,1,3.43,0.96,1
DSTM-00865,A,KOMATSU_930E_AHS,1,40.96,12.7,38.56,0.805,0.02,22.8,0.15,0,3.55,3.08,1
DSTM-00866,E,CAMIONETA_4x4,0,25.05,4.83,100.24,0.939,0.136,2.2,5.82,1,13.59,12.03,0
DSTM-00867,E,KOMATSU_930E_AHS,1,30.32,5.86,117.32,0.888,0.041,5.0,0.15,0,16.11,15.7,0
DSTM-00868,D,CAT_797F_MANUAL,0,38.49,8.55,46.9,0.329,0.133,11.3,8.97,4,4.69,2.74,1
DSTM-00869,A,CAT_797F_MANUAL,0,37.69,7.68,77.92,0.634,0.132,1.3,4.22,1,7.58,5.8,0
DSTM-00870,A,KOMATSU_930E_AHS,1,31.74,9.1,80.5,0.566,0.07,2.0,0.15,0,8.8,8.24,0
DSTM-00871,D,CAT_797F_MANUAL,0,31.48,7.27,134.09,0.482,0.02,4.0,2.99,0,14.6,12.97,0
DSTM-00872,A,CAT_797F_MANUAL,0,36.9,10.98,76.45,0.577,0.175,4.2,10.3,1,7.21,5.11,0
DSTM-00873,E,CAMIONETA_4x4,0,45.09,9.56,18.76,0.932,0.169,3.1,0.61,1,1.49,-0.37,1
DSTM-00874,B,CAMIONETA_4x4,0,43.41,3.02,27.37,0.936,0.124,1.3,1.94,0,2.52,0.99,1
DSTM-00875,D,CAT_797F_MANUAL,0,43.15,12.06,8.09,0.263,0.174,11.5,8.56,0,0.92,-1.28,1
DSTM-00876,E,KOMATSU_930E_AHS,1,31.25,12.52,25.59,0.798,0.073,9.4,0.15,0,2.86,2.4,1
DSTM-00877,B,CAT_797F_MANUAL,0,20.93,2.24,14.58,0.942,0.103,7.6,2.31,0,3.74,2.28,1
DSTM-00878,B,PALA_PH_4100XPC,0,5.68,4.1,41.27,0.996,0.245,8.8,4.57,3,46.31,44.55,0
DSTM-00879,C,CAT_797F_MANUAL,0,26.84,9.56,14.58,0.874,0.197,7.7,0.45,2,1.89,0.07,1
DSTM-00880,C,CAT_797F_MANUAL,0,22.37,6.35,34.59,0.903,0.516,11.8,1.19,0,5.78,3.33,1
DSTM-00881,B,PALA_PH_4100XPC,0,0.78,1.64,5.86,0.919,0.175,7.0,4.58,2,7.3,5.58,1
DSTM-00882,C,CAT_797F_MANUAL,0,38.9,8.28,35.47,0.978,0.202,11.9,12.32,1,2.88,1.11,1
DSTM-00883,E,CAMIONETA_4x4,0,43.49,9.4,64.84,0.814,0.151,5.1,6.96,2,5.93,4.17,0
DSTM-00884,C,CAT_797F_MANUAL,0,32.92,12.72,31.52,0.964,0.23,7.7,6.77,1,3.5,1.36,1
DSTM-00885,A,KOMATSU_930E_AHS,1,40.77,4.9,42.71,0.726,0.076,6.9,0.15,0,3.82,3.34,1
DSTM-00886,B,CAT_797F_MANUAL,0,15.55,1.61,33.95,0.735,0.041,8.6,1.25,1,7.57,6.15,0
DSTM-00887,B,CAT_797F_MANUAL,0,16.42,4.7,17.52,0.895,0.171,5.3,6.96,1,3.53,1.74,1
DSTM-00888,A,CAMIONETA_4x4,0,49.96,9.2,84.73,0.851,0.183,11.1,2.86,1,6.7,4.91,0
DSTM-00889,A,KOMATSU_930E_AHS,1,31.4,15.33,42.13,0.684,0.035,14.2,0.15,0,4.89,4.39,0
DSTM-00890,D,CAT_797F_MANUAL,0,32.62,12.22,33.84,0.464,0.026,2.2,2.4,0,3.61,1.67,1
DSTM-00891,B,CAT_797F_MANUAL,0,17.47,5.55,5.72,0.88,0.187,4.9,3.82,0,0.83,-0.68,1
DSTM-00892,E,CAMIONETA_4x4,0,19.19,9.21,116.81,0.809,0.049,10.3,1.11,0,18.65,17.04,0
DSTM-00893,A,CAT_797F_MANUAL,0,38.92,10.81,38.95,0.657,0.107,9.6,3.85,0,3.16,1.35,1
DSTM-00894,A,CAT_797F_MANUAL,0,33.63,6.4,190.86,0.567,0.161,7.8,8.48,3,20.21,18.33,0
DSTM-00895,D,CAT_797F_MANUAL,0,30.18,9.13,49.33,0.488,0.097,4.1,4.87,2,5.29,3.46,1
DSTM-00896,E,CAMIONETA_4x4,0,34.42,10.72,36.22,0.898,0.023,11.4,5.14,2,3.65,2.07,1
DSTM-00897,B,CAT_797F_MANUAL,0,23.39,2.81,60.31,0.824,0.141,5.8,1.86,1,9.93,8.22,0
DSTM-00898,A,CAMIONETA_4x4,0,44.03,12.11,67.77,0.731,0.178,9.0,0.32,1,6.03,4.03,0
DSTM-00899,A,KOMATSU_930E_AHS,1,35.21,10.48,31.15,0.65,0.107,6.5,0.15,0,2.84,2.32,1
DSTM-00900,C,CAMIONETA_4x4,0,40.79,9.65,41.4,0.909,0.321,9.2,2.46,4,4.47,2.27,1
DSTM-00901,C,KOMATSU_930E_AHS,1,32.38,6.99,47.34,0.9,0.02,5.6,0.15,0,5.77,5.37,0
DSTM-00902,B,CAMIONETA_4x4,0,45.62,1.16,33.48,0.891,0.112,8.0,5.22,3,2.76,1.15,1
DSTM-00903,A,KOMATSU_930E_AHS,1,37.72,9.68,106.41,0.726,0.029,19.2,0.15,0,10.11,9.6,0
DSTM-00904,C,CAT_797F_MANUAL,0,35.88,10.02,37.45,0.81,0.291,10.3,8.05,3,4.08,1.87,1
DSTM-00905,E,CAMIONETA_4x4,0,47.33,4.95,44.76,0.791,0.036,2.6,6.01,0,3.6,2.18,1
DSTM-00906,D,CAT_797F_MANUAL,0,33.87,8.47,32.96,0.26,0.093,10.7,0.73,1,3.41,1.66,1
DSTM-00907,C,CAT_797F_MANUAL,0,42.39,3.74,112.21,0.767,0.432,10.9,1.37,3,9.82,7.42,0
DSTM-00908,A,CAT_797F_MANUAL,0,44.04,11.74,57.71,0.785,0.156,1.5,5.06,0,5.1,3.16,1
DSTM-00909,B,PALA_PH_4100XPC,0,3.8,3.65,13.04,1.0,0.049,6.3,3.25,0,11.42,10.08,0
DSTM-00910,B,CAT_797F_MANUAL,0,16.22,0.16,15.12,0.762,0.227,2.3,9.41,0,3.85,1.98,1
DSTM-00911,D,CAMIONETA_4x4,0,32.37,7.89,189.12,0.306,0.086,9.6,2.88,3,19.32,17.52,0
DSTM-00912,E,CAMIONETA_4x4,0,36.55,7.73,80.26,0.799,0.083,2.7,2.42,1,8.27,6.67,0
DSTM-00913,E,CAMIONETA_4x4,0,45.97,8.43,71.49,0.806,0.045,4.7,0.99,2,5.42,3.89,1
DSTM-00914,E,CAMIONETA_4x4,0,44.82,14.45,14.16,1.0,0.175,1.9,7.03,2,0.92,-1.16,1
DSTM-00915,E,CAMIONETA_4x4,0,36.18,13.72,55.47,0.951,0.255,10.7,0.66,2,5.8,3.53,1
DSTM-00916,E,CAMIONETA_4x4,0,25.76,6.65,57.32,0.853,0.188,7.1,2.11,1,7.7,6.08,0
DSTM-00917,A,CAT_797F_MANUAL,0,42.97,11.72,67.11,0.543,0.067,4.5,6.99,1,5.94,4.11,0
DSTM-00918,A,CAT_797F_MANUAL,0,41.43,10.65,30.2,0.628,0.11,3.3,3.71,0,3.17,1.32,1
DSTM-00919,B,PALA_PH_4100XPC,0,0.65,2.01,5.4,1.0,0.188,6.2,3.82,5,20.84,19.15,0
DSTM-00920,C,CAMIONETA_4x4,0,47.63,6.4,35.18,0.724,0.385,9.8,8.11,2,2.6,0.23,1
DSTM-00921,A,CAT_797F_MANUAL,0,43.6,13.85,180.28,0.775,0.203,2.3,4.03,2,14.96,12.61,0
DSTM-00922,D,CAMIONETA_4x4,0,36.94,11.61,90.67,0.508,0.232,10.0,3.18,2,8.95,6.65,0
DSTM-00923,C,CAT_797F_MANUAL,0,38.25,2.65,66.06,0.893,0.383,10.0,7.83,2,6.65,4.42,0
DSTM-00924,C,CAT_797F_MANUAL,0,26.27,9.5,105.93,0.933,0.451,11.7,14.94,3,13.83,11.38,0
DSTM-00925,A,CAMIONETA_4x4,0,47.35,7.72,53.29,0.56,0.065,7.8,3.22,0,4.3,2.64,1
DSTM-00926,B,PALA_PH_4100XPC,0,6.9,6.82,60.92,0.878,0.06,4.1,2.42,0,64.45,62.99,0
DSTM-00927,A,CAT_797F_MANUAL,0,39.04,7.57,49.91,0.821,0.253,5.1,0.54,0,4.57,2.72,1
DSTM-00928,E,CAMIONETA_4x4,0,34.41,9.63,8.16,0.771,0.302,1.6,2.99,4,1.02,-1.14,1
DSTM-00929,C,KOMATSU_930E_AHS,1,28.37,11.91,20.72,0.804,0.039,1.4,0.15,0,2.52,2.07,1
DSTM-00930,D,CAT_797F_MANUAL,0,30.86,8.34,31.1,0.452,0.141,4.5,6.76,0,3.12,1.23,1
DSTM-00931,B,PALA_PH_4100XPC,0,2.92,0.57,25.06,0.822,0.15,3.8,7.94,3,25.96,24.36,0
DSTM-00932,B,CAT_797F_MANUAL,0,16.34,2.55,99.36,0.879,0.143,2.7,2.04,4,20.86,19.22,0
DSTM-00933,B,CAT_797F_MANUAL,0,17.64,2.83,2.0,0.837,0.151,7.0,8.42,2,1.59,-0.01,1
DSTM-00934,D,CAMIONETA_4x4,0,29.23,11.64,98.06,0.383,0.038,11.3,3.83,0,11.1,9.2,0
DSTM-00935,D,CAT_797F_MANUAL,0,41.74,10.03,18.08,0.606,0.19,8.7,3.92,0,1.61,-0.48,1
DSTM-00936,A,CAT_797F_MANUAL,0,42.23,9.46,119.38,0.56,0.264,10.5,1.99,1,9.98,7.68,0
DSTM-00937,E,KOMATSU_930E_AHS,1,24.78,12.73,8.77,0.854,0.076,13.8,0.15,0,1.99,1.57,1
DSTM-00938,A,KOMATSU_930E_AHS,1,33.36,7.58,80.07,0.736,0.023,6.9,0.15,0,8.34,7.87,0
DSTM-00939,E,KOMATSU_930E_AHS,1,22.72,8.06,19.37,0.935,0.069,14.5,0.15,0,3.44,3.04,1
DSTM-00940,A,CAT_797F_MANUAL,0,42.08,13.96,200.0,0.566,0.173,1.6,2.67,2,16.55,14.29,0
DSTM-00941,B,PALA_PH_4100XPC,0,2.98,2.98,16.2,0.915,0.148,1.1,4.37,3,24.51,22.95,0
DSTM-00942,D,CAT_797F_MANUAL,0,30.83,4.92,155.63,0.521,0.205,9.3,3.1,2,19.37,17.52,0
DSTM-00943,A,CAMIONETA_4x4,0,47.28,9.22,70.2,0.678,0.258,9.7,1.48,2,5.31,3.11,1
DSTM-00944,B,PALA_PH_4100XPC,0,1.23,3.35,36.0,0.846,0.33,3.6,5.27,2,56.66,54.5,0
DSTM-00945,B,PALA_PH_4100XPC,0,0.0,3.33,33.65,0.821,0.158,6.1,3.85,1,40.94,39.4,0
DSTM-00946,A,CAMIONETA_4x4,0,52.68,11.8,64.08,0.827,0.396,4.0,5.46,1,4.34,1.8,1
DSTM-00947,D,CAT_797F_MANUAL,0,18.96,8.49,51.29,0.398,0.139,4.0,4.46,0,8.93,7.05,0
DSTM-00948,E,CAMIONETA_4x4,0,45.01,7.3,22.35,0.901,0.02,8.4,3.16,1,1.99,0.64,1
DSTM-00949,E,CAMIONETA_4x4,0,51.37,9.32,119.78,0.849,0.269,1.5,4.68,3,9.72,7.59,0
DSTM-00950,B,CAT_797F_MANUAL,0,22.57,5.36,10.01,0.926,0.155,7.1,2.27,1,1.16,-0.46,1
DSTM-00951,C,KOMATSU_930E_AHS,1,32.69,11.38,25.07,0.922,0.041,4.0,0.15,0,3.59,3.21,1
DSTM-00952,A,KOMATSU_930E_AHS,1,44.9,11.93,45.14,0.655,0.025,8.9,0.15,0,3.61,3.09,1
DSTM-00953,A,CAT_797F_MANUAL,0,43.55,5.68,27.25,0.773,0.294,11.2,8.42,2,2.42,0.41,1
DSTM-00954,A,CAT_797F_MANUAL,0,37.16,10.36,97.51,0.59,0.104,7.9,3.87,2,8.81,6.8,0
DSTM-00955,E,CAMIONETA_4x4,0,28.88,9.39,110.89,0.861,0.215,9.6,7.23,1,14.97,13.04,0
DSTM-00956,E,KOMATSU_930E_AHS,1,24.41,2.35,25.34,0.89,0.027,13.3,0.15,0,3.36,2.93,1
DSTM-00957,D,CAMIONETA_4x4,0,35.4,11.7,86.59,0.533,0.213,6.4,4.75,1,9.18,7.01,0
DSTM-00958,C,CAT_797F_MANUAL,0,32.34,11.06,25.13,0.744,0.178,11.4,0.74,3,2.7,0.68,1
DSTM-00959,C,CAT_797F_MANUAL,0,38.34,6.19,21.55,0.713,0.122,8.8,4.33,0,2.08,0.5,1
DSTM-00960,C,CAT_797F_MANUAL,0,40.77,8.18,28.67,0.964,0.433,7.8,1.82,0,2.35,-0.01,1
DSTM-00961,C,CAMIONETA_4x4,0,43.59,5.86,47.06,0.766,0.354,8.4,3.45,1,3.91,1.7,1
DSTM-00962,B,CAT_797F_MANUAL,0,12.59,3.9,25.91,0.914,0.191,11.1,2.04,1,6.74,4.95,0
DSTM-00963,A,CAT_797F_MANUAL,0,48.02,9.23,155.18,0.781,0.181,8.5,0.54,0,12.66,10.81,0
DSTM-00964,A,CAT_797F_MANUAL,0,44.34,10.16,11.17,0.582,0.131,1.3,2.63,2,0.76,-1.03,1
DSTM-00965,E,KOMATSU_930E_AHS,1,27.68,13.33,36.06,0.733,0.082,7.0,0.15,0,4.47,4.0,1
DSTM-00966,C,KOMATSU_930E_AHS,1,26.39,8.85,8.82,0.841,0.02,13.4,0.15,0,0.85,0.41,1
DSTM-00967,E,KOMATSU_930E_AHS,1,28.56,12.7,15.15,0.939,0.065,21.2,0.15,0,2.39,2.0,1
DSTM-00968,A,CAMIONETA_4x4,0,44.74,12.31,23.95,0.815,0.087,3.9,8.42,2,2.0,0.06,1
DSTM-00969,C,KOMATSU_930E_AHS,1,32.47,9.69,83.24,0.905,0.072,21.7,0.15,0,9.72,9.31,0
DSTM-00970,A,CAT_797F_MANUAL,0,41.05,7.75,36.52,0.519,0.048,6.7,9.86,0,2.87,1.25,1
DSTM-00971,B,PALA_PH_4100XPC,0,3.69,4.21,83.2,0.93,0.34,3.6,4.23,1,76.65,74.56,0
DSTM-00972,A,CAMIONETA_4x4,0,44.92,13.18,191.54,0.533,0.193,9.2,1.7,2,15.96,13.68,0
DSTM-00973,A,CAT_797F_MANUAL,0,43.08,11.06,90.27,0.558,0.293,2.9,6.1,3,7.78,5.37,0
DSTM-00974,E,CAMIONETA_4x4,0,41.25,13.77,9.52,0.935,0.095,7.0,6.97,0,1.47,-0.46,1
DSTM-00975,B,CAMIONETA_4x4,0,32.57,3.61,178.17,0.966,0.063,3.6,2.24,2,19.12,17.71,0
DSTM-00976,C,CAT_797F_MANUAL,0,30.06,9.1,191.83,0.823,0.315,10.8,14.9,0,20.8,18.56,0
DSTM-00977,C,CAT_797F_MANUAL,0,18.53,5.46,8.49,0.909,0.266,7.8,3.89,2,1.34,-0.49,1
DSTM-00978,B,CAT_797F_MANUAL,0,14.73,2.22,10.34,0.881,0.243,9.3,7.48,0,2.2,0.37,1
DSTM-00979,C,CAT_797F_MANUAL,0,26.37,13.01,24.47,0.954,0.262,9.7,0.59,4,3.13,0.85,1
DSTM-00980,A,CAT_797F_MANUAL,0,49.05,9.14,72.67,0.603,0.085,6.6,2.53,0,5.23,3.45,1
DSTM-00981,E,KOMATSU_930E_AHS,1,26.27,6.12,68.43,0.866,0.02,4.3,0.15,0,10.16,9.75,0
DSTM-00982,D,CAT_797F_MANUAL,0,32.26,13.91,68.65,0.251,0.17,7.7,1.98,3,8.06,5.58,0
DSTM-00983,D,CAT_797F_MANUAL,0,39.95,8.59,17.64,0.414,0.047,6.6,5.52,1,1.63,-0.11,1
DSTM-00984,C,CAT_797F_MANUAL,0,34.2,9.34,52.91,0.769,0.2,9.7,0.16,2,5.32,3.33,1
DSTM-00985,A,CAMIONETA_4x4,0,45.34,7.98,154.37,0.612,0.107,9.8,3.03,1,11.85,10.11,0
DSTM-00986,E,KOMATSU_930E_AHS,1,28.95,4.63,9.06,0.906,0.02,22.1,0.15,0,1.17,0.78,1
DSTM-00987,B,CAT_797F_MANUAL,0,15.69,5.25,4.58,0.767,0.121,5.3,2.6,3,1.62,-0.07,1
DSTM-00988,A,CAMIONETA_4x4,0,54.43,12.13,14.89,0.822,0.132,2.9,3.55,2,1.0,-0.98,1
DSTM-00989,B,PALA_PH_4100XPC,0,0.0,5.24,15.35,0.914,0.23,4.7,6.77,1,29.56,27.71,0
DSTM-00990,D,CAT_797F_MANUAL,0,38.59,6.66,149.15,0.493,0.02,8.5,0.75,2,13.22,11.55,0
DSTM-00991,C,CAMIONETA_4x4,0,35.69,7.53,81.09,0.906,0.326,7.6,7.94,2,7.75,5.64,0
DSTM-00992,D,KOMATSU_930E_AHS,1,33.56,7.19,81.04,0.552,0.048,5.2,0.15,0,8.65,8.08,0
DSTM-00993,D,CAT_797F_MANUAL,0,23.82,8.02,126.56,0.341,0.262,11.3,2.98,2,18.03,15.78,0
DSTM-00994,A,CAT_797F_MANUAL,0,52.4,12.9,8.44,0.815,0.213,11.1,10.59,1,0.79,-1.43,1
DSTM-00995,E,CAMIONETA_4x4,0,37.51,10.45,42.71,0.918,0.106,10.3,4.23,3,3.42,1.76,1
DSTM-00996,B,CAT_797F_MANUAL,0,8.07,3.29,4.53,0.839,0.142,1.3,3.19,2,2.27,0.75,1
DSTM-00997,C,CAT_797F_MANUAL,0,30.76,7.51,14.34,0.919,0.337,11.1,4.01,1,2.06,-0.13,1
DSTM-00998,A,CAT_797F_MANUAL,0,47.08,9.53,20.24,0.906,0.02,9.8,6.79,0,1.54,-0.02,1
DSTM-00999,E,KOMATSU_930E_AHS,1,26.86,6.25,55.34,0.973,0.058,9.1,0.15,0,6.6,6.25,0
DSTM-01000,B,CAT_797F_MANUAL,0,15.92,5.01,197.04,0.851,0.055,9.2,0.77,1,50.61,49.23,0
DSTM-01001,A,KOMATSU_930E_AHS,1,39.86,13.75,42.06,0.671,0.02,9.2,0.15,0,3.67,3.16,1
DSTM-01002,C,KOMATSU_930E_AHS,1,35.31,7.71,52.12,0.894,0.092,21.6,0.15,0,5.48,5.08,0
DSTM-01003,A,CAT_797F_MANUAL,0,37.85,10.52,134.19,0.81,0.064,9.7,2.3,2,13.1,11.39,0
DSTM-01004,A,CAT_797F_MANUAL,0,41.14,10.17,132.74,0.661,0.245,5.9,2.96,2,11.59,9.4,0
DSTM-01005,C,KOMATSU_930E_AHS,1,31.86,3.69,106.22,0.953,0.067,19.7,0.15,0,12.5,12.14,0
DSTM-01006,B,CAT_797F_MANUAL,0,15.19,2.48,36.45,0.82,0.289,10.5,5.54,0,8.75,6.83,0
DSTM-01007,E,KOMATSU_930E_AHS,1,28.53,7.01,15.25,0.907,0.025,10.7,0.15,0,1.6,1.18,1
DSTM-01008,B,CAT_797F_MANUAL,0,13.03,3.14,70.16,0.785,0.089,2.5,2.23,0,19.71,18.27,0
DSTM-01009,D,CAT_797F_MANUAL,0,27.83,10.47,44.34,0.504,0.121,1.1,3.28,4,5.58,3.59,1
DSTM-01010,C,CAMIONETA_4x4,0,45.81,8.74,41.75,0.842,0.02,11.7,4.78,3,3.2,1.65,1
DSTM-01011,D,CAT_797F_MANUAL,0,25.78,12.05,14.9,0.369,0.03,6.5,2.83,1,2.49,0.57,1
DSTM-01012,C,KOMATSU_930E_AHS,1,33.21,9.88,19.26,0.917,0.02,23.2,0.15,0,1.75,1.39,1
DSTM-01013,C,KOMATSU_930E_AHS,1,20.54,10.8,153.16,0.826,0.067,16.3,0.15,0,23.67,23.22,0
DSTM-01014,E,CAMIONETA_4x4,0,43.29,12.55,57.54,0.973,0.053,10.6,4.39,0,4.78,3.0,1
DSTM-01015,B,PALA_PH_4100XPC,0,1.81,2.6,99.29,0.994,0.121,2.1,0.89,3,141.77,140.29,0
DSTM-01016,A,CAT_797F_MANUAL,0,45.26,6.72,123.44,0.517,0.2,1.9,2.81,2,9.99,8.07,0
DSTM-01017,D,KOMATSU_930E_AHS,1,36.75,12.56,200.0,0.433,0.058,21.9,0.15,0,19.57,18.97,0
DSTM-01018,D,CAT_797F_MANUAL,0,42.54,11.76,46.16,0.491,0.244,10.6,2.42,3,4.2,1.87,1
DSTM-01019,A,KOMATSU_930E_AHS,1,43.08,10.86,23.72,0.596,0.028,13.6,0.15,0,2.04,1.49,1
DSTM-01020,B,PALA_PH_4100XPC,0,1.3,4.9,9.85,0.924,0.187,10.1,2.76,2,24.5,22.84,0
DSTM-01021,E,CAMIONETA_4x4,0,43.36,10.17,14.33,0.91,0.097,1.2,0.46,0,1.33,-0.35,1
DSTM-01022,D,CAT_797F_MANUAL,0,39.94,10.0,151.91,0.253,0.027,2.9,2.53,1,16.56,14.62,0
DSTM-01023,E,CAMIONETA_4x4,0,25.55,8.58,43.38,0.877,0.123,10.4,1.72,0,6.02,4.55,0
DSTM-01024,C,CAT_797F_MANUAL,0,34.7,10.17,34.05,0.918,0.273,8.1,0.9,2,3.66,1.53,1
DSTM-01025,D,KOMATSU_930E_AHS,1,31.09,8.92,24.78,0.443,0.063,3.1,0.15,0,3.1,2.47,1
DSTM-01026,B,CAT_797F_MANUAL,0,22.22,5.2,41.18,0.98,0.149,3.9,3.32,2,7.85,6.31,0
DSTM-01027,E,KOMATSU_930E_AHS,1,38.15,7.88,81.86,0.864,0.043,6.6,0.15,0,7.87,7.43,0
DSTM-01028,B,CAMIONETA_4x4,0,41.05,2.22,3.61,0.782,0.204,11.4,1.99,3,0.37,-1.43,1
DSTM-01029,D,KOMATSU_930E_AHS,1,28.5,7.16,61.6,0.514,0.061,20.9,0.15,0,7.11,6.52,0
DSTM-01030,B,PALA_PH_4100XPC,0,3.59,3.55,31.3,0.863,0.043,5.2,1.79,2,61.44,60.06,0
DSTM-01031,C,CAT_797F_MANUAL,0,41.48,5.68,70.12,0.962,0.176,9.2,4.01,3,5.92,4.22,0
DSTM-01032,D,CAT_797F_MANUAL,0,31.42,8.85,18.89,0.302,0.26,10.8,13.05,1,1.83,-0.56,1
DSTM-01033,C,CAT_797F_MANUAL,0,27.69,6.94,57.42,0.776,0.426,7.6,1.41,1,6.86,4.45,0
DSTM-01034,E,KOMATSU_930E_AHS,1,25.68,7.63,10.54,0.854,0.084,21.4,0.15,0,1.71,1.26,1
DSTM-01035,B,PALA_PH_4100XPC,0,2.8,4.57,21.09,0.812,0.075,5.9,4.56,1,20.97,19.55,0
DSTM-01036,C,KOMATSU_930E_AHS,1,27.92,5.31,126.19,0.899,0.052,15.5,0.15,0,18.34,17.96,0
DSTM-01037,B,PALA_PH_4100XPC,0,3.08,3.42,48.65,0.79,0.289,2.9,3.12,2,63.26,61.17,0
DSTM-01038,B,CAT_797F_MANUAL,0,19.83,2.4,32.64,0.966,0.085,8.8,4.46,1,6.3,4.85,0
DSTM-01039,B,CAT_797F_MANUAL,0,14.83,4.28,59.44,0.834,0.1,5.0,8.34,1,10.54,8.95,0
DSTM-01040,A,CAT_797F_MANUAL,0,45.32,6.08,56.21,0.857,0.084,9.7,3.64,1,4.79,3.29,1
DSTM-01041,A,CAMIONETA_4x4,0,53.73,14.7,138.75,0.658,0.02,2.4,1.41,3,9.0,7.09,0
DSTM-01042,D,CAT_797F_MANUAL,0,22.45,9.19,26.5,0.405,0.026,11.2,1.11,3,5.13,3.42,1
DSTM-01043,D,CAT_797F_MANUAL,0,25.07,9.76,70.55,0.277,0.273,11.2,3.37,2,8.68,6.22,0
DSTM-01044,D,CAT_797F_MANUAL,0,40.36,5.4,18.12,0.427,0.059,2.2,4.38,2,1.67,-0.01,1
DSTM-01045,A,CAT_797F_MANUAL,0,44.07,10.73,44.18,0.544,0.091,7.2,2.42,2,3.98,2.24,1
DSTM-01046,B,CAT_797F_MANUAL,0,11.27,5.1,80.59,0.824,0.134,10.7,4.14,0,23.34,21.71,0
DSTM-01047,A,CAT_797F_MANUAL,0,36.23,8.18,78.83,0.812,0.102,3.4,5.03,1,8.18,6.63,0
DSTM-01048,D,CAT_797F_MANUAL,0,27.18,7.56,23.95,0.446,0.073,8.6,15.0,2,2.91,1.19,1
DSTM-01049,E,CAMIONETA_4x4,0,40.92,9.15,12.55,0.814,0.289,1.3,2.1,1,1.35,-0.76,1
DSTM-01050,A,CAMIONETA_4x4,0,52.15,9.82,55.55,0.741,0.03,7.4,0.66,1,3.55,1.93,1
DSTM-01051,D,CAMIONETA_4x4,0,29.63,6.53,23.98,0.498,0.174,4.6,3.05,5,3.15,1.24,1
DSTM-01052,A,KOMATSU_930E_AHS,1,38.24,10.45,53.56,0.603,0.033,11.5,0.15,0,5.37,4.84,0
DSTM-01053,B,PALA_PH_4100XPC,0,4.13,3.96,11.62,0.939,0.079,6.4,2.79,3,23.13,21.66,0
DSTM-01054,A,CAT_797F_MANUAL,0,33.86,8.2,36.35,0.796,0.435,2.6,4.69,0,3.38,1.02,1
DSTM-01055,B,CAMIONETA_4x4,0,37.31,4.03,9.12,0.903,0.075,8.5,0.37,2,0.66,-0.75,1
DSTM-01056,D,CAT_797F_MANUAL,0,40.52,10.3,49.43,0.578,0.025,11.2,2.37,1,4.06,2.34,1
DSTM-01057,E,CAMIONETA_4x4,0,38.62,10.71,49.61,0.757,0.205,10.5,7.45,1,4.96,3.0,1
DSTM-01058,A,CAT_797F_MANUAL,0,46.15,10.89,53.9,0.778,0.275,7.7,3.41,3,4.57,2.39,1
DSTM-01059,C,CAT_797F_MANUAL,0,24.42,10.64,94.82,0.93,0.449,10.8,11.23,3,13.38,10.75,0
DSTM-01060,D,KOMATSU_930E_AHS,1,24.08,8.96,61.77,0.319,0.043,16.5,0.15,0,9.13,8.46,0
DSTM-01061,E,KOMATSU_930E_AHS,1,25.79,8.95,13.33,0.964,0.05,8.4,0.15,0,1.54,1.18,1
DSTM-01062,C,CAT_797F_MANUAL,0,28.45,5.47,57.3,0.716,0.314,8.9,2.81,0,7.06,4.91,0
DSTM-01063,B,CAT_797F_MANUAL,0,16.95,2.0,19.43,0.866,0.196,6.2,1.72,5,4.17,2.37,1
DSTM-01064,C,CAMIONETA_4x4,0,44.25,7.52,5.77,0.964,0.26,7.6,1.04,1,0.51,-1.42,1
DSTM-01065,B,CAT_797F_MANUAL,0,13.44,0.87,18.3,0.961,0.036,9.4,1.27,1,5.46,4.13,0
DSTM-01066,E,KOMATSU_930E_AHS,1,30.07,9.62,90.34,0.844,0.126,8.3,0.15,0,10.46,10.03,0
DSTM-01067,B,PALA_PH_4100XPC,0,1.78,3.3,29.36,0.951,0.046,9.6,7.32,1,49.12,47.73,0
DSTM-01068,D,CAT_797F_MANUAL,0,26.74,8.37,44.24,0.407,0.08,10.9,2.38,2,5.22,3.4,1
DSTM-01069,A,CAT_797F_MANUAL,0,38.66,8.28,60.75,0.793,0.094,3.4,1.32,1,5.23,3.67,1
DSTM-01070,B,CAT_797F_MANUAL,0,8.83,2.37,15.13,0.874,0.187,5.4,1.68,1,4.65,2.93,1
DSTM-01071,E,KOMATSU_930E_AHS,1,25.95,7.34,15.08,0.972,0.042,19.3,0.15,0,1.34,0.97,1
DSTM-01072,C,CAT_797F_MANUAL,0,38.73,8.39,53.76,0.892,0.29,8.2,6.38,2,5.17,3.19,1
DSTM-01073,B,PALA_PH_4100XPC,0,3.48,1.05,17.24,0.903,0.082,10.7,3.02,1,27.85,26.33,0
DSTM-01074,E,KOMATSU_930E_AHS,1,28.17,8.75,82.4,0.99,0.058,10.8,0.15,0,10.17,9.81,0
DSTM-01075,E,CAMIONETA_4x4,0,35.2,11.33,21.07,0.81,0.04,2.0,2.38,1,2.02,0.34,1
DSTM-01076,B,CAT_797F_MANUAL,0,12.81,3.55,34.41,0.802,0.178,8.2,11.48,1,8.43,6.7,0
DSTM-01077,C,CAT_797F_MANUAL,0,30.54,6.9,17.52,0.826,0.446,8.3,5.73,1,2.81,0.41,1
DSTM-01078,C,CAT_797F_MANUAL,0,26.69,11.12,12.98,0.979,0.348,8.3,1.46,1,2.45,0.3,1
DSTM-01079,C,CAT_797F_MANUAL,0,30.99,10.5,64.6,0.886,0.391,10.9,3.39,0,6.87,4.43,0
DSTM-01080,B,PALA_PH_4100XPC,0,5.6,0.19,4.35,0.932,0.048,6.5,9.95,1,9.87,8.45,0
DSTM-01081,A,KOMATSU_930E_AHS,1,32.63,10.45,53.6,0.788,0.063,12.9,0.15,0,5.4,4.95,0
DSTM-01082,E,KOMATSU_930E_AHS,1,19.92,6.12,27.98,0.757,0.076,12.9,0.15,0,4.69,4.22,0
DSTM-01083,E,CAMIONETA_4x4,0,42.74,6.26,16.91,0.844,0.137,2.1,2.16,3,0.91,-0.8,1
DSTM-01084,D,CAT_797F_MANUAL,0,23.59,4.55,78.26,0.523,0.082,2.3,2.46,0,11.24,9.6,0
DSTM-01085,E,KOMATSU_930E_AHS,1,33.96,8.73,40.64,0.871,0.021,2.3,0.15,0,4.62,4.21,0
DSTM-01086,D,CAT_797F_MANUAL,0,36.1,6.51,35.64,0.404,0.187,4.7,1.71,0,3.33,1.27,1
DSTM-01087,D,KOMATSU_930E_AHS,1,30.59,6.59,80.87,0.492,0.044,3.2,0.15,0,9.86,9.26,0
DSTM-01088,D,CAMIONETA_4x4,0,33.19,12.84,54.24,0.548,0.056,9.9,2.66,0,5.39,3.49,1
DSTM-01089,C,CAT_797F_MANUAL,0,29.89,7.17,13.81,0.835,0.037,9.1,6.02,2,1.62,0.11,1
DSTM-01090,C,CAMIONETA_4x4,0,44.11,11.15,16.78,1.0,0.134,10.1,1.37,2,1.98,0.13,1
DSTM-01091,A,CAMIONETA_4x4,0,50.02,3.34,93.16,0.561,0.225,8.2,6.38,4,6.69,4.68,0
DSTM-01092,C,KOMATSU_930E_AHS,1,23.27,6.02,9.9,0.955,0.066,8.6,0.15,0,0.9,0.51,1
DSTM-01093,B,CAT_797F_MANUAL,0,14.48,3.89,14.51,0.859,0.044,2.8,1.24,0,3.43,2.0,1
DSTM-01094,B,CAT_797F_MANUAL,0,13.65,1.88,13.51,0.954,0.251,1.0,5.74,0,3.55,1.71,1
DSTM-01095,C,CAT_797F_MANUAL,0,32.03,9.37,26.71,0.904,0.04,9.6,0.93,1,3.11,1.52,1
DSTM-01096,B,CAMIONETA_4x4,0,46.11,4.3,62.53,0.951,0.086,2.0,4.43,1,5.02,3.56,1
DSTM-01097,A,CAT_797F_MANUAL,0,52.32,11.1,13.04,0.595,0.325,9.8,3.27,1,1.14,-1.28,1
DSTM-01098,D,KOMATSU_930E_AHS,1,25.88,8.88,46.58,0.474,0.038,23.7,0.15,0,5.86,5.26,0
DSTM-01099,E,CAMIONETA_4x4,0,38.72,11.63,89.11,0.994,0.127,4.0,1.45,1,8.34,6.57,0
DSTM-01100,A,CAT_797F_MANUAL,0,48.06,9.6,49.86,0.762,0.041,4.6,1.78,3,3.73,2.04,1
DSTM-01101,A,KOMATSU_930E_AHS,1,38.33,10.52,31.95,0.76,0.022,12.1,0.15,0,3.1,2.6,1
DSTM-01102,B,CAMIONETA_4x4,0,30.24,0.95,11.71,0.736,0.159,7.1,0.79,0,1.73,0.04,1
DSTM-01103,D,KOMATSU_930E_AHS,1,29.18,3.99,72.59,0.323,0.066,10.8,0.15,0,8.91,8.22,0
DSTM-01104,D,KOMATSU_930E_AHS,1,32.76,6.38,79.74,0.232,0.097,11.9,0.15,0,8.99,8.27,0
DSTM-01105,A,CAT_797F_MANUAL,0,32.95,11.12,23.61,0.535,0.087,2.2,1.52,1,3.16,1.33,1
DSTM-01106,D,CAT_797F_MANUAL,0,45.78,8.01,41.85,0.224,0.098,4.1,1.03,1,3.33,1.51,1
DSTM-01107,A,CAT_797F_MANUAL,0,32.9,11.08,31.47,0.679,0.185,6.6,9.73,2,2.64,0.56,1
DSTM-01108,B,PALA_PH_4100XPC,0,2.09,3.82,3.82,0.954,0.168,4.8,4.63,1,8.18,6.53,1
DSTM-01109,E,CAMIONETA_4x4,0,50.3,7.99,128.62,0.981,0.02,4.0,6.36,2,8.69,7.32,0
DSTM-01110,A,KOMATSU_930E_AHS,1,39.03,10.54,89.06,0.881,0.077,5.9,0.15,0,8.68,8.24,0
DSTM-01111,A,KOMATSU_930E_AHS,1,35.66,9.68,19.36,0.757,0.043,13.8,0.15,0,1.97,1.48,1
DSTM-01112,B,CAT_797F_MANUAL,0,8.0,3.58,16.89,1.0,0.088,6.5,3.48,2,7.85,6.46,0
DSTM-01113,C,CAT_797F_MANUAL,0,19.84,13.33,26.15,0.887,0.351,7.5,5.62,4,4.39,1.72,1
DSTM-01114,E,KOMATSU_930E_AHS,1,25.87,8.99,62.01,1.0,0.02,8.2,0.15,0,9.53,9.17,0
DSTM-01115,E,KOMATSU_930E_AHS,1,30.27,12.22,52.73,0.837,0.094,14.1,0.15,0,6.07,5.63,0
DSTM-01116,A,CAT_797F_MANUAL,0,30.47,6.59,33.28,0.798,0.197,1.4,1.29,1,3.82,2.2,1
DSTM-01117,A,KOMATSU_930E_AHS,1,36.18,8.62,69.84,0.72,0.059,3.3,0.15,0,7.99,7.51,0
DSTM-01118,D,CAT_797F_MANUAL,0,28.48,2.75,12.47,0.384,0.158,1.0,1.7,1,1.52,-0.3,1
DSTM-01119,B,CAT_797F_MANUAL,0,10.99,4.43,14.45,0.788,0.043,1.3,6.89,1,3.99,2.53,1
DSTM-01120,E,KOMATSU_930E_AHS,1,24.95,9.01,32.12,0.875,0.02,14.1,0.15,0,4.58,4.17,0
DSTM-01121,D,CAT_797F_MANUAL,0,44.66,7.79,39.87,0.248,0.252,2.4,3.77,1,3.2,1.03,1
DSTM-01122,A,CAT_797F_MANUAL,0,39.85,10.07,53.02,0.68,0.109,10.7,10.05,1,4.85,3.02,1
DSTM-01123,D,CAT_797F_MANUAL,0,38.79,11.89,120.66,0.512,0.094,2.7,8.55,1,10.73,8.7,0
DSTM-01124,A,CAT_797F_MANUAL,0,47.34,13.07,13.05,0.794,0.115,7.8,1.42,1,0.72,-1.09,1
DSTM-01125,B,PALA_PH_4100XPC,0,4.51,1.79,71.66,0.917,0.238,5.6,5.62,2,71.7,69.84,0
DSTM-01126,C,CAT_797F_MANUAL,0,40.28,9.22,54.14,0.816,0.246,11.8,9.86,0,4.68,2.53,1
DSTM-01127,C,CAMIONETA_4x4,0,47.43,9.31,55.56,0.94,0.291,9.3,4.4,1,4.33,2.15,1
DSTM-01128,D,CAMIONETA_4x4,0,40.89,4.99,13.2,0.549,0.091,4.2,3.25,1,1.01,-0.65,1
DSTM-01129,D,KOMATSU_930E_AHS,1,28.19,9.99,18.09,0.383,0.072,15.9,0.15,0,2.3,1.63,1
DSTM-01130,E,CAMIONETA_4x4,0,34.66,10.43,73.79,0.958,0.033,9.4,3.13,1,7.52,6.05,0
DSTM-01131,E,KOMATSU_930E_AHS,1,19.72,6.66,41.12,0.944,0.047,22.0,0.15,0,7.68,7.3,0
DSTM-01132,C,CAMIONETA_4x4,0,48.77,8.37,18.41,0.904,0.148,10.2,4.07,3,1.6,-0.11,1
DSTM-01133,A,CAT_797F_MANUAL,0,41.65,10.12,50.99,0.699,0.104,11.0,0.87,0,5.04,3.27,1
DSTM-01134,D,KOMATSU_930E_AHS,1,22.41,6.88,89.14,0.337,0.089,22.3,0.15,0,13.71,13.04,0
DSTM-01135,E,CAMIONETA_4x4,0,43.65,11.95,74.23,0.881,0.361,11.1,1.72,3,6.33,3.86,1
DSTM-01136,B,CAT_797F_MANUAL,0,19.21,5.45,31.92,0.827,0.304,10.0,1.56,2,6.06,3.96,1
DSTM-01137,C,CAMIONETA_4x4,0,43.37,6.31,51.12,0.84,0.256,8.5,3.46,0,4.07,2.24,1
DSTM-01138,B,PALA_PH_4100XPC,0,6.44,1.91,11.1,0.929,0.383,4.5,6.31,1,9.46,7.24,0
DSTM-01139,A,CAT_797F_MANUAL,0,43.68,8.8,98.79,0.649,0.155,9.1,1.82,2,8.22,6.32,0
DSTM-01140,D,KOMATSU_930E_AHS,1,22.49,12.49,21.57,0.564,0.044,18.9,0.15,0,3.37,2.79,1
DSTM-01141,B,CAT_797F_MANUAL,0,13.44,1.98,8.66,0.934,0.177,7.3,2.62,0,2.23,0.45,1
DSTM-01142,D,KOMATSU_930E_AHS,1,27.76,6.48,18.64,0.326,0.039,6.0,0.15,0,2.89,2.18,1
DSTM-01143,D,CAT_797F_MANUAL,0,30.27,6.41,2.0,0.265,0.132,7.2,1.65,5,1.06,-0.85,1
DSTM-01144,D,KOMATSU_930E_AHS,1,25.7,9.65,36.95,0.287,0.039,10.0,0.15,0,4.24,3.53,1
DSTM-01145,B,CAT_797F_MANUAL,0,12.3,3.55,88.52,0.766,0.085,11.5,2.32,2,23.26,21.8,0
DSTM-01146,B,CAT_797F_MANUAL,0,16.05,0.0,30.24,0.985,0.19,11.0,2.69,0,6.28,4.54,0
DSTM-01147,D,CAT_797F_MANUAL,0,31.97,12.21,8.06,0.326,0.128,8.5,3.45,1,0.92,-1.22,1
DSTM-01148,D,CAT_797F_MANUAL,0,28.78,4.54,49.88,0.468,0.406,9.6,9.73,2,6.27,3.76,1
DSTM-01149,C,CAT_797F_MANUAL,0,6.75,7.08,113.6,0.8,0.187,10.1,3.35,1,42.54,40.84,0
DSTM-01150,E,KOMATSU_930E_AHS,1,24.78,9.82,52.25,0.839,0.088,11.2,0.15,0,7.75,7.33,0
DSTM-01151,A,CAT_797F_MANUAL,0,44.77,11.4,33.97,0.756,0.284,3.3,0.77,3,2.71,0.49,1
DSTM-01152,E,KOMATSU_930E_AHS,1,26.66,5.78,10.33,0.836,0.051,2.1,0.15,0,1.77,1.34,1
DSTM-01153,A,CAT_797F_MANUAL,0,37.23,9.68,26.98,0.685,0.083,3.9,1.2,0,2.58,0.87,1
DSTM-01154,A,CAT_797F_MANUAL,0,35.85,5.97,14.16,0.693,0.213,1.1,0.29,0,1.24,-0.66,1
DSTM-01155,C,CAT_797F_MANUAL,0,24.73,9.65,179.45,0.857,0.485,8.6,15.0,1,28.37,25.66,0
DSTM-01156,A,KOMATSU_930E_AHS,1,43.02,7.75,13.35,0.855,0.072,15.3,0.15,0,0.88,0.44,1
DSTM-01157,A,CAT_797F_MANUAL,0,39.01,7.12,73.14,0.571,0.02,3.4,2.81,1,6.25,4.63,0
DSTM-01158,A,KOMATSU_930E_AHS,1,34.98,10.98,26.8,0.815,0.04,10.2,0.15,0,2.42,1.98,1
DSTM-01159,B,PALA_PH_4100XPC,0,2.49,3.56,40.36,0.902,0.156,5.5,2.4,1,83.93,82.38,0
DSTM-01160,D,CAT_797F_MANUAL,0,27.65,10.76,153.75,0.476,0.122,2.0,1.79,2,19.93,17.8,0
DSTM-01161,A,CAT_797F_MANUAL,0,54.93,10.32,77.83,0.838,0.254,1.8,0.7,1,5.47,3.34,1
DSTM-01162,D,CAT_797F_MANUAL,0,40.33,8.22,25.15,0.435,0.062,8.1,12.6,2,2.78,1.15,1
DSTM-01163,D,CAT_797F_MANUAL,0,28.85,5.29,28.98,0.349,0.116,1.6,5.99,2,4.56,2.7,1
DSTM-01164,A,CAT_797F_MANUAL,0,51.63,10.72,198.7,0.755,0.053,6.0,3.07,3,13.5,11.78,0
DSTM-01165,A,CAMIONETA_4x4,0,59.91,11.02,101.72,0.747,0.02,9.9,5.09,3,6.1,4.46,0
DSTM-01166,E,KOMATSU_930E_AHS,1,29.16,9.03,107.81,0.941,0.038,12.0,0.15,0,14.05,13.68,0
DSTM-01167,D,CAMIONETA_4x4,0,29.33,7.83,21.24,0.375,0.027,8.7,2.21,0,2.39,0.71,1
DSTM-01168,C,CAT_797F_MANUAL,0,27.06,7.42,11.65,0.892,0.288,8.8,4.1,4,1.45,-0.67,1
DSTM-01169,D,KOMATSU_930E_AHS,1,30.09,10.28,79.03,0.316,0.074,9.8,0.15,0,9.59,8.9,0
DSTM-01170,A,CAMIONETA_4x4,0,40.13,9.47,48.83,0.791,0.338,9.6,11.26,0,4.33,1.96,1
DSTM-01171,B,CAMIONETA_4x4,0,39.03,5.1,9.98,0.904,0.301,7.5,6.66,3,0.65,-1.29,1
DSTM-01172,D,CAT_797F_MANUAL,0,39.2,11.98,58.01,0.235,0.025,2.2,1.93,2,4.93,2.96,1
DSTM-01173,B,CAT_797F_MANUAL,0,14.63,1.24,8.78,0.87,0.053,3.2,4.62,1,2.28,0.91,1
DSTM-01174,D,CAMIONETA_4x4,0,45.85,11.11,40.15,0.447,0.173,9.8,3.84,1,2.95,0.79,1
DSTM-01175,C,KOMATSU_930E_AHS,1,24.67,10.18,37.09,0.821,0.075,12.7,0.15,0,5.48,5.03,0
DSTM-01176,D,KOMATSU_930E_AHS,1,24.76,8.31,21.54,0.502,0.02,15.8,0.15,0,3.37,2.77,1
DSTM-01177,C,CAT_797F_MANUAL,0,35.7,10.03,2.0,0.858,0.418,11.3,3.03,2,0.74,-1.76,1
DSTM-01178,B,CAT_797F_MANUAL,0,23.21,3.63,59.9,0.957,0.288,4.8,3.26,1,9.13,7.21,0
DSTM-01179,A,CAT_797F_MANUAL,0,49.83,11.29,200.0,0.731,0.121,4.6,2.23,1,14.81,12.91,0
DSTM-01180,A,CAT_797F_MANUAL,0,40.44,10.12,53.37,0.673,0.091,10.2,0.87,0,4.47,2.69,1
DSTM-01181,D,CAT_797F_MANUAL,0,33.84,4.74,11.4,0.224,0.153,1.8,7.8,5,0.83,-1.09,1
DSTM-01182,A,CAT_797F_MANUAL,0,41.99,12.31,44.8,0.709,0.044,11.4,10.59,0,4.3,2.47,1
DSTM-01183,A,CAMIONETA_4x4,0,37.05,8.68,15.91,0.531,0.311,11.3,5.84,0,1.26,-1.06,1
DSTM-01184,A,CAT_797F_MANUAL,0,50.05,9.94,154.77,0.716,0.093,4.0,0.43,0,11.28,9.51,0
DSTM-01185,A,CAMIONETA_4x4,0,50.81,11.94,55.89,0.711,0.188,10.5,0.69,2,3.9,1.79,1
DSTM-01186,D,CAT_797F_MANUAL,0,27.38,5.9,11.23,0.547,0.145,11.0,7.65,0,2.4,0.51,1
DSTM-01187,B,CAT_797F_MANUAL,0,22.48,3.6,45.82,0.742,0.028,7.1,10.38,0,8.93,7.53,0
DSTM-01188,E,KOMATSU_930E_AHS,1,23.24,6.83,137.37,0.903,0.063,11.8,0.15,0,20.64,20.24,0
DSTM-01189,A,CAT_797F_MANUAL,0,47.45,5.51,21.39,0.829,0.251,9.0,6.51,1,1.2,-0.74,1
DSTM-01190,D,CAT_797F_MANUAL,0,33.64,8.52,69.43,0.179,0.256,11.1,4.12,4,8.16,5.87,0
DSTM-01191,B,PALA_PH_4100XPC,0,1.13,3.37,6.6,0.966,0.038,4.6,3.72,1,25.99,24.65,0
DSTM-01192,B,PALA_PH_4100XPC,0,5.36,4.75,20.52,0.939,0.233,7.5,2.28,1,32.7,30.92,0
DSTM-01193,E,CAMIONETA_4x4,0,44.19,11.36,10.78,0.986,0.142,9.7,1.7,5,0.9,-0.92,1
DSTM-01194,E,CAMIONETA_4x4,0,34.48,7.12,6.34,0.947,0.122,5.8,12.47,2,0.94,-0.68,1
DSTM-01195,E,KOMATSU_930E_AHS,1,27.47,12.68,16.35,0.822,0.071,13.1,0.15,0,2.64,2.19,1
DSTM-01196,A,CAT_797F_MANUAL,0,36.35,10.29,196.03,0.655,0.076,5.7,10.48,1,18.88,16.99,0
DSTM-01197,A,CAT_797F_MANUAL,0,46.66,10.02,200.0,0.792,0.03,1.0,1.21,0,15.69,14.03,0
DSTM-01198,D,CAT_797F_MANUAL,0,26.43,6.6,89.49,0.206,0.075,4.5,9.88,1,10.98,9.21,0
DSTM-01199,B,PALA_PH_4100XPC,0,4.3,3.91,8.38,0.737,0.068,8.4,0.87,0,20.17,18.57,0
DSTM-01200,D,CAT_797F_MANUAL,0,27.66,3.25,4.81,0.315,0.025,10.3,9.99,0,0.85,-0.8,1
DSTM-01201,C,CAT_797F_MANUAL,0,20.67,7.94,53.22,0.956,0.201,11.1,2.67,1,7.79,5.97,0
DSTM-01202,C,CAT_797F_MANUAL,0,30.43,8.52,22.44,0.94,0.278,8.6,7.12,2,2.4,0.36,1
DSTM-01203,D,CAT_797F_MANUAL,0,45.14,13.49,14.34,0.282,0.082,4.0,1.32,2,1.54,-0.66,1
DSTM-01204,D,CAT_797F_MANUAL,0,21.54,7.28,6.18,0.546,0.151,5.8,1.76,3,1.26,-0.56,1
DSTM-01205,A,CAT_797F_MANUAL,0,48.37,9.92,80.07,0.672,0.046,6.5,1.93,0,6.1,4.43,0
DSTM-01206,A,CAT_797F_MANUAL,0,46.68,11.5,112.97,0.637,0.136,10.6,1.26,2,8.26,6.39,0
DSTM-01207,C,CAT_797F_MANUAL,0,26.64,8.9,41.32,0.934,0.359,10.2,3.22,1,5.58,3.46,1
DSTM-01208,C,CAT_797F_MANUAL,0,26.69,14.67,50.58,0.758,0.362,9.2,3.51,2,6.01,3.35,1
DSTM-01209,B,PALA_PH_4100XPC,0,7.34,4.37,33.17,0.818,0.138,4.8,3.89,0,37.01,35.34,0
DSTM-01210,B,CAT_797F_MANUAL,0,13.28,4.42,42.24,0.962,0.049,8.5,2.2,2,10.96,9.55,0
DSTM-01211,D,CAMIONETA_4x4,0,41.45,15.31,200.0,0.294,0.109,7.9,5.53,0,17.75,15.42,0
DSTM-01212,D,CAT_797F_MANUAL,0,35.16,6.58,65.71,0.252,0.05,4.8,5.51,3,6.78,5.08,0
DSTM-01213,C,CAT_797F_MANUAL,0,23.77,6.08,14.78,0.939,0.275,11.3,1.08,0,2.35,0.53,1
DSTM-01214,B,PALA_PH_4100XPC,0,1.89,8.89,17.36,0.737,0.032,2.7,7.79,2,32.2,30.64,0
DSTM-01215,B,CAT_797F_MANUAL,0,14.26,5.46,81.34,0.795,0.089,6.3,6.9,0,18.49,17.0,0
DSTM-01216,C,CAT_797F_MANUAL,0,40.85,9.14,95.41,0.768,0.544,12.0,0.84,2,7.97,5.17,0
DSTM-01217,B,PALA_PH_4100XPC,0,0.0,6.04,8.66,0.857,0.063,9.7,3.26,3,20.65,19.27,0
DSTM-01218,C,CAT_797F_MANUAL,0,20.83,9.21,55.16,0.775,0.146,8.1,1.84,0,9.91,8.04,0
DSTM-01219,D,KOMATSU_930E_AHS,1,25.77,9.6,126.0,0.231,0.03,1.3,0.15,0,16.42,15.68,0
DSTM-01220,A,CAT_797F_MANUAL,0,56.77,8.35,161.29,0.82,0.396,10.8,3.75,2,9.93,7.52,0
DSTM-01221,A,CAT_797F_MANUAL,0,39.88,12.25,39.93,0.879,0.249,6.2,4.63,2,3.54,1.42,1
DSTM-01222,A,CAT_797F_MANUAL,0,37.24,11.17,11.81,0.537,0.038,6.6,4.26,1,1.39,-0.37,1
DSTM-01223,E,KOMATSU_930E_AHS,1,24.37,7.18,69.25,0.992,0.077,15.1,0.15,0,8.81,8.46,0
DSTM-01224,C,CAT_797F_MANUAL,0,34.58,4.07,94.26,0.95,0.199,11.7,2.97,2,9.92,8.21,0
DSTM-01225,A,CAT_797F_MANUAL,0,46.63,8.42,60.78,0.654,0.241,11.1,1.23,1,4.87,2.87,1
DSTM-01226,E,CAMIONETA_4x4,0,39.82,8.99,33.18,0.97,0.151,8.9,2.82,0,2.79,1.04,1
DSTM-01227,C,CAT_797F_MANUAL,0,37.62,8.95,78.95,0.837,0.117,10.5,7.23,2,7.55,5.82,0
DSTM-01228,C,CAMIONETA_4x4,0,43.43,7.35,35.01,0.904,0.222,10.5,7.64,3,3.05,1.14,1
DSTM-01229,E,KOMATSU_930E_AHS,1,30.0,15.17,3.14,0.86,0.024,11.4,0.15,0,0.87,0.43,1
DSTM-01230,A,CAT_797F_MANUAL,0,41.15,7.9,60.22,0.68,0.033,9.6,3.27,1,5.03,3.44,1
DSTM-01231,A,KOMATSU_930E_AHS,1,40.59,13.24,40.75,0.652,0.041,3.8,0.15,0,3.44,2.89,1
DSTM-01232,C,CAMIONETA_4x4,0,36.02,8.52,35.66,0.925,0.072,8.9,4.01,0,3.58,2.02,1
DSTM-01233,A,CAT_797F_MANUAL,0,30.3,9.46,32.14,0.778,0.166,1.8,3.25,4,4.02,2.23,1
DSTM-01234,D,CAT_797F_MANUAL,0,39.33,5.77,48.24,0.543,0.097,4.5,0.47,3,4.7,3.15,1
DSTM-01235,A,CAT_797F_MANUAL,0,49.74,5.85,52.6,0.744,0.147,8.8,3.1,0,3.69,1.91,1
DSTM-01236,A,CAT_797F_MANUAL,0,40.61,8.03,14.39,0.642,0.049,6.3,0.22,1,1.49,-0.07,1
DSTM-01237,A,CAT_797F_MANUAL,0,38.68,6.05,35.85,0.784,0.181,1.8,5.53,3,3.46,1.68,1
DSTM-01238,B,CAT_797F_MANUAL,0,6.76,2.98,19.45,0.95,0.09,5.0,2.36,2,9.13,7.56,0
DSTM-01239,A,CAT_797F_MANUAL,0,39.07,9.86,18.17,0.692,0.286,3.8,6.41,2,1.89,-0.27,1
DSTM-01240,A,CAT_797F_MANUAL,0,34.23,13.48,106.52,0.715,0.145,6.0,6.1,0,10.78,8.66,0
DSTM-01241,E,CAMIONETA_4x4,0,47.18,13.76,21.88,0.856,0.103,10.0,9.01,3,1.57,-0.4,1
DSTM-01242,B,CAT_797F_MANUAL,0,14.74,5.57,35.97,0.845,0.222,8.2,3.13,2,7.69,5.89,0
DSTM-01243,B,CAT_797F_MANUAL,0,12.56,3.19,20.9,0.869,0.099,7.6,2.25,1,5.78,4.41,0
DSTM-01244,A,CAT_797F_MANUAL,0,46.92,10.02,148.13,0.805,0.088,7.1,3.43,4,12.2,10.54,0
DSTM-01245,B,CAT_797F_MANUAL,0,17.56,3.05,3.75,1.0,0.183,10.5,2.41,2,1.45,-0.06,1
DSTM-01246,B,CAT_797F_MANUAL,0,18.82,1.8,75.61,0.899,0.039,10.9,2.18,2,15.21,13.86,0
DSTM-01247,C,CAT_797F_MANUAL,0,41.48,11.3,81.24,1.0,0.19,10.4,9.6,1,6.4,4.53,0
DSTM-01248,A,CAT_797F_MANUAL,0,44.18,10.22,61.43,0.652,0.124,3.7,0.36,3,5.03,3.16,1
DSTM-01249,E,KOMATSU_930E_AHS,1,32.54,4.73,68.62,0.893,0.029,22.2,0.15,0,7.85,7.45,0
DSTM-01250,E,CAMIONETA_4x4,0,40.53,8.17,34.71,0.828,0.047,11.5,3.14,1,3.32,1.84,1
DSTM-01251,A,KOMATSU_930E_AHS,1,40.36,10.96,51.4,0.868,0.082,19.6,0.15,0,4.43,4.0,0
DSTM-01252,A,CAT_797F_MANUAL,0,40.49,9.68,9.96,0.789,0.146,5.3,3.22,3,1.28,-0.66,1
DSTM-01253,A,CAT_797F_MANUAL,0,38.25,11.48,13.23,0.816,0.139,3.9,1.46,3,1.37,-0.47,1
DSTM-01254,C,CAT_797F_MANUAL,0,38.93,8.37,30.48,0.8,0.446,11.2,1.43,1,2.47,-0.0,1
DSTM-01255,A,KOMATSU_930E_AHS,1,36.19,10.09,34.99,0.625,0.043,21.0,0.15,0,3.62,3.09,1
DSTM-01256,E,CAMIONETA_4x4,0,45.68,8.14,23.43,0.976,0.145,8.7,6.4,3,1.76,0.2,1
DSTM-01257,D,CAT_797F_MANUAL,0,28.88,12.51,29.23,0.509,0.051,4.1,1.79,2,3.87,1.93,1
DSTM-01258,D,CAT_797F_MANUAL,0,22.6,10.08,16.61,0.473,0.147,10.9,7.49,2,1.85,-0.09,1
DSTM-01259,C,KOMATSU_930E_AHS,1,29.54,6.58,53.73,0.877,0.044,12.8,0.15,0,6.58,6.2,0
DSTM-01260,E,KOMATSU_930E_AHS,1,31.86,2.25,33.19,0.951,0.068,22.7,0.15,0,3.48,3.06,1
DSTM-01261,A,CAMIONETA_4x4,0,51.89,10.21,19.41,0.584,0.34,11.2,6.08,1,1.46,-1.03,1
DSTM-01262,B,CAT_797F_MANUAL,0,19.59,1.12,11.8,0.792,0.095,5.5,5.05,2,2.82,1.29,1
DSTM-01263,B,PALA_PH_4100XPC,0,0.0,2.77,2.0,0.961,0.031,7.1,3.63,0,9.86,8.36,1
DSTM-01264,E,KOMATSU_930E_AHS,1,20.14,9.03,118.52,0.883,0.036,18.3,0.15,0,19.44,19.03,0
DSTM-01265,C,CAMIONETA_4x4,0,45.94,5.86,102.84,0.773,0.585,10.3,2.75,4,7.85,5.02,0
DSTM-01266,D,KOMATSU_930E_AHS,1,23.34,7.47,21.87,0.262,0.064,6.5,0.15,0,4.66,3.95,1
DSTM-01267,A,CAT_797F_MANUAL,0,44.3,5.86,17.4,0.801,0.18,2.7,5.64,0,1.84,0.07,1
DSTM-01268,E,KOMATSU_930E_AHS,1,30.26,8.86,38.81,0.756,0.02,5.7,0.15,0,5.03,4.57,0
DSTM-01269,C,CAT_797F_MANUAL,0,29.12,3.48,12.74,0.808,0.059,10.1,5.07,3,1.42,0.03,1
DSTM-01270,C,CAT_797F_MANUAL,0,33.13,11.59,72.79,0.946,0.273,11.9,2.02,2,7.82,5.63,0
DSTM-01271,E,KOMATSU_930E_AHS,1,39.48,7.58,197.08,0.82,0.049,22.6,0.15,0,18.9,18.47,0
DSTM-01272,B,CAT_797F_MANUAL,0,10.52,4.64,58.83,0.822,0.102,6.6,1.4,2,17.29,15.78,0
DSTM-01273,B,PALA_PH_4100XPC,0,1.37,3.15,13.94,0.808,0.15,1.6,3.51,1,19.76,18.11,0
DSTM-01274,C,KOMATSU_930E_AHS,1,22.51,13.69,29.5,0.894,0.1,23.2,0.15,0,3.8,3.39,1
DSTM-01275,A,CAT_797F_MANUAL,0,34.48,11.08,80.7,0.817,0.088,1.4,11.53,1,8.32,6.6,0
DSTM-01276,B,PALA_PH_4100XPC,0,0.29,4.6,15.64,0.92,0.055,9.2,3.26,1,18.14,16.76,0
DSTM-01277,A,CAMIONETA_4x4,0,55.17,10.19,130.75,0.686,0.067,3.1,2.85,2,9.12,7.45,0
DSTM-01278,A,CAMIONETA_4x4,0,52.15,6.62,15.77,0.723,0.184,10.4,6.36,0,1.05,-0.76,1
DSTM-01279,E,KOMATSU_930E_AHS,1,28.52,6.62,94.06,0.891,0.038,20.7,0.15,0,10.45,10.06,0
DSTM-01280,C,CAT_797F_MANUAL,0,30.23,9.19,145.47,0.835,0.462,10.4,7.2,4,20.27,17.78,0
DSTM-01281,B,CAT_797F_MANUAL,0,10.34,4.32,66.75,0.968,0.203,2.5,2.87,0,19.93,18.3,0
DSTM-01282,B,CAT_797F_MANUAL,0,15.94,0.67,42.51,0.923,0.106,6.4,1.56,3,11.89,10.36,0
DSTM-01283,B,CAT_797F_MANUAL,0,12.82,5.01,47.42,0.955,0.069,3.3,3.68,1,12.32,10.96,0
DSTM-01284,C,KOMATSU_930E_AHS,1,22.7,11.16,101.42,0.928,0.027,3.1,0.15,0,16.79,16.42,0
DSTM-01285,E,KOMATSU_930E_AHS,1,29.19,5.61,74.88,0.744,0.066,6.5,0.15,0,8.48,8.02,0
DSTM-01286,E,KOMATSU_930E_AHS,1,23.45,9.12,4.93,0.97,0.027,17.7,0.15,0,1.34,0.96,1
DSTM-01287,B,PALA_PH_4100XPC,0,0.0,1.72,17.75,0.892,0.076,10.8,8.18,2,36.6,35.16,0
DSTM-01288,B,CAT_797F_MANUAL,0,14.89,0.85,37.81,0.785,0.089,2.0,3.1,1,9.68,8.17,0
DSTM-01289,C,CAT_797F_MANUAL,0,28.49,4.83,7.81,1.0,0.505,8.6,2.13,2,1.01,-1.38,1
DSTM-01290,C,CAMIONETA_4x4,0,39.28,9.85,83.96,0.998,0.502,10.8,4.75,3,6.84,4.08,0
DSTM-01291,C,CAT_797F_MANUAL,0,47.31,9.64,31.04,0.974,0.234,10.0,4.65,1,2.2,0.4,1
DSTM-01292,D,CAMIONETA_4x4,0,38.83,12.41,20.39,0.617,0.26,9.0,0.67,2,2.01,-0.29,1
DSTM-01293,C,CAT_797F_MANUAL,0,30.67,11.7,9.95,0.983,0.51,7.7,10.9,2,1.22,-1.55,1
DSTM-01294,B,PALA_PH_4100XPC,0,0.13,3.29,19.25,0.946,0.118,3.3,4.52,1,10.14,8.58,0
DSTM-01295,B,PALA_PH_4100XPC,0,3.05,3.39,28.99,0.992,0.07,9.0,3.82,2,44.54,43.21,0
DSTM-01296,B,CAT_797F_MANUAL,0,11.51,7.11,27.72,0.774,0.29,6.7,1.9,0,9.45,7.53,0
DSTM-01297,A,CAT_797F_MANUAL,0,33.5,11.68,56.97,0.674,0.134,10.1,0.43,4,5.99,3.99,1
DSTM-01298,A,CAT_797F_MANUAL,0,45.16,7.79,32.64,0.708,0.116,4.6,3.61,0,2.97,1.34,1
DSTM-01299,D,CAMIONETA_4x4,0,37.41,10.07,27.59,0.506,0.206,9.2,0.63,0,2.22,0.18,1
DSTM-01300,B,CAT_797F_MANUAL,0,12.16,3.76,21.15,0.941,0.207,6.1,5.83,3,5.65,3.98,1
DSTM-01301,A,CAT_797F_MANUAL,0,45.82,9.9,44.28,0.569,0.241,11.2,1.98,1,3.3,1.13,1
DSTM-01302,C,CAT_797F_MANUAL,0,41.08,6.29,105.97,0.837,0.378,11.4,6.11,0,9.63,7.4,0
DSTM-01303,D,CAT_797F_MANUAL,0,34.44,12.35,19.13,0.499,0.053,2.6,1.16,3,2.23,0.3,1
DSTM-01304,B,CAT_797F_MANUAL,0,12.94,3.62,17.87,0.934,0.128,8.3,2.11,2,5.18,3.6,1
DSTM-01305,D,KOMATSU_930E_AHS,1,34.41,9.61,30.94,0.362,0.067,12.4,0.15,0,3.18,2.52,1
DSTM-01306,E,CAMIONETA_4x4,0,39.97,9.44,57.91,0.842,0.09,5.3,1.63,1,5.17,3.45,1
DSTM-01307,C,CAMIONETA_4x4,0,42.31,8.99,15.52,0.796,0.242,11.1,0.89,3,1.39,-0.78,1
DSTM-01308,D,CAMIONETA_4x4,0,33.26,8.14,8.9,0.467,0.028,9.5,1.16,0,0.65,-1.01,1
DSTM-01309,A,CAT_797F_MANUAL,0,46.99,11.15,19.22,0.602,0.405,5.3,7.32,0,1.74,-0.94,1
DSTM-01310,E,KOMATSU_930E_AHS,1,34.91,7.06,55.94,0.898,0.057,11.0,0.15,0,6.5,6.09,0
DSTM-01311,B,CAT_797F_MANUAL,0,15.6,3.77,20.66,0.829,0.098,6.2,2.49,1,5.4,3.91,1
DSTM-01312,E,CAMIONETA_4x4,0,31.3,8.48,118.0,0.878,0.277,8.8,12.03,1,12.08,10.01,0
DSTM-01313,C,KOMATSU_930E_AHS,1,25.19,9.02,116.51,0.9,0.02,21.0,0.15,0,14.87,14.46,0
DSTM-01314,A,CAT_797F_MANUAL,0,37.53,7.96,200.0,0.744,0.163,1.6,2.94,1,18.4,16.58,0
DSTM-01315,A,CAMIONETA_4x4,0,50.02,9.22,166.57,0.649,0.153,8.6,4.17,2,11.58,9.58,0
DSTM-01316,D,CAT_797F_MANUAL,0,19.88,7.49,148.89,0.504,0.103,10.6,3.53,3,25.65,23.88,0
DSTM-01317,C,CAT_797F_MANUAL,0,37.91,8.33,52.44,0.933,0.21,9.1,5.0,2,4.85,3.08,1
DSTM-01318,A,KOMATSU_930E_AHS,1,38.99,6.46,119.86,0.731,0.053,19.9,0.15,0,10.69,10.23,0
DSTM-01319,D,CAT_797F_MANUAL,0,22.81,8.26,113.97,0.38,0.092,1.4,1.08,0,18.74,16.87,0
DSTM-01320,E,CAMIONETA_4x4,0,44.93,6.5,19.61,0.785,0.148,2.6,0.35,0,1.47,-0.11,1
DSTM-01321,C,CAT_797F_MANUAL,0,30.41,11.79,51.71,0.81,0.164,11.8,3.15,3,6.05,3.97,1
DSTM-01322,C,CAT_797F_MANUAL,0,26.17,7.89,48.92,0.866,0.214,11.1,5.14,0,6.5,4.69,0
DSTM-01323,A,CAT_797F_MANUAL,0,35.78,10.29,52.64,0.725,0.333,4.9,4.63,2,5.99,3.59,1
DSTM-01324,D,CAT_797F_MANUAL,0,35.55,10.75,46.44,0.24,0.103,1.2,0.91,1,5.0,3.09,1
DSTM-01325,B,CAT_797F_MANUAL,0,15.54,4.05,21.37,0.822,0.106,1.9,2.54,1,6.1,4.57,0
DSTM-01326,E,CAMIONETA_4x4,0,39.74,6.19,32.07,0.748,0.132,2.2,1.7,2,3.51,1.75,1
DSTM-01327,B,CAT_797F_MANUAL,0,12.99,2.32,34.3,0.854,0.196,8.0,1.45,2,8.53,6.73,0
DSTM-01328,C,CAT_797F_MANUAL,0,40.77,10.61,94.5,0.808,0.228,7.8,2.48,1,8.48,6.32,0
DSTM-01329,B,CAT_797F_MANUAL,0,18.03,4.22,106.67,0.961,0.097,6.1,7.93,2,19.92,18.58,0
DSTM-01330,A,CAT_797F_MANUAL,0,38.48,9.08,57.26,0.549,0.402,9.6,2.26,2,5.09,2.48,1
DSTM-01331,D,CAMIONETA_4x4,0,31.77,13.63,121.9,0.316,0.158,6.0,3.03,0,13.21,10.97,0
DSTM-01332,C,CAT_797F_MANUAL,0,36.07,12.64,77.51,0.946,0.226,12.0,1.43,0,8.37,6.25,0
DSTM-01333,C,KOMATSU_930E_AHS,1,27.3,9.87,18.55,0.868,0.021,3.0,0.15,0,3.31,2.88,1
DSTM-01334,E,KOMATSU_930E_AHS,1,29.19,9.3,200.0,0.952,0.02,10.0,0.15,0,29.14,28.77,0
DSTM-01335,E,CAMIONETA_4x4,0,44.25,7.88,73.03,1.0,0.069,9.6,3.61,2,5.87,4.52,0
DSTM-01336,E,CAMIONETA_4x4,0,37.21,6.08,161.55,0.761,0.339,7.1,4.13,0,16.72,14.55,0
DSTM-01337,A,CAT_797F_MANUAL,0,39.56,11.64,16.2,0.717,0.192,2.6,8.01,1,1.63,-0.5,1
DSTM-01338,C,KOMATSU_930E_AHS,1,24.33,9.35,49.26,1.0,0.054,6.1,0.15,0,8.29,7.93,0
DSTM-01339,E,CAMIONETA_4x4,0,39.06,7.1,7.23,0.812,0.113,10.0,4.75,0,0.81,-0.91,1
DSTM-01340,B,CAT_797F_MANUAL,0,23.89,4.09,2.31,0.929,0.109,7.7,1.84,2,0.8,-0.73,1
DSTM-01341,A,CAMIONETA_4x4,0,44.04,8.84,16.16,0.803,0.107,7.0,0.66,1,1.24,-0.37,1
DSTM-01342,D,CAT_797F_MANUAL,0,23.09,6.25,53.79,0.461,0.033,10.5,7.86,0,9.37,7.7,0
DSTM-01343,C,KOMATSU_930E_AHS,1,25.72,11.11,20.22,0.82,0.07,3.4,0.15,0,1.77,1.36,1
DSTM-01344,C,KOMATSU_930E_AHS,1,30.68,7.23,8.89,0.972,0.045,5.9,0.15,0,0.84,0.46,1
DSTM-01345,E,CAMIONETA_4x4,0,39.55,8.05,37.91,0.975,0.217,4.1,3.76,0,3.53,1.6,1
DSTM-01346,C,CAT_797F_MANUAL,0,31.08,11.23,112.59,0.749,0.389,10.3,1.64,1,13.37,10.9,0
DSTM-01347,B,CAT_797F_MANUAL,0,13.19,5.42,39.53,0.774,0.073,4.5,0.73,3,10.82,9.33,0
DSTM-01348,B,PALA_PH_4100XPC,0,2.31,1.23,31.56,0.751,0.462,9.1,2.53,2,30.05,27.67,0
DSTM-01349,B,CAT_797F_MANUAL,0,17.08,5.64,14.16,0.815,0.05,1.7,6.41,2,3.78,2.32,1
DSTM-01350,A,CAT_797F_MANUAL,0,45.07,10.24,18.68,0.591,0.172,6.1,9.18,0,1.49,-0.45,1
DSTM-01351,D,CAT_797F_MANUAL,0,36.74,6.48,23.7,0.399,0.081,10.9,3.7,3,2.51,0.8,1
DSTM-01352,D,CAT_797F_MANUAL,0,42.93,11.1,30.33,0.429,0.056,7.6,7.31,3,3.07,1.23,1
DSTM-01353,B,CAT_797F_MANUAL,0,11.1,4.11,58.92,0.886,0.363,2.2,4.72,2,17.37,15.17,0
DSTM-01354,B,PALA_PH_4100XPC,0,3.33,4.52,19.76,0.754,0.14,4.3,4.22,2,18.61,16.89,0
DSTM-01355,E,CAMIONETA_4x4,0,26.68,6.91,90.57,0.855,0.189,2.2,3.09,1,11.78,10.08,0
DSTM-01356,A,CAT_797F_MANUAL,0,44.14,8.47,65.14,0.775,0.124,11.0,5.3,1,5.06,3.34,1
DSTM-01357,C,KOMATSU_930E_AHS,1,27.4,9.3,62.65,0.777,0.042,17.4,0.15,0,7.43,6.97,0
DSTM-01358,C,KOMATSU_930E_AHS,1,20.19,8.06,57.83,0.935,0.075,16.1,0.15,0,8.51,8.1,0
DSTM-01359,D,CAT_797F_MANUAL,0,34.35,8.39,15.22,0.495,0.153,9.5,0.16,2,1.45,-0.41,1
DSTM-01360,A,CAT_797F_MANUAL,0,42.3,10.97,47.76,0.609,0.16,10.3,6.74,4,4.58,2.46,1
DSTM-01361,D,CAT_797F_MANUAL,0,40.46,7.94,17.49,0.347,0.115,5.7,4.25,1,0.71,-1.1,1
DSTM-01362,B,PALA_PH_4100XPC,0,2.16,0.45,2.0,0.893,0.084,1.2,0.28,2,8.12,6.59,1
DSTM-01363,C,CAT_797F_MANUAL,0,33.58,11.96,13.31,0.764,0.257,10.7,1.38,2,1.21,-0.99,1
DSTM-01364,A,CAMIONETA_4x4,0,49.04,9.76,121.82,0.78,0.209,9.1,7.14,4,9.25,7.27,0
DSTM-01365,C,KOMATSU_930E_AHS,1,21.04,4.27,19.75,0.784,0.02,2.6,0.15,0,3.47,3.02,1
DSTM-01366,C,KOMATSU_930E_AHS,1,26.62,8.37,76.04,1.0,0.026,17.9,0.15,0,9.78,9.4,0
DSTM-01367,A,KOMATSU_930E_AHS,1,38.91,11.59,29.64,0.797,0.039,12.0,0.15,0,2.66,2.21,1
DSTM-01368,A,CAT_797F_MANUAL,0,44.13,5.81,22.84,0.625,0.193,9.0,2.54,1,1.59,-0.24,1
DSTM-01369,A,CAT_797F_MANUAL,0,37.39,9.98,74.33,0.594,0.088,9.1,0.23,2,6.75,4.94,0
DSTM-01370,B,CAT_797F_MANUAL,0,21.51,2.54,7.85,0.956,0.02,9.1,2.11,2,1.22,-0.13,1
DSTM-01371,A,CAMIONETA_4x4,0,47.24,7.63,17.02,0.533,0.03,11.0,1.08,1,1.12,-0.44,1
DSTM-01372,E,KOMATSU_930E_AHS,1,31.53,12.78,51.81,1.0,0.02,0.6,0.15,0,5.5,5.13,0
DSTM-01373,B,PALA_PH_4100XPC,0,1.8,1.19,200.0,0.837,0.075,5.9,5.69,0,400.0,398.45,0
DSTM-01374,D,CAT_797F_MANUAL,0,28.97,10.44,2.14,0.566,0.058,5.3,3.09,1,0.68,-1.11,1
DSTM-01375,E,CAMIONETA_4x4,0,37.85,3.99,38.06,0.792,0.058,5.9,5.82,2,3.11,1.67,1
DSTM-01376,A,CAT_797F_MANUAL,0,42.11,9.75,7.16,0.689,0.23,9.5,2.58,1,0.75,-1.39,1
DSTM-01377,D,CAT_797F_MANUAL,0,28.04,8.75,33.26,0.542,0.15,11.4,3.49,0,4.92,3.01,1
DSTM-01378,E,KOMATSU_930E_AHS,1,30.97,5.46,73.46,0.876,0.036,19.9,0.15,0,8.28,7.87,0
DSTM-01379,C,KOMATSU_930E_AHS,1,32.41,5.99,25.94,0.951,0.058,17.3,0.15,0,2.9,2.52,1
DSTM-01380,B,CAT_797F_MANUAL,0,10.07,3.7,3.69,0.962,0.046,4.5,4.73,1,1.39,-0.02,1
DSTM-01381,B,CAT_797F_MANUAL,0,18.81,2.68,17.19,0.921,0.129,6.5,3.08,1,2.26,0.7,1
DSTM-01382,A,KOMATSU_930E_AHS,1,40.51,11.43,117.73,0.521,0.021,17.9,0.15,0,10.57,10.0,0
DSTM-01383,C,CAT_797F_MANUAL,0,27.57,8.33,8.13,1.0,0.152,10.8,1.98,1,1.16,-0.52,1
DSTM-01384,E,KOMATSU_930E_AHS,1,38.18,7.38,16.04,0.85,0.055,16.2,0.15,0,1.38,0.96,1
DSTM-01385,E,KOMATSU_930E_AHS,1,28.91,6.38,5.31,0.893,0.027,9.5,0.15,0,1.53,1.11,1
DSTM-01386,A,KOMATSU_930E_AHS,1,40.67,6.29,200.0,0.636,0.046,22.5,0.15,0,18.85,18.31,0
DSTM-01387,D,CAT_797F_MANUAL,0,34.07,3.24,199.05,0.201,0.177,1.0,2.91,2,22.39,20.36,0
DSTM-01388,B,PALA_PH_4100XPC,0,4.03,3.71,16.51,0.906,0.091,4.4,1.71,1,18.73,17.37,0
DSTM-01389,E,CAMIONETA_4x4,0,43.52,7.28,199.95,1.0,0.356,9.6,2.27,2,17.34,15.24,0
DSTM-01390,A,CAT_797F_MANUAL,0,41.86,9.44,18.91,0.728,0.407,1.1,0.39,2,1.6,-0.87,1
DSTM-01391,E,KOMATSU_930E_AHS,1,19.31,6.31,17.81,0.972,0.028,3.0,0.15,0,3.34,2.98,1
DSTM-01392,D,CAT_797F_MANUAL,0,35.03,8.58,55.11,0.469,0.243,4.7,2.53,3,5.03,2.75,1
DSTM-01393,A,CAT_797F_MANUAL,0,42.45,8.12,47.77,0.76,0.074,8.7,9.08,1,3.95,2.3,1
DSTM-01394,A,CAMIONETA_4x4,0,53.74,5.47,143.81,0.569,0.02,1.5,3.98,0,9.56,8.04,0
DSTM-01395,D,CAT_797F_MANUAL,0,33.53,5.46,158.6,0.404,0.198,8.0,2.07,1,16.69,14.73,0
DSTM-01396,A,CAT_797F_MANUAL,0,33.92,7.53,26.92,0.554,0.259,11.0,0.87,1,2.73,0.67,1
DSTM-01397,C,KOMATSU_930E_AHS,1,30.55,7.97,53.92,1.0,0.054,13.5,0.15,0,5.59,5.23,0
DSTM-01398,E,CAMIONETA_4x4,0,44.79,4.84,146.99,0.792,0.137,11.0,6.88,0,12.15,10.49,0
DSTM-01399,C,CAT_797F_MANUAL,0,35.41,7.04,33.4,0.904,0.456,9.5,1.68,0,3.48,1.0,1
DSTM-01400,B,CAT_797F_MANUAL,0,6.62,2.82,10.97,0.792,0.177,5.2,6.1,1,6.59,4.8,0
DSTM-01401,B,CAT_797F_MANUAL,0,12.66,1.06,7.76,0.925,0.084,3.3,4.84,1,2.48,1.08,1
DSTM-01402,A,CAT_797F_MANUAL,0,48.34,9.9,67.31,0.61,0.142,4.5,5.05,1,5.77,3.96,1
DSTM-01403,E,KOMATSU_930E_AHS,1,27.79,10.02,47.87,0.951,0.055,10.4,0.15,0,6.32,5.93,0
DSTM-01404,B,CAT_797F_MANUAL,0,19.35,1.54,39.42,0.932,0.179,3.1,0.92,1,6.79,5.14,0
DSTM-01405,A,CAT_797F_MANUAL,0,42.79,12.61,92.3,0.728,0.143,5.3,3.8,2,7.51,5.6,0
DSTM-01406,B,CAT_797F_MANUAL,0,10.73,4.0,102.83,0.929,0.13,1.6,5.51,1,30.81,29.25,0
DSTM-01407,E,KOMATSU_930E_AHS,1,27.55,8.6,153.34,0.823,0.026,0.6,0.15,0,22.88,22.45,0
DSTM-01408,A,KOMATSU_930E_AHS,1,31.5,14.07,200.0,0.57,0.059,6.7,0.15,0,23.41,22.84,0
DSTM-01409,E,KOMATSU_930E_AHS,1,22.82,7.7,27.01,0.824,0.091,16.7,0.15,0,4.31,3.89,1
DSTM-01410,D,CAMIONETA_4x4,0,41.08,9.72,34.88,0.432,0.212,7.8,4.36,2,3.02,0.92,1
DSTM-01411,D,CAT_797F_MANUAL,0,24.46,6.82,81.59,0.44,0.123,2.7,5.26,2,10.01,8.23,0
DSTM-01412,E,KOMATSU_930E_AHS,1,33.94,5.69,53.8,0.979,0.02,17.4,0.15,0,5.31,4.94,0
DSTM-01413,D,CAMIONETA_4x4,0,45.24,8.3,42.47,0.341,0.079,5.3,5.07,1,3.17,1.26,1
DSTM-01414,E,CAMIONETA_4x4,0,37.99,12.19,139.53,0.925,0.052,1.4,3.07,2,12.88,11.23,0
DSTM-01415,A,CAT_797F_MANUAL,0,53.86,6.23,108.54,0.716,0.031,1.9,2.35,3,7.58,6.13,0
DSTM-01416,D,KOMATSU_930E_AHS,1,27.06,5.22,19.5,0.244,0.048,20.6,0.15,0,2.95,2.22,1
DSTM-01417,C,KOMATSU_930E_AHS,1,27.06,7.21,27.03,0.763,0.074,15.8,0.15,0,3.99,3.53,1
DSTM-01418,C,KOMATSU_930E_AHS,1,29.78,10.49,64.01,0.764,0.02,2.6,0.15,0,7.53,7.06,0
DSTM-01419,E,KOMATSU_930E_AHS,1,30.33,7.55,33.53,0.918,0.034,8.3,0.15,0,3.79,3.4,1
DSTM-01420,E,KOMATSU_930E_AHS,1,29.31,8.22,20.5,0.897,0.08,4.4,0.15,0,1.96,1.53,1
DSTM-01421,D,CAMIONETA_4x4,0,42.83,3.26,26.61,0.498,0.02,4.0,7.12,2,1.93,0.35,1
DSTM-01422,C,CAT_797F_MANUAL,0,34.76,14.76,17.49,0.807,0.343,9.2,3.27,1,1.82,-0.73,1
DSTM-01423,C,CAMIONETA_4x4,0,39.58,7.99,32.7,0.913,0.313,8.7,2.8,1,2.48,0.42,1
DSTM-01424,B,CAT_797F_MANUAL,0,9.53,3.1,7.07,0.96,0.245,7.8,2.98,3,1.49,-0.36,1
DSTM-01425,B,CAT_797F_MANUAL,0,18.81,1.85,46.77,0.849,0.14,4.1,15.0,0,8.75,7.12,0
DSTM-01426,B,CAT_797F_MANUAL,0,18.4,4.23,45.92,0.817,0.188,7.1,2.23,3,8.82,7.1,0
DSTM-01427,A,CAT_797F_MANUAL,0,44.35,10.88,87.19,0.615,0.13,11.1,2.12,0,6.47,4.54,0
DSTM-01428,A,CAT_797F_MANUAL,0,38.53,11.28,178.16,0.581,0.204,9.1,2.62,5,15.0,12.73,0
DSTM-01429,D,KOMATSU_930E_AHS,1,28.52,9.26,31.27,0.561,0.082,9.0,0.15,0,4.21,3.63,1
DSTM-01430,B,PALA_PH_4100XPC,0,0.02,5.15,2.0,0.942,0.105,10.2,11.41,1,8.52,7.02,1
DSTM-01431,E,KOMATSU_930E_AHS,1,25.89,5.42,148.36,0.863,0.079,10.9,0.15,0,21.42,21.02,0
DSTM-01432,C,CAMIONETA_4x4,0,37.68,10.71,57.31,0.905,0.275,11.2,10.58,3,5.54,3.41,1
DSTM-01433,A,CAT_797F_MANUAL,0,41.46,9.83,31.17,0.508,0.095,1.9,2.66,0,2.45,0.8,1
DSTM-01434,A,CAT_797F_MANUAL,0,34.24,13.3,193.28,0.577,0.208,7.1,1.83,0,20.37,18.03,0
DSTM-01435,A,KOMATSU_930E_AHS,1,34.61,11.94,84.33,0.672,0.09,7.9,0.15,0,9.42,8.91,0
DSTM-01436,E,KOMATSU_930E_AHS,1,28.51,7.22,39.84,0.795,0.028,1.4,0.15,0,4.63,4.19,0
DSTM-01437,A,CAT_797F_MANUAL,0,38.88,10.27,61.51,0.596,0.159,6.5,3.95,1,4.88,2.93,1
DSTM-01438,C,KOMATSU_930E_AHS,1,29.24,11.33,16.93,0.954,0.077,17.5,0.15,0,2.3,1.92,1
DSTM-01439,E,KOMATSU_930E_AHS,1,26.02,8.95,121.81,0.775,0.05,6.1,0.15,0,16.45,15.98,0
DSTM-01440,E,CAMIONETA_4x4,0,39.0,10.36,5.81,0.937,0.071,4.9,4.9,6,0.6,-1.14,1
DSTM-01441,A,CAT_797F_MANUAL,0,49.12,12.32,32.9,0.678,0.239,4.3,0.81,2,2.29,0.01,1
DSTM-01442,A,CAMIONETA_4x4,0,46.63,10.69,137.63,0.652,0.028,1.2,3.72,2,9.87,8.17,0
DSTM-01443,A,CAT_797F_MANUAL,0,53.08,8.49,6.94,0.819,0.223,7.5,4.3,2,0.58,-1.32,1
DSTM-01444,A,KOMATSU_930E_AHS,1,41.46,9.03,31.38,0.607,0.028,17.6,0.15,0,2.76,2.21,1
DSTM-01445,A,CAT_797F_MANUAL,0,41.75,11.25,35.0,0.859,0.037,2.1,3.93,3,3.06,1.42,1
DSTM-01446,C,CAT_797F_MANUAL,0,24.81,7.7,79.23,0.859,0.282,9.1,4.71,3,10.7,8.62,0
DSTM-01447,E,KOMATSU_930E_AHS,1,33.15,5.81,25.46,0.839,0.042,17.3,0.15,0,3.34,2.92,1
DSTM-01448,C,CAT_797F_MANUAL,0,33.58,6.41,99.89,0.822,0.232,11.4,3.21,1,11.54,9.68,0
DSTM-01449,C,CAMIONETA_4x4,0,34.09,8.05,14.31,0.798,0.53,11.5,1.31,2,1.18,-1.5,1
DSTM-01450,A,KOMATSU_930E_AHS,1,41.76,6.68,200.0,0.637,0.062,4.2,0.15,0,17.42,16.89,0
DSTM-01451,D,CAMIONETA_4x4,0,30.71,9.22,17.39,0.31,0.106,1.1,2.94,2,1.81,-0.2,1
DSTM-01452,C,CAT_797F_MANUAL,0,38.04,8.83,93.52,0.894,0.35,7.6,1.38,2,8.89,6.61,0
DSTM-01453,E,KOMATSU_930E_AHS,1,29.25,7.42,73.48,0.864,0.035,15.1,0.15,0,8.18,7.76,0
DSTM-01454,E,KOMATSU_930E_AHS,1,29.29,9.19,73.07,0.938,0.041,21.2,0.15,0,8.68,8.3,0
DSTM-01455,B,PALA_PH_4100XPC,0,0.0,3.47,57.59,0.904,0.299,10.0,6.5,2,117.91,115.87,0
DSTM-01456,A,CAT_797F_MANUAL,0,42.17,10.72,93.39,0.69,0.323,4.3,4.23,1,8.51,6.09,0
DSTM-01457,A,CAMIONETA_4x4,0,49.53,9.78,23.47,0.577,0.228,8.0,2.26,1,2.0,-0.07,1
DSTM-01458,B,CAT_797F_MANUAL,0,15.45,3.34,29.15,0.852,0.306,7.3,0.75,2,5.36,3.34,1
DSTM-01459,E,KOMATSU_930E_AHS,1,29.72,11.46,112.39,0.83,0.022,20.5,0.15,0,13.04,12.62,0
DSTM-01460,B,CAT_797F_MANUAL,0,12.81,5.28,57.51,0.853,0.148,9.0,7.4,4,17.11,15.48,0
DSTM-01461,D,CAMIONETA_4x4,0,45.96,11.57,46.77,0.25,0.059,1.1,5.8,0,3.45,1.4,1
DSTM-01462,C,CAT_797F_MANUAL,0,26.21,12.6,34.85,0.764,0.295,11.3,4.08,1,4.96,2.72,1
DSTM-01463,A,CAT_797F_MANUAL,0,42.09,10.0,80.49,0.617,0.089,7.5,3.8,1,6.9,5.06,0
DSTM-01464,B,CAT_797F_MANUAL,0,19.05,4.38,42.89,0.918,0.185,8.4,1.24,0,7.58,5.85,0
DSTM-01465,D,CAT_797F_MANUAL,0,23.33,10.33,130.34,0.452,0.248,10.8,3.48,1,19.06,16.77,0
DSTM-01466,D,CAMIONETA_4x4,0,38.39,10.03,48.53,0.382,0.282,7.1,7.58,2,4.07,1.59,1
DSTM-01467,B,CAT_797F_MANUAL,0,14.85,2.27,7.29,0.991,0.052,9.0,4.39,1,1.19,-0.14,1
DSTM-01468,A,CAT_797F_MANUAL,0,42.89,10.75,46.81,0.715,0.155,11.1,4.49,0,4.52,2.59,1
DSTM-01469,D,CAT_797F_MANUAL,0,23.05,5.77,37.24,0.491,0.216,4.2,2.07,3,5.03,3.06,1
DSTM-01470,A,CAT_797F_MANUAL,0,40.32,9.03,20.87,0.595,0.311,5.8,7.28,1,1.51,-0.73,1
DSTM-01471,E,KOMATSU_930E_AHS,1,32.3,9.73,29.43,0.915,0.055,6.8,0.15,0,2.88,2.48,1
DSTM-01472,A,CAT_797F_MANUAL,0,47.9,9.15,46.43,0.675,0.233,1.6,6.77,0,3.35,1.38,1
DSTM-01473,A,CAT_797F_MANUAL,0,35.76,10.15,146.89,0.537,0.217,2.5,3.78,0,14.35,12.25,0
DSTM-01474,C,CAT_797F_MANUAL,0,32.06,7.55,54.35,0.871,0.29,7.6,7.46,1,6.15,4.04,0
DSTM-01475,C,KOMATSU_930E_AHS,1,25.26,10.64,85.04,0.828,0.058,19.2,0.15,0,10.87,10.41,0
DSTM-01476,C,CAT_797F_MANUAL,0,40.45,7.94,14.43,0.963,0.242,9.6,1.39,3,1.41,-0.42,1
DSTM-01477,B,CAT_797F_MANUAL,0,16.17,3.02,37.09,0.844,0.217,9.2,1.94,2,8.39,6.41,0
DSTM-01478,E,CAMIONETA_4x4,0,41.78,10.32,13.4,0.891,0.268,5.6,3.28,2,0.97,-1.16,1
DSTM-01479,C,CAMIONETA_4x4,0,41.98,8.38,111.49,0.914,0.469,8.7,6.33,3,9.79,7.28,0
DSTM-01480,C,CAMIONETA_4x4,0,42.52,9.04,43.13,0.967,0.099,11.1,5.85,1,3.52,1.98,1
DSTM-01481,B,CAT_797F_MANUAL,0,14.8,5.16,36.61,0.861,0.204,4.1,1.63,0,9.4,7.63,0
DSTM-01482,A,CAT_797F_MANUAL,0,40.84,8.52,17.62,0.798,0.266,11.2,13.23,2,1.62,-0.43,1
DSTM-01483,C,CAT_797F_MANUAL,0,31.44,12.86,25.14,0.949,0.49,11.0,4.39,4,2.46,-0.28,1
DSTM-01484,A,CAT_797F_MANUAL,0,36.42,8.09,48.95,0.782,0.333,3.5,2.09,1,5.65,3.43,1
DSTM-01485,C,CAT_797F_MANUAL,0,39.74,6.54,10.36,0.865,0.359,10.1,1.58,1,1.24,-1.01,1
DSTM-01486,A,CAT_797F_MANUAL,0,50.91,6.9,100.55,0.724,0.034,4.6,0.76,1,7.29,5.83,0
DSTM-01487,E,CAMIONETA_4x4,0,36.83,9.02,103.29,0.842,0.065,4.5,1.91,2,9.86,8.28,0
DSTM-01488,C,KOMATSU_930E_AHS,1,19.38,8.54,42.95,0.935,0.058,7.7,0.15,0,7.36,6.98,0
DSTM-01489,E,KOMATSU_930E_AHS,1,21.47,8.99,31.51,0.754,0.069,7.6,0.15,0,3.83,3.38,1
DSTM-01490,C,CAT_797F_MANUAL,0,30.52,10.63,15.61,0.997,0.669,10.4,10.04,1,1.83,-1.22,1
DSTM-01491,A,CAT_797F_MANUAL,0,34.35,14.22,57.58,0.665,0.337,5.5,7.03,3,5.76,3.13,1
DSTM-01492,D,CAT_797F_MANUAL,0,35.2,9.33,13.74,0.283,0.315,11.3,1.56,0,1.36,-1.23,1
DSTM-01493,C,CAT_797F_MANUAL,0,29.71,7.83,8.47,0.94,0.47,11.6,3.67,1,1.19,-1.32,1
DSTM-01494,D,KOMATSU_930E_AHS,1,23.39,11.92,33.11,0.223,0.053,17.8,0.15,0,4.83,4.09,0
DSTM-01495,B,PALA_PH_4100XPC,0,5.4,1.13,33.87,0.783,0.218,6.5,5.32,1,67.59,65.82,0
DSTM-01496,C,CAT_797F_MANUAL,0,38.2,6.14,30.16,0.8,0.292,11.6,4.09,3,3.64,1.65,1
DSTM-01497,E,KOMATSU_930E_AHS,1,26.3,8.72,45.81,0.815,0.028,8.9,0.15,0,6.34,5.89,0
DSTM-01498,C,KOMATSU_930E_AHS,1,29.3,11.21,4.78,0.997,0.034,3.3,0.15,0,0.9,0.53,1
DSTM-01499,B,CAT_797F_MANUAL,0,14.86,6.31,14.98,0.807,0.034,10.8,9.03,0,2.61,1.23,1
DSTM-01500,D,CAT_797F_MANUAL,0,42.19,10.46,112.15,0.242,0.18,1.8,2.07,4,9.29,7.04,0
DSTM-01501,D,CAT_797F_MANUAL,0,35.05,7.38,43.05,0.262,0.077,9.9,1.43,1,4.03,2.23,1
DSTM-01502,E,CAMIONETA_4x4,0,39.78,7.1,56.84,0.73,0.246,8.6,6.14,1,5.71,3.68,1
DSTM-01503,B,PALA_PH_4100XPC,0,0.0,3.54,24.08,0.785,0.146,7.1,3.69,0,49.4,47.68,0
DSTM-01504,B,CAT_797F_MANUAL,0,13.96,3.34,69.52,0.824,0.134,5.3,4.05,1,24.39,22.74,0
DSTM-01505,D,CAT_797F_MANUAL,0,35.51,10.46,192.44,0.202,0.121,3.3,1.82,2,18.68,16.6,0
DSTM-01506,C,CAT_797F_MANUAL,0,33.81,8.31,26.58,0.747,0.336,11.3,2.4,1,3.11,0.8,1
DSTM-01507,D,CAT_797F_MANUAL,0,24.76,9.36,30.38,0.348,0.128,10.7,5.48,1,3.74,1.82,1
DSTM-01508,C,CAT_797F_MANUAL,0,41.32,5.74,95.25,0.899,0.309,10.8,3.33,2,8.42,6.5,0
DSTM-01509,A,CAMIONETA_4x4,0,36.67,10.63,24.59,0.777,0.069,5.3,5.57,2,2.72,1.06,1
DSTM-01510,D,CAT_797F_MANUAL,0,38.78,9.52,16.25,0.549,0.233,3.0,6.16,1,1.61,-0.47,1
DSTM-01511,A,CAMIONETA_4x4,0,48.64,7.95,18.15,0.643,0.02,9.6,3.77,1,1.52,-0.06,1
DSTM-01512,A,CAT_797F_MANUAL,0,45.36,8.11,60.79,0.603,0.2,11.5,5.41,3,5.06,3.14,1
DSTM-01513,C,KOMATSU_930E_AHS,1,29.06,8.15,117.65,0.937,0.036,4.2,0.15,0,15.39,15.01,0
DSTM-01514,D,CAT_797F_MANUAL,0,29.85,8.93,26.08,0.382,0.262,3.0,4.71,0,3.41,1.18,1
DSTM-01515,E,KOMATSU_930E_AHS,1,18.35,8.21,26.53,0.769,0.095,22.1,0.15,0,5.58,5.11,0
DSTM-01516,B,CAMIONETA_4x4,0,40.37,4.1,21.28,0.759,0.184,6.9,7.39,3,2.05,0.24,1
DSTM-01517,A,CAT_797F_MANUAL,0,42.83,9.51,12.54,0.691,0.309,7.7,2.67,1,0.78,-1.53,1
DSTM-01518,E,CAMIONETA_4x4,0,43.68,8.5,20.34,0.777,0.153,6.0,5.92,1,1.29,-0.45,1
DSTM-01519,A,CAT_797F_MANUAL,0,47.31,10.41,10.92,0.554,0.219,1.1,3.43,1,1.12,-1.13,1
DSTM-01520,A,CAT_797F_MANUAL,0,33.05,10.99,16.46,0.662,0.226,5.0,3.56,3,1.44,-0.78,1
DSTM-01521,B,PALA_PH_4100XPC,0,2.73,3.82,38.03,0.811,0.268,5.4,2.15,1,34.39,32.43,0
DSTM-01522,C,CAT_797F_MANUAL,0,29.03,10.91,137.38,0.853,0.232,8.5,4.98,8,16.29,14.19,0
DSTM-01523,E,KOMATSU_930E_AHS,1,31.19,7.75,42.3,0.911,0.02,20.0,0.15,0,4.71,4.32,0
DSTM-01524,D,KOMATSU_930E_AHS,1,30.91,6.37,57.49,0.259,0.063,2.7,0.15,0,6.8,6.06,0
DSTM-01525,D,CAT_797F_MANUAL,0,25.79,8.9,6.96,0.412,0.167,7.8,1.93,2,1.11,-0.78,1
DSTM-01526,A,CAMIONETA_4x4,0,60.12,8.53,59.51,0.664,0.323,1.9,1.91,1,3.52,1.18,1
DSTM-01527,B,PALA_PH_4100XPC,0,4.0,0.31,36.72,0.85,0.359,11.3,3.84,1,45.06,42.81,0
DSTM-01528,C,KOMATSU_930E_AHS,1,19.95,10.66,94.6,0.994,0.07,18.4,0.15,0,13.96,13.6,0
DSTM-01529,A,KOMATSU_930E_AHS,1,30.94,12.03,49.55,0.76,0.028,20.7,0.15,0,4.94,4.48,0
DSTM-01530,B,CAT_797F_MANUAL,0,21.64,5.12,33.66,0.933,0.334,10.3,6.99,3,6.09,4.02,0
DSTM-01531,B,CAT_797F_MANUAL,0,18.08,1.59,46.86,0.79,0.035,8.2,2.52,2,9.41,7.99,0
DSTM-01532,A,CAT_797F_MANUAL,0,35.17,10.95,17.46,0.568,0.035,7.3,0.36,0,1.52,-0.28,1
DSTM-01533,C,CAT_797F_MANUAL,0,27.83,9.31,60.75,0.926,0.421,7.9,10.99,2,7.62,5.2,0
DSTM-01534,D,CAT_797F_MANUAL,0,25.77,4.73,23.33,0.59,0.083,6.2,6.27,4,3.73,2.07,1
DSTM-01535,A,CAT_797F_MANUAL,0,41.83,11.29,23.9,0.711,0.02,3.7,4.12,0,2.2,0.53,1
DSTM-01536,C,KOMATSU_930E_AHS,1,29.22,10.09,74.13,0.896,0.057,14.7,0.15,0,8.63,8.22,0
DSTM-01537,D,CAT_797F_MANUAL,0,28.16,11.24,18.14,0.361,0.112,7.0,3.51,0,2.32,0.38,1
DSTM-01538,D,KOMATSU_930E_AHS,1,20.37,6.81,80.78,0.328,0.075,2.4,0.15,0,11.21,10.53,0
DSTM-01539,D,CAT_797F_MANUAL,0,35.3,6.15,38.73,0.336,0.106,11.0,1.81,4,3.75,1.94,1
DSTM-01540,B,CAT_797F_MANUAL,0,8.56,4.4,105.6,0.952,0.327,6.1,2.17,0,39.95,38.1,0
DSTM-01541,D,CAT_797F_MANUAL,0,38.96,8.1,14.26,0.517,0.02,2.7,2.07,0,1.42,-0.25,1
DSTM-01542,A,CAMIONETA_4x4,0,60.5,9.18,63.91,0.753,0.164,10.3,0.67,0,3.97,2.18,1
DSTM-01543,B,CAT_797F_MANUAL,0,18.27,2.71,8.8,1.0,0.129,4.6,0.7,1,1.05,-0.36,1
DSTM-01544,A,CAT_797F_MANUAL,0,49.24,10.29,32.26,0.796,0.267,7.2,4.82,2,2.15,-0.08,1
DSTM-01545,C,CAT_797F_MANUAL,0,39.81,15.48,7.08,0.791,0.447,11.2,1.16,3,0.66,-2.26,1
DSTM-01546,B,CAT_797F_MANUAL,0,15.91,4.48,9.33,0.959,0.091,7.2,3.01,0,1.6,0.11,1
DSTM-01547,A,CAT_797F_MANUAL,0,34.31,6.74,22.2,0.588,0.105,1.6,6.29,2,2.46,0.77,1
DSTM-01548,D,CAT_797F_MANUAL,0,21.76,7.35,3.59,0.531,0.139,2.6,2.07,1,1.29,-0.5,1
DSTM-01549,B,PALA_PH_4100XPC,0,4.04,5.47,2.0,0.907,0.076,9.0,3.55,4,11.09,9.55,1
DSTM-01550,B,PALA_PH_4100XPC,0,0.83,1.22,3.37,0.881,0.224,7.2,0.15,0,18.44,16.54,0
DSTM-01551,A,CAMIONETA_4x4,0,35.85,8.27,25.91,0.755,0.083,11.4,9.3,1,2.87,1.29,1
DSTM-01552,B,CAMIONETA_4x4,0,36.87,5.02,32.21,0.803,0.02,3.2,5.57,0,3.2,1.74,1
DSTM-01553,B,PALA_PH_4100XPC,0,3.04,1.43,16.21,0.847,0.145,9.3,2.03,0,22.18,20.5,0
DSTM-01554,B,PALA_PH_4100XPC,0,0.0,2.92,19.48,0.979,0.187,3.4,4.5,2,40.5,38.72,0
DSTM-01555,A,KOMATSU_930E_AHS,1,42.52,9.5,18.05,0.625,0.02,5.8,0.15,0,2.06,1.52,1
DSTM-01556,D,KOMATSU_930E_AHS,1,23.52,10.94,66.29,0.539,0.073,2.5,0.15,0,10.07,9.49,0
DSTM-01557,E,KOMATSU_930E_AHS,1,28.29,11.68,34.19,0.959,0.052,18.7,0.15,0,3.94,3.58,1
DSTM-01558,C,KOMATSU_930E_AHS,1,26.87,7.32,146.09,0.945,0.045,5.8,0.15,0,18.24,17.86,0
DSTM-01559,C,CAT_797F_MANUAL,0,38.86,12.06,31.21,1.0,0.21,10.0,0.71,0,2.73,0.64,1
DSTM-01560,E,KOMATSU_930E_AHS,1,27.69,6.89,142.25,0.812,0.058,13.2,0.15,0,19.97,19.52,0
DSTM-01561,E,KOMATSU_930E_AHS,1,29.75,11.08,61.35,0.859,0.038,14.6,0.15,0,7.02,6.6,0
DSTM-01562,C,CAT_797F_MANUAL,0,27.7,8.67,21.34,0.81,0.416,7.9,15.0,0,2.62,0.18,1
DSTM-01563,E,KOMATSU_930E_AHS,1,30.53,11.16,139.15,0.876,0.076,1.1,0.15,0,17.1,16.68,0
DSTM-01564,E,CAMIONETA_4x4,0,42.85,10.05,72.66,0.913,0.025,3.7,3.03,0,6.26,4.75,0
DSTM-01565,D,CAT_797F_MANUAL,0,34.8,5.42,9.85,0.298,0.086,7.3,3.29,1,0.8,-0.88,1
DSTM-01566,C,CAT_797F_MANUAL,0,34.44,9.69,77.27,0.849,0.338,8.7,0.67,4,8.19,5.88,0
DSTM-01567,A,CAT_797F_MANUAL,0,41.28,9.0,55.09,0.709,0.104,7.8,5.37,0,5.1,3.46,1
DSTM-01568,A,CAMIONETA_4x4,0,43.58,10.35,7.74,0.605,0.169,7.7,1.28,3,0.87,-1.13,1
DSTM-01569,C,CAT_797F_MANUAL,0,28.4,5.65,138.54,0.782,0.318,10.3,2.15,1,19.42,17.36,0
DSTM-01570,C,CAMIONETA_4x4,0,44.12,9.08,59.64,0.91,0.19,8.2,5.11,2,5.19,3.36,1
DSTM-01571,B,PALA_PH_4100XPC,0,2.34,7.21,9.78,0.73,0.154,2.2,6.97,2,18.84,17.18,0
DSTM-01572,C,CAT_797F_MANUAL,0,23.56,8.24,2.0,0.772,0.142,8.2,5.31,2,1.08,-0.6,1
DSTM-01573,C,CAT_797F_MANUAL,0,26.1,6.65,21.78,0.815,0.207,9.2,3.11,0,2.56,0.7,1
DSTM-01574,D,CAT_797F_MANUAL,0,27.33,10.44,43.8,0.3,0.338,1.1,2.54,3,4.63,2.16,1
DSTM-01575,A,CAT_797F_MANUAL,0,44.86,10.02,66.92,0.627,0.033,11.4,4.28,2,5.38,3.69,1
DSTM-01576,A,KOMATSU_930E_AHS,1,35.69,11.02,52.37,0.725,0.02,6.9,0.15,0,5.66,5.17,0
DSTM-01577,D,CAT_797F_MANUAL,0,33.24,10.96,41.45,0.59,0.337,6.5,9.11,2,4.27,1.87,1
DSTM-01578,D,CAMIONETA_4x4,0,41.82,8.25,84.59,0.543,0.077,7.4,2.59,2,7.74,6.05,0
DSTM-01579,E,KOMATSU_930E_AHS,1,28.55,4.36,38.11,0.934,0.063,3.7,0.15,0,4.51,4.12,0
DSTM-01580,E,KOMATSU_930E_AHS,1,23.42,7.71,148.11,0.949,0.042,18.5,0.15,0,24.72,24.36,0
DSTM-01581,E,CAMIONETA_4x4,0,32.37,8.5,40.81,0.953,0.266,5.3,6.29,1,5.71,3.63,1
DSTM-01582,B,CAT_797F_MANUAL,0,16.9,4.16,35.9,0.766,0.206,7.8,7.1,0,8.84,6.97,0
DSTM-01583,B,CAT_797F_MANUAL,0,15.83,4.44,27.21,0.869,0.231,1.9,0.49,2,6.15,4.32,0
DSTM-01584,B,CAT_797F_MANUAL,0,13.63,4.42,10.5,0.841,0.067,1.1,1.9,0,4.45,2.95,1
DSTM-01585,C,CAT_797F_MANUAL,0,34.79,6.65,28.12,0.824,0.279,11.6,11.27,1,2.95,0.89,1
DSTM-01586,E,CAMIONETA_4x4,0,23.94,4.88,41.85,0.953,0.195,2.6,6.5,1,7.05,5.34,0
DSTM-01587,B,CAMIONETA_4x4,0,27.1,4.42,12.83,0.872,0.12,8.3,4.83,0,1.58,-0.04,1
DSTM-01588,C,KOMATSU_930E_AHS,1,31.74,10.29,95.28,0.995,0.033,17.1,0.15,0,10.57,10.22,0
DSTM-01589,B,PALA_PH_4100XPC,0,0.29,5.75,17.42,0.959,0.11,10.1,2.33,2,17.5,16.04,0
DSTM-01590,A,CAT_797F_MANUAL,0,47.59,13.0,128.36,0.79,0.046,4.7,0.69,1,9.74,7.89,0
DSTM-01591,A,CAT_797F_MANUAL,0,49.06,12.99,158.57,0.683,0.07,9.2,7.67,3,11.55,9.71,0
DSTM-01592,A,CAT_797F_MANUAL,0,43.46,11.22,60.57,0.647,0.151,8.2,7.56,2,4.76,2.7,1
DSTM-01593,E,KOMATSU_930E_AHS,1,23.47,9.7,101.85,1.0,0.057,10.8,0.15,0,13.73,13.37,0
DSTM-01594,B,PALA_PH_4100XPC,0,1.42,5.57,88.13,0.966,0.462,3.2,1.9,2,102.36,99.94,0
DSTM-01595,D,KOMATSU_930E_AHS,1,18.73,11.95,181.56,0.329,0.044,11.3,0.15,0,32.23,31.54,0
DSTM-01596,D,CAMIONETA_4x4,0,31.27,3.98,87.87,0.268,0.144,5.8,3.45,3,9.48,7.49,0
DSTM-01597,A,CAT_797F_MANUAL,0,37.72,14.08,12.99,0.682,0.057,11.2,3.14,0,1.45,-0.45,1
DSTM-01598,A,KOMATSU_930E_AHS,1,28.9,4.66,50.99,0.78,0.02,20.8,0.15,0,7.45,6.98,0
DSTM-01599,D,KOMATSU_930E_AHS,1,24.56,9.35,29.69,0.363,0.048,13.2,0.15,0,4.46,3.79,1
DSTM-01600,B,CAT_797F_MANUAL,0,24.13,4.32,5.13,0.825,0.094,5.0,5.54,4,0.92,-0.68,1
DSTM-01601,E,CAMIONETA_4x4,0,26.34,5.69,70.4,0.871,0.131,6.3,3.99,0,8.48,6.85,0
DSTM-01602,A,CAT_797F_MANUAL,0,50.85,11.87,31.38,0.659,0.035,11.1,12.74,0,2.16,0.4,1
DSTM-01603,D,CAT_797F_MANUAL,0,28.18,10.82,29.04,0.337,0.128,3.9,5.07,0,3.07,1.05,1
DSTM-01604,D,CAT_797F_MANUAL,0,29.76,8.6,90.92,0.476,0.207,8.7,4.72,0,12.36,10.2,0
DSTM-01605,A,CAT_797F_MANUAL,0,38.03,11.67,10.93,0.793,0.11,10.9,2.72,0,1.18,-0.79,1
DSTM-01606,B,CAT_797F_MANUAL,0,11.5,4.42,10.88,0.72,0.145,1.2,1.63,3,1.56,-0.04,1
DSTM-01607,E,KOMATSU_930E_AHS,1,30.0,8.96,187.61,0.913,0.041,19.3,0.15,0,22.99,22.59,0
DSTM-01608,B,CAMIONETA_4x4,0,43.64,3.11,26.41,0.881,0.244,5.2,14.79,2,2.24,0.25,1
DSTM-01609,B,CAT_797F_MANUAL,0,17.18,4.65,15.61,0.768,0.283,1.5,1.62,1,3.1,1.06,1
DSTM-01610,B,CAT_797F_MANUAL,0,8.7,1.31,8.42,0.932,0.122,6.0,0.41,1,3.44,1.87,1
DSTM-01611,B,CAT_797F_MANUAL,0,8.23,2.73,14.17,0.93,0.117,7.4,1.13,3,4.38,2.82,1
DSTM-01612,D,CAT_797F_MANUAL,0,32.37,4.29,42.57,0.318,0.142,3.8,6.98,0,5.02,3.15,1
DSTM-01613,D,CAT_797F_MANUAL,0,37.24,8.13,42.64,0.477,0.064,2.7,9.59,2,4.04,2.21,1
DSTM-01614,B,PALA_PH_4100XPC,0,1.38,2.23,39.08,0.88,0.052,7.9,3.2,2,61.62,60.24,0
DSTM-01615,D,KOMATSU_930E_AHS,1,28.12,4.07,9.43,0.467,0.038,23.7,0.15,0,1.61,1.0,1
DSTM-01616,A,CAMIONETA_4x4,0,35.84,10.75,34.17,0.818,0.053,11.3,1.64,0,3.79,2.15,1
DSTM-01617,A,KOMATSU_930E_AHS,1,30.63,8.13,41.56,0.604,0.072,10.3,0.15,0,4.87,4.29,0
DSTM-01618,C,KOMATSU_930E_AHS,1,28.66,6.53,9.97,0.98,0.075,9.7,0.15,0,1.56,1.19,1
DSTM-01619,E,CAMIONETA_4x4,0,42.34,8.25,71.24,0.866,0.223,2.4,4.09,2,5.95,4.14,0
DSTM-01620,A,CAT_797F_MANUAL,0,44.2,9.89,68.6,0.675,0.065,5.5,2.73,0,5.48,3.67,1
DSTM-01621,A,KOMATSU_930E_AHS,1,33.49,11.56,182.76,0.727,0.058,16.9,0.15,0,19.84,19.33,0
DSTM-01622,C,KOMATSU_930E_AHS,1,21.67,9.09,23.65,1.0,0.069,1.8,0.15,0,3.84,3.48,1
DSTM-01623,D,CAMIONETA_4x4,0,40.63,2.68,65.86,0.469,0.201,7.2,2.09,3,5.68,3.67,1
DSTM-01624,A,CAMIONETA_4x4,0,39.17,13.35,24.35,0.825,0.228,9.0,15.0,0,1.49,-0.74,1
DSTM-01625,B,PALA_PH_4100XPC,0,0.53,3.52,15.88,0.778,0.081,5.2,0.95,0,30.87,29.43,0
DSTM-01626,D,CAT_797F_MANUAL,0,36.97,7.91,78.38,0.34,0.233,1.8,3.2,3,7.41,5.2,0
DSTM-01627,B,CAT_797F_MANUAL,0,18.68,5.54,149.96,0.866,0.072,2.0,2.22,2,26.98,25.62,0
DSTM-01628,A,CAT_797F_MANUAL,0,37.41,15.3,62.26,0.673,0.247,1.4,4.84,0,5.87,3.37,1
DSTM-01629,A,CAT_797F_MANUAL,0,40.89,11.92,51.92,0.825,0.226,9.4,11.15,3,4.13,2.01,1
DSTM-01630,B,PALA_PH_4100XPC,0,4.33,2.85,3.46,0.775,0.191,9.0,1.93,2,5.12,3.38,1
DSTM-01631,C,CAMIONETA_4x4,0,31.85,10.67,142.23,0.831,0.315,8.7,2.69,2,14.13,11.71,0
DSTM-01632,E,KOMATSU_930E_AHS,1,40.1,9.34,45.16,0.824,0.06,10.1,0.15,0,4.29,3.83,1
DSTM-01633,C,KOMATSU_930E_AHS,1,19.24,7.13,28.82,0.826,0.037,14.6,0.15,0,5.85,5.43,0
DSTM-01634,D,CAMIONETA_4x4,0,47.28,8.77,25.6,0.504,0.118,4.0,3.21,2,1.64,-0.15,1
DSTM-01635,E,KOMATSU_930E_AHS,1,17.69,8.76,16.19,0.926,0.042,7.7,0.15,0,2.62,2.25,1
DSTM-01636,B,PALA_PH_4100XPC,0,2.93,1.63,73.3,0.981,0.188,9.5,3.37,1,146.95,145.25,0
DSTM-01637,B,CAT_797F_MANUAL,0,17.91,3.14,26.5,0.858,0.079,10.3,1.74,1,4.43,2.93,1
DSTM-01638,E,KOMATSU_930E_AHS,1,27.1,10.4,98.02,0.985,0.048,2.9,0.15,0,14.04,13.69,0
DSTM-01639,A,CAT_797F_MANUAL,0,39.64,10.03,67.28,0.58,0.614,6.4,1.47,6,5.96,2.85,1
DSTM-01640,D,CAMIONETA_4x4,0,28.48,9.37,18.81,0.253,0.432,2.4,10.09,5,2.86,0.03,1
DSTM-01641,D,CAT_797F_MANUAL,0,35.69,6.62,7.81,0.411,0.146,1.5,4.2,0,1.01,-0.74,1
DSTM-01642,A,KOMATSU_930E_AHS,1,42.33,9.34,27.82,0.699,0.039,22.0,0.15,0,2.51,2.0,1
DSTM-01643,C,CAT_797F_MANUAL,0,31.22,5.89,53.88,0.851,0.216,10.6,3.74,1,6.07,4.2,0
DSTM-01644,A,CAT_797F_MANUAL,0,46.87,9.06,95.48,0.613,0.175,1.6,4.54,2,7.51,5.52,0
DSTM-01645,A,KOMATSU_930E_AHS,1,31.93,9.5,106.07,0.661,0.059,23.0,0.15,0,12.65,12.12,0
DSTM-01646,C,CAT_797F_MANUAL,0,34.51,5.57,28.54,0.794,0.094,11.6,4.22,2,2.94,1.32,1
DSTM-01647,B,CAMIONETA_4x4,0,37.54,2.08,27.34,0.791,0.163,6.4,2.57,0,2.62,1.01,1
DSTM-01648,D,CAT_797F_MANUAL,0,33.64,7.93,81.1,0.292,0.095,3.1,4.05,1,7.78,5.93,0
DSTM-01649,E,CAMIONETA_4x4,0,30.9,11.18,32.5,0.833,0.091,2.7,3.22,0,3.53,1.84,1
DSTM-01650,D,CAT_797F_MANUAL,0,32.15,9.21,32.04,0.177,0.239,4.9,4.09,1,4.06,1.83,1
DSTM-01651,B,CAMIONETA_4x4,0,38.1,4.16,83.58,0.943,0.057,7.2,9.64,1,8.4,7.1,0
DSTM-01652,B,CAT_797F_MANUAL,0,16.8,3.25,104.91,0.756,0.125,6.4,5.95,0,25.61,23.99,0
DSTM-01653,B,CAT_797F_MANUAL,0,14.79,7.87,37.25,0.951,0.196,4.8,5.2,1,9.18,7.36,0
DSTM-01654,A,CAT_797F_MANUAL,0,45.8,13.07,39.76,0.807,0.104,6.5,9.31,3,3.08,1.17,1
DSTM-01655,E,CAMIONETA_4x4,0,41.49,11.98,15.27,0.718,0.449,5.0,5.31,1,1.31,-1.5,1
DSTM-01656,B,PALA_PH_4100XPC,0,4.35,3.38,26.06,0.818,0.202,10.3,1.18,2,19.2,17.34,0
DSTM-01657,A,CAT_797F_MANUAL,0,47.58,10.63,75.83,0.648,0.256,3.7,6.48,2,5.84,3.63,1
DSTM-01658,D,CAT_797F_MANUAL,0,32.89,11.19,9.15,0.332,0.426,4.1,2.92,3,0.81,-2.01,1
DSTM-01659,B,CAT_797F_MANUAL,0,16.84,0.7,54.6,0.973,0.021,4.8,4.24,2,11.73,10.37,0
DSTM-01660,A,KOMATSU_930E_AHS,1,35.45,14.33,200.0,0.722,0.038,4.4,0.15,0,19.71,19.21,0
DSTM-01661,A,KOMATSU_930E_AHS,1,43.28,10.65,12.99,0.79,0.03,3.3,0.15,0,1.09,0.6,1
DSTM-01662,C,CAT_797F_MANUAL,0,30.25,11.06,90.04,0.879,0.374,8.7,7.55,2,10.44,8.09,0
DSTM-01663,D,CAT_797F_MANUAL,0,37.28,2.9,34.71,0.463,0.16,9.1,4.17,0,4.2,2.19,1
DSTM-01664,A,CAT_797F_MANUAL,0,47.94,11.2,46.13,0.785,0.141,2.7,7.0,0,3.9,2.1,1
DSTM-01665,E,CAMIONETA_4x4,0,41.31,9.1,44.46,1.0,0.1,4.4,1.08,3,3.82,2.3,1
DSTM-01666,E,KOMATSU_930E_AHS,1,21.56,8.0,9.68,0.733,0.02,9.3,0.15,0,1.64,1.18,1
DSTM-01667,D,CAT_797F_MANUAL,0,37.65,6.21,38.83,0.262,0.08,6.0,3.64,1,3.67,1.86,1
DSTM-01668,A,CAMIONETA_4x4,0,57.18,9.83,126.91,0.616,0.097,9.7,1.99,1,7.49,5.7,0
DSTM-01669,A,CAT_797F_MANUAL,0,33.25,9.94,197.53,0.745,0.045,10.1,0.57,0,20.62,19.0,0
DSTM-01670,E,KOMATSU_930E_AHS,1,29.22,11.2,113.47,0.94,0.043,10.0,0.15,0,15.08,14.71,0
DSTM-01671,B,CAT_797F_MANUAL,0,10.87,0.5,2.26,0.743,0.286,8.6,3.53,1,1.7,-0.2,1
DSTM-01672,C,CAT_797F_MANUAL,0,33.55,15.43,131.89,0.963,0.117,8.9,4.46,2,15.51,13.46,0
DSTM-01673,D,CAT_797F_MANUAL,0,30.38,5.69,162.15,0.572,0.028,6.7,3.87,1,23.1,21.54,0
DSTM-01674,A,CAT_797F_MANUAL,0,40.83,10.05,74.2,0.608,0.063,2.1,0.75,2,6.39,4.7,0
DSTM-01675,D,KOMATSU_930E_AHS,1,35.63,11.18,57.36,0.267,0.02,10.4,0.15,0,5.64,4.95,0
DSTM-01676,E,KOMATSU_930E_AHS,1,20.85,11.43,29.99,0.762,0.068,4.3,0.15,0,4.32,3.85,1
DSTM-01677,D,CAT_797F_MANUAL,0,32.91,6.53,25.82,0.448,0.224,11.3,9.84,2,2.64,0.66,1
DSTM-01678,B,PALA_PH_4100XPC,0,3.54,2.95,34.12,1.0,0.133,8.8,1.74,2,41.54,40.12,0
DSTM-01679,E,CAMIONETA_4x4,0,43.49,8.04,18.31,0.974,0.066,8.2,1.66,3,2.11,0.69,1
DSTM-01680,C,CAT_797F_MANUAL,0,29.04,4.06,24.05,0.762,0.108,10.1,3.34,1,2.05,0.45,1
DSTM-01681,D,CAT_797F_MANUAL,0,30.97,8.02,48.96,0.537,0.188,1.6,7.79,1,5.97,4.04,0
DSTM-01682,D,CAT_797F_MANUAL,0,42.63,7.75,90.73,0.415,0.093,1.3,1.54,2,7.4,5.75,0
DSTM-01683,D,KOMATSU_930E_AHS,1,25.81,8.21,12.91,0.587,0.052,16.0,0.15,0,2.73,2.17,1
DSTM-01684,B,PALA_PH_4100XPC,0,2.79,4.19,4.09,0.889,0.213,9.2,3.49,2,5.18,3.4,1
DSTM-01685,A,CAT_797F_MANUAL,0,27.12,9.88,34.29,0.8,0.065,3.0,4.01,4,4.57,2.93,1
DSTM-01686,A,KOMATSU_930E_AHS,1,37.8,11.66,10.76,0.744,0.062,21.6,0.15,0,1.07,0.59,1
DSTM-01687,C,KOMATSU_930E_AHS,1,26.68,4.0,39.87,0.922,0.041,12.0,0.15,0,6.09,5.71,0
DSTM-01688,C,CAT_797F_MANUAL,0,28.38,7.94,40.01,0.998,0.522,10.8,5.56,0,4.73,2.07,1
DSTM-01689,C,CAT_797F_MANUAL,0,23.8,8.58,59.53,0.848,0.54,10.9,4.35,2,8.17,5.34,0
DSTM-01690,B,PALA_PH_4100XPC,0,6.95,3.79,19.11,0.863,0.097,9.6,4.46,2,12.78,11.2,0
DSTM-01691,D,CAT_797F_MANUAL,0,24.64,10.24,25.25,0.478,0.345,8.0,2.73,2,2.89,0.35,1
DSTM-01692,E,KOMATSU_930E_AHS,1,31.47,9.57,29.05,0.8,0.035,19.6,0.15,0,3.01,2.58,1
DSTM-01693,A,CAT_797F_MANUAL,0,34.34,7.88,92.25,0.794,0.314,9.7,6.11,0,9.06,6.98,0
DSTM-01694,D,CAMIONETA_4x4,0,37.92,8.21,35.82,0.462,0.038,11.5,2.13,2,2.95,1.35,1
DSTM-01695,D,CAT_797F_MANUAL,0,30.22,5.02,47.59,0.332,0.19,2.7,1.98,4,5.96,4.0,1
DSTM-01696,C,CAMIONETA_4x4,0,34.11,9.94,30.13,0.79,0.261,8.3,1.04,2,2.72,0.52,1
DSTM-01697,A,KOMATSU_930E_AHS,1,30.99,11.01,19.65,0.75,0.093,18.8,0.15,0,2.75,2.28,1
DSTM-01698,D,CAT_797F_MANUAL,0,39.53,4.14,111.05,0.26,0.143,4.3,6.53,6,9.52,7.67,0
DSTM-01699,E,KOMATSU_930E_AHS,1,29.11,8.95,84.85,0.906,0.063,2.4,0.15,0,10.4,9.98,0
DSTM-01700,D,KOMATSU_930E_AHS,1,35.29,9.83,45.96,0.368,0.068,21.5,0.15,0,4.91,4.26,0
DSTM-01701,E,CAMIONETA_4x4,0,36.71,5.52,14.49,0.94,0.068,9.0,1.74,1,1.65,0.18,1
DSTM-01702,E,CAMIONETA_4x4,0,43.12,10.05,17.34,0.779,0.054,2.1,2.21,1,2.0,0.33,1
DSTM-01703,B,CAT_797F_MANUAL,0,15.24,5.09,19.29,1.0,0.115,3.1,6.13,2,5.84,4.32,0
DSTM-01704,C,KOMATSU_930E_AHS,1,27.89,8.51,50.09,0.962,0.02,1.3,0.15,0,6.12,5.76,0
DSTM-01705,C,CAT_797F_MANUAL,0,29.54,5.61,35.09,0.956,0.338,10.7,3.85,5,4.55,2.44,1
DSTM-01706,E,KOMATSU_930E_AHS,1,25.02,7.89,19.81,0.886,0.107,5.0,0.15,0,2.39,2.0,1
DSTM-01707,A,CAT_797F_MANUAL,0,39.65,11.51,31.44,0.804,0.215,9.5,7.46,1,2.98,0.84,1
DSTM-01708,B,PALA_PH_4100XPC,0,2.89,2.55,44.73,0.808,0.078,10.5,3.0,0,48.7,47.29,0
DSTM-01709,E,KOMATSU_930E_AHS,1,23.57,12.76,36.08,0.824,0.087,6.9,0.15,0,6.1,5.65,0
DSTM-01710,B,CAT_797F_MANUAL,0,12.57,3.19,40.13,0.899,0.433,1.9,1.98,3,12.83,10.45,0
DSTM-01711,D,CAMIONETA_4x4,0,44.09,10.12,30.01,0.543,0.089,4.2,3.41,1,2.62,0.82,1
DSTM-01712,B,PALA_PH_4100XPC,0,1.84,4.26,4.13,0.742,0.119,3.4,15.0,1,5.47,3.82,1
DSTM-01713,E,CAMIONETA_4x4,0,44.75,9.15,90.56,1.0,0.063,1.3,3.94,0,7.2,5.8,0
DSTM-01714,E,KOMATSU_930E_AHS,1,36.21,11.63,28.24,0.817,0.062,10.4,0.15,0,2.62,2.18,1
DSTM-01715,B,PALA_PH_4100XPC,0,1.56,3.07,41.61,0.831,0.25,1.8,8.0,0,44.28,42.46,0
DSTM-01716,D,CAT_797F_MANUAL,0,35.17,10.9,67.83,0.444,0.196,8.4,12.3,1,6.3,4.15,0
DSTM-01717,B,PALA_PH_4100XPC,0,2.0,4.52,12.08,0.93,0.194,2.2,3.82,1,15.38,13.71,0
DSTM-01718,C,CAMIONETA_4x4,0,40.44,7.88,34.48,0.926,0.109,11.6,2.98,0,3.55,1.98,1
DSTM-01719,D,KOMATSU_930E_AHS,1,22.9,9.19,17.51,0.216,0.02,4.6,0.15,0,3.81,3.07,1
DSTM-01720,D,CAT_797F_MANUAL,0,44.39,7.42,13.62,0.568,0.408,3.3,7.05,0,1.23,-1.19,1
DSTM-01721,A,CAT_797F_MANUAL,0,49.9,8.01,23.74,0.759,0.061,7.2,2.94,3,1.79,0.27,1
DSTM-01722,A,CAT_797F_MANUAL,0,46.39,11.45,90.2,0.736,0.159,3.5,4.15,3,6.99,5.01,0
DSTM-01723,D,CAT_797F_MANUAL,0,29.54,8.83,52.97,0.202,0.196,10.1,5.3,1,6.87,4.76,0
DSTM-01724,C,CAT_797F_MANUAL,0,34.17,7.96,12.53,0.803,0.406,12.0,2.53,4,1.76,-0.56,1
DSTM-01725,C,CAT_797F_MANUAL,0,31.8,8.05,80.37,0.983,0.397,9.9,3.75,2,8.66,6.47,0
DSTM-01726,A,CAMIONETA_4x4,0,44.61,4.38,16.06,0.858,0.171,2.7,5.23,2,1.08,-0.57,1
DSTM-01727,B,PALA_PH_4100XPC,0,0.0,4.82,9.72,0.939,0.066,8.0,4.21,5,21.89,20.48,0
DSTM-01728,E,KOMATSU_930E_AHS,1,38.44,8.95,66.14,0.872,0.035,23.9,0.15,0,6.87,6.46,0
DSTM-01729,A,CAT_797F_MANUAL,0,41.3,6.68,106.56,0.677,0.214,5.9,9.75,3,9.26,7.46,0
DSTM-01730,B,PALA_PH_4100XPC,0,4.88,3.22,32.13,0.849,0.05,8.1,1.95,2,32.24,30.86,0
DSTM-01731,E,KOMATSU_930E_AHS,1,25.43,4.68,37.63,0.801,0.057,8.4,0.15,0,5.53,5.07,0
DSTM-01732,A,CAMIONETA_4x4,0,56.55,9.87,80.97,0.564,0.02,4.5,5.45,0,5.25,3.55,1
DSTM-01733,D,CAT_797F_MANUAL,0,35.63,7.65,10.02,0.202,0.053,3.4,1.36,2,1.05,-0.7,1
DSTM-01734,B,CAT_797F_MANUAL,0,12.67,3.82,7.45,0.998,0.245,9.9,3.12,1,3.21,1.39,1
DSTM-01735,E,CAMIONETA_4x4,0,44.11,10.89,26.83,0.959,0.05,8.5,1.63,2,1.85,0.2,1
DSTM-01736,D,CAMIONETA_4x4,0,37.25,11.47,32.29,0.479,0.184,2.6,2.18,1,2.82,0.71,1
DSTM-01737,E,CAMIONETA_4x4,0,44.58,12.2,67.02,0.939,0.232,9.4,2.03,3,5.3,3.19,1
DSTM-01738,A,KOMATSU_930E_AHS,1,28.91,10.77,66.64,0.566,0.02,16.4,0.15,0,6.81,6.24,0
DSTM-01739,C,CAT_797F_MANUAL,0,39.41,8.41,24.5,0.971,0.115,9.1,5.26,2,2.51,0.88,1
DSTM-01740,D,CAT_797F_MANUAL,0,26.81,8.92,11.14,0.526,0.253,3.1,1.31,0,1.36,-0.77,1
DSTM-01741,A,CAT_797F_MANUAL,0,39.36,6.42,78.04,0.852,0.032,4.2,3.79,0,7.22,5.81,0
DSTM-01742,A,CAT_797F_MANUAL,0,50.17,7.61,45.41,0.666,0.185,8.4,1.66,1,3.04,1.31,1
DSTM-01743,A,KOMATSU_930E_AHS,1,28.21,7.71,60.07,0.569,0.062,4.9,0.15,0,7.42,6.86,0
DSTM-01744,E,KOMATSU_930E_AHS,1,24.67,7.95,35.37,1.0,0.106,12.5,0.15,0,6.24,5.89,0
DSTM-01745,D,CAT_797F_MANUAL,0,39.73,13.55,5.35,0.423,0.143,3.0,4.34,1,0.65,-1.64,1
DSTM-01746,C,CAT_797F_MANUAL,0,24.59,10.53,200.0,0.907,0.566,9.2,9.24,3,28.09,25.19,0
DSTM-01747,D,CAT_797F_MANUAL,0,32.11,5.34,7.14,0.573,0.226,3.0,0.64,0,0.59,-1.42,1
DSTM-01748,C,CAT_797F_MANUAL,0,28.74,7.33,30.29,0.914,0.231,9.2,3.85,0,3.92,2.01,1
DSTM-01749,C,CAT_797F_MANUAL,0,37.51,8.67,28.57,0.898,0.224,10.9,0.9,2,3.04,1.11,1
DSTM-01750,B,PALA_PH_4100XPC,0,6.25,3.19,22.15,0.727,0.262,11.2,7.09,2,35.46,33.59,0
DSTM-01751,C,KOMATSU_930E_AHS,1,18.29,12.22,41.92,1.0,0.042,12.4,0.15,0,7.36,7.01,0
DSTM-01752,A,CAT_797F_MANUAL,0,56.29,8.7,31.27,0.617,0.024,5.1,4.14,1,2.0,0.35,1
DSTM-01753,E,CAMIONETA_4x4,0,50.66,7.42,51.92,0.951,0.338,10.8,11.8,0,3.71,1.68,1
DSTM-01754,D,CAT_797F_MANUAL,0,23.03,8.12,52.73,0.499,0.073,10.8,0.38,2,7.59,5.94,0
DSTM-01755,B,CAT_797F_MANUAL,0,19.33,2.52,46.95,0.792,0.153,3.4,4.43,2,8.88,7.07,0
DSTM-01756,C,CAMIONETA_4x4,0,26.34,4.81,23.56,0.912,0.151,7.9,1.77,3,2.72,1.04,1
DSTM-01757,A,KOMATSU_930E_AHS,1,41.98,6.3,47.71,0.678,0.051,1.7,0.15,0,4.14,3.62,1
DSTM-01758,E,KOMATSU_930E_AHS,1,31.3,10.1,7.14,0.98,0.02,9.5,0.15,0,1.19,0.84,1
DSTM-01759,E,CAMIONETA_4x4,0,37.9,5.55,31.6,0.818,0.093,9.4,2.38,0,2.34,0.79,1
DSTM-01760,E,KOMATSU_930E_AHS,1,29.64,5.92,56.08,0.938,0.086,11.3,0.15,0,7.66,7.26,0
DSTM-01761,B,PALA_PH_4100XPC,0,4.96,1.62,12.31,0.792,0.072,2.7,13.23,2,30.34,28.87,0
DSTM-01762,A,CAT_797F_MANUAL,0,46.09,9.63,196.15,0.734,0.075,9.8,3.61,1,15.63,13.94,0
DSTM-01763,A,CAT_797F_MANUAL,0,28.62,12.11,77.05,0.594,0.266,1.3,13.4,2,9.67,7.32,0
DSTM-01764,A,CAT_797F_MANUAL,0,34.83,14.34,163.69,0.774,0.143,8.8,12.85,3,16.5,14.34,0
DSTM-01765,A,CAT_797F_MANUAL,0,45.42,15.83,164.85,0.743,0.263,9.4,9.68,3,13.35,10.84,0
DSTM-01766,A,CAMIONETA_4x4,0,48.53,9.46,200.0,0.702,0.19,9.7,2.92,0,14.52,12.64,0
DSTM-01767,E,KOMATSU_930E_AHS,1,16.07,14.87,42.24,0.977,0.051,1.0,0.15,0,8.46,8.09,0
DSTM-01768,A,CAMIONETA_4x4,0,38.66,9.5,74.22,0.601,0.098,5.6,7.51,1,6.73,4.89,0
DSTM-01769,A,CAT_797F_MANUAL,0,40.94,5.87,26.96,0.623,0.061,6.6,1.59,1,2.95,1.4,1
DSTM-01770,D,CAT_797F_MANUAL,0,31.25,12.04,27.33,0.33,0.185,4.6,3.79,3,3.31,1.01,1
DSTM-01771,C,CAT_797F_MANUAL,0,19.9,4.09,57.28,0.896,0.303,9.6,5.73,2,11.7,9.69,0
DSTM-01772,D,CAMIONETA_4x4,0,32.11,8.89,24.26,0.482,0.072,7.3,5.55,0,2.78,0.98,1
DSTM-01773,C,CAT_797F_MANUAL,0,31.6,5.09,8.84,0.83,0.366,7.9,5.89,0,0.86,-1.31,1
DSTM-01774,E,KOMATSU_930E_AHS,1,25.88,6.83,192.77,0.828,0.025,5.1,0.15,0,25.39,24.96,0
DSTM-01775,C,KOMATSU_930E_AHS,1,29.18,11.13,117.18,0.811,0.108,7.9,0.15,0,13.64,13.2,0
DSTM-01776,C,CAT_797F_MANUAL,0,37.01,3.55,83.32,1.0,0.415,9.7,6.35,4,8.42,6.21,0
DSTM-01777,D,CAMIONETA_4x4,0,26.91,10.69,87.64,0.5,0.074,3.1,5.15,3,10.0,8.12,0
DSTM-01778,B,CAT_797F_MANUAL,0,17.93,3.36,118.52,0.911,0.382,8.4,5.13,3,24.46,22.19,0
DSTM-01779,B,CAT_797F_MANUAL,0,13.72,2.0,8.22,0.828,0.273,5.9,3.73,0,2.63,0.72,1
DSTM-01780,C,CAMIONETA_4x4,0,27.59,6.71,15.99,0.851,0.084,10.3,3.44,2,2.01,0.49,1
DSTM-01781,A,CAT_797F_MANUAL,0,43.65,9.57,10.14,0.758,0.261,8.8,3.87,2,1.01,-1.11,1
DSTM-01782,D,CAT_797F_MANUAL,0,29.62,6.07,104.43,0.332,0.285,4.8,7.05,3,14.14,11.87,0
DSTM-01783,B,PALA_PH_4100XPC,0,2.44,9.21,45.55,0.813,0.137,9.0,4.55,0,83.82,81.95,0
DSTM-01784,A,KOMATSU_930E_AHS,1,36.66,12.98,103.19,0.749,0.089,19.5,0.15,0,9.99,9.5,0
DSTM-01785,A,CAT_797F_MANUAL,0,49.09,9.86,42.07,0.756,0.37,3.1,3.05,1,3.23,0.85,1
DSTM-01786,D,CAT_797F_MANUAL,0,40.67,10.25,8.44,0.286,0.39,7.8,3.26,1,0.79,-1.96,1
DSTM-01787,B,CAT_797F_MANUAL,0,14.7,1.03,26.26,0.783,0.28,2.4,6.46,1,7.2,5.32,0
DSTM-01788,D,CAT_797F_MANUAL,0,23.75,11.69,57.63,0.462,0.188,3.8,5.16,1,8.29,6.1,0
DSTM-01789,E,KOMATSU_930E_AHS,1,26.24,8.27,52.79,0.971,0.08,23.7,0.15,0,6.57,6.17,0
DSTM-01790,A,CAMIONETA_4x4,0,39.03,10.64,18.24,0.638,0.063,7.4,2.7,1,1.49,-0.44,1
DSTM-01791,D,CAMIONETA_4x4,0,47.04,5.84,8.97,0.546,0.136,8.7,2.22,1,0.72,-1.09,1
DSTM-01792,B,CAT_797F_MANUAL,0,18.56,2.07,27.29,0.863,0.085,3.5,3.02,0,5.14,3.65,1
DSTM-01793,A,CAT_797F_MANUAL,0,40.3,9.83,36.53,0.633,0.196,5.6,4.02,2,3.2,1.11,1
DSTM-01794,D,CAMIONETA_4x4,0,31.15,7.36,18.58,0.498,0.116,5.2,1.42,2,1.75,-0.1,1
DSTM-01795,E,CAMIONETA_4x4,0,42.73,5.98,140.96,0.795,0.047,4.9,5.56,1,11.91,10.49,0
DSTM-01796,B,CAT_797F_MANUAL,0,12.04,4.04,18.56,0.949,0.148,7.2,3.84,3,4.3,2.69,1
DSTM-01797,C,CAT_797F_MANUAL,0,29.19,13.26,31.96,0.936,0.332,10.9,4.74,1,3.47,0.97,1
DSTM-01798,B,CAT_797F_MANUAL,0,19.58,4.53,14.37,0.814,0.082,6.9,3.17,1,3.46,1.93,1
DSTM-01799,C,KOMATSU_930E_AHS,1,31.85,8.36,13.53,0.813,0.076,3.0,0.15,0,1.4,0.95,1
DSTM-01800,C,CAT_797F_MANUAL,0,37.39,8.76,30.63,0.829,0.069,9.1,1.4,2,3.14,1.49,1
DSTM-01801,C,KOMATSU_930E_AHS,1,32.22,6.07,47.11,0.881,0.051,22.3,0.15,0,5.29,4.88,0
DSTM-01802,C,CAT_797F_MANUAL,0,39.41,7.89,78.24,0.88,0.073,10.8,2.57,0,7.01,5.52,0
DSTM-01803,A,CAMIONETA_4x4,0,43.37,9.1,10.68,0.653,0.086,8.2,3.48,2,0.94,-0.84,1
DSTM-01804,D,KOMATSU_930E_AHS,1,24.47,9.88,36.27,0.474,0.02,8.7,0.15,0,5.4,4.78,0
DSTM-01805,D,CAMIONETA_4x4,0,44.64,11.14,10.1,0.161,0.103,2.5,0.79,1,0.6,-1.45,1
DSTM-01806,D,CAT_797F_MANUAL,0,48.0,7.17,29.29,0.466,0.088,4.6,4.09,0,2.23,0.48,1
DSTM-01807,A,CAMIONETA_4x4,0,47.02,10.65,84.08,0.748,0.091,5.0,2.21,2,6.08,4.3,0
DSTM-01808,B,CAT_797F_MANUAL,0,13.02,2.53,11.12,0.912,0.243,10.2,6.99,4,3.09,1.41,1
DSTM-01809,B,CAT_797F_MANUAL,0,16.98,3.02,91.15,0.747,0.065,9.4,4.64,1,23.59,22.13,0
DSTM-01810,A,CAT_797F_MANUAL,0,28.34,9.37,64.56,0.72,0.052,6.5,5.25,3,8.67,7.06,0
DSTM-01811,A,CAT_797F_MANUAL,0,40.6,12.09,82.69,0.643,0.276,1.3,4.85,0,7.19,4.76,0
DSTM-01812,B,CAT_797F_MANUAL,0,12.83,0.45,7.52,0.942,0.461,5.2,4.27,1,3.52,1.16,1
DSTM-01813,D,KOMATSU_930E_AHS,1,37.05,7.43,28.5,0.316,0.047,6.5,0.15,0,3.12,2.42,1
DSTM-01814,A,CAT_797F_MANUAL,0,35.8,9.85,93.19,0.781,0.183,6.9,15.0,1,9.23,7.25,0
DSTM-01815,D,CAMIONETA_4x4,0,31.83,8.79,57.68,0.319,0.181,4.4,1.51,1,6.68,4.44,0
DSTM-01816,C,CAT_797F_MANUAL,0,33.89,11.33,16.63,0.831,0.534,7.6,1.37,3,1.55,-1.25,1
DSTM-01817,D,CAT_797F_MANUAL,0,26.27,9.82,24.89,0.381,0.202,7.5,3.89,1,3.29,1.09,1
DSTM-01818,C,CAT_797F_MANUAL,0,29.8,6.22,120.08,0.898,0.421,9.4,4.76,3,15.57,13.2,0
DSTM-01819,C,CAT_797F_MANUAL,0,23.51,9.94,29.2,0.941,0.318,10.5,1.93,2,4.14,2.08,1
DSTM-01820,C,CAT_797F_MANUAL,0,35.44,7.99,149.56,0.847,0.29,11.9,11.36,0,15.99,14.05,0
DSTM-01821,E,KOMATSU_930E_AHS,1,27.99,6.84,44.3,0.918,0.027,19.0,0.15,0,6.49,6.11,0
DSTM-01822,C,CAT_797F_MANUAL,0,29.07,7.63,29.67,0.941,0.406,11.2,7.18,1,3.39,1.16,1
DSTM-01823,C,CAMIONETA_4x4,0,37.19,11.88,18.29,0.802,0.337,10.4,5.38,7,1.33,-1.16,1
DSTM-01824,C,CAT_797F_MANUAL,0,13.59,10.28,14.66,0.848,0.359,7.7,4.7,3,3.22,0.81,1
DSTM-01825,D,CAT_797F_MANUAL,0,32.85,6.08,91.6,0.262,0.327,11.0,4.13,3,9.69,7.21,0
DSTM-01826,A,KOMATSU_930E_AHS,1,36.26,10.67,200.0,0.676,0.037,7.2,0.15,0,18.78,18.29,0
DSTM-01827,C,CAT_797F_MANUAL,0,37.9,7.33,12.61,0.95,0.369,11.8,3.43,0,1.21,-0.94,1
DSTM-01828,C,CAMIONETA_4x4,0,34.81,12.52,76.9,0.861,0.372,10.9,6.0,0,7.48,4.87,0
DSTM-01829,E,KOMATSU_930E_AHS,1,24.53,10.83,42.74,0.827,0.039,11.4,0.15,0,6.13,5.71,0
DSTM-01830,C,CAT_797F_MANUAL,0,35.39,8.87,44.99,0.851,0.113,8.9,4.47,0,4.35,2.63,1
DSTM-01831,C,CAMIONETA_4x4,0,46.62,10.73,123.59,0.924,0.284,10.3,9.11,2,9.13,6.89,0
DSTM-01832,E,KOMATSU_930E_AHS,1,26.35,12.61,97.19,0.937,0.053,7.4,0.15,0,15.81,15.42,0
DSTM-01833,C,CAT_797F_MANUAL,0,40.51,5.61,61.39,0.812,0.343,10.8,2.45,3,5.31,3.24,1
DSTM-01834,A,CAT_797F_MANUAL,0,45.07,9.46,195.35,0.624,0.135,8.4,2.46,2,16.41,14.45,0
DSTM-01835,A,KOMATSU_930E_AHS,1,40.6,12.45,123.08,0.837,0.078,6.0,0.15,0,11.61,11.17,0
DSTM-01836,A,CAT_797F_MANUAL,0,44.78,12.66,29.42,0.683,0.14,6.9,1.36,0,2.03,0.12,1
DSTM-01837,A,CAT_797F_MANUAL,0,50.13,8.23,196.39,0.712,0.38,2.7,15.0,1,13.98,11.61,0
DSTM-01838,B,PALA_PH_4100XPC,0,2.08,2.86,17.27,0.847,0.174,10.5,0.76,0,27.86,26.11,0
DSTM-01839,D,CAT_797F_MANUAL,0,34.49,5.89,67.56,0.332,0.106,7.0,0.6,1,7.15,5.39,0
DSTM-01840,D,CAMIONETA_4x4,0,54.88,11.17,64.24,0.293,0.193,4.4,5.29,3,4.25,2.08,1
DSTM-01841,A,CAT_797F_MANUAL,0,41.87,7.43,50.48,0.8,0.034,9.0,1.03,0,5.15,3.6,1
DSTM-01842,C,CAT_797F_MANUAL,0,24.37,5.48,66.42,0.803,0.23,11.9,5.69,0,10.15,8.24,0
DSTM-01843,A,CAMIONETA_4x4,0,47.02,11.4,31.33,0.578,0.158,3.2,3.19,3,2.63,0.66,1
DSTM-01844,E,KOMATSU_930E_AHS,1,34.15,6.15,11.66,0.769,0.052,3.4,0.15,0,1.33,0.87,1
DSTM-01845,A,CAMIONETA_4x4,0,44.88,9.53,67.91,0.748,0.086,2.5,2.95,0,5.19,3.53,1
DSTM-01846,C,CAT_797F_MANUAL,0,29.26,13.15,99.48,0.952,0.421,9.4,2.61,1,12.92,10.21,0
DSTM-01847,B,PALA_PH_4100XPC,0,0.22,3.86,23.95,0.971,0.179,6.0,0.91,1,23.85,22.16,0
DSTM-01848,C,CAT_797F_MANUAL,0,33.17,6.51,7.38,0.828,0.426,10.6,15.0,2,1.28,-1.11,1
DSTM-01849,B,CAT_797F_MANUAL,0,15.52,3.24,83.8,0.897,0.195,8.6,0.49,0,20.24,18.44,0
DSTM-01850,D,CAT_797F_MANUAL,0,39.55,7.29,148.98,0.576,0.182,10.7,4.3,0,13.5,11.67,0
DSTM-01851,A,CAT_797F_MANUAL,0,33.75,8.4,59.04,0.629,0.093,8.2,3.67,1,6.16,4.42,0
DSTM-01852,E,KOMATSU_930E_AHS,1,35.53,12.75,24.68,0.893,0.029,23.2,0.15,0,2.27,1.9,1
DSTM-01853,C,CAT_797F_MANUAL,0,32.63,7.9,18.59,0.874,0.297,7.5,3.86,5,2.71,0.79,1
DSTM-01854,D,CAT_797F_MANUAL,0,24.07,6.56,121.52,0.376,0.115,5.3,1.11,3,15.64,13.86,0
DSTM-01855,D,CAT_797F_MANUAL,0,25.47,4.21,81.46,0.225,0.31,10.2,5.01,2,11.83,9.48,0
DSTM-01856,E,KOMATSU_930E_AHS,1,15.58,7.83,91.84,0.99,0.047,2.9,0.15,0,18.71,18.34,0
DSTM-01857,A,CAT_797F_MANUAL,0,40.59,9.68,120.24,0.768,0.124,3.7,2.74,2,11.19,9.37,0
DSTM-01858,B,CAT_797F_MANUAL,0,16.28,0.43,24.03,0.835,0.02,7.0,3.3,2,5.73,4.36,0
DSTM-01859,B,CAT_797F_MANUAL,0,20.53,5.39,79.35,0.823,0.094,6.8,2.85,0,16.79,15.19,0
DSTM-01860,B,PALA_PH_4100XPC,0,0.0,4.51,30.5,1.0,0.032,6.3,1.45,1,61.63,60.31,0
DSTM-01861,C,CAT_797F_MANUAL,0,38.05,3.73,35.06,0.933,0.108,8.2,3.96,3,2.76,1.16,1
DSTM-01862,E,KOMATSU_930E_AHS,1,28.35,7.47,12.99,0.713,0.072,18.3,0.15,0,1.26,0.79,1
DSTM-01863,E,KOMATSU_930E_AHS,1,35.32,9.23,166.12,0.84,0.033,5.9,0.15,0,16.58,16.14,0
DSTM-01864,C,CAT_797F_MANUAL,0,31.7,8.14,9.65,0.944,0.339,8.3,4.3,2,1.06,-1.04,1
DSTM-01865,C,CAT_797F_MANUAL,0,34.43,8.29,10.82,0.978,0.42,8.3,3.99,1,1.03,-1.35,1
DSTM-01866,E,KOMATSU_930E_AHS,1,31.15,7.48,111.47,0.966,0.06,10.8,0.15,0,12.9,12.55,0
DSTM-01867,E,KOMATSU_930E_AHS,1,32.45,9.02,175.79,0.912,0.02,15.0,0.15,0,18.66,18.26,0
DSTM-01868,A,CAMIONETA_4x4,0,42.89,10.78,191.21,0.786,0.149,8.3,14.31,3,16.01,14.03,0
DSTM-01869,C,CAT_797F_MANUAL,0,19.53,9.45,8.96,1.0,0.435,7.5,7.2,1,2.04,-0.44,1
DSTM-01870,D,CAT_797F_MANUAL,0,35.29,5.05,28.85,0.441,0.169,11.1,3.2,0,3.13,1.22,1
DSTM-01871,B,PALA_PH_4100XPC,0,3.71,0.91,47.74,0.759,0.159,7.8,0.53,2,91.62,89.82,0
DSTM-01872,B,PALA_PH_4100XPC,0,0.29,5.96,10.08,0.817,0.147,8.4,4.5,0,29.41,27.86,0
DSTM-01873,E,KOMATSU_930E_AHS,1,28.56,8.64,33.43,0.862,0.049,11.6,0.15,0,4.27,3.86,1
DSTM-01874,E,CAMIONETA_4x4,0,39.93,3.56,146.12,0.816,0.213,2.3,1.66,0,13.17,11.33,0
DSTM-01875,E,KOMATSU_930E_AHS,1,22.28,7.04,17.51,0.854,0.02,10.6,0.15,0,3.5,3.07,1
DSTM-01876,D,CAT_797F_MANUAL,0,23.87,11.11,18.24,0.449,0.23,8.3,5.46,1,2.67,0.44,1
DSTM-01877,B,PALA_PH_4100XPC,0,2.36,5.05,14.28,0.751,0.19,2.1,3.23,2,35.1,33.37,0
DSTM-01878,B,CAT_797F_MANUAL,0,21.07,3.76,6.34,0.982,0.03,5.5,4.55,2,0.79,-0.56,1
DSTM-01879,C,KOMATSU_930E_AHS,1,28.62,6.62,42.32,0.823,0.035,6.6,0.15,0,5.27,4.82,0
DSTM-01880,C,KOMATSU_930E_AHS,1,18.19,7.97,18.58,0.808,0.043,10.4,0.15,0,4.87,4.43,0
DSTM-01881,C,KOMATSU_930E_AHS,1,28.6,7.31,74.09,0.897,0.042,16.7,0.15,0,8.97,8.56,0
DSTM-01882,C,CAT_797F_MANUAL,0,34.78,6.22,61.59,0.825,0.252,10.0,7.03,2,6.01,4.03,0
DSTM-01883,B,PALA_PH_4100XPC,0,2.23,3.33,30.99,0.887,0.081,7.1,2.58,1,28.42,26.98,0
DSTM-01884,D,CAT_797F_MANUAL,0,38.72,11.33,71.45,0.405,0.303,5.0,10.15,3,6.4,3.98,1
DSTM-01885,B,CAT_797F_MANUAL,0,21.66,2.69,4.08,0.864,0.105,4.1,8.13,3,0.95,-0.59,1
DSTM-01886,B,CAT_797F_MANUAL,0,16.36,4.72,68.12,0.892,0.064,10.3,2.02,0,14.18,12.69,0
DSTM-01887,A,CAT_797F_MANUAL,0,57.89,8.7,187.76,0.849,0.224,1.6,1.68,0,11.57,9.59,0
DSTM-01888,A,KOMATSU_930E_AHS,1,27.32,12.19,124.35,0.711,0.111,1.0,0.15,0,16.22,15.72,0
DSTM-01889,E,CAMIONETA_4x4,0,40.1,6.01,77.93,0.74,0.079,2.8,4.76,0,7.18,5.64,0
DSTM-01890,B,CAT_797F_MANUAL,0,15.0,4.87,17.33,0.941,0.096,8.5,0.97,0,4.47,3.03,1
DSTM-01891,A,CAT_797F_MANUAL,0,47.59,11.65,125.91,0.495,0.065,10.2,3.65,2,9.0,6.99,0
DSTM-01892,D,CAT_797F_MANUAL,0,24.16,12.37,105.31,0.552,0.084,8.5,2.44,2,17.12,15.07,0
DSTM-01893,C,CAT_797F_MANUAL,0,39.26,6.34,86.72,0.869,0.283,9.1,3.58,1,8.3,6.37,0
DSTM-01894,A,CAT_797F_MANUAL,0,44.87,11.2,6.79,0.815,0.088,8.4,2.55,0,0.91,-0.88,1
DSTM-01895,B,CAT_797F_MANUAL,0,19.74,1.74,7.3,0.862,0.031,6.4,5.24,0,1.99,0.59,1
DSTM-01896,A,KOMATSU_930E_AHS,1,35.32,10.43,69.62,0.642,0.059,11.0,0.15,0,7.16,6.62,0
DSTM-01897,D,CAT_797F_MANUAL,0,26.84,5.14,14.92,0.193,0.029,6.2,4.59,3,2.37,0.66,1
DSTM-01898,B,CAT_797F_MANUAL,0,16.42,4.12,13.58,0.849,0.186,4.3,2.95,2,2.47,0.76,1
DSTM-01899,A,KOMATSU_930E_AHS,1,36.32,12.94,197.19,0.78,0.033,13.6,0.15,0,21.24,20.79,0
DSTM-01900,A,CAMIONETA_4x4,0,40.54,14.01,59.46,0.78,0.037,2.2,1.42,2,4.66,2.79,1
DSTM-01901,C,CAT_797F_MANUAL,0,43.12,8.0,13.39,0.946,0.521,7.7,6.34,2,1.07,-1.49,1
DSTM-01902,A,KOMATSU_930E_AHS,1,37.39,11.02,86.32,0.481,0.038,2.4,0.15,0,8.47,7.91,0
DSTM-01903,D,KOMATSU_930E_AHS,1,27.21,7.74,13.71,0.46,0.02,7.5,0.15,0,2.02,1.42,1
DSTM-01904,A,CAMIONETA_4x4,0,42.83,9.47,131.3,0.827,0.029,4.9,6.15,1,11.83,10.29,0
DSTM-01905,C,CAT_797F_MANUAL,0,21.24,10.98,22.41,0.985,0.322,11.5,9.32,0,4.54,2.23,1
DSTM-01906,B,PALA_PH_4100XPC,0,5.49,3.5,55.22,0.749,0.099,11.2,2.76,1,109.82,108.22,0
DSTM-01907,B,PALA_PH_4100XPC,0,0.0,2.71,16.19,0.974,0.289,3.2,1.5,1,36.15,34.23,0
DSTM-01908,A,CAMIONETA_4x4,0,40.73,12.38,79.98,0.652,0.089,8.7,4.97,0,7.04,5.18,0
DSTM-01909,D,CAT_797F_MANUAL,0,29.11,14.51,65.42,0.451,0.131,6.1,2.42,1,6.92,4.76,0
DSTM-01910,E,KOMATSU_930E_AHS,1,25.0,7.57,44.66,0.849,0.03,21.6,0.15,0,5.47,5.03,0
DSTM-01911,A,CAT_797F_MANUAL,0,46.59,9.08,200.0,0.791,0.085,7.2,0.13,0,15.9,14.23,0
DSTM-01912,A,CAT_797F_MANUAL,0,42.87,7.16,145.44,0.61,0.141,4.7,1.38,1,11.34,9.64,0
DSTM-01913,E,KOMATSU_930E_AHS,1,26.06,5.92,41.45,0.903,0.058,4.9,0.15,0,5.19,4.78,0
DSTM-01914,C,CAT_797F_MANUAL,0,24.99,10.93,93.85,0.981,0.12,8.5,4.36,6,13.34,11.63,0
DSTM-01915,A,CAT_797F_MANUAL,0,38.53,11.47,114.52,0.597,0.139,3.7,1.16,2,9.63,7.63,0
DSTM-01916,A,CAMIONETA_4x4,0,47.17,8.11,88.99,0.852,0.162,11.5,0.86,2,6.29,4.59,0
DSTM-01917,D,CAT_797F_MANUAL,0,22.43,7.69,10.85,0.296,0.14,11.1,0.21,0,1.02,-0.91,1
DSTM-01918,D,CAT_797F_MANUAL,0,33.25,8.54,79.64,0.327,0.113,2.5,2.58,3,8.53,6.5,0
DSTM-01919,C,CAMIONETA_4x4,0,31.0,5.27,45.59,0.883,0.071,10.9,2.32,2,5.03,3.63,1
DSTM-01920,E,CAMIONETA_4x4,0,42.01,3.75,45.0,0.765,0.241,2.4,0.57,3,3.71,1.82,1
DSTM-01921,C,CAT_797F_MANUAL,0,33.69,8.93,19.34,0.822,0.275,8.8,9.58,2,1.94,-0.14,1
DSTM-01922,B,CAT_797F_MANUAL,0,15.18,1.59,13.63,0.936,0.239,5.4,5.12,1,3.47,1.6,1
DSTM-01923,C,CAT_797F_MANUAL,0,37.3,10.65,27.14,0.889,0.237,8.6,1.03,4,2.55,0.61,1
DSTM-01924,B,CAT_797F_MANUAL,0,17.49,5.04,13.62,0.849,0.155,5.9,3.9,2,3.34,1.75,1
DSTM-01925,A,CAT_797F_MANUAL,0,31.46,6.72,197.64,0.821,0.199,5.8,1.35,2,22.64,20.79,0
DSTM-01926,A,CAT_797F_MANUAL,0,34.67,11.48,149.02,0.804,0.085,6.8,3.36,3,13.82,12.16,0
DSTM-01927,B,PALA_PH_4100XPC,0,5.05,1.16,10.39,0.885,0.107,4.5,4.7,0,10.6,9.18,0
DSTM-01928,D,KOMATSU_930E_AHS,1,28.4,7.98,9.19,0.318,0.045,11.9,0.15,0,1.08,0.4,1
DSTM-01929,A,KOMATSU_930E_AHS,1,36.31,9.85,14.23,0.772,0.029,6.4,0.15,0,1.28,0.84,1
DSTM-01930,B,CAT_797F_MANUAL,0,14.56,3.25,68.39,0.843,0.107,9.8,7.67,2,17.83,16.31,0
DSTM-01931,C,CAT_797F_MANUAL,0,25.63,3.64,80.13,0.844,0.205,10.3,1.17,1,10.33,8.51,0
DSTM-01932,C,KOMATSU_930E_AHS,1,26.96,12.34,129.14,0.848,0.117,22.3,0.15,0,16.4,15.95,0
DSTM-01933,D,KOMATSU_930E_AHS,1,40.56,5.57,77.11,0.499,0.024,1.0,0.15,0,6.91,6.31,0
DSTM-01934,D,CAT_797F_MANUAL,0,26.86,8.8,48.58,0.482,0.222,6.6,2.09,3,5.95,3.94,1
DSTM-01935,D,CAT_797F_MANUAL,0,25.67,9.71,6.1,0.24,0.337,2.5,6.27,1,1.09,-1.47,1
DSTM-01936,A,CAT_797F_MANUAL,0,44.29,10.09,14.08,0.662,0.034,9.8,2.81,2,0.82,-0.8,1
DSTM-01937,C,CAMIONETA_4x4,0,48.37,8.92,26.75,0.949,0.353,9.3,3.54,2,2.15,-0.17,1
DSTM-01938,C,CAMIONETA_4x4,0,44.76,7.98,48.05,0.887,0.393,10.4,3.31,1,3.62,1.34,1
DSTM-01939,A,CAT_797F_MANUAL,0,40.6,11.0,63.88,0.78,0.145,6.1,1.18,3,5.7,3.76,1
DSTM-01940,A,CAT_797F_MANUAL,0,47.79,11.34,127.82,0.57,0.073,2.3,5.49,2,9.21,7.36,0
DSTM-01941,A,KOMATSU_930E_AHS,1,44.69,11.08,108.11,0.575,0.02,7.2,0.15,0,9.2,8.64,0
DSTM-01942,C,CAT_797F_MANUAL,0,40.14,11.97,95.43,0.765,0.517,11.4,2.82,4,8.98,5.97,0
DSTM-01943,B,CAT_797F_MANUAL,0,14.85,5.14,47.11,0.805,0.034,7.1,5.43,2,9.44,8.08,0
DSTM-01944,A,CAT_797F_MANUAL,0,28.71,12.53,14.94,0.752,0.135,2.5,4.06,1,1.65,-0.25,1
DSTM-01945,D,KOMATSU_930E_AHS,1,32.44,10.89,79.16,0.494,0.056,0.7,0.15,0,8.49,7.86,0
DSTM-01946,E,KOMATSU_930E_AHS,1,32.66,12.01,38.41,0.742,0.046,22.6,0.15,0,4.22,3.75,1
DSTM-01947,A,CAT_797F_MANUAL,0,37.97,10.84,17.87,0.781,0.242,7.6,0.78,2,1.93,-0.07,1
DSTM-01948,E,KOMATSU_930E_AHS,1,28.87,8.93,13.85,0.809,0.02,7.3,0.15,0,2.05,1.61,1
DSTM-01949,A,CAMIONETA_4x4,0,44.23,11.68,64.16,0.726,0.047,7.4,1.24,2,5.63,3.89,1
DSTM-01950,E,CAMIONETA_4x4,0,53.08,8.77,157.05,0.897,0.217,8.2,2.69,1,10.23,8.26,0
DSTM-01951,E,KOMATSU_930E_AHS,1,31.41,4.49,68.12,0.98,0.051,20.8,0.15,0,8.3,7.92,0
DSTM-01952,A,KOMATSU_930E_AHS,1,39.98,7.03,103.14,0.663,0.03,7.6,0.15,0,8.62,8.11,0
DSTM-01953,D,CAT_797F_MANUAL,0,27.9,9.37,115.81,0.446,0.072,1.2,4.26,0,13.7,11.83,0
DSTM-01954,E,CAMIONETA_4x4,0,43.36,6.44,14.13,0.795,0.078,6.8,4.35,3,1.12,-0.37,1
DSTM-01955,E,KOMATSU_930E_AHS,1,23.63,8.77,66.77,1.0,0.045,14.1,0.15,0,9.23,8.86,0
DSTM-01956,E,KOMATSU_930E_AHS,1,26.44,11.25,18.56,0.948,0.032,12.9,0.15,0,2.25,1.86,1
DSTM-01957,C,CAT_797F_MANUAL,0,30.48,8.03,36.3,0.975,0.449,7.5,4.27,1,4.38,1.93,1
DSTM-01958,A,CAT_797F_MANUAL,0,45.3,10.81,54.94,0.723,0.122,3.0,0.73,2,4.28,2.44,1
DSTM-01959,D,KOMATSU_930E_AHS,1,17.55,9.36,33.83,0.481,0.044,4.9,0.15,0,5.4,4.76,0
DSTM-01960,C,KOMATSU_930E_AHS,1,23.04,4.51,27.56,0.895,0.02,2.3,0.15,0,4.3,3.9,1
DSTM-01961,C,CAT_797F_MANUAL,0,42.27,4.03,15.76,0.922,0.378,12.0,3.47,3,0.7,-1.59,1
DSTM-01962,B,PALA_PH_4100XPC,0,0.89,6.47,68.35,0.777,0.047,2.2,1.85,1,110.55,109.15,0
DSTM-01963,C,KOMATSU_930E_AHS,1,36.01,11.97,195.38,0.728,0.042,14.2,0.15,0,20.18,19.72,0
DSTM-01964,A,CAT_797F_MANUAL,0,47.69,10.71,144.38,0.709,0.131,2.2,3.35,5,11.12,9.26,0
DSTM-01965,D,CAMIONETA_4x4,0,41.02,13.48,22.3,0.403,0.254,2.0,7.38,1,1.85,-0.48,1
DSTM-01966,A,CAMIONETA_4x4,0,48.46,10.73,13.13,0.783,0.314,3.1,5.47,4,1.29,-0.99,1
DSTM-01967,D,CAT_797F_MANUAL,0,36.06,8.48,22.31,0.198,0.268,10.5,1.63,1,2.09,-0.22,1
DSTM-01968,D,CAT_797F_MANUAL,0,38.05,9.72,47.86,0.314,0.134,6.6,6.79,0,4.93,2.79,1
DSTM-01969,C,CAT_797F_MANUAL,0,23.43,7.56,68.02,0.846,0.256,10.5,3.33,1,8.82,6.99,0
DSTM-01970,C,CAMIONETA_4x4,0,25.61,5.59,50.34,0.978,0.187,8.4,6.05,6,7.62,5.95,0
DSTM-01971,B,CAT_797F_MANUAL,0,24.07,2.15,36.94,0.839,0.284,4.8,11.64,2,7.24,5.43,0
DSTM-01972,E,CAMIONETA_4x4,0,31.68,11.97,88.97,0.931,0.11,3.1,6.08,1,9.86,8.03,0
DSTM-01973,D,CAT_797F_MANUAL,0,33.94,9.34,47.46,0.53,0.248,2.5,6.05,0,5.52,3.25,1
DSTM-01974,B,PALA_PH_4100XPC,0,3.79,1.42,19.91,0.921,0.076,6.2,3.13,0,30.54,29.2,0
DSTM-01975,A,CAT_797F_MANUAL,0,52.12,5.51,14.64,0.675,0.088,8.8,9.76,1,1.26,-0.33,1
DSTM-01976,A,CAMIONETA_4x4,0,53.63,8.7,43.58,0.596,0.264,4.7,1.49,2,3.05,0.94,1
DSTM-01977,C,CAT_797F_MANUAL,0,23.84,11.67,125.99,0.917,0.293,9.0,1.52,4,17.33,15.02,0
DSTM-01978,E,CAMIONETA_4x4,0,37.74,6.67,147.95,0.882,0.144,11.2,7.66,1,14.89,13.2,0
DSTM-01979,D,CAT_797F_MANUAL,0,32.05,9.54,82.53,0.193,0.236,10.7,1.55,1,8.85,6.47,0
DSTM-01980,A,CAMIONETA_4x4,0,40.61,3.94,38.01,0.794,0.02,6.5,11.38,3,2.85,1.38,1
DSTM-01981,E,CAMIONETA_4x4,0,43.75,7.79,44.67,0.897,0.07,8.3,3.85,0,3.12,1.59,1
DSTM-01982,B,CAT_797F_MANUAL,0,11.88,0.0,22.49,0.84,0.098,5.6,5.77,1,6.32,4.66,0
DSTM-01983,E,CAMIONETA_4x4,0,33.95,6.25,65.98,0.897,0.167,9.3,3.4,1,7.26,5.6,0
DSTM-01984,A,CAT_797F_MANUAL,0,41.69,9.41,46.27,0.566,0.074,10.1,6.37,0,4.02,2.24,1
DSTM-01985,C,CAT_797F_MANUAL,0,23.3,8.21,27.49,0.925,0.376,9.6,14.81,5,4.08,1.8,1
DSTM-01986,E,KOMATSU_930E_AHS,1,30.36,5.39,45.01,0.99,0.063,9.9,0.15,0,6.0,5.65,0
DSTM-01987,B,CAT_797F_MANUAL,0,17.97,1.38,21.08,0.807,0.35,3.3,2.71,0,5.19,3.04,1
DSTM-01988,D,CAT_797F_MANUAL,0,34.05,8.1,82.65,0.382,0.073,2.0,3.42,0,7.63,5.95,0
DSTM-01989,E,KOMATSU_930E_AHS,1,28.44,7.77,5.25,0.95,0.096,5.7,0.15,0,1.16,0.8,1
DSTM-01990,A,CAMIONETA_4x4,0,53.37,11.08,197.45,0.867,0.056,3.3,2.53,2,14.79,13.15,0
DSTM-01991,A,CAT_797F_MANUAL,0,32.69,8.59,41.36,0.648,0.13,2.4,1.74,1,3.92,2.14,1
DSTM-01992,D,KOMATSU_930E_AHS,1,28.39,6.02,5.31,0.513,0.065,9.7,0.15,0,1.51,0.9,1
DSTM-01993,B,CAT_797F_MANUAL,0,10.16,0.91,26.02,0.844,0.136,3.4,6.11,1,5.28,3.79,1
DSTM-01994,A,CAT_797F_MANUAL,0,43.56,9.65,105.77,0.663,0.169,10.9,1.95,0,8.19,6.12,0
DSTM-01995,C,KOMATSU_930E_AHS,1,23.48,12.7,8.37,0.99,0.036,9.2,0.15,0,1.29,0.93,1
DSTM-01996,D,CAT_797F_MANUAL,0,23.71,4.42,44.65,0.312,0.088,8.9,5.57,1,6.5,4.65,0
DSTM-01997,B,PALA_PH_4100XPC,0,5.69,5.24,16.38,0.776,0.024,9.3,1.12,0,20.56,19.15,0
DSTM-01998,B,PALA_PH_4100XPC,0,4.5,3.44,6.03,0.744,0.066,11.3,5.78,2,11.44,9.96,0
DSTM-01999,D,CAMIONETA_4x4,0,48.53,12.41,30.67,0.537,0.06,8.3,3.1,0,1.94,-0.01,1
DSTM-02000,C,CAT_797F_MANUAL,0,30.38,7.03,89.05,0.894,0.271,10.5,1.27,1,11.35,9.44,0
DSTM-02001,D,CAT_797F_MANUAL,0,27.24,9.08,63.21,0.221,0.17,3.1,0.94,1,8.4,6.29,0
DSTM-02002,B,CAT_797F_MANUAL,0,17.04,3.49,52.32,0.974,0.338,7.6,3.06,2,10.16,8.07,0
DSTM-02003,E,KOMATSU_930E_AHS,1,28.34,5.94,51.28,0.905,0.058,0.8,0.15,0,5.86,5.46,0
DSTM-02004,D,CAT_797F_MANUAL,0,33.92,7.02,23.66,0.46,0.208,10.3,6.33,1,2.19,0.32,1
DSTM-02005,A,KOMATSU_930E_AHS,1,29.33,2.86,146.36,0.601,0.059,5.9,0.15,0,16.18,15.65,0
DSTM-02006,E,KOMATSU_930E_AHS,1,26.6,8.71,27.5,0.886,0.02,24.0,0.15,0,4.23,3.84,1
DSTM-02007,C,CAT_797F_MANUAL,0,31.46,8.46,14.96,0.921,0.352,10.3,2.77,0,1.79,-0.45,1
DSTM-02008,A,KOMATSU_930E_AHS,1,31.14,12.46,64.44,0.786,0.028,4.6,0.15,0,7.08,6.63,0
DSTM-02009,A,CAMIONETA_4x4,0,31.81,10.19,56.98,0.632,0.226,5.5,2.89,3,6.51,4.44,0
DSTM-02010,D,CAT_797F_MANUAL,0,44.32,4.71,44.24,0.562,0.174,8.1,4.46,1,3.75,1.86,1
DSTM-02011,A,CAT_797F_MANUAL,0,42.97,8.43,6.78,0.569,0.264,9.3,3.58,3,0.81,-1.39,1
DSTM-02012,B,PALA_PH_4100XPC,0,1.21,5.51,47.12,0.888,0.285,1.4,3.07,3,53.66,51.63,0
DSTM-02013,A,CAT_797F_MANUAL,0,50.69,8.67,83.59,0.78,0.052,7.9,1.52,1,5.98,4.47,0
DSTM-02014,B,CAT_797F_MANUAL,0,14.96,2.77,4.95,0.863,0.025,10.8,9.98,0,2.07,0.69,1
DSTM-02015,B,CAT_797F_MANUAL,0,17.2,1.0,82.67,0.972,0.021,2.1,10.14,2,21.63,20.31,0
DSTM-02016,C,CAMIONETA_4x4,0,42.33,13.13,43.61,0.861,0.067,8.0,2.29,0,3.58,1.84,1
DSTM-02017,B,CAT_797F_MANUAL,0,5.31,3.89,8.01,0.812,0.204,5.8,1.71,0,4.53,2.71,1
DSTM-02018,A,CAT_797F_MANUAL,0,43.26,9.57,24.09,0.695,0.185,2.8,7.63,3,1.93,-0.06,1
DSTM-02019,C,CAT_797F_MANUAL,0,36.78,10.86,5.74,0.804,0.217,8.5,3.72,0,0.65,-1.44,1
DSTM-02020,B,PALA_PH_4100XPC,0,2.32,3.1,39.39,0.766,0.252,8.9,2.63,0,83.4,81.51,0
DSTM-02021,D,KOMATSU_930E_AHS,1,25.86,8.83,56.89,0.39,0.035,13.0,0.15,0,8.59,7.93,0
DSTM-02022,A,KOMATSU_930E_AHS,1,35.64,10.83,18.71,0.831,0.08,21.8,0.15,0,1.85,1.4,1
DSTM-02023,A,CAT_797F_MANUAL,0,46.26,10.7,112.23,0.606,0.118,7.1,2.34,1,8.41,6.47,0
DSTM-02024,A,CAT_797F_MANUAL,0,37.16,10.13,30.12,0.783,0.058,7.6,6.49,1,3.34,1.65,1
DSTM-02025,C,CAMIONETA_4x4,0,30.47,11.17,134.24,0.974,0.664,7.6,5.76,2,16.96,13.91,0
DSTM-02026,B,PALA_PH_4100XPC,0,0.28,4.91,4.16,0.949,0.136,1.7,0.69,3,8.27,6.74,1
DSTM-02027,D,CAMIONETA_4x4,0,34.17,7.71,95.73,0.383,0.047,6.2,2.22,0,10.29,8.62,0
DSTM-02028,B,CAT_797F_MANUAL,0,11.31,1.56,29.54,0.915,0.38,8.4,2.89,2,8.79,6.58,0
DSTM-02029,C,CAT_797F_MANUAL,0,21.27,5.57,31.49,0.921,0.219,10.8,4.08,1,5.72,3.93,1
DSTM-02030,C,KOMATSU_930E_AHS,1,28.79,13.11,43.95,0.99,0.032,7.3,0.15,0,5.85,5.48,0
DSTM-02031,A,CAT_797F_MANUAL,0,54.38,9.14,197.26,0.708,0.12,4.8,2.66,1,13.9,12.12,0
DSTM-02032,C,CAMIONETA_4x4,0,52.41,9.8,58.15,0.976,0.257,10.4,5.95,2,3.9,1.88,1
DSTM-02033,B,PALA_PH_4100XPC,0,1.05,4.51,52.54,0.884,0.217,6.6,1.64,1,100.97,99.19,0
DSTM-02034,B,CAT_797F_MANUAL,0,20.1,2.53,32.6,0.839,0.22,10.2,2.2,2,4.87,3.13,1
DSTM-02035,A,KOMATSU_930E_AHS,1,43.83,10.7,71.08,0.739,0.046,19.7,0.15,0,5.48,5.0,0
DSTM-02036,D,KOMATSU_930E_AHS,1,31.33,10.71,29.04,0.35,0.07,18.5,0.15,0,3.84,3.16,1
DSTM-02037,E,CAMIONETA_4x4,0,47.03,8.2,69.0,0.888,0.213,8.6,3.96,1,4.61,2.74,1
DSTM-02038,A,CAT_797F_MANUAL,0,48.66,12.26,153.94,0.708,0.414,5.9,1.38,6,11.51,8.86,0
DSTM-02039,C,KOMATSU_930E_AHS,1,25.36,8.06,161.36,0.902,0.093,22.9,0.15,0,23.01,22.6,0
DSTM-02040,D,CAT_797F_MANUAL,0,23.92,9.63,30.88,0.228,0.132,7.0,2.4,1,4.53,2.41,1
DSTM-02041,B,CAMIONETA_4x4,0,37.47,8.61,79.53,0.961,0.081,2.7,1.69,0,7.94,6.34,0
DSTM-02042,D,CAT_797F_MANUAL,0,20.89,8.92,5.53,0.467,0.178,10.1,14.36,2,0.86,-1.26,1
DSTM-02043,C,KOMATSU_930E_AHS,1,39.78,6.75,67.73,0.792,0.075,20.3,0.15,0,6.16,5.71,0
DSTM-02044,E,CAMIONETA_4x4,0,45.5,4.3,11.05,0.806,0.11,6.0,11.67,0,0.89,-0.67,1
DSTM-02045,E,KOMATSU_930E_AHS,1,24.13,10.69,17.86,0.913,0.026,16.8,0.15,0,2.45,2.07,1
DSTM-02046,A,CAT_797F_MANUAL,0,51.8,9.29,70.82,0.601,0.183,5.1,2.18,4,4.83,2.96,1
DSTM-02047,B,PALA_PH_4100XPC,0,2.36,4.18,32.61,0.82,0.196,1.5,5.0,1,57.74,55.94,0
DSTM-02048,C,CAMIONETA_4x4,0,35.92,9.74,65.93,0.854,0.156,11.9,3.26,2,7.01,5.19,0
DSTM-02049,A,CAMIONETA_4x4,0,44.73,7.35,15.58,0.608,0.141,1.2,4.45,1,1.38,-0.41,1
DSTM-02050,B,CAT_797F_MANUAL,0,15.3,0.23,15.03,0.862,0.107,3.4,1.09,0,1.97,0.5,1
DSTM-02051,E,KOMATSU_930E_AHS,1,25.57,8.88,45.47,0.864,0.031,5.0,0.15,0,7.69,7.27,0
DSTM-02052,A,CAT_797F_MANUAL,0,45.02,7.76,7.77,0.599,0.072,6.6,0.64,0,1.07,-0.5,1
DSTM-02053,C,CAT_797F_MANUAL,0,34.46,8.35,109.21,0.959,0.584,11.0,6.85,1,11.8,9.08,0
DSTM-02054,D,CAT_797F_MANUAL,0,45.06,6.58,36.77,0.337,0.12,7.4,8.33,2,3.04,1.31,1
DSTM-02055,B,CAMIONETA_4x4,0,36.08,1.05,3.11,0.765,0.146,7.9,0.75,2,0.38,-1.25,1
DSTM-02056,C,KOMATSU_930E_AHS,1,29.09,6.58,13.34,0.98,0.059,12.3,0.15,0,2.51,2.14,1
DSTM-02057,E,KOMATSU_930E_AHS,1,25.7,10.79,28.95,0.767,0.067,3.0,0.15,0,4.09,3.62,1
DSTM-02058,C,KOMATSU_930E_AHS,1,26.67,5.94,144.46,1.0,0.052,12.2,0.15,0,18.1,17.74,0
DSTM-02059,A,CAT_797F_MANUAL,0,45.77,9.16,126.68,0.656,0.268,3.3,0.6,2,9.33,7.08,0
DSTM-02060,A,CAT_797F_MANUAL,0,38.68,11.85,57.44,0.798,0.198,6.1,0.49,1,4.76,2.74,1
DSTM-02061,E,KOMATSU_930E_AHS,1,28.24,8.02,93.14,0.796,0.048,11.1,0.15,0,12.35,11.9,0
DSTM-02062,B,PALA_PH_4100XPC,0,2.11,3.36,16.35,0.857,0.072,1.1,2.56,1,28.85,27.47,0
DSTM-02063,C,CAMIONETA_4x4,0,32.93,8.89,42.71,0.954,0.381,9.3,2.36,0,5.19,2.96,1
DSTM-02064,A,KOMATSU_930E_AHS,1,42.97,12.33,11.58,0.624,0.065,6.4,0.15,0,1.21,0.67,1
DSTM-02065,B,CAT_797F_MANUAL,0,16.65,3.49,10.05,0.794,0.264,4.8,1.24,0,2.6,0.69,1
DSTM-02066,E,CAMIONETA_4x4,0,45.9,11.02,15.18,0.899,0.14,10.2,0.71,2,1.25,-0.54,1
DSTM-02067,C,KOMATSU_930E_AHS,1,30.13,7.31,58.67,0.811,0.063,15.9,0.15,0,7.53,7.06,0
DSTM-02068,E,CAMIONETA_4x4,0,33.99,7.23,38.2,0.797,0.186,10.5,0.91,1,3.62,1.82,1
DSTM-02069,B,PALA_PH_4100XPC,0,4.19,3.81,19.69,0.721,0.062,2.5,1.79,1,18.31,16.87,0
DSTM-02070,C,CAT_797F_MANUAL,0,36.33,10.9,78.69,0.874,0.228,11.8,4.02,1,7.9,5.89,0
DSTM-02071,E,CAMIONETA_4x4,0,31.82,6.22,27.58,0.997,0.127,7.3,2.61,1,3.74,2.2,1
DSTM-02072,B,PALA_PH_4100XPC,0,1.78,1.85,12.59,0.925,0.078,2.3,8.61,1,20.18,18.78,0
DSTM-02073,B,PALA_PH_4100XPC,0,0.0,5.09,13.86,0.902,0.151,4.0,3.23,3,34.37,32.75,0
DSTM-02074,E,CAMIONETA_4x4,0,45.69,12.5,40.2,0.797,0.283,7.5,9.75,4,3.0,0.8,1
DSTM-02075,B,CAT_797F_MANUAL,0,13.84,4.56,17.47,0.814,0.163,7.4,10.72,3,5.87,4.17,0
DSTM-02076,C,CAT_797F_MANUAL,0,30.47,4.32,61.12,0.836,0.426,10.9,2.2,1,6.95,4.63,0
DSTM-02077,E,CAMIONETA_4x4,0,39.68,9.37,53.78,0.92,0.081,11.2,1.63,1,5.13,3.56,1
DSTM-02078,A,CAT_797F_MANUAL,0,40.58,6.74,103.19,0.845,0.249,3.3,4.65,3,9.64,7.71,0
DSTM-02079,B,PALA_PH_4100XPC,0,0.0,3.33,27.88,0.927,0.176,6.9,3.97,0,56.26,54.51,0
DSTM-02080,A,CAT_797F_MANUAL,0,53.73,8.91,36.77,0.736,0.041,6.9,1.1,0,2.46,0.87,1
DSTM-02081,B,CAMIONETA_4x4,0,51.33,4.69,56.42,0.926,0.166,2.7,12.97,3,3.78,2.1,1
DSTM-02082,A,CAT_797F_MANUAL,0,55.71,10.68,21.92,0.666,0.15,6.4,6.55,2,1.35,-0.7,1
DSTM-02083,D,CAT_797F_MANUAL,0,37.1,4.46,78.33,0.428,0.057,11.0,1.73,1,7.09,5.48,0
DSTM-02084,A,CAT_797F_MANUAL,0,32.15,8.04,3.87,0.804,0.165,7.0,4.48,2,0.91,-0.91,1
DSTM-02085,D,CAT_797F_MANUAL,0,45.23,3.29,37.43,0.553,0.092,1.7,8.31,0,2.38,0.66,1
DSTM-02086,B,PALA_PH_4100XPC,0,3.69,4.95,104.95,0.777,0.265,8.7,6.45,1,203.88,202.04,0
DSTM-02087,B,CAT_797F_MANUAL,0,9.66,4.38,75.77,0.773,0.081,8.3,1.03,0,26.17,24.72,0
DSTM-02088,B,PALA_PH_4100XPC,0,1.84,5.6,17.44,0.899,0.368,6.4,3.6,2,17.59,15.53,0
DSTM-02089,D,CAT_797F_MANUAL,0,19.05,5.1,130.17,0.461,0.1,1.7,5.88,0,22.55,20.83,0
DSTM-02090,C,KOMATSU_930E_AHS,1,26.46,5.57,11.46,1.0,0.043,1.6,0.15,0,1.06,0.69,1
DSTM-02091,B,CAT_797F_MANUAL,0,10.52,0.93,7.25,0.923,0.168,3.0,1.98,1,3.33,1.72,1
DSTM-02092,E,CAMIONETA_4x4,0,42.14,5.27,72.06,0.858,0.283,11.3,8.68,1,6.3,4.32,0
DSTM-02093,C,CAMIONETA_4x4,0,35.82,11.21,52.18,0.876,0.39,8.7,7.38,0,5.03,2.56,1
DSTM-02094,A,CAT_797F_MANUAL,0,34.42,9.49,22.34,0.552,0.036,3.3,6.03,1,2.28,0.58,1
DSTM-02095,E,CAMIONETA_4x4,0,49.37,5.62,53.69,0.989,0.171,9.2,3.29,2,3.92,2.33,1
DSTM-02096,B,PALA_PH_4100XPC,0,0.52,2.2,31.65,0.968,0.065,5.2,2.48,2,60.05,58.55,0
DSTM-02097,A,CAT_797F_MANUAL,0,44.9,6.16,136.97,0.632,0.079,2.0,0.92,3,11.87,10.34,0
DSTM-02098,C,CAT_797F_MANUAL,0,28.45,6.49,15.52,0.907,0.289,10.7,5.23,3,1.48,-0.5,1
DSTM-02099,A,CAMIONETA_4x4,0,50.68,5.97,75.47,0.688,0.179,4.8,5.23,0,5.32,3.55,1
DSTM-02100,A,CAT_797F_MANUAL,0,44.59,7.87,27.57,0.758,0.097,10.9,1.5,1,2.22,0.69,1
DSTM-02101,D,KOMATSU_930E_AHS,1,28.92,6.02,39.35,0.31,0.066,2.6,0.15,0,5.3,4.59,0
DSTM-02102,A,CAT_797F_MANUAL,0,53.15,10.64,41.33,0.567,0.02,1.8,1.87,3,2.89,1.17,1
DSTM-02103,D,CAT_797F_MANUAL,0,34.1,9.28,33.03,0.525,0.122,7.7,5.19,0,3.17,1.19,1
DSTM-02104,E,KOMATSU_930E_AHS,1,27.74,7.93,65.5,0.765,0.02,5.7,0.15,0,8.17,7.71,0
DSTM-02105,C,CAT_797F_MANUAL,0,28.31,9.56,20.37,0.777,0.564,9.8,0.88,0,2.4,-0.46,1
DSTM-02106,D,CAT_797F_MANUAL,0,33.05,5.76,90.71,0.458,0.081,2.6,2.03,4,10.13,8.36,0
DSTM-02107,D,CAT_797F_MANUAL,0,40.38,2.38,72.14,0.315,0.087,6.1,7.16,0,6.41,4.64,0
DSTM-02108,E,KOMATSU_930E_AHS,1,31.77,5.39,9.37,0.85,0.028,8.2,0.15,0,1.72,1.31,1
DSTM-02109,B,CAT_797F_MANUAL,0,12.67,4.82,15.23,0.778,0.116,2.2,2.65,2,3.93,2.3,1
DSTM-02110,A,CAT_797F_MANUAL,0,53.89,9.21,142.27,0.776,0.099,3.7,1.47,0,9.55,7.86,0
DSTM-02111,C,CAMIONETA_4x4,0,41.47,7.34,13.26,0.936,0.402,11.8,0.55,1,1.09,-1.13,1
DSTM-02112,C,CAT_797F_MANUAL,0,22.75,10.27,95.09,0.873,0.256,7.8,1.99,0,17.23,15.07,0
DSTM-02113,A,CAT_797F_MANUAL,0,40.31,10.75,119.61,0.871,0.314,3.4,2.51,1,10.26,7.97,0
DSTM-02114,C,KOMATSU_930E_AHS,1,23.54,10.66,23.12,0.72,0.059,17.9,0.15,0,3.3,2.85,1
DSTM-02115,A,CAT_797F_MANUAL,0,48.63,12.98,19.57,0.801,0.213,3.3,3.37,3,1.36,-0.86,1
DSTM-02116,E,CAMIONETA_4x4,0,41.48,4.09,78.08,1.0,0.203,5.9,0.83,1,6.68,4.96,0
DSTM-02117,B,CAMIONETA_4x4,0,29.91,3.37,55.85,0.852,0.099,3.9,1.09,5,7.01,5.53,0
DSTM-02118,A,CAT_797F_MANUAL,0,51.85,7.42,25.92,0.657,0.024,7.4,2.27,0,1.82,0.29,1
DSTM-02119,A,KOMATSU_930E_AHS,1,31.97,7.64,42.89,0.796,0.071,23.2,0.15,0,4.35,3.9,1
DSTM-02120,A,KOMATSU_930E_AHS,1,30.76,7.58,15.33,0.58,0.107,11.0,0.15,0,1.73,1.18,1
DSTM-02121,B,CAMIONETA_4x4,0,41.47,3.69,14.87,0.747,0.269,7.1,3.62,0,1.03,-0.95,1
DSTM-02122,A,CAT_797F_MANUAL,0,44.36,9.81,96.54,0.64,0.046,2.3,4.55,1,7.58,5.83,0
DSTM-02123,B,CAT_797F_MANUAL,0,10.27,3.66,43.14,0.804,0.061,6.5,2.55,3,12.8,11.25,0
DSTM-02124,A,CAT_797F_MANUAL,0,53.52,9.6,25.29,0.725,0.05,9.2,5.24,2,1.26,-0.39,1
DSTM-02125,B,CAT_797F_MANUAL,0,8.14,1.86,7.9,0.789,0.147,8.9,2.34,5,2.09,0.45,1
DSTM-02126,B,CAT_797F_MANUAL,0,16.24,3.45,26.23,0.755,0.25,6.9,0.92,2,5.45,3.5,1
DSTM-02127,B,PALA_PH_4100XPC,0,1.87,3.58,37.02,0.822,0.138,7.5,6.34,1,44.57,42.93,0
DSTM-02128,B,CAT_797F_MANUAL,0,10.27,1.64,28.06,0.813,0.098,4.7,2.84,1,9.27,7.73,0
DSTM-02129,A,CAT_797F_MANUAL,0,49.73,9.53,69.89,0.557,0.176,8.0,1.59,3,5.27,3.21,1
DSTM-02130,A,CAT_797F_MANUAL,0,45.41,8.26,124.06,0.555,0.155,5.5,5.5,1,9.89,7.97,0
DSTM-02131,A,CAT_797F_MANUAL,0,42.17,8.38,15.18,0.66,0.125,6.7,1.66,2,1.38,-0.42,1
DSTM-02132,D,KOMATSU_930E_AHS,1,34.08,12.06,67.81,0.351,0.052,23.1,0.15,0,7.49,6.81,0
DSTM-02133,E,KOMATSU_930E_AHS,1,30.62,8.61,101.57,0.762,0.054,4.2,0.15,0,13.19,12.73,0
DSTM-02134,E,KOMATSU_930E_AHS,1,28.17,6.13,12.33,0.856,0.085,14.7,0.15,0,1.68,1.27,1
DSTM-02135,C,KOMATSU_930E_AHS,1,33.42,11.15,6.17,0.773,0.031,8.4,0.15,0,1.19,0.74,1
DSTM-02136,C,CAT_797F_MANUAL,0,30.9,7.06,11.2,0.787,0.256,8.6,3.51,0,1.84,-0.08,1
DSTM-02137,B,CAT_797F_MANUAL,0,15.5,3.76,5.81,0.995,0.225,7.0,3.01,5,2.1,0.37,1
DSTM-02138,D,CAT_797F_MANUAL,0,26.8,12.08,129.35,0.368,0.166,1.6,7.96,1,17.87,15.61,0
DSTM-02139,D,CAT_797F_MANUAL,0,32.47,11.87,17.06,0.226,0.156,2.6,3.41,0,2.37,0.02,1
DSTM-02140,D,KOMATSU_930E_AHS,1,22.13,5.08,34.65,0.433,0.083,17.6,0.15,0,5.5,4.89,0
DSTM-02141,E,CAMIONETA_4x4,0,40.14,9.8,55.82,0.868,0.225,3.4,3.53,0,4.91,2.85,1
DSTM-02142,B,CAT_797F_MANUAL,0,13.99,2.17,13.9,0.922,0.352,5.5,4.83,3,3.44,1.27,1
DSTM-02143,D,CAT_797F_MANUAL,0,32.29,5.19,2.0,0.308,0.083,9.8,1.41,1,0.58,-1.23,1
DSTM-02144,D,CAMIONETA_4x4,0,43.68,7.05,7.0,0.336,0.023,4.8,1.75,0,0.6,-1.03,1
DSTM-02145,B,PALA_PH_4100XPC,0,0.0,3.92,26.28,0.815,0.432,5.8,4.62,1,48.84,46.45,0
DSTM-02146,E,KOMATSU_930E_AHS,1,33.37,6.14,8.36,0.87,0.087,17.2,0.15,0,1.06,0.64,1
DSTM-02147,A,CAT_797F_MANUAL,0,44.67,10.01,71.32,0.807,0.061,4.4,2.29,1,5.34,3.69,1
DSTM-02148,E,CAMIONETA_4x4,0,42.77,7.6,114.51,0.886,0.119,11.2,4.39,3,9.77,8.29,0
DSTM-02149,D,CAT_797F_MANUAL,0,29.93,4.1,3.39,0.332,0.285,8.1,1.45,3,0.77,-1.46,1
DSTM-02150,A,CAMIONETA_4x4,0,46.3,5.78,80.2,0.744,0.08,1.6,5.52,0,6.07,4.52,0
DSTM-02151,D,CAT_797F_MANUAL,0,19.31,8.45,53.55,0.451,0.064,6.3,7.48,1,7.87,6.14,0
DSTM-02152,A,KOMATSU_930E_AHS,1,34.68,11.39,13.83,0.627,0.055,13.0,0.15,0,1.41,0.85,1
DSTM-02153,D,KOMATSU_930E_AHS,1,23.95,3.51,45.91,0.495,0.052,20.1,0.15,0,6.71,6.11,0
DSTM-02154,D,CAT_797F_MANUAL,0,29.81,12.76,56.67,0.238,0.111,8.1,1.04,1,7.5,5.21,0
DSTM-02155,C,KOMATSU_930E_AHS,1,28.21,7.0,44.91,0.908,0.032,3.2,0.15,0,5.13,4.75,0
DSTM-02156,E,CAMIONETA_4x4,0,27.79,11.88,174.93,0.936,0.111,7.7,7.95,3,24.2,22.34,0
DSTM-02157,A,CAT_797F_MANUAL,0,41.72,8.97,200.0,0.746,0.443,5.1,3.33,0,17.98,15.53,0
DSTM-02158,B,CAT_797F_MANUAL,0,24.04,2.69,10.32,0.747,0.183,10.4,7.48,2,1.24,-0.52,1
DSTM-02159,B,CAT_797F_MANUAL,0,15.45,3.83,40.3,0.833,0.054,3.0,3.8,0,10.19,8.73,0
DSTM-02160,A,CAMIONETA_4x4,0,49.66,11.37,64.54,0.76,0.181,10.8,5.29,1,4.78,2.63,1
DSTM-02161,B,PALA_PH_4100XPC,0,0.06,3.62,12.82,0.967,0.114,2.6,3.0,3,31.75,30.23,0
DSTM-02162,B,CAT_797F_MANUAL,0,19.44,1.94,2.0,0.803,0.147,11.2,9.12,1,0.71,-1.07,1
DSTM-02163,B,CAMIONETA_4x4,0,34.43,4.62,40.22,0.85,0.074,8.0,5.62,0,4.83,3.37,1
DSTM-02164,B,CAT_797F_MANUAL,0,15.07,4.68,42.33,0.894,0.109,11.0,1.53,4,9.5,8.03,0
DSTM-02165,E,KOMATSU_930E_AHS,1,26.01,8.48,64.96,0.967,0.089,14.1,0.15,0,9.34,8.97,0
DSTM-02166,B,CAT_797F_MANUAL,0,18.01,2.93,74.62,0.882,0.159,11.2,2.32,2,16.09,14.51,0
DSTM-02167,E,CAMIONETA_4x4,0,45.52,9.77,46.08,0.839,0.059,10.8,2.0,2,3.64,2.11,1
DSTM-02168,B,CAT_797F_MANUAL,0,20.9,2.78,7.6,0.798,0.145,2.2,5.48,2,2.24,0.64,1
DSTM-02169,B,PALA_PH_4100XPC,0,3.2,4.37,11.14,0.968,0.036,2.6,2.25,3,16.9,15.58,0
DSTM-02170,C,CAT_797F_MANUAL,0,31.78,8.26,25.44,0.967,0.141,11.6,6.03,1,2.7,0.94,1
DSTM-02171,B,CAT_797F_MANUAL,0,17.21,1.83,28.88,0.982,0.114,8.0,0.76,1,6.29,4.84,0
DSTM-02172,B,CAT_797F_MANUAL,0,9.79,2.5,90.55,0.842,0.284,9.2,7.24,2,25.11,23.1,0
DSTM-02173,C,CAT_797F_MANUAL,0,25.74,10.74,85.75,0.93,0.314,9.4,0.42,4,11.67,9.45,0
DSTM-02174,A,CAT_797F_MANUAL,0,40.17,13.82,13.55,0.754,0.16,5.3,3.44,4,1.39,-0.8,1
DSTM-02175,B,PALA_PH_4100XPC,0,2.35,2.79,5.49,0.927,0.112,6.3,1.95,0,5.89,4.45,1
DSTM-02176,C,CAT_797F_MANUAL,0,44.23,8.77,92.26,0.757,0.417,11.1,7.57,2,7.48,5.04,0
DSTM-02177,B,CAMIONETA_4x4,0,26.23,5.08,18.49,0.849,0.246,6.8,7.57,1,3.31,1.31,1
DSTM-02178,D,CAT_797F_MANUAL,0,34.75,7.11,133.68,0.32,0.043,4.3,1.76,2,14.94,13.26,0
DSTM-02179,B,CAT_797F_MANUAL,0,10.08,7.3,20.56,0.973,0.091,4.4,7.78,1,6.63,5.22,0
DSTM-02180,E,CAMIONETA_4x4,0,24.83,5.8,21.1,0.986,0.146,10.0,6.23,0,2.61,1.02,1
DSTM-02181,D,KOMATSU_930E_AHS,1,21.71,14.14,10.88,0.345,0.05,17.5,0.15,0,0.97,0.3,1
DSTM-02182,E,CAMIONETA_4x4,0,30.92,13.02,28.7,0.748,0.161,10.2,6.19,2,3.14,1.16,1
DSTM-02183,D,CAT_797F_MANUAL,0,32.09,5.07,6.12,0.597,0.062,6.8,7.14,1,0.77,-0.81,1
DSTM-02184,A,CAT_797F_MANUAL,0,34.2,7.48,113.9,0.673,0.038,3.9,1.18,4,12.7,11.18,0
DSTM-02185,C,CAMIONETA_4x4,0,32.72,9.05,60.04,0.915,0.145,10.6,2.72,1,6.55,4.85,0
DSTM-02186,A,KOMATSU_930E_AHS,1,34.06,11.13,200.0,0.756,0.025,23.7,0.15,0,18.85,18.39,0
DSTM-02187,D,CAT_797F_MANUAL,0,45.35,7.94,17.08,0.596,0.143,2.4,7.07,2,1.26,-0.63,1
DSTM-02188,C,CAT_797F_MANUAL,0,32.3,6.15,198.9,0.829,0.264,8.2,5.6,1,21.91,19.83,0
DSTM-02189,B,CAT_797F_MANUAL,0,14.73,4.0,43.07,0.925,0.401,3.2,0.62,0,11.88,9.78,0
DSTM-02190,E,KOMATSU_930E_AHS,1,29.45,7.25,38.1,0.861,0.053,18.8,0.15,0,4.47,4.04,0
DSTM-02191,A,CAT_797F_MANUAL,0,42.39,12.63,72.94,0.751,0.066,10.1,10.67,1,5.95,4.2,0
DSTM-02192,C,CAT_797F_MANUAL,0,46.96,9.26,50.69,0.898,0.36,8.1,9.7,2,4.43,2.05,1
DSTM-02193,D,CAT_797F_MANUAL,0,23.65,6.87,33.86,0.431,0.219,5.1,2.34,2,4.31,2.37,1
DSTM-02194,A,CAMIONETA_4x4,0,56.54,7.57,48.79,0.764,0.055,3.4,1.62,1,3.41,1.88,1
DSTM-02195,C,CAT_797F_MANUAL,0,36.57,5.88,65.39,0.746,0.375,9.9,6.29,1,7.2,5.02,0
DSTM-02196,D,CAMIONETA_4x4,0,41.73,8.81,200.0,0.227,0.076,1.5,1.22,1,16.53,14.66,0
DSTM-02197,A,CAT_797F_MANUAL,0,43.35,10.15,69.04,0.802,0.02,2.5,4.35,0,6.1,4.53,0
DSTM-02198,C,KOMATSU_930E_AHS,1,18.31,6.13,200.0,0.856,0.077,17.2,0.15,0,39.96,39.56,0
DSTM-02199,B,CAT_797F_MANUAL,0,19.08,3.37,2.0,0.853,0.041,3.3,1.65,0,0.84,-0.55,1
DSTM-02200,D,CAT_797F_MANUAL,0,33.68,7.34,61.87,0.37,0.142,5.6,4.73,0,6.04,4.08,0
DSTM-02201,A,CAT_797F_MANUAL,0,41.18,14.78,69.24,0.696,0.086,11.5,5.71,1,6.31,4.18,0
DSTM-02202,E,CAMIONETA_4x4,0,42.54,3.78,28.41,0.784,0.108,7.1,6.98,2,2.16,0.61,1
DSTM-02203,E,KOMATSU_930E_AHS,1,28.67,8.1,109.62,0.883,0.049,18.5,0.15,0,11.65,11.22,0
DSTM-02204,A,CAT_797F_MANUAL,0,34.18,13.4,34.3,0.638,0.153,5.3,2.27,1,3.74,1.61,1
DSTM-02205,B,CAT_797F_MANUAL,0,11.3,3.11,17.41,1.0,0.141,6.0,5.89,0,4.81,3.25,1
DSTM-02206,C,CAT_797F_MANUAL,0,27.47,6.86,25.02,0.917,0.326,8.2,3.73,0,3.26,1.18,1
DSTM-02207,D,CAT_797F_MANUAL,0,23.74,10.85,127.49,0.373,0.104,6.0,2.41,0,18.41,16.4,0
DSTM-02208,B,CAT_797F_MANUAL,0,16.61,4.95,21.24,0.757,0.203,8.4,0.24,4,3.86,2.08,1
DSTM-02209,A,KOMATSU_930E_AHS,1,35.47,13.53,193.08,0.807,0.046,18.7,0.15,0,18.44,17.99,0
DSTM-02210,A,CAT_797F_MANUAL,0,49.91,8.27,197.6,0.655,0.138,11.2,2.41,1,14.72,12.95,0
DSTM-02211,E,KOMATSU_930E_AHS,1,36.22,8.42,63.47,0.986,0.064,3.2,0.15,0,6.29,5.93,0
DSTM-02212,C,CAMIONETA_4x4,0,30.72,7.96,11.94,0.817,0.373,9.0,9.29,1,1.24,-0.95,1
DSTM-02213,E,KOMATSU_930E_AHS,1,29.81,8.63,9.08,0.789,0.02,19.8,0.15,0,1.19,0.75,1
DSTM-02214,C,CAT_797F_MANUAL,0,17.93,9.2,9.95,0.766,0.229,11.0,3.97,1,1.59,-0.43,1
DSTM-02215,E,KOMATSU_930E_AHS,1,21.4,7.77,11.84,0.934,0.064,14.8,0.15,0,2.25,1.87,1
DSTM-02216,A,CAT_797F_MANUAL,0,48.91,8.04,47.12,0.619,0.165,7.8,4.81,2,3.6,1.84,1
DSTM-02217,A,CAT_797F_MANUAL,0,36.36,6.72,91.23,0.643,0.07,2.7,10.02,1,8.78,7.32,0
DSTM-02218,E,CAMIONETA_4x4,0,34.02,3.12,27.95,0.876,0.204,9.8,3.72,3,3.15,1.44,1
DSTM-02219,E,CAMIONETA_4x4,0,30.32,7.36,200.0,0.926,0.201,3.6,7.8,1,20.62,19.06,0
DSTM-02220,B,CAT_797F_MANUAL,0,16.57,5.13,35.5,0.923,0.09,1.4,3.72,0,10.37,8.9,0
DSTM-02221,B,CAT_797F_MANUAL,0,20.81,2.97,25.75,0.984,0.139,10.5,1.49,2,7.0,5.58,0
DSTM-02222,C,CAT_797F_MANUAL,0,33.24,10.46,86.17,0.795,0.242,11.8,2.95,2,9.48,7.39,0
DSTM-02223,B,CAT_797F_MANUAL,0,19.76,6.29,41.72,0.94,0.109,3.5,3.45,2,7.94,6.39,0
DSTM-02224,A,CAMIONETA_4x4,0,44.17,7.45,22.95,0.72,0.04,7.4,5.09,2,1.76,0.13,1
DSTM-02225,E,CAMIONETA_4x4,0,42.61,4.49,20.98,0.932,0.355,7.9,0.59,2,1.18,-0.95,1
DSTM-02226,B,PALA_PH_4100XPC,0,5.16,4.33,39.03,0.882,0.095,7.4,8.51,1,39.63,38.19,0
DSTM-02227,D,CAT_797F_MANUAL,0,33.79,9.57,59.93,0.241,0.174,3.2,1.7,0,6.67,4.46,0
DSTM-02228,A,KOMATSU_930E_AHS,1,38.69,9.85,199.3,0.788,0.053,10.1,0.15,0,17.52,17.06,0
DSTM-02229,A,CAT_797F_MANUAL,0,39.64,13.45,14.29,0.64,0.183,5.2,6.35,2,0.97,-1.17,1
DSTM-02230,D,CAT_797F_MANUAL,0,46.56,10.52,118.82,0.252,0.21,2.6,3.6,2,9.61,7.3,0
DSTM-02231,B,CAT_797F_MANUAL,0,23.04,4.24,20.1,0.95,0.137,2.7,1.87,1,4.08,2.62,1
DSTM-02232,D,KOMATSU_930E_AHS,1,26.45,10.98,42.22,0.341,0.069,5.8,0.15,0,6.19,5.5,0
DSTM-02233,A,CAT_797F_MANUAL,0,41.39,16.1,62.75,0.641,0.072,6.7,3.42,1,5.98,3.94,1
DSTM-02234,E,KOMATSU_930E_AHS,1,34.28,10.44,16.44,1.0,0.044,6.0,0.15,0,1.08,0.73,1
DSTM-02235,D,CAT_797F_MANUAL,0,38.56,9.55,15.79,0.39,0.163,7.3,2.95,3,1.58,-0.5,1
DSTM-02236,E,KOMATSU_930E_AHS,1,29.19,4.79,2.77,0.955,0.05,12.5,0.15,0,0.81,0.43,1
DSTM-02237,A,KOMATSU_930E_AHS,1,38.96,9.86,8.74,0.598,0.048,17.9,0.15,0,0.83,0.28,1
DSTM-02238,B,PALA_PH_4100XPC,0,0.63,5.95,17.16,0.863,0.056,2.3,8.8,1,21.55,20.19,0
DSTM-02239,B,CAT_797F_MANUAL,0,18.38,2.22,23.0,0.992,0.072,5.1,1.98,1,4.56,3.24,1
DSTM-02240,C,KOMATSU_930E_AHS,1,33.29,7.44,163.15,0.872,0.112,7.2,0.15,0,17.96,17.55,0
DSTM-02241,B,PALA_PH_4100XPC,0,0.0,3.72,6.71,0.955,0.062,10.9,2.22,0,15.17,13.77,0
DSTM-02242,A,CAT_797F_MANUAL,0,46.82,8.37,22.79,0.715,0.096,7.6,2.34,0,1.87,0.21,1
DSTM-02243,B,PALA_PH_4100XPC,0,2.8,4.91,59.24,0.977,0.12,5.2,2.37,0,122.35,120.9,0
DSTM-02244,B,CAT_797F_MANUAL,0,7.79,1.76,63.41,0.914,0.058,1.6,5.45,0,23.96,22.59,0
DSTM-02245,B,CAT_797F_MANUAL,0,16.12,2.19,51.2,0.872,0.238,2.5,1.69,3,10.27,8.3,0
DSTM-02246,A,CAMIONETA_4x4,0,50.03,7.05,168.85,0.683,0.232,6.8,1.44,4,11.47,9.56,0
DSTM-02247,B,CAT_797F_MANUAL,0,9.49,3.81,30.25,0.71,0.097,7.5,1.1,1,11.96,10.36,0
DSTM-02248,C,CAT_797F_MANUAL,0,33.86,4.2,40.44,0.828,0.194,11.4,1.16,2,4.74,2.96,1
DSTM-02249,B,CAT_797F_MANUAL,0,13.68,2.04,32.19,0.789,0.243,2.8,3.41,1,5.94,4.14,0
DSTM-02250,B,PALA_PH_4100XPC,0,4.29,6.67,51.23,0.887,0.165,5.1,5.15,1,98.73,97.09,0
DSTM-02251,C,CAMIONETA_4x4,0,52.02,6.49,48.25,1.0,0.331,8.6,5.66,3,3.28,1.28,1
DSTM-02252,D,KOMATSU_930E_AHS,1,28.97,2.51,13.27,0.283,0.087,12.6,0.15,0,2.41,1.69,1
DSTM-02253,B,CAMIONETA_4x4,0,50.18,3.09,105.93,0.866,0.305,2.1,7.95,2,8.12,6.06,0
DSTM-02254,C,CAT_797F_MANUAL,0,32.56,6.53,50.91,0.787,0.33,10.6,1.87,0,5.16,3.07,1
DSTM-02255,E,CAMIONETA_4x4,0,31.64,9.84,49.74,0.822,0.047,1.9,0.4,2,5.15,3.57,1
DSTM-02256,C,CAMIONETA_4x4,0,45.58,8.19,25.12,0.89,0.397,9.9,6.44,3,2.06,-0.23,1
DSTM-02257,E,CAMIONETA_4x4,0,43.41,12.14,10.6,0.867,0.029,11.5,3.72,2,0.54,-1.19,1
DSTM-02258,D,CAT_797F_MANUAL,0,28.25,8.95,19.72,0.598,0.056,2.2,1.23,0,1.86,0.14,1
DSTM-02259,A,CAT_797F_MANUAL,0,36.36,12.85,12.91,0.831,0.224,8.7,7.16,2,1.37,-0.84,1
DSTM-02260,B,CAT_797F_MANUAL,0,18.01,3.19,8.95,0.807,0.303,6.2,0.85,3,1.14,-0.89,1
DSTM-02261,D,CAT_797F_MANUAL,0,24.25,8.57,125.7,0.421,0.137,10.9,3.5,1,17.35,15.55,0
DSTM-02262,E,KOMATSU_930E_AHS,1,26.12,6.82,51.69,0.942,0.028,14.3,0.15,0,7.06,6.65,0
DSTM-02263,C,CAT_797F_MANUAL,0,27.98,9.57,100.09,0.929,0.413,9.9,1.53,3,11.41,8.99,0
DSTM-02264,A,CAT_797F_MANUAL,0,40.17,9.48,50.22,0.725,0.177,1.8,9.46,2,4.86,2.96,1
DSTM-02265,C,CAT_797F_MANUAL,0,43.22,9.56,15.79,1.0,0.264,7.7,3.24,1,1.2,-0.88,1
DSTM-02266,A,KOMATSU_930E_AHS,1,35.77,8.2,96.08,0.663,0.031,0.7,0.15,0,9.72,9.23,0
DSTM-02267,D,CAT_797F_MANUAL,0,32.72,11.42,67.11,0.541,0.023,6.3,2.2,5,7.46,5.57,0
DSTM-02268,C,KOMATSU_930E_AHS,1,27.57,12.5,39.34,0.934,0.064,17.2,0.15,0,4.35,3.98,1
DSTM-02269,D,CAT_797F_MANUAL,0,39.36,5.09,48.33,0.418,0.294,2.9,3.95,2,4.56,2.27,1
DSTM-02270,E,KOMATSU_930E_AHS,1,24.64,13.74,200.0,0.819,0.081,16.1,0.15,0,29.35,28.93,0
DSTM-02271,C,CAT_797F_MANUAL,0,36.57,9.83,60.59,0.791,0.409,8.3,0.84,2,5.8,3.31,1
DSTM-02272,C,CAMIONETA_4x4,0,42.92,13.66,4.09,0.809,0.232,9.0,1.83,0,0.78,-1.51,1
DSTM-02273,D,CAT_797F_MANUAL,0,23.4,10.12,27.42,0.306,0.233,6.2,1.04,0,4.09,1.71,1
DSTM-02274,D,CAT_797F_MANUAL,0,31.69,8.74,107.56,0.511,0.17,5.4,2.85,0,12.55,10.63,0
DSTM-02275,E,CAMIONETA_4x4,0,38.32,10.95,13.82,0.742,0.067,9.7,4.05,3,1.27,-0.45,1
DSTM-02276,A,CAT_797F_MANUAL,0,47.54,7.15,66.12,0.601,0.208,5.0,3.56,1,5.22,3.3,1
DSTM-02277,C,KOMATSU_930E_AHS,1,36.67,6.77,23.46,0.882,0.079,2.0,0.15,0,2.29,1.89,1
DSTM-02278,A,CAT_797F_MANUAL,0,35.51,10.12,41.32,0.572,0.118,9.8,3.03,1,3.5,1.55,1
DSTM-02279,E,KOMATSU_930E_AHS,1,31.03,6.59,86.64,0.999,0.039,5.9,0.15,0,10.61,10.25,0
DSTM-02280,C,CAT_797F_MANUAL,0,28.15,8.04,47.06,0.853,0.42,9.3,6.79,2,5.52,3.22,1
DSTM-02281,B,PALA_PH_4100XPC,0,0.0,4.67,34.12,0.888,0.15,3.5,6.13,2,68.12,66.58,0
DSTM-02282,A,KOMATSU_930E_AHS,1,34.99,9.44,61.68,0.658,0.026,7.0,0.15,0,5.69,5.17,0
DSTM-02283,B,CAMIONETA_4x4,0,43.09,1.98,37.49,0.968,0.038,9.9,2.51,2,2.85,1.48,1
DSTM-02284,D,CAT_797F_MANUAL,0,27.64,5.88,49.96,0.498,0.08,6.3,6.11,2,6.44,4.73,0
DSTM-02285,A,CAMIONETA_4x4,0,49.89,9.52,29.78,0.7,0.058,9.6,1.52,0,1.86,0.28,1
DSTM-02286,A,CAMIONETA_4x4,0,52.59,10.53,116.46,0.57,0.081,2.6,3.46,2,7.77,5.87,0
DSTM-02287,E,KOMATSU_930E_AHS,1,29.32,9.71,21.06,0.874,0.051,5.5,0.15,0,3.23,2.8,1
DSTM-02288,D,CAMIONETA_4x4,0,31.41,6.92,37.21,0.603,0.092,4.0,1.64,2,5.56,3.91,1
DSTM-02289,A,CAT_797F_MANUAL,0,40.82,9.66,30.58,0.651,0.025,10.8,0.84,2,2.28,0.65,1
DSTM-02290,B,CAT_797F_MANUAL,0,15.06,2.17,21.79,0.821,0.166,6.4,4.55,4,4.28,2.59,1
DSTM-02291,E,CAMIONETA_4x4,0,41.31,4.76,170.94,0.938,0.098,11.4,0.4,1,15.16,13.68,0
DSTM-02292,D,CAT_797F_MANUAL,0,34.93,9.35,29.86,0.368,0.074,8.8,3.69,1,2.53,0.64,1
DSTM-02293,C,CAT_797F_MANUAL,0,31.49,7.83,29.88,0.825,0.216,8.0,3.55,1,3.1,1.31,1
DSTM-02294,B,CAT_797F_MANUAL,0,14.73,3.91,31.0,0.784,0.129,11.4,7.76,1,7.81,6.17,0
DSTM-02295,B,PALA_PH_4100XPC,0,1.02,3.35,15.08,0.957,0.176,10.7,1.18,1,28.23,26.57,0
DSTM-02296,A,CAMIONETA_4x4,0,42.57,11.25,42.5,0.564,0.136,1.8,8.62,1,3.64,1.56,1
DSTM-02297,D,CAT_797F_MANUAL,0,36.37,10.5,20.09,0.419,0.071,9.5,6.69,2,1.41,-0.42,1
DSTM-02298,A,CAT_797F_MANUAL,0,51.03,11.98,17.38,0.775,0.121,11.2,1.21,1,1.57,-0.43,1
DSTM-02299,A,CAT_797F_MANUAL,0,46.79,12.5,188.66,0.564,0.331,3.3,7.96,1,14.62,12.11,0
DSTM-02300,D,CAMIONETA_4x4,0,31.65,11.33,83.64,0.465,0.033,3.8,1.25,5,9.63,7.77,0
DSTM-02301,E,KOMATSU_930E_AHS,1,20.27,10.15,69.61,0.966,0.02,18.4,0.15,0,9.08,8.72,0
DSTM-02302,D,CAT_797F_MANUAL,0,34.04,11.46,52.74,0.383,0.078,7.7,2.6,1,6.05,4.05,0
DSTM-02303,C,KOMATSU_930E_AHS,1,27.52,10.67,104.77,0.962,0.034,12.7,0.15,0,15.28,14.91,0
DSTM-02304,C,CAT_797F_MANUAL,0,28.98,4.44,31.5,0.892,0.148,10.5,4.56,1,4.09,2.51,1
DSTM-02305,B,CAT_797F_MANUAL,0,14.68,3.45,13.14,0.791,0.02,8.0,2.29,3,2.97,1.56,1
DSTM-02306,B,CAT_797F_MANUAL,0,12.88,2.3,49.26,0.896,0.109,6.0,1.21,1,12.67,11.01,0
DSTM-02307,C,CAT_797F_MANUAL,0,31.3,11.25,7.53,0.79,0.374,9.4,1.79,2,1.1,-1.5,1
DSTM-02308,B,CAT_797F_MANUAL,0,12.34,1.65,66.12,0.934,0.208,5.5,1.93,0,20.82,19.1,0
DSTM-02309,C,CAMIONETA_4x4,0,41.47,8.47,70.34,0.835,0.384,7.6,5.23,0,6.59,4.35,0
DSTM-02310,E,CAMIONETA_4x4,0,37.43,7.79,52.32,0.954,0.056,2.4,2.53,0,4.49,3.08,1
DSTM-02311,E,CAMIONETA_4x4,0,45.79,6.77,11.5,0.766,0.124,9.4,1.94,4,0.6,-1.07,1
DSTM-02312,A,CAT_797F_MANUAL,0,46.17,9.61,154.23,0.543,0.222,8.5,3.99,3,11.93,9.77,0
DSTM-02313,B,CAT_797F_MANUAL,0,15.9,4.09,6.52,0.87,0.195,4.0,9.2,2,1.14,-0.74,1
DSTM-02314,A,CAT_797F_MANUAL,0,40.55,9.69,25.92,0.679,0.06,8.4,3.8,1,1.91,0.16,1
DSTM-02315,B,CAT_797F_MANUAL,0,10.82,4.01,157.42,0.816,0.074,3.1,4.66,3,55.53,53.95,0
DSTM-02316,B,CAT_797F_MANUAL,0,11.81,3.53,18.12,0.808,0.11,6.0,3.41,2,4.22,2.65,1
DSTM-02317,A,CAT_797F_MANUAL,0,47.9,6.42,150.1,0.793,0.115,11.1,2.83,1,11.47,9.93,0
DSTM-02318,D,KOMATSU_930E_AHS,1,29.66,10.94,22.0,0.392,0.025,21.5,0.15,0,2.9,2.22,1
DSTM-02319,C,CAT_797F_MANUAL,0,36.0,11.34,13.35,0.778,0.26,7.9,0.2,3,0.92,-1.34,1
DSTM-02320,E,KOMATSU_930E_AHS,1,32.17,12.97,18.02,0.916,0.066,10.5,0.15,0,1.82,1.42,1
DSTM-02321,A,KOMATSU_930E_AHS,1,36.19,9.99,16.1,0.793,0.04,23.0,0.15,0,2.11,1.65,1
DSTM-02322,A,CAT_797F_MANUAL,0,38.18,11.19,59.21,0.704,0.14,3.7,2.61,3,4.91,2.99,1
DSTM-02323,B,CAT_797F_MANUAL,0,19.56,6.6,20.99,0.993,0.228,4.3,2.64,0,3.38,1.6,1
DSTM-02324,A,CAT_797F_MANUAL,0,38.57,9.2,39.93,0.834,0.066,10.6,5.75,0,4.37,2.68,1
DSTM-02325,B,CAT_797F_MANUAL,0,15.39,1.75,12.56,0.976,0.181,3.3,3.79,1,2.12,0.57,1
DSTM-02326,E,CAMIONETA_4x4,0,29.99,7.79,30.1,0.886,0.171,6.9,10.02,1,3.97,2.16,1
DSTM-02327,A,KOMATSU_930E_AHS,1,44.03,10.81,43.71,0.55,0.097,8.0,0.15,0,3.54,2.98,1
DSTM-02328,A,CAMIONETA_4x4,0,49.39,11.76,45.85,0.559,0.102,7.7,1.99,3,3.43,1.54,1
DSTM-02329,C,CAT_797F_MANUAL,0,32.62,8.93,30.38,0.804,0.283,11.5,4.52,2,3.56,1.47,1
DSTM-02330,C,CAT_797F_MANUAL,0,30.33,11.08,28.68,0.951,0.374,8.2,4.59,0,3.85,1.35,1
DSTM-02331,C,KOMATSU_930E_AHS,1,28.84,6.81,102.64,0.953,0.059,12.7,0.15,0,13.29,12.92,0
DSTM-02332,B,CAT_797F_MANUAL,0,18.06,3.01,28.04,0.848,0.046,8.2,3.36,0,7.62,6.2,0
DSTM-02333,D,KOMATSU_930E_AHS,1,26.09,5.13,40.21,0.441,0.044,7.6,0.15,0,4.82,4.21,0
DSTM-02334,A,CAT_797F_MANUAL,0,52.09,7.72,38.34,0.618,0.09,7.5,2.0,1,2.49,0.75,1
DSTM-02335,B,PALA_PH_4100XPC,0,4.94,3.61,37.6,0.945,0.105,2.0,2.98,0,50.57,49.13,0
DSTM-02336,D,CAMIONETA_4x4,0,44.49,9.66,14.5,0.44,0.17,3.6,2.14,2,1.1,-0.93,1
DSTM-02337,E,KOMATSU_930E_AHS,1,28.97,6.99,71.91,0.842,0.02,13.2,0.15,0,9.41,8.98,0
DSTM-02338,B,CAT_797F_MANUAL,0,7.6,4.69,23.26,0.904,0.041,8.4,1.25,3,7.9,6.52,0
DSTM-02339,C,KOMATSU_930E_AHS,1,26.06,10.47,8.25,0.932,0.043,13.8,0.15,0,1.1,0.72,1
DSTM-02340,A,CAT_797F_MANUAL,0,41.05,9.38,189.15,0.743,0.048,6.5,5.78,0,16.58,14.95,0
DSTM-02341,A,CAT_797F_MANUAL,0,31.21,12.42,149.5,0.611,0.136,1.7,5.63,1,16.57,14.47,0
DSTM-02342,A,KOMATSU_930E_AHS,1,35.58,13.54,74.81,0.687,0.048,11.5,0.15,0,8.39,7.88,0
DSTM-02343,D,CAT_797F_MANUAL,0,26.99,10.74,66.94,0.308,0.176,6.7,7.71,5,9.57,7.42,0
DSTM-02344,B,CAT_797F_MANUAL,0,14.02,3.37,38.24,0.855,0.156,2.9,2.05,2,8.67,7.13,0
DSTM-02345,D,CAT_797F_MANUAL,0,33.83,10.18,197.89,0.476,0.095,6.1,5.22,2,22.43,20.5,0
DSTM-02346,A,CAT_797F_MANUAL,0,48.1,12.86,196.37,0.821,0.457,2.4,5.75,2,14.17,11.47,0
DSTM-02347,E,KOMATSU_930E_AHS,1,23.38,8.21,27.51,0.85,0.094,6.9,0.15,0,4.4,3.98,1
DSTM-02348,D,CAT_797F_MANUAL,0,30.33,7.58,27.59,0.441,0.126,8.5,1.84,0,2.92,1.2,1
DSTM-02349,A,CAT_797F_MANUAL,0,41.2,12.35,127.17,0.676,0.124,4.7,3.36,0,10.07,8.11,0
DSTM-02350,A,KOMATSU_930E_AHS,1,34.92,6.79,34.99,0.613,0.066,3.1,0.15,0,4.11,3.55,1
DSTM-02351,A,KOMATSU_930E_AHS,1,36.83,9.83,70.76,0.557,0.061,9.1,0.15,0,7.16,6.62,0
DSTM-02352,E,CAMIONETA_4x4,0,37.75,7.52,81.31,0.947,0.228,4.7,0.59,0,7.44,5.64,0
DSTM-02353,A,CAT_797F_MANUAL,0,42.95,8.38,49.32,0.58,0.159,2.3,1.6,0,3.66,1.73,1
DSTM-02354,C,CAMIONETA_4x4,0,39.85,8.67,27.57,0.867,0.246,10.2,3.49,1,2.26,0.2,1
DSTM-02355,B,CAT_797F_MANUAL,0,13.68,4.78,74.74,0.86,0.082,7.2,2.24,1,18.92,17.39,0
DSTM-02356,D,CAT_797F_MANUAL,0,38.18,4.28,13.77,0.203,0.223,9.8,6.06,1,1.19,-0.81,1
DSTM-02357,C,CAT_797F_MANUAL,0,30.94,4.57,62.42,0.925,0.377,8.2,13.04,0,7.22,5.12,0
DSTM-02358,C,KOMATSU_930E_AHS,1,36.31,7.2,20.33,0.916,0.035,6.0,0.15,0,2.1,1.73,1
DSTM-02359,E,KOMATSU_930E_AHS,1,27.51,9.9,12.13,0.771,0.02,19.4,0.15,0,1.85,1.4,1
DSTM-02360,A,CAT_797F_MANUAL,0,36.24,6.03,50.88,0.715,0.21,7.1,4.26,2,5.0,3.12,1
DSTM-02361,D,KOMATSU_930E_AHS,1,20.02,9.26,59.92,0.22,0.052,21.0,0.15,0,9.15,8.41,0
DSTM-02362,A,CAT_797F_MANUAL,0,36.89,10.45,84.78,0.571,0.09,7.5,1.15,3,7.63,5.8,0
DSTM-02363,C,CAT_797F_MANUAL,0,40.67,4.83,156.67,0.999,0.258,7.9,7.0,2,14.13,12.17,0
DSTM-02364,E,CAMIONETA_4x4,0,38.52,10.34,24.03,0.828,0.076,4.3,3.31,0,2.41,0.66,1
DSTM-02365,D,KOMATSU_930E_AHS,1,32.66,11.86,70.82,0.575,0.08,18.6,0.15,0,8.01,7.42,0
DSTM-02366,D,CAT_797F_MANUAL,0,31.1,7.17,5.64,0.474,0.166,1.6,1.3,2,0.95,-0.92,1
DSTM-02367,B,CAT_797F_MANUAL,0,17.63,2.17,2.05,0.963,0.155,5.2,1.63,0,1.04,-0.61,1
DSTM-02368,B,CAT_797F_MANUAL,0,17.35,3.6,16.35,1.0,0.261,2.6,3.32,0,2.33,0.54,1
DSTM-02369,B,CAMIONETA_4x4,0,21.22,0.0,2.21,0.867,0.24,7.3,1.85,0,0.68,-1.12,1
DSTM-02370,C,CAT_797F_MANUAL,0,28.89,11.26,50.23,0.925,0.343,8.4,2.48,1,5.38,3.17,1
DSTM-02371,C,CAT_797F_MANUAL,0,32.5,6.86,16.14,0.788,0.197,10.8,3.51,0,1.67,-0.12,1
DSTM-02372,B,CAMIONETA_4x4,0,34.93,4.38,21.15,0.951,0.13,9.7,2.31,3,2.7,1.1,1
DSTM-02373,B,CAT_797F_MANUAL,0,18.09,5.16,9.93,0.817,0.036,3.2,7.05,0,1.88,0.48,1
DSTM-02374,B,PALA_PH_4100XPC,0,2.42,6.23,30.72,0.865,0.069,5.3,0.96,0,59.56,58.17,0
DSTM-02375,B,CAT_797F_MANUAL,0,19.5,3.66,51.85,0.88,0.206,2.1,0.71,3,10.78,8.92,0
DSTM-02376,A,CAMIONETA_4x4,0,47.49,9.6,21.39,0.765,0.085,3.7,2.32,0,1.71,-0.0,1
DSTM-02377,E,KOMATSU_930E_AHS,1,24.24,10.5,60.35,0.844,0.051,13.9,0.15,0,8.72,8.32,0
DSTM-02378,C,CAT_797F_MANUAL,0,28.36,5.5,32.78,0.964,0.335,7.7,3.09,1,3.96,2.0,1
DSTM-02379,A,CAT_797F_MANUAL,0,39.28,12.6,111.01,0.807,0.027,2.4,0.57,0,10.57,8.9,0
DSTM-02380,D,KOMATSU_930E_AHS,1,37.75,9.68,40.26,0.53,0.046,9.9,0.15,0,4.17,3.59,1
DSTM-02381,D,CAT_797F_MANUAL,0,27.6,4.91,39.68,0.475,0.179,10.8,2.09,1,4.83,2.96,1
DSTM-02382,A,KOMATSU_930E_AHS,1,35.83,10.03,71.25,0.527,0.035,7.4,0.15,0,8.0,7.43,0
DSTM-02383,A,CAMIONETA_4x4,0,43.37,12.16,53.76,0.654,0.065,6.0,1.5,1,4.87,2.97,1
DSTM-02384,A,CAT_797F_MANUAL,0,49.56,6.72,155.68,0.686,0.201,2.7,4.83,1,11.04,9.32,0
DSTM-02385,A,CAT_797F_MANUAL,0,32.96,9.65,118.78,0.78,0.178,9.8,6.47,2,11.77,9.87,0
DSTM-02386,D,CAT_797F_MANUAL,0,26.55,6.58,15.81,0.288,0.07,7.3,2.06,1,2.78,1.12,1
DSTM-02387,E,KOMATSU_930E_AHS,1,25.34,8.98,30.0,0.952,0.068,23.9,0.15,0,4.06,3.71,1
DSTM-02388,A,CAT_797F_MANUAL,0,39.44,9.42,20.91,0.692,0.037,2.8,1.79,0,2.24,0.62,1
DSTM-02389,D,CAT_797F_MANUAL,0,31.82,9.21,21.63,0.351,0.058,4.9,3.64,2,2.3,0.52,1
DSTM-02390,A,CAT_797F_MANUAL,0,42.74,8.96,123.58,0.785,0.04,1.1,9.68,1,10.23,8.66,0
DSTM-02391,C,KOMATSU_930E_AHS,1,19.76,9.6,23.51,0.973,0.032,17.1,0.15,0,4.08,3.72,1
DSTM-02392,D,CAMIONETA_4x4,0,37.78,8.48,30.91,0.397,0.255,7.8,2.31,2,3.35,1.06,1
DSTM-02393,B,CAT_797F_MANUAL,0,14.78,3.43,14.35,0.74,0.127,10.6,4.74,2,4.2,2.53,1
DSTM-02394,A,KOMATSU_930E_AHS,1,34.82,3.62,13.1,0.75,0.07,17.2,0.15,0,2.37,1.89,1
DSTM-02395,C,KOMATSU_930E_AHS,1,32.33,8.33,18.25,0.978,0.026,7.0,0.15,0,2.43,2.07,1
DSTM-02396,E,CAMIONETA_4x4,0,35.87,8.07,26.03,0.833,0.075,8.3,4.18,0,2.8,1.3,1
DSTM-02397,B,PALA_PH_4100XPC,0,3.44,3.48,17.19,0.843,0.079,9.2,1.2,2,12.91,11.47,0
DSTM-02398,A,KOMATSU_930E_AHS,1,35.62,7.35,51.43,0.706,0.067,7.3,0.15,0,3.98,3.46,1
DSTM-02399,A,CAT_797F_MANUAL,0,28.47,8.1,45.3,0.632,0.328,2.6,3.22,4,5.23,2.97,1
DSTM-02400,C,KOMATSU_930E_AHS,1,37.17,12.42,178.58,0.916,0.06,22.0,0.15,0,17.8,17.43,0
DSTM-02401,C,CAMIONETA_4x4,0,24.67,8.64,50.04,0.963,0.14,11.6,3.25,1,7.43,5.7,0
DSTM-02402,D,CAT_797F_MANUAL,0,30.59,8.23,144.71,0.223,0.127,2.8,4.42,1,18.8,16.79,0
DSTM-02403,D,CAMIONETA_4x4,0,40.99,6.63,73.86,0.487,0.116,6.3,8.59,1,6.6,4.79,0
DSTM-02404,E,CAMIONETA_4x4,0,28.31,8.36,10.71,0.836,0.078,2.8,4.56,3,1.28,-0.39,1
DSTM-02405,D,CAT_797F_MANUAL,0,26.93,7.0,16.5,0.406,0.109,4.9,3.12,0,1.35,-0.41,1
DSTM-02406,A,KOMATSU_930E_AHS,1,37.05,9.63,64.82,0.823,0.025,1.4,0.15,0,6.53,6.08,0
DSTM-02407,C,CAT_797F_MANUAL,0,32.03,13.23,11.39,0.951,0.376,9.1,5.75,1,1.59,-0.92,1
DSTM-02408,B,PALA_PH_4100XPC,0,3.99,3.02,75.62,0.729,0.057,8.8,5.58,2,150.05,148.63,0
DSTM-02409,B,CAT_797F_MANUAL,0,21.89,5.3,2.0,0.773,0.066,7.2,4.52,4,0.71,-0.73,1
DSTM-02410,E,KOMATSU_930E_AHS,1,25.14,6.16,108.89,0.815,0.037,4.3,0.15,0,15.4,14.97,0
DSTM-02411,D,CAT_797F_MANUAL,0,26.92,7.55,17.15,0.371,0.315,2.3,2.1,2,1.66,-0.79,1
DSTM-02412,E,CAMIONETA_4x4,0,52.22,8.14,12.62,0.975,0.178,3.0,2.5,1,0.99,-0.77,1
DSTM-02413,B,PALA_PH_4100XPC,0,0.37,2.6,33.05,0.792,0.239,1.9,1.64,0,62.75,60.79,0
DSTM-02414,C,CAT_797F_MANUAL,0,36.88,8.98,29.65,0.893,0.248,9.5,1.94,2,3.0,1.08,1
DSTM-02415,C,CAT_797F_MANUAL,0,25.67,11.26,69.21,0.856,0.09,11.3,2.57,3,9.09,7.36,0
DSTM-02416,A,CAT_797F_MANUAL,0,40.45,9.76,36.12,0.622,0.43,10.7,4.1,3,3.35,0.82,1
DSTM-02417,A,KOMATSU_930E_AHS,1,35.08,8.42,79.3,0.627,0.096,10.6,0.15,0,8.0,7.47,0
DSTM-02418,C,CAT_797F_MANUAL,0,31.66,7.3,96.47,0.832,0.247,10.5,1.86,2,11.74,9.95,0
DSTM-02419,A,CAT_797F_MANUAL,0,46.59,5.55,82.68,0.562,0.123,4.9,0.22,2,6.74,5.02,0
DSTM-02420,E,KOMATSU_930E_AHS,1,23.84,4.5,26.75,0.78,0.02,17.5,0.15,0,4.33,3.88,1
DSTM-02421,A,CAT_797F_MANUAL,0,36.24,11.47,62.12,0.667,0.067,11.5,2.33,0,6.12,4.33,0
DSTM-02422,A,CAT_797F_MANUAL,0,47.27,9.23,11.31,0.678,0.143,1.8,9.34,2,0.83,-1.06,1
DSTM-02423,D,KOMATSU_930E_AHS,1,21.73,9.28,21.49,0.521,0.051,17.7,0.15,0,3.12,2.52,1
DSTM-02424,A,KOMATSU_930E_AHS,1,35.07,6.1,16.47,0.712,0.061,18.6,0.15,0,2.07,1.59,1
DSTM-02425,E,CAMIONETA_4x4,0,34.69,6.83,8.23,0.735,0.14,8.2,5.83,3,0.9,-0.73,1
DSTM-02426,D,CAT_797F_MANUAL,0,39.82,10.52,32.5,0.157,0.038,4.2,5.37,3,2.81,0.77,1
DSTM-02427,A,CAT_797F_MANUAL,0,47.87,11.92,27.8,0.63,0.22,7.1,5.7,1,2.11,-0.0,1
DSTM-02428,D,CAT_797F_MANUAL,0,29.65,7.25,15.19,0.374,0.064,1.9,0.49,1,2.32,0.69,1
DSTM-02429,C,CAT_797F_MANUAL,0,39.27,6.88,59.93,0.966,0.359,9.6,13.72,2,5.92,3.77,1
DSTM-02430,D,CAT_797F_MANUAL,0,29.91,10.48,30.62,0.475,0.062,6.6,3.37,1,4.1,2.31,1
DSTM-02431,D,CAT_797F_MANUAL,0,34.78,10.96,103.36,0.273,0.211,4.2,0.94,4,9.79,7.45,0
DSTM-02432,D,CAT_797F_MANUAL,0,16.18,16.36,51.23,0.477,0.3,7.6,8.6,4,8.2,5.4,0
DSTM-02433,C,CAT_797F_MANUAL,0,28.34,11.84,4.85,0.872,0.357,10.7,4.37,2,1.04,-1.46,1
DSTM-02434,B,PALA_PH_4100XPC,0,5.19,2.08,21.3,0.875,0.192,6.4,9.46,1,29.95,28.17,0
DSTM-02435,D,CAT_797F_MANUAL,0,25.91,5.42,12.86,0.317,0.107,4.0,3.78,1,2.49,0.62,1
DSTM-02436,E,CAMIONETA_4x4,0,32.64,11.3,18.68,0.952,0.218,5.7,5.43,2,2.09,0.25,1
DSTM-02437,C,CAT_797F_MANUAL,0,20.0,7.07,118.26,0.823,0.16,9.2,3.96,1,20.98,19.31,0
DSTM-02438,D,CAT_797F_MANUAL,0,39.05,9.26,86.47,0.249,0.209,3.5,2.74,1,7.95,5.75,0
DSTM-02439,B,CAT_797F_MANUAL,0,16.96,1.69,18.78,0.867,0.085,3.1,2.98,0,6.06,4.7,0
DSTM-02440,D,CAT_797F_MANUAL,0,26.88,8.78,78.14,0.224,0.02,1.4,3.29,1,10.08,8.32,0
DSTM-02441,E,KOMATSU_930E_AHS,1,29.08,13.91,31.79,0.854,0.044,20.3,0.15,0,3.76,3.34,1
DSTM-02442,A,CAT_797F_MANUAL,0,35.25,7.93,30.65,0.773,0.117,5.7,3.79,0,3.08,1.39,1
DSTM-02443,A,CAT_797F_MANUAL,0,44.22,11.77,59.79,0.793,0.057,10.7,6.78,1,5.01,3.26,1
DSTM-02444,C,CAT_797F_MANUAL,0,31.69,7.58,102.98,0.86,0.248,8.8,5.25,1,12.22,10.29,0
DSTM-02445,C,CAMIONETA_4x4,0,38.62,7.91,33.01,0.801,0.238,9.6,0.97,0,2.47,0.49,1
DSTM-02446,C,CAMIONETA_4x4,0,43.16,10.37,94.41,0.813,0.131,8.1,3.75,0,7.79,5.84,0
DSTM-02447,A,CAT_797F_MANUAL,0,48.26,11.67,38.38,0.806,0.118,2.1,4.42,3,2.91,0.94,1
DSTM-02448,B,CAMIONETA_4x4,0,33.96,1.1,54.92,0.885,0.13,8.7,4.02,1,6.21,4.57,0
DSTM-02449,C,CAT_797F_MANUAL,0,25.16,7.58,64.97,0.735,0.143,12.0,2.29,0,9.07,7.36,0
DSTM-02450,C,KOMATSU_930E_AHS,1,22.28,10.29,81.54,0.937,0.026,2.6,0.15,0,13.29,12.9,0
DSTM-02451,D,CAT_797F_MANUAL,0,38.29,7.52,13.04,0.383,0.075,2.5,3.29,1,1.22,-0.54,1
DSTM-02452,D,CAT_797F_MANUAL,0,26.31,11.31,2.0,0.248,0.146,4.3,2.09,2,0.69,-1.52,1
DSTM-02453,C,CAMIONETA_4x4,0,26.46,14.27,18.75,0.906,0.144,7.6,6.17,4,2.03,-0.12,1
DSTM-02454,D,CAT_797F_MANUAL,0,28.83,10.24,18.1,0.453,0.355,9.7,2.48,5,2.08,-0.53,1
DSTM-02455,C,KOMATSU_930E_AHS,1,38.67,7.95,37.79,0.918,0.055,20.9,0.15,0,2.82,2.42,1
DSTM-02456,C,CAT_797F_MANUAL,0,36.13,9.11,62.97,0.911,0.351,8.1,1.96,2,6.37,4.18,0
DSTM-02457,C,CAT_797F_MANUAL,0,32.39,10.42,21.86,0.742,0.12,9.7,3.14,0,2.3,0.36,1
DSTM-02458,A,CAMIONETA_4x4,0,47.49,11.88,117.57,0.676,0.116,7.9,2.19,1,9.17,7.3,0
DSTM-02459,B,CAT_797F_MANUAL,0,20.75,3.25,4.06,0.902,0.118,7.4,0.43,1,0.88,-0.65,1
DSTM-02460,C,CAT_797F_MANUAL,0,33.39,8.67,45.01,0.95,0.131,10.9,1.45,2,5.81,4.29,0
DSTM-02461,E,KOMATSU_930E_AHS,1,28.1,8.2,200.0,0.962,0.094,1.8,0.15,0,23.14,22.76,0
DSTM-02462,D,CAMIONETA_4x4,0,45.81,4.14,13.42,0.354,0.184,3.0,2.59,0,1.15,-0.85,1
DSTM-02463,A,CAT_797F_MANUAL,0,46.4,9.52,9.81,0.694,0.273,5.5,1.22,2,0.79,-1.39,1
DSTM-02464,C,KOMATSU_930E_AHS,1,30.85,5.83,54.81,0.804,0.051,9.0,0.15,0,6.48,6.04,0
DSTM-02465,A,CAT_797F_MANUAL,0,48.91,8.37,150.38,0.862,0.111,2.1,4.81,1,11.23,9.63,0
DSTM-02466,D,CAT_797F_MANUAL,0,34.53,5.65,31.43,0.284,0.075,6.6,6.04,3,3.26,1.51,1
DSTM-02467,D,CAT_797F_MANUAL,0,39.25,10.77,41.29,0.308,0.191,7.8,1.41,1,4.04,1.88,1
DSTM-02468,C,CAT_797F_MANUAL,0,27.54,6.86,39.36,0.939,0.055,10.3,1.98,1,5.18,3.83,1
DSTM-02469,C,CAMIONETA_4x4,0,36.08,8.88,27.13,0.763,0.038,8.9,0.54,0,2.51,0.91,1
DSTM-02470,B,CAT_797F_MANUAL,0,19.64,3.33,38.87,0.852,0.128,1.7,10.58,1,7.65,5.98,0
DSTM-02471,B,CAT_797F_MANUAL,0,21.36,3.56,41.23,0.813,0.386,3.6,1.84,2,7.99,5.82,0
DSTM-02472,E,KOMATSU_930E_AHS,1,21.79,6.31,16.48,1.0,0.074,8.8,0.15,0,2.46,2.1,1
DSTM-02473,D,CAMIONETA_4x4,0,43.72,4.85,31.18,0.204,0.274,11.1,0.71,1,2.09,-0.11,1
DSTM-02474,C,CAT_797F_MANUAL,0,25.31,9.01,67.82,0.845,0.093,8.2,0.61,0,9.56,7.72,0
DSTM-02475,B,CAT_797F_MANUAL,0,12.18,4.52,54.6,0.979,0.191,1.3,2.48,4,19.25,17.56,0
DSTM-02476,A,KOMATSU_930E_AHS,1,38.55,8.3,7.9,0.621,0.081,21.3,0.15,0,0.91,0.37,1
DSTM-02477,A,CAT_797F_MANUAL,0,42.21,11.73,44.92,0.585,0.096,5.5,5.32,4,3.15,1.16,1
DSTM-02478,A,CAT_797F_MANUAL,0,42.9,4.49,36.79,0.75,0.146,7.9,7.88,1,3.38,1.72,1
DSTM-02479,B,PALA_PH_4100XPC,0,0.0,5.04,14.62,0.991,0.25,2.1,5.58,2,17.72,15.84,0
DSTM-02480,E,KOMATSU_930E_AHS,1,31.24,11.71,85.41,0.962,0.026,22.7,0.15,0,8.96,8.57,0
DSTM-02481,C,CAT_797F_MANUAL,0,26.5,7.26,21.85,0.828,0.386,11.3,0.56,2,3.48,1.2,1
DSTM-02482,A,CAT_797F_MANUAL,0,29.28,11.23,77.53,0.826,0.115,2.1,2.45,1,7.62,5.88,0
DSTM-02483,A,CAT_797F_MANUAL,0,38.86,10.74,26.7,0.63,0.175,8.8,2.95,1,2.1,0.05,1
DSTM-02484,B,CAT_797F_MANUAL,0,13.47,1.51,8.32,0.843,0.249,1.3,1.44,1,2.29,0.4,1
DSTM-02485,D,CAT_797F_MANUAL,0,29.11,9.2,50.8,0.413,0.147,5.9,5.35,0,7.0,5.13,0
DSTM-02486,B,CAT_797F_MANUAL,0,9.49,5.35,44.36,0.889,0.359,3.9,6.17,4,14.49,12.25,0
DSTM-02487,D,KOMATSU_930E_AHS,1,24.82,13.87,125.72,0.429,0.034,22.3,0.15,0,18.0,17.38,0
DSTM-02488,D,CAT_797F_MANUAL,0,38.1,10.12,8.95,0.412,0.167,6.3,2.48,1,0.95,-0.99,1
DSTM-02489,A,CAMIONETA_4x4,0,46.97,8.52,57.82,0.809,0.109,7.0,2.09,0,4.28,2.62,1
DSTM-02490,C,CAMIONETA_4x4,0,43.29,8.65,108.66,0.852,0.288,10.8,0.82,1,9.9,7.79,0
DSTM-02491,E,KOMATSU_930E_AHS,1,32.22,5.62,54.29,0.913,0.047,0.9,0.15,0,6.87,6.46,0
DSTM-02492,B,CAT_797F_MANUAL,0,16.74,2.54,30.26,0.94,0.054,6.6,2.29,0,7.11,5.71,0
DSTM-02493,A,KOMATSU_930E_AHS,1,43.94,11.38,79.1,0.612,0.073,23.2,0.15,0,6.33,5.77,0
DSTM-02494,E,CAMIONETA_4x4,0,33.38,10.48,31.64,0.952,0.206,4.6,2.54,1,3.22,1.21,1
DSTM-02495,E,KOMATSU_930E_AHS,1,29.55,11.88,13.88,0.746,0.117,21.4,0.15,0,1.26,0.79,1
DSTM-02496,C,CAMIONETA_4x4,0,37.69,8.0,33.58,0.887,0.283,10.4,2.34,4,4.02,1.94,1
DSTM-02497,C,CAMIONETA_4x4,0,31.03,9.53,44.5,0.942,0.573,10.7,4.95,3,4.86,2.11,1
DSTM-02498,A,KOMATSU_930E_AHS,1,35.35,10.52,185.21,0.714,0.071,21.8,0.15,0,19.53,19.03,0
DSTM-02499,D,CAT_797F_MANUAL,0,19.77,11.95,54.4,0.425,0.172,10.0,1.17,2,9.67,7.39,0
DSTM-02500,C,CAT_797F_MANUAL,0,30.73,5.36,90.53,0.832,0.248,7.5,2.39,2,10.41,8.51,0
DSTM-02501,A,CAT_797F_MANUAL,0,42.37,11.24,197.63,0.577,0.153,9.4,2.15,3,17.06,15.04,0
DSTM-02502,D,CAT_797F_MANUAL,0,38.23,8.82,20.61,0.45,0.358,4.0,14.25,1,2.05,-0.37,1
DSTM-02503,E,KOMATSU_930E_AHS,1,27.45,7.66,50.43,0.923,0.02,21.4,0.15,0,6.82,6.45,0
DSTM-02504,D,KOMATSU_930E_AHS,1,25.12,8.66,90.53,0.226,0.06,5.3,0.15,0,13.19,12.48,0
DSTM-02505,B,CAMIONETA_4x4,0,42.14,4.6,24.02,0.896,0.14,6.6,6.39,0,1.91,0.2,1
DSTM-02506,A,CAT_797F_MANUAL,0,43.42,14.14,32.19,0.845,0.134,4.1,2.23,6,2.92,0.92,1
DSTM-02507,E,CAMIONETA_4x4,0,42.01,11.2,77.16,0.822,0.207,2.6,3.77,1,6.2,4.19,0
DSTM-02508,E,KOMATSU_930E_AHS,1,22.01,10.84,18.56,0.747,0.02,12.9,0.15,0,2.73,2.26,1
DSTM-02509,C,CAT_797F_MANUAL,0,35.24,8.58,27.25,0.798,0.218,11.4,3.84,5,2.94,0.88,1
DSTM-02510,C,CAT_797F_MANUAL,0,35.63,13.68,32.22,1.0,0.132,10.2,2.35,2,3.07,1.1,1
DSTM-02511,C,KOMATSU_930E_AHS,1,35.14,7.79,26.67,0.783,0.044,16.1,0.15,0,2.55,2.08,1
DSTM-02512,B,CAT_797F_MANUAL,0,20.74,2.12,2.0,0.784,0.133,8.9,8.81,1,0.86,-0.77,1
DSTM-02513,A,CAT_797F_MANUAL,0,45.75,8.86,72.25,0.837,0.066,6.0,5.56,0,5.51,4.05,0
DSTM-02514,A,KOMATSU_930E_AHS,1,33.41,12.83,24.32,0.79,0.046,17.0,0.15,0,2.44,1.97,1
DSTM-02515,A,CAMIONETA_4x4,0,53.35,11.76,76.41,0.687,0.052,1.5,5.99,1,5.69,3.94,1
DSTM-02516,D,CAT_797F_MANUAL,0,38.47,8.86,70.78,0.353,0.02,10.9,3.24,2,7.79,6.09,0
DSTM-02517,A,KOMATSU_930E_AHS,1,41.7,6.37,71.7,0.607,0.024,21.8,0.15,0,6.47,5.92,0
DSTM-02518,A,CAT_797F_MANUAL,0,48.6,12.22,12.18,0.567,0.264,4.1,4.61,4,1.19,-1.16,1
DSTM-02519,C,CAT_797F_MANUAL,0,33.98,7.83,84.97,0.858,0.341,8.9,0.65,3,8.78,6.65,0
DSTM-02520,A,CAT_797F_MANUAL,0,35.79,10.57,15.58,0.869,0.321,5.6,9.37,2,1.65,-0.68,1
DSTM-02521,A,CAT_797F_MANUAL,0,42.49,12.4,130.97,0.819,0.032,11.2,6.54,1,11.24,9.46,0
DSTM-02522,C,KOMATSU_930E_AHS,1,28.18,7.73,51.85,0.861,0.089,13.2,0.15,0,6.19,5.77,0
DSTM-02523,B,PALA_PH_4100XPC,0,4.11,1.86,27.07,0.787,0.386,1.2,5.75,0,25.14,22.99,0
DSTM-02524,C,CAT_797F_MANUAL,0,25.0,10.0,85.35,0.858,0.263,8.0,4.92,2,12.1,10.09,0
DSTM-02525,E,CAMIONETA_4x4,0,28.34,8.23,18.02,0.78,0.074,7.9,14.78,1,1.7,0.16,1
DSTM-02526,A,CAT_797F_MANUAL,0,42.63,10.25,135.41,0.645,0.155,3.5,2.79,4,10.64,8.59,0
DSTM-02527,E,CAMIONETA_4x4,0,50.75,6.5,98.28,0.941,0.208,7.2,2.01,0,6.84,5.17,0
DSTM-02528,E,CAMIONETA_4x4,0,30.89,7.05,22.26,0.889,0.129,6.8,5.22,2,2.72,1.17,1
DSTM-02529,D,CAT_797F_MANUAL,0,44.37,8.1,130.43,0.605,0.3,3.8,2.78,1,11.28,8.96,0
DSTM-02530,C,CAMIONETA_4x4,0,47.14,8.66,6.47,0.819,0.114,9.3,5.75,2,0.79,-0.87,1
DSTM-02531,C,KOMATSU_930E_AHS,1,24.0,9.2,60.35,0.802,0.037,10.2,0.15,0,8.68,8.23,0
DSTM-02532,C,CAMIONETA_4x4,0,48.49,6.72,65.3,0.831,0.339,8.0,4.21,0,5.09,3.03,1
DSTM-02533,D,KOMATSU_930E_AHS,1,34.25,7.13,14.35,0.423,0.079,14.3,0.15,0,1.55,0.9,1
DSTM-02534,A,CAT_797F_MANUAL,0,35.99,15.67,47.69,0.855,0.096,2.7,4.35,2,4.45,2.44,1
DSTM-02535,E,KOMATSU_930E_AHS,1,31.18,7.17,15.47,0.934,0.029,16.0,0.15,0,1.29,0.89,1
DSTM-02536,C,CAT_797F_MANUAL,0,22.59,5.49,35.46,0.828,0.319,7.6,2.95,1,5.7,3.67,1
DSTM-02537,D,CAT_797F_MANUAL,0,22.18,8.63,42.37,0.513,0.159,11.3,9.41,3,6.24,4.32,0
DSTM-02538,B,PALA_PH_4100XPC,0,0.0,1.8,10.4,0.776,0.022,10.5,8.35,0,21.51,20.09,0
DSTM-02539,A,CAT_797F_MANUAL,0,37.49,8.68,24.16,0.623,0.237,1.1,4.13,3,2.18,0.1,1
DSTM-02540,C,CAT_797F_MANUAL,0,26.2,9.04,72.26,0.927,0.375,7.8,8.95,2,10.35,8.15,0
DSTM-02541,C,CAT_797F_MANUAL,0,24.67,10.6,7.97,0.857,0.145,8.7,1.13,2,1.24,-0.54,1
DSTM-02542,B,CAT_797F_MANUAL,0,16.57,5.16,27.34,0.831,0.078,7.6,5.02,1,4.76,3.25,1
DSTM-02543,B,PALA_PH_4100XPC,0,2.14,5.14,24.6,0.985,0.132,7.2,7.46,1,32.49,30.81,0
DSTM-02544,A,CAT_797F_MANUAL,0,40.13,7.48,171.44,0.555,0.212,8.2,1.63,1,16.11,14.24,0
DSTM-02545,C,KOMATSU_930E_AHS,1,28.84,4.83,36.75,0.773,0.103,15.2,0.15,0,4.6,4.14,0
DSTM-02546,B,CAMIONETA_4x4,0,35.18,3.2,3.05,0.909,0.367,1.3,8.34,2,0.5,-1.58,1
DSTM-02547,E,KOMATSU_930E_AHS,1,19.23,13.6,72.59,0.83,0.041,8.6,0.15,0,13.71,13.29,0
DSTM-02548,A,CAT_797F_MANUAL,0,33.93,6.88,200.0,0.693,0.082,2.0,12.11,2,19.97,18.47,0
DSTM-02549,B,PALA_PH_4100XPC,0,6.57,2.46,8.63,0.78,0.18,11.1,8.07,1,14.81,13.0,0
DSTM-02550,B,CAT_797F_MANUAL,0,10.05,3.5,13.4,0.865,0.135,1.6,0.5,2,1.95,0.41,1
DSTM-02551,C,CAMIONETA_4x4,0,47.62,6.27,30.63,0.823,0.21,10.5,2.44,1,2.39,0.53,1
DSTM-02552,C,CAT_797F_MANUAL,0,35.23,6.71,65.58,0.791,0.221,10.4,3.18,2,7.06,5.15,0
DSTM-02553,C,CAT_797F_MANUAL,0,31.06,9.57,97.62,0.966,0.18,11.6,7.34,1,11.23,9.39,0
DSTM-02554,E,CAMIONETA_4x4,0,32.68,8.74,10.97,0.934,0.177,9.9,3.5,2,1.61,-0.21,1
DSTM-02555,B,PALA_PH_4100XPC,0,0.0,1.15,22.04,0.772,0.142,4.6,0.5,0,37.52,35.89,0
DSTM-02556,D,CAT_797F_MANUAL,0,27.78,12.95,71.66,0.252,0.299,8.5,3.34,1,8.7,5.94,0
DSTM-02557,A,CAT_797F_MANUAL,0,47.41,6.37,125.01,0.735,0.199,10.7,2.05,1,9.62,7.94,0
DSTM-02558,B,PALA_PH_4100XPC,0,2.21,0.6,19.32,0.918,0.238,9.7,2.74,1,36.03,34.22,0
DSTM-02559,C,CAMIONETA_4x4,0,50.03,9.63,9.43,0.758,0.093,10.7,4.21,0,0.69,-1.04,1
DSTM-02560,A,KOMATSU_930E_AHS,1,42.8,8.31,174.78,0.779,0.026,2.9,0.15,0,15.06,14.6,0
DSTM-02561,C,KOMATSU_930E_AHS,1,32.34,3.36,59.14,0.92,0.042,14.2,0.15,0,6.97,6.58,0
DSTM-02562,D,CAT_797F_MANUAL,0,31.6,5.86,162.11,0.474,0.168,6.8,7.18,5,18.83,16.93,0
DSTM-02563,D,CAMIONETA_4x4,0,32.45,2.74,16.82,0.437,0.268,2.2,2.79,3,1.68,-0.5,1
DSTM-02564,C,KOMATSU_930E_AHS,1,26.66,14.31,24.34,0.955,0.038,5.4,0.15,0,3.54,3.19,1
DSTM-02565,C,CAT_797F_MANUAL,0,26.19,9.39,22.51,0.797,0.417,10.2,5.75,1,3.03,0.5,1
DSTM-02566,B,CAT_797F_MANUAL,0,7.19,3.94,2.0,0.935,0.185,8.5,0.71,1,2.83,1.17,1
DSTM-02567,A,CAT_797F_MANUAL,0,52.15,9.03,19.51,0.766,0.141,8.0,5.97,0,1.18,-0.48,1
DSTM-02568,A,CAT_797F_MANUAL,0,37.83,10.04,166.37,0.678,0.025,6.5,3.75,0,14.46,12.81,0
DSTM-02569,D,CAT_797F_MANUAL,0,19.61,9.49,2.0,0.244,0.08,8.7,5.69,0,1.16,-0.75,1
DSTM-02570,E,KOMATSU_930E_AHS,1,28.38,7.14,27.9,0.976,0.02,14.2,0.15,0,3.86,3.49,1
DSTM-02571,A,KOMATSU_930E_AHS,1,38.78,12.43,188.59,0.643,0.036,22.1,0.15,0,18.04,17.51,0
DSTM-02572,C,CAMIONETA_4x4,0,39.48,8.85,31.41,0.938,0.191,9.5,1.53,0,2.83,1.11,1
DSTM-02573,D,CAT_797F_MANUAL,0,35.94,7.1,44.1,0.318,0.07,8.8,1.45,2,4.02,2.38,1
DSTM-02574,D,KOMATSU_930E_AHS,1,28.27,6.37,11.58,0.571,0.065,16.8,0.15,0,1.56,1.0,1
DSTM-02575,C,CAT_797F_MANUAL,0,43.89,10.48,187.9,0.928,0.271,8.2,0.76,2,14.64,12.45,0
DSTM-02576,C,CAT_797F_MANUAL,0,25.03,10.86,8.67,0.989,0.228,11.1,9.37,2,1.19,-0.83,1
DSTM-02577,D,CAT_797F_MANUAL,0,41.33,9.11,18.18,0.299,0.061,9.4,4.92,0,1.14,-0.71,1
DSTM-02578,E,KOMATSU_930E_AHS,1,23.0,8.66,30.64,0.935,0.076,12.0,0.15,0,5.32,4.95,0
DSTM-02579,A,CAT_797F_MANUAL,0,41.86,8.81,29.19,0.835,0.196,10.7,7.56,3,1.81,-0.02,1
DSTM-02580,E,CAMIONETA_4x4,0,42.07,3.48,34.2,0.785,0.112,1.9,2.35,0,2.45,0.87,1
DSTM-02581,A,CAT_797F_MANUAL,0,48.55,8.17,34.22,0.53,0.144,6.4,4.52,0,2.81,1.03,1
DSTM-02582,D,CAT_797F_MANUAL,0,24.5,5.96,79.0,0.518,0.037,8.4,3.53,4,10.54,8.96,0
DSTM-02583,A,CAMIONETA_4x4,0,35.91,10.37,79.98,0.853,0.07,7.0,3.74,2,7.75,6.11,0
DSTM-02584,A,CAT_797F_MANUAL,0,44.44,7.47,35.27,0.759,0.166,10.0,1.04,2,2.88,1.18,1
DSTM-02585,A,KOMATSU_930E_AHS,1,36.94,10.04,9.68,0.747,0.09,21.1,0.15,0,1.38,0.92,1
DSTM-02586,B,CAT_797F_MANUAL,0,9.0,5.25,5.93,0.904,0.149,7.1,3.3,3,2.86,1.19,1
DSTM-02587,B,CAT_797F_MANUAL,0,11.08,4.77,106.13,0.941,0.232,4.7,2.43,3,30.02,28.29,0
DSTM-02588,A,CAMIONETA_4x4,0,47.08,11.2,61.95,0.596,0.422,10.0,8.88,2,5.17,2.67,1
DSTM-02589,C,CAMIONETA_4x4,0,49.14,4.47,81.94,0.848,0.236,9.2,3.17,3,5.61,3.66,1
DSTM-02590,B,CAT_797F_MANUAL,0,15.43,3.91,27.56,0.809,0.353,1.4,4.14,3,5.53,3.26,1
DSTM-02591,D,KOMATSU_930E_AHS,1,33.0,4.71,28.44,0.614,0.091,11.9,0.15,0,3.29,2.72,1
DSTM-02592,E,KOMATSU_930E_AHS,1,25.0,7.59,38.16,0.931,0.041,16.6,0.15,0,4.77,4.39,0
DSTM-02593,D,CAT_797F_MANUAL,0,30.39,6.56,190.04,0.352,0.128,7.4,2.89,2,22.85,21.0,0
DSTM-02594,A,CAT_797F_MANUAL,0,38.91,9.99,19.89,0.81,0.234,7.6,9.59,2,1.82,-0.14,1
DSTM-02595,B,PALA_PH_4100XPC,0,1.33,3.54,16.17,0.775,0.042,10.3,5.23,1,23.99,22.54,0
DSTM-02596,E,CAMIONETA_4x4,0,42.91,8.33,98.9,0.805,0.183,2.6,2.55,1,7.86,6.07,0
DSTM-02597,A,CAT_797F_MANUAL,0,40.7,9.89,71.39,0.702,0.096,9.9,2.84,1,5.83,4.04,0
DSTM-02598,B,CAT_797F_MANUAL,0,17.18,1.63,55.86,0.776,0.169,2.7,7.05,1,11.99,10.3,0
DSTM-02599,E,CAMIONETA_4x4,0,44.28,7.91,31.81,0.889,0.068,5.1,6.75,2,2.95,1.49,1
DSTM-02600,E,CAMIONETA_4x4,0,33.52,9.53,16.39,0.923,0.093,2.1,3.07,0,1.98,0.41,1
DSTM-02601,B,PALA_PH_4100XPC,0,0.0,1.03,9.12,0.969,0.128,4.7,2.46,1,9.67,8.15,1
DSTM-02602,D,KOMATSU_930E_AHS,1,24.58,10.08,17.38,0.375,0.052,13.7,0.15,0,2.6,1.93,1
DSTM-02603,C,CAT_797F_MANUAL,0,27.39,8.25,170.2,0.947,0.479,8.6,3.53,1,22.63,20.17,0
DSTM-02604,D,CAMIONETA_4x4,0,38.79,7.99,27.6,0.408,0.12,8.6,1.42,3,3.08,1.22,1
DSTM-02605,A,CAT_797F_MANUAL,0,40.13,5.98,6.92,0.766,0.245,5.6,2.5,1,1.02,-0.83,1
DSTM-02606,A,KOMATSU_930E_AHS,1,38.52,11.12,34.44,0.543,0.02,19.5,0.15,0,3.43,2.88,1
DSTM-02607,C,KOMATSU_930E_AHS,1,28.41,7.86,75.31,0.823,0.098,14.2,0.15,0,8.92,8.48,0
DSTM-02608,A,CAT_797F_MANUAL,0,43.53,9.5,75.64,0.774,0.075,9.1,2.58,1,6.38,4.8,0
DSTM-02609,D,CAT_797F_MANUAL,0,35.49,10.33,7.51,0.42,0.235,10.1,4.06,1,0.75,-1.42,1
DSTM-02610,B,CAMIONETA_4x4,0,30.81,3.62,31.41,0.879,0.129,10.0,1.12,1,3.89,2.32,1
DSTM-02611,E,CAMIONETA_4x4,0,40.53,2.36,16.62,0.927,0.097,10.4,6.04,0,1.33,-0.13,1
DSTM-02612,D,CAT_797F_MANUAL,0,17.71,5.92,43.43,0.46,0.185,1.9,3.31,3,9.46,7.55,0
DSTM-02613,C,CAT_797F_MANUAL,0,34.47,10.55,25.71,0.929,0.196,11.0,7.27,2,2.69,0.7,1
DSTM-02614,D,CAT_797F_MANUAL,0,24.45,10.69,130.52,0.195,0.247,4.3,4.1,3,18.78,16.28,0
DSTM-02615,B,CAMIONETA_4x4,0,27.1,5.41,21.14,0.947,0.152,1.2,1.8,0,3.1,1.47,1
DSTM-02616,C,CAT_797F_MANUAL,0,30.28,10.74,39.17,0.833,0.243,11.7,2.44,2,4.46,2.32,1
DSTM-02617,A,CAT_797F_MANUAL,0,44.36,10.71,194.76,0.908,0.238,8.9,3.43,1,16.53,14.55,0
DSTM-02618,E,KOMATSU_930E_AHS,1,19.4,11.75,17.85,0.849,0.054,23.3,0.15,0,3.13,2.68,1
DSTM-02619,D,CAMIONETA_4x4,0,37.87,11.92,12.29,0.235,0.195,11.0,2.2,3,0.99,-1.26,1
DSTM-02620,E,KOMATSU_930E_AHS,1,28.8,12.78,41.66,0.931,0.02,6.4,0.15,0,5.05,4.69,0
DSTM-02621,E,CAMIONETA_4x4,0,27.79,11.17,20.03,0.925,0.087,5.1,3.24,1,1.83,0.25,1
DSTM-02622,E,KOMATSU_930E_AHS,1,26.88,5.77,61.41,0.918,0.042,12.7,0.15,0,8.47,8.11,0
DSTM-02623,A,CAT_797F_MANUAL,0,41.12,12.58,9.27,0.65,0.059,8.3,4.29,2,1.02,-0.78,1
DSTM-02624,E,CAMIONETA_4x4,0,38.22,8.49,83.82,0.974,0.102,11.1,2.95,1,7.67,6.17,0
DSTM-02625,C,CAT_797F_MANUAL,0,26.77,10.44,24.55,0.993,0.281,11.1,2.79,2,3.29,1.08,1
DSTM-02626,B,CAT_797F_MANUAL,0,16.48,2.99,18.7,0.946,0.109,1.5,8.38,2,4.62,3.21,1
DSTM-02627,C,CAT_797F_MANUAL,0,41.17,8.83,120.03,0.894,0.461,8.7,4.84,1,10.65,8.21,0
DSTM-02628,B,CAT_797F_MANUAL,0,19.88,5.71,72.98,0.853,0.334,6.6,9.48,1,13.89,11.88,0
DSTM-02629,B,PALA_PH_4100XPC,0,1.02,3.38,16.55,0.989,0.168,7.5,9.94,0,18.87,17.25,0
DSTM-02630,A,CAT_797F_MANUAL,0,36.31,9.6,29.66,0.817,0.213,6.2,2.09,1,3.77,1.77,1
DSTM-02631,A,CAMIONETA_4x4,0,45.05,7.17,181.2,0.566,0.072,9.7,3.94,1,13.32,11.65,0
DSTM-02632,C,KOMATSU_930E_AHS,1,27.34,8.49,133.7,0.867,0.035,23.6,0.15,0,18.55,18.11,0
DSTM-02633,E,KOMATSU_930E_AHS,1,24.56,7.68,14.25,0.869,0.051,0.8,0.15,0,2.6,2.19,1
DSTM-02634,C,CAT_797F_MANUAL,0,25.37,10.1,50.81,1.0,0.241,11.4,1.04,1,7.18,5.26,0
DSTM-02635,C,CAT_797F_MANUAL,0,38.28,9.01,49.01,0.922,0.25,8.6,1.42,1,5.01,3.06,1
DSTM-02636,B,CAT_797F_MANUAL,0,16.94,4.34,30.69,0.77,0.063,6.2,1.34,2,5.61,4.09,0
DSTM-02637,C,CAT_797F_MANUAL,0,22.78,11.43,61.8,0.89,0.444,9.0,0.85,2,10.08,7.47,0
DSTM-02638,A,KOMATSU_930E_AHS,1,33.58,8.75,92.37,0.605,0.058,6.7,0.15,0,9.17,8.62,0
DSTM-02639,D,CAT_797F_MANUAL,0,28.74,3.72,21.11,0.454,0.02,3.5,7.6,2,2.48,0.92,1
DSTM-02640,A,KOMATSU_930E_AHS,1,30.57,10.78,20.7,0.821,0.074,21.8,0.15,0,1.39,0.94,1
DSTM-02641,D,CAT_797F_MANUAL,0,28.36,8.85,32.02,0.443,0.122,3.8,1.63,0,3.93,2.02,1
DSTM-02642,D,CAT_797F_MANUAL,0,34.94,9.93,116.68,0.439,0.343,4.4,5.93,4,10.12,7.63,0
DSTM-02643,C,KOMATSU_930E_AHS,1,23.64,5.4,69.47,0.956,0.088,8.0,0.15,0,10.81,10.45,0
DSTM-02644,E,KOMATSU_930E_AHS,1,28.42,7.47,10.35,0.899,0.027,15.4,0.15,0,1.41,1.01,1
DSTM-02645,B,CAMIONETA_4x4,0,38.36,6.01,17.46,0.888,0.284,3.8,0.76,1,1.65,-0.37,1
DSTM-02646,E,KOMATSU_930E_AHS,1,24.23,4.13,50.71,0.809,0.02,23.6,0.15,0,7.42,6.96,0
DSTM-02647,D,CAT_797F_MANUAL,0,34.7,8.92,21.5,0.301,0.134,10.7,1.63,1,3.12,1.13,1
DSTM-02648,D,CAT_797F_MANUAL,0,31.97,11.27,54.36,0.355,0.477,4.2,9.94,6,6.14,3.21,1
DSTM-02649,D,CAT_797F_MANUAL,0,28.79,8.19,45.32,0.463,0.075,6.2,2.0,0,5.62,3.79,1
DSTM-02650,D,CAMIONETA_4x4,0,41.28,12.6,91.63,0.505,0.042,1.1,5.64,3,8.13,6.2,0
DSTM-02651,E,KOMATSU_930E_AHS,1,31.6,10.67,28.75,0.918,0.056,18.5,0.15,0,3.17,2.81,1
DSTM-02652,B,CAT_797F_MANUAL,0,14.04,2.2,28.72,0.792,0.078,8.3,2.04,2,7.24,5.7,0
DSTM-02653,D,CAT_797F_MANUAL,0,29.38,10.56,56.73,0.551,0.351,6.1,9.86,2,6.52,3.96,1
DSTM-02654,D,CAMIONETA_4x4,0,34.69,5.4,13.67,0.231,0.062,2.9,6.93,1,1.31,-0.41,1
DSTM-02655,C,CAT_797F_MANUAL,0,29.0,7.3,34.37,0.862,0.35,8.5,2.04,1,4.92,2.89,1
DSTM-02656,E,KOMATSU_930E_AHS,1,30.25,12.61,179.89,0.892,0.053,20.6,0.15,0,19.97,19.56,0
DSTM-02657,B,PALA_PH_4100XPC,0,0.0,2.48,48.23,0.95,0.048,8.3,5.89,3,83.76,82.43,0
DSTM-02658,C,KOMATSU_930E_AHS,1,22.62,7.81,16.12,0.74,0.064,16.4,0.15,0,2.5,2.05,1
DSTM-02659,A,CAT_797F_MANUAL,0,41.74,12.56,65.59,0.668,0.24,5.4,5.14,5,5.4,3.02,1
DSTM-02660,A,CAT_797F_MANUAL,0,36.15,5.79,38.18,0.608,0.112,7.2,6.82,1,3.87,2.23,1
DSTM-02661,D,CAT_797F_MANUAL,0,37.43,11.02,42.45,0.235,0.151,10.2,6.97,2,4.44,2.1,1
DSTM-02662,B,CAMIONETA_4x4,0,45.2,1.28,8.22,0.752,0.169,9.8,3.34,1,0.77,-0.96,1
DSTM-02663,B,CAT_797F_MANUAL,0,16.64,4.38,23.83,0.954,0.176,4.2,5.38,2,6.07,4.48,0
DSTM-02664,A,CAT_797F_MANUAL,0,34.11,11.62,33.11,0.744,0.123,3.3,5.39,0,3.2,1.3,1
DSTM-02665,C,CAT_797F_MANUAL,0,30.43,11.39,16.47,0.885,0.259,8.4,2.17,1,1.92,-0.16,1
DSTM-02666,D,CAT_797F_MANUAL,0,29.99,5.97,128.51,0.302,0.02,10.2,0.91,1,14.73,13.1,0
DSTM-02667,E,CAMIONETA_4x4,0,39.84,7.14,61.38,0.91,0.136,5.2,9.57,2,5.58,3.97,1
DSTM-02668,A,CAT_797F_MANUAL,0,38.52,7.85,44.38,0.703,0.208,3.1,8.13,2,4.49,2.62,1
DSTM-02669,C,CAT_797F_MANUAL,0,37.98,10.1,8.82,0.774,0.166,8.7,1.16,4,1.06,-0.98,1
DSTM-02670,C,CAT_797F_MANUAL,0,30.34,0.17,20.63,0.799,0.341,8.2,5.11,4,2.38,0.27,1
DSTM-02671,C,CAMIONETA_4x4,0,39.65,8.28,58.94,0.846,0.335,10.5,5.11,2,5.45,3.1,1
DSTM-02672,B,PALA_PH_4100XPC,0,2.13,0.83,9.82,0.934,0.073,4.9,6.51,3,15.84,14.45,0
DSTM-02673,B,CAT_797F_MANUAL,0,11.56,1.69,41.83,0.909,0.349,4.9,2.83,1,9.18,7.09,0
DSTM-02674,C,CAT_797F_MANUAL,0,33.82,7.4,23.17,0.799,0.405,8.0,9.29,3,2.79,0.42,1
DSTM-02675,C,KOMATSU_930E_AHS,1,32.65,12.35,114.87,0.867,0.056,22.7,0.15,0,11.56,11.15,0
DSTM-02676,C,CAMIONETA_4x4,0,49.26,9.26,77.32,0.748,0.316,10.7,8.65,1,5.93,3.8,1
DSTM-02677,C,CAT_797F_MANUAL,0,47.63,3.01,41.05,0.988,0.275,11.1,0.61,2,3.11,1.17,1
DSTM-02678,D,CAMIONETA_4x4,0,31.46,6.92,90.29,0.291,0.153,1.6,8.51,1,9.35,7.34,0
DSTM-02679,D,CAT_797F_MANUAL,0,32.7,7.72,42.15,0.432,0.176,9.0,0.5,3,5.0,3.21,1
DSTM-02680,B,CAT_797F_MANUAL,0,14.56,1.85,36.35,1.0,0.32,8.6,3.38,1,8.03,6.04,0
DSTM-02681,D,CAT_797F_MANUAL,0,42.74,7.85,37.15,0.281,0.358,7.1,0.47,1,2.62,0.11,1
DSTM-02682,E,KOMATSU_930E_AHS,1,25.45,3.99,96.12,0.782,0.02,19.2,0.15,0,12.65,12.19,0
DSTM-02683,A,KOMATSU_930E_AHS,1,33.32,12.52,47.02,0.607,0.02,19.1,0.15,0,4.84,4.3,0
DSTM-02684,C,CAMIONETA_4x4,0,40.62,8.48,15.21,0.91,0.214,11.4,1.83,0,1.56,-0.34,1
DSTM-02685,B,PALA_PH_4100XPC,0,2.86,3.87,7.82,0.839,0.111,9.0,3.69,0,17.15,15.58,0
DSTM-02686,D,CAMIONETA_4x4,0,27.96,9.38,72.05,0.349,0.104,5.7,1.79,0,10.3,8.34,0
DSTM-02687,A,CAT_797F_MANUAL,0,41.68,10.24,27.26,0.52,0.273,6.2,4.26,2,2.58,0.26,1
DSTM-02688,D,CAT_797F_MANUAL,0,40.76,10.31,60.55,0.262,0.02,8.3,2.28,0,5.23,3.32,1
DSTM-02689,B,PALA_PH_4100XPC,0,1.47,2.69,43.81,0.81,0.065,7.9,3.05,0,40.38,38.95,0
DSTM-02690,C,CAMIONETA_4x4,0,35.3,9.75,53.04,0.977,0.285,11.4,0.88,2,4.91,2.8,1
DSTM-02691,E,CAMIONETA_4x4,0,34.49,9.87,36.52,0.749,0.091,6.3,3.57,2,3.02,1.16,1
DSTM-02692,B,PALA_PH_4100XPC,0,0.35,5.21,51.1,0.976,0.247,10.6,5.11,2,92.02,90.15,0
DSTM-02693,E,KOMATSU_930E_AHS,1,18.92,9.71,10.15,0.723,0.047,23.5,0.15,0,2.48,2.01,1
DSTM-02694,E,KOMATSU_930E_AHS,1,31.61,7.64,39.85,0.81,0.077,5.2,0.15,0,4.8,4.34,0
DSTM-02695,E,KOMATSU_930E_AHS,1,33.29,10.84,104.81,0.882,0.037,12.3,0.15,0,12.53,12.12,0
DSTM-02696,A,KOMATSU_930E_AHS,1,26.71,13.08,135.16,0.798,0.075,23.9,0.15,0,15.51,15.08,0
DSTM-02697,D,KOMATSU_930E_AHS,1,24.56,6.55,17.91,0.312,0.072,15.0,0.15,0,2.03,1.34,1
DSTM-02698,A,KOMATSU_930E_AHS,1,41.19,9.1,41.99,0.592,0.03,14.8,0.15,0,3.82,3.28,1
DSTM-02699,B,PALA_PH_4100XPC,0,0.0,3.38,6.97,0.764,0.305,3.0,6.73,1,13.95,11.9,1
DSTM-02700,E,CAMIONETA_4x4,0,36.67,6.48,106.9,0.939,0.153,9.4,1.61,1,9.7,8.17,0
DSTM-02701,D,KOMATSU_930E_AHS,1,29.57,10.17,16.77,0.385,0.078,19.5,0.15,0,2.04,1.41,1
DSTM-02702,C,CAT_797F_MANUAL,0,27.87,7.22,121.94,0.963,0.219,9.0,4.03,1,15.76,14.02,0
DSTM-02703,B,PALA_PH_4100XPC,0,8.33,1.26,5.77,0.997,0.064,9.2,1.34,2,4.81,3.43,1
DSTM-02704,D,CAT_797F_MANUAL,0,19.91,7.35,20.51,0.29,0.037,9.3,5.83,0,3.25,1.48,1
DSTM-02705,D,CAT_797F_MANUAL,0,44.84,5.19,14.94,0.356,0.221,6.5,1.97,0,1.16,-0.84,1
DSTM-02706,C,KOMATSU_930E_AHS,1,29.04,8.79,105.36,0.923,0.02,15.3,0.15,0,12.11,11.71,0
DSTM-02707,E,CAMIONETA_4x4,0,24.1,8.42,33.68,0.932,0.088,6.4,2.29,2,5.12,3.59,1
DSTM-02708,A,CAT_797F_MANUAL,0,38.99,9.86,119.04,0.709,0.209,1.5,13.45,2,10.0,8.01,0
DSTM-02709,A,CAT_797F_MANUAL,0,35.3,13.89,71.81,0.898,0.13,8.6,7.24,3,7.0,4.91,0
DSTM-02710,C,CAT_797F_MANUAL,0,36.48,5.01,31.9,0.894,0.395,8.0,7.89,4,2.75,0.52,1
DSTM-02711,E,CAMIONETA_4x4,0,29.18,11.42,25.44,0.953,0.11,9.5,3.74,1,3.08,1.23,1
DSTM-02712,A,CAT_797F_MANUAL,0,48.39,6.87,151.08,0.682,0.133,4.7,9.25,3,10.19,8.46,0
DSTM-02713,A,KOMATSU_930E_AHS,1,37.02,7.4,128.37,0.772,0.025,8.6,0.15,0,12.21,11.76,0
DSTM-02714,A,CAT_797F_MANUAL,0,44.92,11.41,20.83,0.601,0.02,10.8,7.93,2,1.54,-0.27,1
DSTM-02715,E,CAMIONETA_4x4,0,34.7,10.21,31.31,0.742,0.133,4.0,9.64,2,2.58,0.78,1
DSTM-02716,A,CAT_797F_MANUAL,0,40.33,12.58,103.41,0.598,0.228,7.2,6.92,4,8.54,6.3,0
DSTM-02717,C,CAT_797F_MANUAL,0,26.44,9.73,112.54,0.952,0.428,8.2,0.77,4,14.7,12.24,0
DSTM-02718,E,KOMATSU_930E_AHS,1,32.14,6.64,97.74,0.805,0.057,12.9,0.15,0,11.07,10.59,0
DSTM-02719,A,CAT_797F_MANUAL,0,41.35,14.66,52.66,0.716,0.186,6.0,5.72,1,4.35,2.08,1
DSTM-02720,C,CAMIONETA_4x4,0,34.98,13.72,10.28,0.949,0.458,10.3,4.02,4,0.89,-1.88,1
DSTM-02721,C,CAT_797F_MANUAL,0,30.46,11.07,37.3,0.843,0.201,11.6,6.74,1,4.18,2.08,1
DSTM-02722,D,CAT_797F_MANUAL,0,21.9,5.51,49.03,0.495,0.057,10.1,0.58,0,7.53,5.91,0
DSTM-02723,B,CAT_797F_MANUAL,0,12.99,2.01,57.29,0.802,0.051,5.7,2.66,0,13.86,12.29,0
DSTM-02724,B,PALA_PH_4100XPC,0,2.34,4.42,27.18,0.909,0.149,7.7,3.21,3,58.44,56.95,0
DSTM-02725,A,CAT_797F_MANUAL,0,50.1,8.0,41.4,0.711,0.07,9.4,2.46,1,3.01,1.42,1
DSTM-02726,D,CAMIONETA_4x4,0,40.99,6.66,99.17,0.271,0.165,6.0,6.61,0,9.17,7.33,0
DSTM-02727,D,CAT_797F_MANUAL,0,37.54,10.71,35.14,0.465,0.27,3.2,4.87,2,3.79,1.4,1
DSTM-02728,A,CAT_797F_MANUAL,0,39.67,10.25,69.02,0.816,0.14,8.4,8.47,3,6.43,4.62,0
DSTM-02729,B,PALA_PH_4100XPC,0,2.92,6.32,16.27,0.824,0.083,4.4,2.19,3,34.81,33.2,0
DSTM-02730,E,KOMATSU_930E_AHS,1,34.06,6.92,70.87,0.981,0.076,17.6,0.15,0,8.07,7.67,0
DSTM-02731,A,KOMATSU_930E_AHS,1,40.07,3.8,44.32,0.738,0.084,9.7,0.15,0,4.13,3.67,1
DSTM-02732,B,CAT_797F_MANUAL,0,8.9,1.32,9.98,0.82,0.069,3.6,4.52,0,5.67,4.13,0
DSTM-02733,C,CAT_797F_MANUAL,0,34.47,5.45,21.75,0.831,0.48,11.1,0.82,0,2.72,0.27,1
DSTM-02734,B,PALA_PH_4100XPC,0,1.68,2.69,23.84,0.872,0.055,5.3,5.16,3,39.22,37.84,0
DSTM-02735,B,CAT_797F_MANUAL,0,16.23,2.45,54.33,0.827,0.177,6.8,2.76,1,13.51,11.77,0
DSTM-02736,C,CAT_797F_MANUAL,0,26.37,10.54,43.98,0.987,0.232,9.0,2.37,0,5.06,3.15,1
DSTM-02737,A,CAT_797F_MANUAL,0,41.07,7.96,45.28,0.619,0.052,6.7,5.29,2,3.58,2.09,1
DSTM-02738,C,CAT_797F_MANUAL,0,28.53,4.33,51.38,0.931,0.493,11.7,12.03,1,7.18,4.67,0
DSTM-02739,D,CAT_797F_MANUAL,0,33.06,8.55,64.48,0.243,0.188,1.4,4.48,0,7.21,5.15,0
DSTM-02740,C,CAT_797F_MANUAL,0,24.61,11.48,23.27,0.857,0.313,11.1,1.03,3,3.36,0.95,1
DSTM-02741,A,CAT_797F_MANUAL,0,48.01,7.52,64.14,0.766,0.178,1.3,1.49,1,4.51,2.7,1
DSTM-02742,D,CAT_797F_MANUAL,0,32.68,7.4,41.22,0.222,0.158,3.8,2.43,2,4.63,2.63,1
DSTM-02743,A,CAT_797F_MANUAL,0,47.69,13.84,64.62,0.566,0.094,9.7,0.78,0,5.33,3.26,1
DSTM-02744,D,CAT_797F_MANUAL,0,28.23,10.25,68.17,0.52,0.225,5.7,8.15,1,8.31,6.21,0
DSTM-02745,B,PALA_PH_4100XPC,0,2.46,3.83,48.32,0.723,0.051,7.1,6.76,0,88.96,87.39,0
DSTM-02746,D,CAT_797F_MANUAL,0,32.02,6.77,106.46,0.406,0.069,7.7,0.83,2,12.19,10.54,0
DSTM-02747,A,CAT_797F_MANUAL,0,45.17,13.11,71.51,0.622,0.045,3.3,2.82,0,5.55,3.64,1
DSTM-02748,A,CAT_797F_MANUAL,0,34.04,8.31,124.52,0.704,0.089,8.0,4.46,0,13.85,12.27,0
DSTM-02749,C,CAT_797F_MANUAL,0,36.47,12.25,15.94,0.853,0.187,10.1,5.02,1,1.94,-0.08,1
DSTM-02750,A,CAT_797F_MANUAL,0,41.63,10.27,83.54,0.735,0.02,1.1,2.74,1,7.48,5.81,0
DSTM-02751,A,CAT_797F_MANUAL,0,35.14,10.69,10.2,0.717,0.251,3.5,1.24,3,1.09,-1.15,1
DSTM-02752,D,CAT_797F_MANUAL,0,37.46,7.45,43.11,0.232,0.087,1.3,9.79,2,4.29,2.56,1
DSTM-02753,D,CAMIONETA_4x4,0,37.26,7.39,124.97,0.495,0.036,2.8,3.51,2,11.9,10.34,0
DSTM-02754,A,CAT_797F_MANUAL,0,45.55,9.28,136.91,0.848,0.183,9.1,2.22,2,11.29,9.34,0
DSTM-02755,E,CAMIONETA_4x4,0,51.28,2.4,18.45,0.974,0.056,9.6,0.86,2,1.11,-0.26,1
DSTM-02756,D,CAT_797F_MANUAL,0,35.45,8.55,11.38,0.349,0.137,1.7,8.34,1,0.88,-0.98,1
DSTM-02757,E,CAMIONETA_4x4,0,36.62,8.99,20.18,0.722,0.259,8.6,5.94,0,2.17,-0.01,1
DSTM-02758,D,KOMATSU_930E_AHS,1,20.77,8.14,49.32,0.278,0.024,3.2,0.15,0,8.22,7.52,0
DSTM-02759,D,KOMATSU_930E_AHS,1,33.74,8.64,46.95,0.187,0.044,15.5,0.15,0,4.8,4.06,0
DSTM-02760,C,KOMATSU_930E_AHS,1,35.3,7.74,111.82,0.988,0.034,8.8,0.15,0,12.14,11.77,0
DSTM-02761,D,KOMATSU_930E_AHS,1,26.71,6.95,60.37,0.265,0.068,8.7,0.15,0,7.58,6.87,0
DSTM-02762,E,CAMIONETA_4x4,0,37.38,10.63,11.67,0.922,0.163,9.6,3.01,1,1.14,-0.73,1
DSTM-02763,A,CAT_797F_MANUAL,0,51.74,13.03,70.64,0.85,0.049,7.5,3.3,0,4.71,2.97,1
DSTM-02764,B,CAMIONETA_4x4,0,42.42,3.72,33.26,0.903,0.116,7.2,4.67,3,2.74,1.29,1
DSTM-02765,A,KOMATSU_930E_AHS,1,36.53,11.84,12.15,0.742,0.026,14.0,0.15,0,0.86,0.37,1
DSTM-02766,E,KOMATSU_930E_AHS,1,29.61,6.99,50.66,0.843,0.076,16.5,0.15,0,6.31,5.88,0
DSTM-02767,B,CAT_797F_MANUAL,0,16.31,2.61,28.87,0.813,0.24,6.3,8.43,0,5.85,4.0,1
DSTM-02768,D,CAT_797F_MANUAL,0,26.42,8.08,16.74,0.532,0.061,3.4,0.81,1,2.13,0.4,1
DSTM-02769,D,CAT_797F_MANUAL,0,35.32,13.87,121.43,0.206,0.22,4.9,1.46,4,13.14,10.75,0
DSTM-02770,E,KOMATSU_930E_AHS,1,29.4,6.42,146.7,0.89,0.02,22.7,0.15,0,17.48,17.08,0
DSTM-02771,A,CAT_797F_MANUAL,0,44.54,6.29,25.59,0.697,0.218,2.7,2.59,1,2.23,0.25,1
DSTM-02772,D,CAT_797F_MANUAL,0,30.26,7.64,18.98,0.424,0.101,6.6,0.38,1,1.45,-0.38,1
DSTM-02773,E,KOMATSU_930E_AHS,1,24.41,7.5,187.28,0.877,0.03,15.0,0.15,0,30.1,29.67,0
DSTM-02774,A,CAT_797F_MANUAL,0,42.62,11.72,38.87,0.729,0.104,7.0,6.15,2,3.31,1.44,1
DSTM-02775,D,KOMATSU_930E_AHS,1,32.38,5.59,13.99,0.259,0.022,17.7,0.15,0,1.38,0.69,1
DSTM-02776,B,PALA_PH_4100XPC,0,1.78,3.91,14.41,0.95,0.113,6.1,1.31,1,28.12,26.62,0
DSTM-02777,C,CAT_797F_MANUAL,0,22.99,9.27,87.53,0.823,0.342,10.7,1.69,2,11.74,9.4,0
DSTM-02778,C,KOMATSU_930E_AHS,1,31.91,10.05,21.38,0.86,0.055,14.6,0.15,0,2.16,1.77,1
DSTM-02779,B,CAMIONETA_4x4,0,34.86,1.62,9.16,0.922,0.126,6.8,1.84,1,1.15,-0.34,1
DSTM-02780,A,KOMATSU_930E_AHS,1,40.49,7.28,105.5,0.747,0.088,4.2,0.15,0,10.01,9.53,0
DSTM-02781,A,KOMATSU_930E_AHS,1,45.05,13.94,24.07,0.726,0.039,13.4,0.15,0,2.05,1.57,1
DSTM-02782,A,CAT_797F_MANUAL,0,44.44,10.42,200.0,0.684,0.18,5.5,2.6,2,17.7,15.6,0
DSTM-02783,C,CAT_797F_MANUAL,0,32.1,11.08,65.35,0.967,0.332,10.3,1.88,2,6.85,4.62,0
DSTM-02784,B,CAT_797F_MANUAL,0,13.69,2.4,37.47,0.938,0.071,7.2,4.41,2,9.77,8.44,0
DSTM-02785,A,CAT_797F_MANUAL,0,48.97,13.88,37.69,0.764,0.442,10.1,2.8,3,2.82,-0.02,1
DSTM-02786,D,KOMATSU_930E_AHS,1,34.84,8.87,68.64,0.352,0.052,6.2,0.15,0,7.8,7.12,0
DSTM-02787,D,CAT_797F_MANUAL,0,31.42,14.5,14.6,0.357,0.035,8.1,4.1,3,2.18,0.11,1
DSTM-02788,C,CAT_797F_MANUAL,0,27.46,4.66,53.73,0.816,0.684,8.9,3.96,1,6.38,3.32,1
DSTM-02789,E,KOMATSU_930E_AHS,1,32.01,5.57,13.16,0.931,0.04,5.1,0.15,0,1.88,1.49,1
DSTM-02790,B,CAT_797F_MANUAL,0,18.61,3.34,10.6,0.927,0.058,9.3,3.79,1,3.46,2.07,1
DSTM-02791,D,CAMIONETA_4x4,0,33.69,8.67,25.05,0.4,0.118,2.4,2.04,1,2.77,0.95,1
DSTM-02792,A,CAMIONETA_4x4,0,57.77,13.54,16.64,0.798,0.157,4.8,6.89,0,0.86,-1.2,1
DSTM-02793,D,KOMATSU_930E_AHS,1,31.16,11.56,47.01,0.479,0.027,14.5,0.15,0,5.5,4.91,0
DSTM-02794,E,KOMATSU_930E_AHS,1,30.92,6.56,41.99,0.89,0.052,7.9,0.15,0,3.85,3.45,1
DSTM-02795,D,CAT_797F_MANUAL,0,41.17,3.88,50.09,0.445,0.096,9.0,0.94,0,4.56,2.8,1
DSTM-02796,C,KOMATSU_930E_AHS,1,30.9,6.4,12.39,0.958,0.044,15.1,0.15,0,1.82,1.45,1
DSTM-02797,C,KOMATSU_930E_AHS,1,20.77,2.62,91.01,0.893,0.053,1.8,0.15,0,15.05,14.66,0
DSTM-02798,B,PALA_PH_4100XPC,0,1.81,0.98,2.88,0.778,0.241,6.4,8.26,1,11.05,9.22,1
DSTM-02799,D,CAT_797F_MANUAL,0,28.44,8.51,20.86,0.4,0.052,7.3,7.08,0,2.57,0.82,1
DSTM-02800,D,CAMIONETA_4x4,0,36.43,9.7,13.17,0.329,0.073,10.7,9.92,2,1.15,-0.7,1
DSTM-02801,E,CAMIONETA_4x4,0,31.66,8.51,138.48,0.844,0.174,11.0,3.77,0,14.58,12.73,0
DSTM-02802,C,KOMATSU_930E_AHS,1,25.06,6.3,7.55,0.89,0.022,5.6,0.15,0,1.33,0.92,1
DSTM-02803,A,CAMIONETA_4x4,0,52.01,11.11,18.56,0.676,0.247,5.7,2.51,1,1.32,-0.95,1
DSTM-02804,C,CAT_797F_MANUAL,0,33.64,7.69,13.28,0.875,0.364,11.0,3.16,3,1.14,-0.83,1
DSTM-02805,A,CAT_797F_MANUAL,0,31.47,6.97,200.0,0.554,0.129,8.7,6.2,1,20.77,18.97,0
DSTM-02806,A,CAT_797F_MANUAL,0,36.95,9.9,178.62,0.764,0.229,2.9,3.57,3,16.6,14.58,0
DSTM-02807,B,CAMIONETA_4x4,0,32.98,2.45,73.5,0.879,0.162,9.5,2.39,2,7.9,6.25,0
DSTM-02808,D,CAT_797F_MANUAL,0,28.18,1.49,9.13,0.459,0.256,11.2,1.26,1,0.62,-1.49,1
DSTM-02809,A,CAMIONETA_4x4,0,43.39,10.69,121.36,0.628,0.026,6.6,0.72,3,11.07,9.35,0
DSTM-02810,A,KOMATSU_930E_AHS,1,31.01,5.71,143.32,0.567,0.064,9.5,0.15,0,18.1,17.53,0
DSTM-02811,A,CAT_797F_MANUAL,0,41.49,5.55,24.07,0.696,0.123,7.0,2.59,3,2.44,0.71,1
DSTM-02812,E,CAMIONETA_4x4,0,27.1,10.55,159.4,0.955,0.255,8.2,0.66,3,21.46,19.46,0
DSTM-02813,D,CAMIONETA_4x4,0,35.0,9.42,32.71,0.57,0.025,8.0,11.58,3,2.7,1.06,1
DSTM-02814,A,CAT_797F_MANUAL,0,39.88,11.17,84.45,0.682,0.065,8.0,1.68,3,7.55,5.83,0
DSTM-02815,A,CAT_797F_MANUAL,0,50.89,9.19,21.92,0.814,0.116,8.5,3.63,1,1.8,-0.05,1
DSTM-02816,C,CAMIONETA_4x4,0,28.37,11.16,113.42,0.949,0.145,7.5,2.93,1,14.35,12.5,0
DSTM-02817,B,PALA_PH_4100XPC,0,3.78,4.57,13.45,0.867,0.02,6.8,3.1,1,10.64,9.26,0
DSTM-02818,C,CAMIONETA_4x4,0,31.73,11.53,22.89,0.848,0.363,10.7,0.43,0,2.56,0.11,1
DSTM-02819,B,CAT_797F_MANUAL,0,8.18,5.15,13.11,0.861,0.207,7.2,9.63,3,3.66,1.95,1
DSTM-02820,E,KOMATSU_930E_AHS,1,31.36,9.87,28.33,0.921,0.02,13.9,0.15,0,2.71,2.3,1
DSTM-02821,B,PALA_PH_4100XPC,0,2.44,2.98,34.62,0.984,0.094,5.8,1.65,2,47.88,46.35,0
DSTM-02822,D,CAT_797F_MANUAL,0,35.6,9.29,38.31,0.417,0.119,7.1,4.82,2,3.81,1.98,1
DSTM-02823,A,CAT_797F_MANUAL,0,31.63,11.09,74.33,0.709,0.229,1.7,0.8,2,7.85,5.68,0
DSTM-02824,E,CAMIONETA_4x4,0,46.7,11.87,8.66,0.911,0.14,3.5,0.46,2,0.84,-0.99,1
DSTM-02825,E,KOMATSU_930E_AHS,1,24.99,12.1,13.88,0.758,0.05,5.3,0.15,0,1.44,0.99,1
DSTM-02826,D,KOMATSU_930E_AHS,1,26.77,9.62,43.24,0.534,0.054,21.5,0.15,0,6.29,5.69,0
DSTM-02827,C,CAT_797F_MANUAL,0,41.59,6.76,6.6,0.897,0.288,8.8,1.41,1,0.58,-1.34,1
DSTM-02828,A,KOMATSU_930E_AHS,1,32.5,10.76,54.47,0.778,0.02,1.7,0.15,0,5.96,5.51,0
DSTM-02829,D,CAT_797F_MANUAL,0,29.48,8.26,53.28,0.357,0.054,4.9,3.05,2,6.06,4.26,0
DSTM-02830,D,KOMATSU_930E_AHS,1,34.31,8.07,77.33,0.517,0.024,3.4,0.15,0,7.8,7.2,0
DSTM-02831,A,CAT_797F_MANUAL,0,39.71,9.82,46.28,0.586,0.084,10.8,4.65,1,3.64,1.89,1
DSTM-02832,C,CAMIONETA_4x4,0,31.79,7.39,58.01,0.877,0.124,11.0,6.36,1,6.95,5.23,0
DSTM-02833,C,CAT_797F_MANUAL,0,41.31,10.3,132.59,0.964,0.12,11.2,4.06,2,11.45,9.85,0
DSTM-02834,D,CAT_797F_MANUAL,0,27.52,9.02,54.03,0.451,0.153,10.8,2.09,1,5.84,3.86,1
DSTM-02835,D,CAMIONETA_4x4,0,27.89,7.2,31.57,0.225,0.118,11.2,7.31,0,4.04,2.17,1
DSTM-02836,C,KOMATSU_930E_AHS,1,28.94,6.82,98.62,0.866,0.031,15.4,0.15,0,12.48,12.07,0
DSTM-02837,C,CAMIONETA_4x4,0,37.87,7.62,70.74,0.94,0.383,9.1,4.48,3,6.54,4.37,0
DSTM-02838,B,PALA_PH_4100XPC,0,2.93,5.53,6.43,0.939,0.12,4.3,5.65,1,10.47,9.02,1
DSTM-02839,B,PALA_PH_4100XPC,0,5.34,4.19,58.89,0.837,0.079,1.4,3.28,0,56.14,54.69,0
DSTM-02840,A,CAMIONETA_4x4,0,51.95,11.07,33.69,0.511,0.111,4.4,1.59,2,2.29,0.27,1
DSTM-02841,D,CAT_797F_MANUAL,0,22.52,10.6,29.03,0.572,0.203,4.0,2.62,2,3.68,1.64,1
DSTM-02842,B,CAT_797F_MANUAL,0,10.89,4.39,13.1,1.0,0.163,6.4,6.78,2,2.74,1.15,1
DSTM-02843,B,PALA_PH_4100XPC,0,0.0,5.42,3.5,0.729,0.132,4.5,5.4,3,11.96,10.28,1
DSTM-02844,A,CAT_797F_MANUAL,0,37.18,8.4,125.37,0.7,0.15,8.8,4.33,4,11.96,10.17,0
DSTM-02845,A,CAT_797F_MANUAL,0,39.52,11.41,12.48,0.642,0.376,9.5,1.31,2,1.22,-1.25,1
DSTM-02846,C,CAT_797F_MANUAL,0,33.24,6.72,32.13,0.985,0.326,8.9,1.84,0,2.96,0.89,1
DSTM-02847,A,CAMIONETA_4x4,0,42.95,7.16,9.12,0.62,0.115,1.7,1.47,1,0.84,-0.9,1
DSTM-02848,A,CAT_797F_MANUAL,0,47.33,9.2,49.99,0.814,0.055,11.0,5.71,4,3.61,2.0,1
DSTM-02849,D,CAT_797F_MANUAL,0,27.84,8.32,111.5,0.481,0.183,8.9,12.27,1,13.45,11.37,0
DSTM-02850,B,PALA_PH_4100XPC,0,3.84,4.29,26.29,0.861,0.11,10.9,2.02,3,33.77,32.24,0
DSTM-02851,B,PALA_PH_4100XPC,0,2.97,3.5,11.95,0.92,0.238,4.9,0.37,1,6.32,4.54,1
DSTM-02852,B,CAT_797F_MANUAL,0,11.61,2.65,11.59,0.716,0.162,1.5,1.75,1,4.91,3.19,1
DSTM-02853,D,KOMATSU_930E_AHS,1,30.75,14.54,103.82,0.535,0.032,22.5,0.15,0,11.54,10.93,0
DSTM-02854,B,CAT_797F_MANUAL,0,15.52,0.45,18.57,0.93,0.205,8.0,4.19,0,3.99,2.29,1
DSTM-02855,D,CAT_797F_MANUAL,0,35.13,5.71,80.68,0.353,0.201,2.1,2.04,1,8.11,6.08,0
DSTM-02856,E,KOMATSU_930E_AHS,1,26.95,8.6,26.95,0.956,0.03,9.0,0.15,0,4.58,4.21,0
DSTM-02857,D,CAT_797F_MANUAL,0,36.24,6.9,62.21,0.491,0.116,11.2,6.54,2,6.41,4.69,0
DSTM-02858,B,CAMIONETA_4x4,0,31.75,1.1,2.0,0.787,0.278,5.4,2.68,0,0.65,-1.27,1
DSTM-02859,D,CAT_797F_MANUAL,0,39.2,9.08,9.15,0.485,0.2,1.6,2.17,2,1.12,-1.06,1
DSTM-02860,C,KOMATSU_930E_AHS,1,33.07,7.78,27.24,0.804,0.09,3.9,0.15,0,3.25,2.81,1
DSTM-02861,B,CAT_797F_MANUAL,0,17.88,5.55,34.63,0.984,0.147,8.0,8.32,1,5.17,3.59,1
DSTM-02862,C,CAT_797F_MANUAL,0,41.48,13.21,29.27,0.766,0.491,10.0,5.27,1,2.47,-0.41,1
DSTM-02863,B,PALA_PH_4100XPC,0,2.33,2.42,61.14,0.771,0.329,5.8,8.2,1,128.87,126.74,0
DSTM-02864,A,CAT_797F_MANUAL,0,37.82,11.61,25.38,0.628,0.106,6.1,11.85,1,2.21,0.28,1
DSTM-02865,B,PALA_PH_4100XPC,0,0.0,2.97,10.05,0.918,0.106,9.5,1.44,0,17.41,15.81,0
DSTM-02866,A,KOMATSU_930E_AHS,1,32.34,11.37,40.97,0.592,0.099,21.3,0.15,0,4.57,4.02,0
DSTM-02867,B,PALA_PH_4100XPC,0,2.04,1.88,25.04,0.784,0.115,5.7,2.43,2,38.56,36.89,0
DSTM-02868,C,CAT_797F_MANUAL,0,27.69,6.01,82.87,0.888,0.5,7.5,4.48,1,9.46,7.05,0
DSTM-02869,E,CAMIONETA_4x4,0,36.27,11.35,62.3,0.852,0.109,7.2,1.43,2,6.1,4.38,0
DSTM-02870,A,CAMIONETA_4x4,0,48.68,8.85,38.75,0.67,0.122,1.5,4.01,1,2.81,1.0,1
DSTM-02871,C,CAMIONETA_4x4,0,36.72,8.52,35.32,0.84,0.258,9.0,3.06,3,3.15,1.15,1
DSTM-02872,C,CAMIONETA_4x4,0,31.63,9.69,15.99,0.805,0.594,9.8,2.86,4,1.66,-1.24,1
DSTM-02873,A,KOMATSU_930E_AHS,1,43.09,11.18,15.58,0.818,0.067,16.7,0.15,0,1.07,0.63,1
DSTM-02874,A,KOMATSU_930E_AHS,1,38.7,10.79,50.76,0.766,0.034,11.9,0.15,0,4.6,4.13,0
DSTM-02875,A,CAT_797F_MANUAL,0,42.08,5.67,41.27,0.791,0.216,5.2,3.6,2,3.57,1.72,1
DSTM-02876,A,KOMATSU_930E_AHS,1,33.15,10.34,48.24,0.638,0.07,1.7,0.15,0,4.63,4.12,0
DSTM-02877,B,CAT_797F_MANUAL,0,10.09,3.76,37.57,0.814,0.281,9.7,12.06,2,12.27,10.19,0
DSTM-02878,B,PALA_PH_4100XPC,0,0.0,4.02,41.99,0.723,0.049,8.1,4.4,1,99.8,98.24,0
DSTM-02879,C,CAT_797F_MANUAL,0,30.11,7.09,45.84,0.774,0.308,11.5,2.43,3,6.28,4.18,0
DSTM-02880,A,CAT_797F_MANUAL,0,42.24,9.61,194.0,0.636,0.191,7.4,6.74,0,17.72,15.68,0
DSTM-02881,A,CAT_797F_MANUAL,0,47.77,10.64,62.61,0.772,0.094,6.8,2.58,0,4.63,2.85,1
DSTM-02882,A,CAT_797F_MANUAL,0,40.18,11.75,148.85,0.601,0.029,3.5,3.13,1,13.41,11.64,0
DSTM-02883,C,KOMATSU_930E_AHS,1,32.9,8.94,43.21,0.842,0.07,20.0,0.15,0,4.42,4.0,1
DSTM-02884,B,PALA_PH_4100XPC,0,5.36,2.38,6.13,0.781,0.061,8.7,2.28,0,5.93,4.55,1
DSTM-02885,C,CAMIONETA_4x4,0,32.22,5.26,12.43,0.863,0.415,8.3,2.97,1,1.01,-1.27,1
DSTM-02886,A,KOMATSU_930E_AHS,1,43.67,6.87,157.85,0.716,0.02,14.5,0.15,0,13.18,12.7,0
DSTM-02887,A,CAT_797F_MANUAL,0,53.5,7.36,34.61,0.521,0.247,10.0,1.39,5,2.18,0.17,1
DSTM-02888,E,KOMATSU_930E_AHS,1,21.54,8.04,61.14,0.96,0.02,6.3,0.15,0,8.68,8.29,0
DSTM-02889,A,CAT_797F_MANUAL,0,35.13,7.92,40.28,0.8,0.025,11.4,2.64,3,3.71,2.18,1
DSTM-02890,A,CAT_797F_MANUAL,0,37.2,10.85,17.19,0.586,0.139,9.7,1.09,0,0.97,-1.04,1
DSTM-02891,A,CAMIONETA_4x4,0,51.46,6.87,66.99,0.682,0.312,6.1,4.97,2,4.57,2.38,1
DSTM-02892,E,KOMATSU_930E_AHS,1,28.62,4.36,126.44,0.975,0.032,3.9,0.15,0,15.08,14.72,0
DSTM-02893,C,CAT_797F_MANUAL,0,28.43,11.6,92.65,0.849,0.333,10.3,1.06,2,12.97,10.55,0
DSTM-02894,C,CAT_797F_MANUAL,0,30.87,3.76,47.43,0.937,0.49,10.6,15.0,2,5.49,3.08,1
DSTM-02895,E,KOMATSU_930E_AHS,1,30.85,6.1,18.78,0.97,0.065,23.5,0.15,0,1.6,1.21,1
DSTM-02896,A,KOMATSU_930E_AHS,1,38.71,4.08,39.36,0.646,0.083,21.2,0.15,0,3.38,2.87,1
DSTM-02897,E,KOMATSU_930E_AHS,1,29.06,10.86,3.96,0.908,0.039,2.1,0.15,0,1.13,0.74,1
DSTM-02898,A,CAT_797F_MANUAL,0,38.02,7.71,27.54,0.657,0.353,10.5,3.74,2,2.9,0.5,1
DSTM-02899,C,CAT_797F_MANUAL,0,34.6,9.98,79.29,0.784,0.117,12.0,0.65,1,9.08,7.26,0
DSTM-02900,B,CAMIONETA_4x4,0,41.79,5.4,2.27,0.912,0.34,9.9,1.32,0,0.5,-1.56,1
DSTM-02901,B,PALA_PH_4100XPC,0,0.0,2.23,14.22,0.75,0.073,3.7,2.38,2,25.02,23.56,0
DSTM-02902,E,KOMATSU_930E_AHS,1,22.91,2.47,194.52,0.938,0.111,23.1,0.15,0,29.89,29.49,0
DSTM-02903,A,CAT_797F_MANUAL,0,38.1,7.0,192.28,0.591,0.139,1.8,3.29,1,17.7,15.91,0
DSTM-02904,E,KOMATSU_930E_AHS,1,24.92,7.95,14.11,0.916,0.02,10.2,0.15,0,2.35,1.98,1
DSTM-02905,B,CAT_797F_MANUAL,0,18.02,3.97,2.17,0.885,0.126,9.1,4.09,3,1.5,0.03,1
DSTM-02906,C,CAT_797F_MANUAL,0,24.41,10.88,24.0,0.779,0.322,9.2,2.65,3,4.05,1.66,1
DSTM-02907,E,KOMATSU_930E_AHS,1,26.38,5.77,72.07,0.803,0.02,5.2,0.15,0,9.65,9.2,0
DSTM-02908,A,KOMATSU_930E_AHS,1,29.79,14.8,67.99,0.754,0.076,9.4,0.15,0,8.02,7.57,0
DSTM-02909,E,KOMATSU_930E_AHS,1,30.48,4.78,29.8,1.0,0.071,15.8,0.15,0,4.86,4.51,0
DSTM-02910,C,CAT_797F_MANUAL,0,25.31,8.27,83.42,0.832,0.431,8.8,3.58,0,11.34,8.93,0
DSTM-02911,D,CAMIONETA_4x4,0,48.12,9.2,23.72,0.533,0.072,7.4,4.9,2,1.56,-0.17,1
DSTM-02912,A,CAT_797F_MANUAL,0,40.8,6.97,100.63,0.842,0.308,9.6,5.22,1,9.09,7.16,0
DSTM-02913,C,KOMATSU_930E_AHS,1,27.57,8.49,188.44,0.981,0.073,15.8,0.15,0,22.55,22.19,0
DSTM-02914,D,CAT_797F_MANUAL,0,39.78,11.25,32.76,0.342,0.136,11.2,0.24,1,3.01,0.82,1
DSTM-02915,C,CAT_797F_MANUAL,0,36.22,6.58,25.47,0.839,0.387,10.3,7.5,3,2.4,0.3,1
DSTM-02916,A,KOMATSU_930E_AHS,1,31.15,10.01,82.17,0.693,0.064,22.6,0.15,0,9.03,8.52,0
DSTM-02917,A,CAT_797F_MANUAL,0,46.47,13.45,51.15,0.678,0.04,10.2,2.91,0,4.47,2.64,1
DSTM-02918,E,CAMIONETA_4x4,0,40.4,9.51,81.97,0.974,0.097,8.9,2.46,1,7.01,5.33,0
DSTM-02919,A,CAT_797F_MANUAL,0,35.5,10.83,112.52,0.629,0.036,5.2,1.86,4,11.49,9.57,0
DSTM-02920,D,CAMIONETA_4x4,0,43.44,4.17,101.9,0.197,0.142,7.9,1.0,1,7.93,6.05,0
DSTM-02921,E,KOMATSU_930E_AHS,1,23.13,9.64,8.54,0.83,0.034,9.9,0.15,0,1.71,1.26,1
DSTM-02922,A,CAT_797F_MANUAL,0,35.7,11.21,25.65,0.578,0.141,7.0,1.61,0,2.56,0.53,1
DSTM-02923,A,CAT_797F_MANUAL,0,46.42,8.31,54.93,0.708,0.173,11.3,0.9,2,4.3,2.5,1
DSTM-02924,D,CAT_797F_MANUAL,0,31.81,6.56,79.66,0.357,0.133,2.3,2.12,0,9.17,7.26,0
DSTM-02925,A,CAT_797F_MANUAL,0,46.64,12.16,51.64,0.571,0.236,6.3,5.62,2,3.68,1.41,1
DSTM-02926,C,KOMATSU_930E_AHS,1,22.41,6.69,81.73,0.921,0.029,13.4,0.15,0,14.89,14.49,0
DSTM-02927,D,CAT_797F_MANUAL,0,24.94,7.06,12.94,0.338,0.06,11.2,0.97,1,1.3,-0.47,1
DSTM-02928,C,CAT_797F_MANUAL,0,32.85,9.78,23.87,0.844,0.279,11.8,0.98,5,2.74,0.62,1
DSTM-02929,B,PALA_PH_4100XPC,0,4.53,3.7,18.22,0.986,0.147,4.5,1.64,1,31.8,30.16,0
DSTM-02930,D,KOMATSU_930E_AHS,1,25.57,9.34,12.02,0.34,0.02,12.5,0.15,0,1.59,0.9,1
DSTM-02931,C,CAT_797F_MANUAL,0,24.0,7.29,19.36,0.849,0.063,11.5,1.55,4,3.16,1.57,1
DSTM-02932,A,KOMATSU_930E_AHS,1,35.21,8.52,136.49,0.594,0.054,9.6,0.15,0,14.4,13.84,0
DSTM-02933,C,CAT_797F_MANUAL,0,17.57,10.79,120.21,0.847,0.211,7.8,1.12,3,23.6,21.63,0
DSTM-02934,E,CAMIONETA_4x4,0,32.93,5.96,77.16,0.887,0.326,11.3,8.32,1,7.46,5.51,0
DSTM-02935,D,CAT_797F_MANUAL,0,26.16,8.51,92.68,0.31,0.143,4.6,2.72,1,12.08,10.15,0
DSTM-02936,C,CAT_797F_MANUAL,0,16.58,6.77,26.42,0.765,0.438,11.0,4.12,1,5.97,3.59,1
DSTM-02937,B,CAMIONETA_4x4,0,28.36,1.69,15.0,0.77,0.07,5.7,1.97,2,1.83,0.32,1
DSTM-02938,A,CAMIONETA_4x4,0,42.73,11.19,83.45,0.879,0.075,9.5,5.94,3,6.61,4.83,0
DSTM-02939,A,CAT_797F_MANUAL,0,37.52,14.76,48.69,0.838,0.299,10.9,2.65,0,5.02,2.53,1
DSTM-02940,A,CAT_797F_MANUAL,0,29.08,10.24,54.34,0.638,0.111,11.4,5.11,1,6.68,4.88,0
DSTM-02941,E,CAMIONETA_4x4,0,31.4,6.94,173.49,0.906,0.054,2.0,0.48,0,17.41,16.05,0
DSTM-02942,A,CAT_797F_MANUAL,0,33.74,11.42,200.0,0.679,0.037,5.2,2.97,1,19.77,18.05,0
DSTM-02943,D,CAMIONETA_4x4,0,33.91,4.23,28.73,0.315,0.109,4.2,3.17,0,3.19,1.38,1
DSTM-02944,A,CAMIONETA_4x4,0,45.13,8.16,23.02,0.846,0.045,2.1,4.33,1,1.37,-0.12,1
DSTM-02945,B,CAT_797F_MANUAL,0,15.6,2.53,19.05,0.885,0.207,2.0,1.84,4,5.66,3.75,1
DSTM-02946,B,CAT_797F_MANUAL,0,10.64,3.27,6.12,0.944,0.225,10.8,10.77,1,2.96,1.18,1
DSTM-02947,B,CAT_797F_MANUAL,0,12.32,2.98,20.8,0.943,0.315,11.2,2.6,2,6.01,3.97,1
DSTM-02948,D,CAT_797F_MANUAL,0,34.02,6.93,11.36,0.316,0.106,8.6,0.7,2,0.92,-0.87,1
DSTM-02949,E,KOMATSU_930E_AHS,1,28.05,14.97,60.34,0.976,0.022,4.7,0.15,0,7.15,6.77,0
DSTM-02950,E,KOMATSU_930E_AHS,1,27.59,7.03,128.17,0.962,0.025,10.8,0.15,0,17.17,16.79,0
DSTM-02951,A,CAT_797F_MANUAL,0,50.03,13.64,160.11,0.675,0.289,5.3,2.99,2,11.52,9.13,0
DSTM-02952,D,KOMATSU_930E_AHS,1,28.63,4.45,18.97,0.371,0.027,6.8,0.15,0,1.95,1.3,1
DSTM-02953,A,CAT_797F_MANUAL,0,44.73,12.45,34.47,0.861,0.315,4.0,2.94,2,3.05,0.66,1
DSTM-02954,E,KOMATSU_930E_AHS,1,22.7,6.99,9.24,0.851,0.062,22.1,0.15,0,1.17,0.76,1
DSTM-02955,C,CAMIONETA_4x4,0,46.85,8.26,96.21,0.897,0.121,11.3,5.87,3,7.88,6.26,0
DSTM-02956,B,CAMIONETA_4x4,0,45.93,6.57,28.75,1.0,0.128,10.3,2.44,0,2.39,0.94,1
DSTM-02957,A,CAMIONETA_4x4,0,42.64,10.18,13.31,0.573,0.158,7.5,2.66,1,1.1,-0.89,1
DSTM-02958,A,CAT_797F_MANUAL,0,47.23,10.97,40.88,0.828,0.1,3.5,1.24,1,3.47,1.61,1
DSTM-02959,A,CAT_797F_MANUAL,0,37.73,11.01,71.05,0.739,0.116,4.0,2.07,4,6.99,5.11,0
DSTM-02960,E,CAMIONETA_4x4,0,47.25,9.17,12.1,0.856,0.172,6.4,3.35,0,1.03,-0.84,1
DSTM-02961,D,CAT_797F_MANUAL,0,33.87,8.66,27.06,0.424,0.081,11.0,5.85,2,2.48,0.72,1
DSTM-02962,E,CAMIONETA_4x4,0,31.06,5.1,9.09,0.856,0.325,8.7,1.92,1,0.84,-1.25,1
DSTM-02963,A,CAT_797F_MANUAL,0,39.06,6.33,9.44,0.578,0.054,9.2,2.04,3,1.02,-0.59,1
DSTM-02964,C,CAT_797F_MANUAL,0,37.53,4.08,67.27,0.923,0.174,8.9,4.84,2,5.5,3.71,1
DSTM-02965,B,PALA_PH_4100XPC,0,0.57,3.03,59.37,0.808,0.068,2.5,3.67,0,112.76,111.28,0
DSTM-02966,C,CAT_797F_MANUAL,0,15.65,10.67,128.22,0.982,0.169,9.1,3.78,2,31.33,29.54,0
DSTM-02967,B,CAT_797F_MANUAL,0,19.87,1.34,7.06,0.886,0.251,4.0,4.58,0,1.86,-0.06,1
DSTM-02968,B,CAT_797F_MANUAL,0,18.56,4.09,13.08,0.995,0.048,2.1,2.62,1,2.28,0.88,1
DSTM-02969,C,KOMATSU_930E_AHS,1,39.1,7.65,7.44,0.824,0.088,6.3,0.15,0,0.75,0.33,1
DSTM-02970,A,KOMATSU_930E_AHS,1,43.17,14.5,31.56,0.765,0.041,22.7,0.15,0,2.69,2.23,1
DSTM-02971,C,CAT_797F_MANUAL,0,34.15,9.61,65.01,0.776,0.485,10.1,2.21,1,6.88,4.3,0
DSTM-02972,D,KOMATSU_930E_AHS,1,32.0,7.38,26.07,0.308,0.076,10.7,0.15,0,3.05,2.34,1
DSTM-02973,A,CAT_797F_MANUAL,0,39.41,10.72,39.57,0.771,0.194,11.2,1.2,3,3.34,1.41,1
DSTM-02974,E,CAMIONETA_4x4,0,54.11,7.67,28.26,0.72,0.181,4.2,2.73,1,2.04,0.22,1
DSTM-02975,C,CAMIONETA_4x4,0,35.32,14.99,25.67,0.87,0.201,10.0,0.89,0,3.65,1.33,1
DSTM-02976,D,CAT_797F_MANUAL,0,29.35,10.21,32.94,0.601,0.063,6.7,8.46,2,3.05,1.19,1
DSTM-02977,D,CAT_797F_MANUAL,0,43.1,6.5,28.19,0.299,0.199,8.6,3.9,2,2.31,0.24,1
DSTM-02978,D,KOMATSU_930E_AHS,1,29.24,7.85,5.11,0.348,0.092,6.1,0.15,0,0.78,0.09,1
DSTM-02979,D,CAMIONETA_4x4,0,38.05,11.07,40.24,0.307,0.12,1.5,1.12,2,3.25,1.19,1
DSTM-02980,E,KOMATSU_930E_AHS,1,26.54,8.43,5.93,0.921,0.084,18.8,0.15,0,1.23,0.85,1
DSTM-02981,C,CAT_797F_MANUAL,0,40.56,5.08,122.48,0.863,0.373,8.5,9.31,1,11.09,8.84,0
DSTM-02982,B,CAMIONETA_4x4,0,28.37,5.75,5.45,0.801,0.291,1.1,4.8,1,1.09,-0.81,1
DSTM-02983,A,CAT_797F_MANUAL,0,40.39,7.7,119.66,0.616,0.057,8.9,5.69,1,10.08,8.59,0
DSTM-02984,C,CAT_797F_MANUAL,0,46.5,10.42,83.88,0.94,0.253,11.5,1.13,2,6.95,4.85,0
DSTM-02985,A,CAT_797F_MANUAL,0,45.56,8.97,84.52,0.544,0.19,7.8,1.75,0,6.56,4.68,0
DSTM-02986,A,KOMATSU_930E_AHS,1,28.81,6.43,127.19,0.547,0.036,10.6,0.15,0,17.11,16.54,0
DSTM-02987,A,CAT_797F_MANUAL,0,54.52,5.06,97.98,0.652,0.302,1.9,2.26,1,6.9,4.82,0
DSTM-02988,C,KOMATSU_930E_AHS,1,22.31,10.57,45.28,0.77,0.029,15.5,0.15,0,6.06,5.6,0
DSTM-02989,A,CAT_797F_MANUAL,0,40.3,7.39,46.07,0.616,0.117,5.3,1.33,1,4.01,2.25,1
DSTM-02990,C,KOMATSU_930E_AHS,1,30.27,6.12,38.32,0.822,0.027,22.2,0.15,0,4.49,4.1,0
DSTM-02991,D,KOMATSU_930E_AHS,1,29.7,6.4,72.79,0.361,0.028,22.5,0.15,0,9.23,8.58,0
DSTM-02992,D,KOMATSU_930E_AHS,1,33.79,8.38,102.87,0.387,0.02,14.1,0.15,0,11.98,11.34,0
DSTM-02993,B,CAT_797F_MANUAL,0,12.15,0.97,55.24,0.844,0.256,2.6,3.35,2,17.78,16.03,0
DSTM-02994,C,CAT_797F_MANUAL,0,44.52,4.63,85.54,1.0,0.217,9.2,2.29,0,6.58,4.75,0
DSTM-02995,C,CAMIONETA_4x4,0,36.84,8.19,139.1,0.814,0.115,11.1,3.1,0,13.09,11.53,0
DSTM-02996,C,CAT_797F_MANUAL,0,34.58,8.81,52.26,0.772,0.104,10.4,0.1,0,5.56,3.81,1
DSTM-02997,D,CAT_797F_MANUAL,0,28.45,10.45,16.72,0.315,0.026,10.3,2.48,2,2.06,0.23,1
DSTM-02998,A,CAT_797F_MANUAL,0,54.19,6.21,65.87,0.81,0.065,2.9,2.49,1,4.51,3.01,1
DSTM-02999,E,CAMIONETA_4x4,0,34.17,6.35,79.81,0.738,0.248,4.4,4.56,3,9.51,7.66,0
DSTM-03000,A,CAT_797F_MANUAL,0,48.98,9.52,36.6,0.733,0.083,10.4,4.88,0,2.7,1.08,1
DSTM-03001,D,CAMIONETA_4x4,0,43.68,7.53,11.01,0.421,0.056,6.5,1.68,3,0.45,-1.25,1
DSTM-03002,C,CAT_797F_MANUAL,0,31.2,9.22,23.5,0.842,0.126,10.2,4.04,2,3.08,1.3,1
DSTM-03003,A,CAT_797F_MANUAL,0,36.78,11.77,98.62,0.582,0.152,1.9,2.22,1,9.36,7.31,0
DSTM-03004,D,CAT_797F_MANUAL,0,35.82,4.39,9.29,0.311,0.317,5.1,4.33,0,1.27,-1.0,1
DSTM-03005,A,CAT_797F_MANUAL,0,40.1,12.83,55.24,0.556,0.08,11.1,0.2,3,5.1,3.07,1
DSTM-03006,D,CAMIONETA_4x4,0,43.71,8.93,118.21,0.32,0.127,7.3,2.53,0,9.09,7.03,0
DSTM-03007,C,CAT_797F_MANUAL,0,29.69,5.75,18.73,0.861,0.19,11.4,5.61,0,1.34,-0.47,1
DSTM-03008,A,CAT_797F_MANUAL,0,42.76,8.83,32.65,0.626,0.134,5.9,6.2,2,2.84,1.03,1
DSTM-03009,A,CAT_797F_MANUAL,0,43.47,10.86,22.29,0.847,0.056,4.0,5.42,2,2.07,0.27,1
DSTM-03010,D,CAT_797F_MANUAL,0,30.63,9.78,25.37,0.442,0.104,4.3,5.98,2,3.73,1.8,1
DSTM-03011,B,CAT_797F_MANUAL,0,4.57,3.55,22.09,0.929,0.155,2.1,4.67,1,24.52,22.83,0
DSTM-03012,E,CAMIONETA_4x4,0,45.4,9.04,32.82,0.889,0.106,11.0,1.19,2,2.45,0.82,1
DSTM-03013,D,CAMIONETA_4x4,0,39.34,7.82,52.6,0.269,0.357,3.8,1.28,0,4.16,1.66,1
DSTM-03014,D,CAMIONETA_4x4,0,43.86,8.55,174.54,0.515,0.157,7.2,1.45,2,14.54,12.59,0
DSTM-03015,B,PALA_PH_4100XPC,0,3.98,3.75,14.11,0.933,0.372,8.1,2.95,1,8.08,5.97,0
DSTM-03016,D,KOMATSU_930E_AHS,1,31.39,10.79,92.88,0.257,0.081,6.0,0.15,0,10.44,9.75,0
DSTM-03017,E,KOMATSU_930E_AHS,1,35.54,5.68,102.37,0.962,0.143,22.1,0.15,0,10.4,10.02,0
DSTM-03018,A,CAT_797F_MANUAL,0,45.9,9.99,23.31,0.748,0.092,1.4,5.7,2,2.41,0.69,1
DSTM-03019,B,CAT_797F_MANUAL,0,13.59,1.94,8.29,0.84,0.065,4.8,1.29,2,2.26,0.84,1
DSTM-03020,A,KOMATSU_930E_AHS,1,32.66,11.3,27.38,0.723,0.034,21.1,0.15,0,3.43,2.96,1
DSTM-03021,B,PALA_PH_4100XPC,0,0.26,0.74,63.57,0.767,0.207,10.3,1.41,5,134.0,132.22,0
DSTM-03022,D,CAT_797F_MANUAL,0,24.04,7.03,16.48,0.202,0.138,2.3,3.17,1,2.12,0.28,1
DSTM-03023,C,CAT_797F_MANUAL,0,31.31,9.46,87.89,0.78,0.286,8.6,12.87,0,10.19,7.94,0
DSTM-03024,C,CAT_797F_MANUAL,0,41.63,12.04,133.37,0.917,0.314,12.0,4.55,1,11.9,9.55,0
DSTM-03025,B,CAMIONETA_4x4,0,39.0,2.74,16.5,0.816,0.149,7.2,1.29,2,1.92,0.23,1
DSTM-03026,A,CAMIONETA_4x4,0,50.77,9.98,85.71,0.88,0.254,4.5,1.0,3,6.56,4.38,0
DSTM-03027,B,CAT_797F_MANUAL,0,21.39,5.84,3.33,0.835,0.163,10.1,2.1,0,0.96,-0.76,1
DSTM-03028,E,KOMATSU_930E_AHS,1,26.9,10.93,13.81,0.807,0.02,3.8,0.15,0,2.07,1.64,1
DSTM-03029,C,CAT_797F_MANUAL,0,18.22,6.94,36.03,0.736,0.582,9.4,7.37,4,7.12,4.34,0
DSTM-03030,B,CAT_797F_MANUAL,0,20.01,3.56,54.55,0.883,0.048,2.4,7.33,0,11.51,10.16,0
DSTM-03031,D,CAT_797F_MANUAL,0,30.01,8.18,200.0,0.375,0.265,10.7,2.79,1,23.79,21.58,0
DSTM-03032,A,CAT_797F_MANUAL,0,41.4,9.27,165.38,0.701,0.135,3.7,2.09,3,13.77,11.87,0
DSTM-03033,B,PALA_PH_4100XPC,0,0.4,2.24,36.66,1.0,0.473,6.7,4.37,3,83.32,80.82,0
DSTM-03034,A,CAT_797F_MANUAL,0,45.53,9.91,24.49,0.559,0.092,6.3,10.87,1,1.73,-0.01,1
DSTM-03035,E,KOMATSU_930E_AHS,1,30.43,11.39,90.8,0.784,0.02,14.4,0.15,0,9.71,9.27,0
DSTM-03036,D,CAT_797F_MANUAL,0,39.17,10.61,25.57,0.251,0.117,2.5,2.32,2,2.15,0.1,1
DSTM-03037,C,CAT_797F_MANUAL,0,36.9,8.47,9.44,0.78,0.242,11.9,3.04,1,1.07,-0.8,1
DSTM-03038,A,CAT_797F_MANUAL,0,39.65,12.18,106.89,0.786,0.072,5.0,7.47,0,9.53,7.73,0
DSTM-03039,A,CAT_797F_MANUAL,0,37.41,11.52,91.49,0.79,0.241,10.9,1.93,2,8.37,6.28,0
DSTM-03040,C,CAT_797F_MANUAL,0,21.51,5.48,21.24,0.865,0.148,8.0,6.9,0,2.56,0.96,1
DSTM-03041,B,CAT_797F_MANUAL,0,16.14,4.56,35.8,0.775,0.142,11.3,2.21,1,6.9,5.16,0
DSTM-03042,E,CAMIONETA_4x4,0,43.62,9.46,200.0,0.826,0.231,8.4,1.83,2,16.41,14.52,0
DSTM-03043,D,CAT_797F_MANUAL,0,28.22,5.1,194.25,0.29,0.025,5.9,4.69,1,23.82,22.19,0
DSTM-03044,B,CAT_797F_MANUAL,0,13.03,2.39,20.11,0.865,0.148,5.1,1.19,4,4.52,2.86,1
DSTM-03045,D,CAT_797F_MANUAL,0,24.8,12.07,64.25,0.376,0.326,1.5,12.5,1,9.23,6.7,0
DSTM-03046,E,CAMIONETA_4x4,0,23.3,8.21,39.79,0.967,0.136,5.0,4.13,2,5.98,4.27,0
DSTM-03047,C,CAT_797F_MANUAL,0,42.96,9.19,152.15,0.909,0.537,10.6,1.69,1,13.22,10.56,0
DSTM-03048,C,CAMIONETA_4x4,0,41.25,7.36,32.9,0.933,0.5,11.8,5.63,1,2.81,0.32,1
DSTM-03049,E,KOMATSU_930E_AHS,1,28.03,7.89,13.09,0.987,0.091,17.2,0.15,0,1.89,1.53,1
DSTM-03050,A,CAT_797F_MANUAL,0,46.66,4.08,94.81,0.769,0.137,3.2,0.23,2,7.84,6.24,0
DSTM-03051,E,KOMATSU_930E_AHS,1,31.0,9.01,40.37,0.806,0.045,20.9,0.15,0,4.17,3.72,1
DSTM-03052,A,CAT_797F_MANUAL,0,45.21,8.55,45.39,0.55,0.154,7.0,2.92,2,3.71,1.8,1
DSTM-03053,C,CAT_797F_MANUAL,0,40.26,12.35,163.61,0.958,0.219,8.8,4.3,2,15.13,13.02,0
DSTM-03054,D,CAT_797F_MANUAL,0,33.11,6.95,61.54,0.269,0.034,8.5,0.66,1,8.17,6.5,0
DSTM-03055,C,CAT_797F_MANUAL,0,29.72,6.7,40.83,0.859,0.368,11.7,3.11,2,4.96,2.72,1
DSTM-03056,C,CAT_797F_MANUAL,0,28.26,5.19,136.19,0.814,0.374,8.2,2.29,3,16.47,14.23,0
DSTM-03057,C,KOMATSU_930E_AHS,1,34.31,9.37,22.57,0.922,0.02,10.3,0.15,0,2.13,1.75,1
DSTM-03058,A,CAT_797F_MANUAL,0,41.43,10.74,84.82,0.599,0.039,6.6,5.53,0,7.78,6.01,0
DSTM-03059,A,CAT_797F_MANUAL,0,41.38,11.3,73.92,0.783,0.206,9.1,5.66,3,6.44,4.44,0
DSTM-03060,B,CAT_797F_MANUAL,0,15.78,2.98,13.88,0.884,0.025,5.8,4.65,1,2.67,1.27,1
DSTM-03061,C,CAMIONETA_4x4,0,30.03,10.13,97.23,0.993,0.296,9.2,6.88,1,11.93,9.67,0
DSTM-03062,B,PALA_PH_4100XPC,0,2.09,2.23,88.75,0.987,0.074,9.3,3.89,0,188.24,186.8,0
DSTM-03063,A,CAT_797F_MANUAL,0,44.26,4.98,69.32,0.809,0.218,11.3,1.19,1,6.35,4.58,0
DSTM-03064,E,KOMATSU_930E_AHS,1,21.9,7.04,21.18,0.942,0.026,6.1,0.15,0,3.99,3.62,1
DSTM-03065,B,CAT_797F_MANUAL,0,13.51,6.07,12.05,0.888,0.032,8.8,0.73,1,2.96,1.63,1
DSTM-03066,B,PALA_PH_4100XPC,0,0.14,4.0,46.12,0.954,0.085,3.7,2.64,0,91.65,90.22,0
DSTM-03067,B,CAT_797F_MANUAL,0,8.95,2.19,41.82,0.936,0.097,6.2,4.03,0,13.83,12.35,0
DSTM-03068,A,KOMATSU_930E_AHS,1,33.38,10.28,176.8,0.633,0.047,1.4,0.15,0,18.46,17.92,0
DSTM-03069,D,CAT_797F_MANUAL,0,37.64,9.67,18.42,0.42,0.142,2.8,1.85,4,1.4,-0.6,1
DSTM-03070,B,PALA_PH_4100XPC,0,4.38,3.98,6.98,0.993,0.229,5.2,3.32,1,11.17,9.45,1
DSTM-03071,A,KOMATSU_930E_AHS,1,40.74,12.53,59.6,0.677,0.02,20.7,0.15,0,4.95,4.44,0
DSTM-03072,E,CAMIONETA_4x4,0,39.95,7.13,8.92,0.865,0.047,1.3,5.76,0,0.99,-0.44,1
DSTM-03073,D,CAT_797F_MANUAL,0,23.31,9.07,39.88,0.373,0.091,10.4,4.35,5,6.61,4.71,0
DSTM-03074,D,CAT_797F_MANUAL,0,31.73,12.43,44.42,0.296,0.252,11.1,1.55,1,4.55,1.99,1
DSTM-03075,E,CAMIONETA_4x4,0,44.31,11.12,148.88,0.773,0.156,1.1,9.12,1,12.63,10.79,0
DSTM-03076,E,CAMIONETA_4x4,0,40.76,12.83,54.36,0.83,0.112,3.8,6.16,2,4.81,2.92,1
DSTM-03077,B,PALA_PH_4100XPC,0,2.43,3.57,87.75,1.0,0.134,2.0,4.48,1,173.49,171.94,0
DSTM-03078,C,CAT_797F_MANUAL,0,25.17,11.19,29.16,0.902,0.312,9.5,1.27,2,3.62,1.39,1
DSTM-03079,C,CAT_797F_MANUAL,0,36.53,9.55,30.68,0.863,0.202,7.6,0.39,1,2.51,0.66,1
DSTM-03080,B,CAT_797F_MANUAL,0,21.05,5.82,51.98,0.712,0.264,7.7,2.79,0,10.71,8.66,0
DSTM-03081,A,CAT_797F_MANUAL,0,40.28,11.19,180.73,0.57,0.048,2.1,5.55,1,15.82,14.06,0
DSTM-03082,A,CAT_797F_MANUAL,0,51.48,11.6,9.12,0.805,0.209,7.1,10.22,1,0.89,-1.22,1
DSTM-03083,D,CAT_797F_MANUAL,0,44.15,7.06,15.56,0.377,0.1,8.5,0.56,3,1.21,-0.59,1
DSTM-03084,D,KOMATSU_930E_AHS,1,30.92,10.28,71.89,0.341,0.063,11.8,0.15,0,8.86,8.18,0
DSTM-03085,D,CAT_797F_MANUAL,0,39.66,7.27,153.2,0.191,0.053,5.3,1.22,0,14.19,12.35,0
DSTM-03086,B,CAT_797F_MANUAL,0,13.82,5.26,17.48,0.792,0.269,3.8,1.58,1,4.83,2.85,1
DSTM-03087,A,CAMIONETA_4x4,0,50.58,6.93,60.19,0.613,0.143,2.5,0.27,0,4.41,2.69,1
DSTM-03088,C,CAT_797F_MANUAL,0,31.66,7.53,18.79,0.765,0.334,10.2,0.45,0,1.21,-1.05,1
DSTM-03089,C,CAT_797F_MANUAL,0,28.75,2.76,75.33,0.888,0.162,10.7,6.41,1,9.23,7.59,0
DSTM-03090,E,CAMIONETA_4x4,0,41.08,8.97,12.6,0.836,0.035,5.5,2.34,2,1.16,-0.34,1
DSTM-03091,E,KOMATSU_930E_AHS,1,27.18,6.48,10.22,0.942,0.02,1.9,0.15,0,2.16,1.8,1
DSTM-03092,E,CAMIONETA_4x4,0,36.14,4.3,30.01,0.895,0.234,11.1,3.93,3,2.93,1.18,1
DSTM-03093,E,KOMATSU_930E_AHS,1,26.95,8.4,39.61,0.931,0.062,15.3,0.15,0,5.78,5.41,0
DSTM-03094,E,CAMIONETA_4x4,0,45.73,7.99,11.97,0.999,0.048,9.1,4.86,0,0.97,-0.43,1
DSTM-03095,C,CAT_797F_MANUAL,0,33.08,4.82,101.73,0.909,0.454,11.5,3.36,2,11.96,9.65,0
DSTM-03096,A,CAT_797F_MANUAL,0,42.14,8.59,41.11,0.694,0.159,9.1,4.26,1,3.18,1.4,1
DSTM-03097,A,KOMATSU_930E_AHS,1,31.37,7.26,42.88,0.844,0.053,17.6,0.15,0,5.04,4.6,0
DSTM-03098,B,PALA_PH_4100XPC,0,2.78,6.18,26.2,0.922,0.194,5.0,6.08,0,44.0,42.18,0
DSTM-03099,B,CAT_797F_MANUAL,0,17.84,5.0,14.47,0.957,0.204,6.0,2.63,0,3.81,2.04,1
DSTM-03100,A,CAMIONETA_4x4,0,46.87,6.76,18.44,0.625,0.136,11.5,6.73,0,1.34,-0.54,1
DSTM-03101,E,KOMATSU_930E_AHS,1,28.97,6.76,29.41,0.89,0.047,7.7,0.15,0,3.47,3.05,1
DSTM-03102,A,CAT_797F_MANUAL,0,33.25,9.24,96.48,0.546,0.289,2.4,1.0,2,10.75,8.48,0
DSTM-03103,E,KOMATSU_930E_AHS,1,27.9,11.3,54.21,0.895,0.07,12.1,0.15,0,6.64,6.22,0
DSTM-03104,D,CAT_797F_MANUAL,0,26.09,9.14,74.29,0.593,0.185,10.6,8.2,3,10.93,8.88,0
DSTM-03105,C,CAT_797F_MANUAL,0,17.35,10.56,12.36,0.82,0.235,9.8,6.07,2,2.66,0.66,1
DSTM-03106,D,CAMIONETA_4x4,0,35.91,6.86,181.01,0.303,0.084,7.2,2.78,2,18.32,16.5,0
DSTM-03107,B,CAT_797F_MANUAL,0,11.69,4.64,39.24,0.969,0.143,6.4,13.76,0,12.46,10.88,0
DSTM-03108,C,KOMATSU_930E_AHS,1,32.16,9.96,38.44,0.874,0.02,15.2,0.15,0,4.17,3.75,1
DSTM-03109,A,CAT_797F_MANUAL,0,41.32,9.19,181.53,0.753,0.229,8.9,4.63,1,15.89,13.79,0
DSTM-03110,E,KOMATSU_930E_AHS,1,32.32,9.68,20.91,0.989,0.07,22.5,0.15,0,2.22,1.87,1
DSTM-03111,B,PALA_PH_4100XPC,0,1.67,0.7,12.55,0.805,0.233,2.6,6.04,1,12.74,10.92,1
DSTM-03112,B,CAT_797F_MANUAL,0,24.12,1.21,37.88,0.961,0.331,5.8,2.41,1,5.52,3.45,1
DSTM-03113,D,CAT_797F_MANUAL,0,29.05,6.74,46.15,0.465,0.294,2.1,11.15,0,6.88,4.72,0
DSTM-03114,D,CAT_797F_MANUAL,0,29.64,4.92,49.54,0.313,0.059,1.2,4.05,0,5.94,4.3,0
DSTM-03115,C,CAT_797F_MANUAL,0,33.34,6.88,17.93,0.889,0.272,7.9,5.62,3,2.23,0.24,1
DSTM-03116,C,CAT_797F_MANUAL,0,34.96,5.34,33.04,0.944,0.217,9.6,0.97,0,3.8,2.05,1
DSTM-03117,A,CAT_797F_MANUAL,0,39.1,8.56,114.86,0.714,0.129,1.2,0.78,3,11.54,9.78,0
DSTM-03118,D,KOMATSU_930E_AHS,1,25.78,6.62,43.64,0.228,0.059,16.0,0.15,0,5.74,5.01,0
DSTM-03119,B,PALA_PH_4100XPC,0,4.71,4.15,12.01,0.98,0.177,4.5,4.6,4,12.27,10.61,0
DSTM-03120,B,CAT_797F_MANUAL,0,15.17,1.44,7.79,0.972,0.042,3.2,4.03,2,1.44,-0.02,1
DSTM-03121,A,CAT_797F_MANUAL,0,38.95,15.12,103.75,0.741,0.129,7.6,10.55,0,9.9,7.82,0
DSTM-03122,B,CAT_797F_MANUAL,0,17.85,1.63,13.22,0.955,0.059,3.4,2.19,1,2.44,1.05,1
DSTM-03123,B,CAT_797F_MANUAL,0,11.89,2.87,11.85,0.865,0.129,9.0,9.7,0,3.02,1.42,1
DSTM-03124,C,CAMIONETA_4x4,0,35.46,6.01,13.19,0.716,0.273,9.7,3.88,2,1.51,-0.59,1
DSTM-03125,A,KOMATSU_930E_AHS,1,35.03,5.58,75.64,0.778,0.075,12.3,0.15,0,8.06,7.58,0
DSTM-03126,A,CAT_797F_MANUAL,0,33.92,11.35,110.03,0.775,0.127,2.9,0.8,0,11.16,9.32,0
DSTM-03127,C,CAT_797F_MANUAL,0,28.94,8.79,50.19,0.798,0.345,11.1,1.9,5,6.53,4.15,0
DSTM-03128,A,CAT_797F_MANUAL,0,32.08,11.54,52.19,0.609,0.224,7.7,8.84,0,5.3,3.17,1
DSTM-03129,D,CAT_797F_MANUAL,0,22.97,10.07,14.8,0.587,0.225,5.7,1.25,2,2.16,0.07,1
DSTM-03130,E,KOMATSU_930E_AHS,1,28.66,10.62,39.16,0.763,0.073,16.9,0.15,0,6.21,5.78,0
DSTM-03131,B,CAT_797F_MANUAL,0,9.83,4.15,24.35,0.814,0.033,1.5,2.81,1,10.18,8.79,0
DSTM-03132,E,CAMIONETA_4x4,0,24.59,4.93,2.7,0.969,0.139,7.1,1.26,0,0.95,-0.61,1
DSTM-03133,A,CAMIONETA_4x4,0,43.76,10.39,37.01,0.734,0.283,8.6,3.37,1,2.7,0.56,1
DSTM-03134,A,CAT_797F_MANUAL,0,30.79,12.89,81.05,0.651,0.256,3.4,2.54,2,8.48,6.18,0
DSTM-03135,D,KOMATSU_930E_AHS,1,28.99,8.67,200.0,0.326,0.047,18.3,0.15,0,23.91,23.25,0
DSTM-03136,D,CAMIONETA_4x4,0,37.21,7.38,55.46,0.356,0.09,7.4,2.34,0,5.03,3.22,1
DSTM-03137,D,CAT_797F_MANUAL,0,30.79,9.19,7.12,0.447,0.02,2.3,1.9,3,1.08,-0.7,1
DSTM-03138,A,CAT_797F_MANUAL,0,41.79,9.08,116.82,0.785,0.125,3.2,2.21,2,9.52,7.78,0
DSTM-03139,D,CAT_797F_MANUAL,0,31.31,8.2,67.96,0.481,0.225,2.3,6.75,1,7.47,5.44,0
DSTM-03140,B,CAT_797F_MANUAL,0,12.63,5.05,8.33,0.754,0.183,6.2,1.56,0,1.21,-0.51,1
DSTM-03141,B,CAT_797F_MANUAL,0,12.51,2.66,22.88,0.804,0.093,3.5,6.36,3,5.59,4.13,0
DSTM-03142,A,CAT_797F_MANUAL,0,39.78,8.47,43.98,0.847,0.216,1.6,3.07,4,3.76,1.79,1
DSTM-03143,E,CAMIONETA_4x4,0,44.08,9.46,12.28,0.963,0.13,8.7,1.58,0,1.27,-0.45,1
DSTM-03144,A,CAT_797F_MANUAL,0,41.61,6.85,62.93,0.758,0.049,4.0,6.92,1,5.21,3.72,1
DSTM-03145,D,CAMIONETA_4x4,0,53.03,8.23,57.14,0.226,0.032,2.1,8.72,1,4.09,2.25,1
DSTM-03146,C,CAT_797F_MANUAL,0,36.58,11.2,5.87,0.75,0.256,9.6,6.08,3,0.71,-1.55,1
DSTM-03147,D,KOMATSU_930E_AHS,1,31.67,5.5,82.62,0.346,0.054,10.9,0.15,0,10.1,9.42,0
DSTM-03148,D,KOMATSU_930E_AHS,1,26.27,11.64,121.67,0.419,0.076,2.3,0.15,0,16.44,15.81,0
DSTM-03149,E,KOMATSU_930E_AHS,1,24.06,6.25,26.68,0.756,0.063,14.6,0.15,0,3.87,3.43,1
DSTM-03150,A,CAMIONETA_4x4,0,34.54,8.83,164.09,0.644,0.348,7.4,11.76,3,15.29,12.91,0
DSTM-03151,A,CAT_797F_MANUAL,0,47.16,11.39,20.86,0.806,0.064,10.0,0.97,2,1.33,-0.36,1
DSTM-03152,C,CAT_797F_MANUAL,0,29.44,9.71,45.33,0.815,0.363,10.7,7.88,1,5.81,3.43,1
DSTM-03153,B,CAT_797F_MANUAL,0,16.51,4.23,7.36,0.838,0.076,9.8,2.42,4,1.84,0.27,1
DSTM-03154,A,CAT_797F_MANUAL,0,49.54,9.79,44.93,0.61,0.207,5.2,10.33,4,2.75,0.68,1
DSTM-03155,A,CAT_797F_MANUAL,0,37.93,7.96,60.35,0.568,0.184,1.7,4.77,0,6.3,4.44,0
DSTM-03156,B,CAT_797F_MANUAL,0,16.69,4.99,34.82,0.84,0.145,6.1,1.56,0,5.72,4.12,0
DSTM-03157,A,CAT_797F_MANUAL,0,51.26,13.37,88.03,0.58,0.057,11.3,0.85,1,6.09,4.07,0
DSTM-03158,A,CAT_797F_MANUAL,0,38.84,9.08,98.93,0.826,0.02,8.0,2.33,0,9.16,7.69,0
DSTM-03159,E,KOMATSU_930E_AHS,1,23.61,9.68,52.9,0.774,0.103,6.2,0.15,0,7.13,6.68,0
DSTM-03160,B,CAT_797F_MANUAL,0,20.43,4.45,67.06,0.795,0.114,1.6,1.13,0,11.91,10.27,0
DSTM-03161,E,KOMATSU_930E_AHS,1,31.04,8.9,25.34,0.955,0.052,3.5,0.15,0,3.81,3.46,1
DSTM-03162,E,CAMIONETA_4x4,0,48.35,6.04,9.22,0.997,0.085,6.2,2.21,2,0.97,-0.61,1
DSTM-03163,A,CAT_797F_MANUAL,0,46.51,9.12,24.16,0.568,0.163,10.2,6.82,3,2.05,0.21,1
DSTM-03164,D,KOMATSU_930E_AHS,1,24.11,8.68,21.19,0.378,0.071,21.2,0.15,0,3.21,2.56,1
DSTM-03165,C,CAMIONETA_4x4,0,48.01,11.45,37.09,0.946,0.321,7.7,1.87,3,2.87,0.69,1
DSTM-03166,D,CAT_797F_MANUAL,0,30.78,12.18,98.94,0.195,0.085,10.3,5.03,2,11.61,9.44,0
DSTM-03167,A,KOMATSU_930E_AHS,1,36.71,11.42,73.43,0.546,0.081,8.0,0.15,0,7.9,7.37,0
DSTM-03168,A,CAT_797F_MANUAL,0,39.95,12.79,86.45,0.794,0.057,8.6,2.71,2,7.56,5.67,0
DSTM-03169,A,CAT_797F_MANUAL,0,44.48,7.72,61.99,0.798,0.091,9.6,1.33,0,4.69,3.2,1
DSTM-03170,C,KOMATSU_930E_AHS,1,31.71,9.21,91.81,0.832,0.02,7.4,0.15,0,9.61,9.16,0
DSTM-03171,E,KOMATSU_930E_AHS,1,32.81,8.12,19.34,0.716,0.077,9.1,0.15,0,2.51,2.04,1
DSTM-03172,D,CAT_797F_MANUAL,0,25.26,10.1,9.1,0.404,0.138,2.9,6.79,3,1.64,-0.37,1
DSTM-03173,D,KOMATSU_930E_AHS,1,26.67,7.73,4.8,0.557,0.068,4.3,0.15,0,1.06,0.48,1
DSTM-03174,E,KOMATSU_930E_AHS,1,25.02,7.54,15.48,0.746,0.065,16.0,0.15,0,2.25,1.8,1
DSTM-03175,D,CAT_797F_MANUAL,0,42.51,8.23,21.25,0.413,0.168,7.7,0.93,2,1.59,-0.39,1
DSTM-03176,A,CAT_797F_MANUAL,0,43.5,13.66,15.09,0.653,0.129,3.0,1.59,4,1.28,-0.64,1
DSTM-03177,E,CAMIONETA_4x4,0,41.18,8.79,65.98,0.812,0.087,5.6,3.85,2,5.95,4.42,0
DSTM-03178,B,CAT_797F_MANUAL,0,12.47,3.98,17.51,0.782,0.203,4.8,4.57,2,4.36,2.59,1
DSTM-03179,A,KOMATSU_930E_AHS,1,36.52,12.1,90.35,0.588,0.056,19.1,0.15,0,8.62,8.09,0
DSTM-03180,C,KOMATSU_930E_AHS,1,26.17,11.13,8.91,0.832,0.088,14.6,0.15,0,1.46,1.04,1
DSTM-03181,E,KOMATSU_930E_AHS,1,21.31,7.77,55.18,0.924,0.09,17.3,0.15,0,8.12,7.7,0
DSTM-03182,B,CAT_797F_MANUAL,0,10.54,2.69,11.51,0.961,0.397,8.2,1.7,0,5.78,3.57,1
DSTM-03183,C,KOMATSU_930E_AHS,1,23.98,8.49,120.58,0.996,0.053,23.0,0.15,0,16.83,16.46,0
DSTM-03184,A,KOMATSU_930E_AHS,1,36.62,7.22,104.08,0.738,0.027,23.1,0.15,0,9.78,9.3,0
DSTM-03185,A,KOMATSU_930E_AHS,1,34.93,9.33,166.89,0.669,0.059,15.8,0.15,0,16.99,16.49,0
DSTM-03186,A,CAT_797F_MANUAL,0,27.66,7.26,200.0,0.627,0.095,9.8,4.15,1,24.8,23.17,0
DSTM-03187,D,CAT_797F_MANUAL,0,28.9,5.68,66.29,0.53,0.279,8.1,4.74,0,8.7,6.64,0
DSTM-03188,E,KOMATSU_930E_AHS,1,25.48,9.35,24.94,0.947,0.097,1.7,0.15,0,3.29,2.9,1
DSTM-03189,A,KOMATSU_930E_AHS,1,39.19,10.59,43.62,0.713,0.082,0.8,0.15,0,4.19,3.71,1
DSTM-03190,B,CAT_797F_MANUAL,0,11.59,3.9,15.52,0.831,0.123,1.5,1.96,2,2.41,0.88,1
DSTM-03191,A,KOMATSU_930E_AHS,1,41.13,12.25,58.16,0.765,0.046,12.6,0.15,0,5.04,4.59,0
DSTM-03192,A,CAT_797F_MANUAL,0,37.82,9.68,18.39,0.595,0.031,10.1,0.55,0,2.34,0.69,1
DSTM-03193,C,CAT_797F_MANUAL,0,13.3,8.88,41.84,0.823,0.339,10.3,1.78,2,10.07,7.86,0
DSTM-03194,D,KOMATSU_930E_AHS,1,24.04,8.63,79.44,0.446,0.066,10.3,0.15,0,11.18,10.54,0
DSTM-03195,C,CAMIONETA_4x4,0,45.97,4.57,14.85,0.816,0.145,11.1,3.67,1,1.16,-0.44,1
DSTM-03196,B,CAT_797F_MANUAL,0,15.23,6.22,49.13,0.776,0.094,2.5,7.61,2,14.74,13.13,0
DSTM-03197,C,CAT_797F_MANUAL,0,26.92,6.11,32.72,0.824,0.38,11.6,4.17,5,4.42,2.13,1
DSTM-03198,A,CAT_797F_MANUAL,0,42.97,8.42,91.84,0.601,0.353,3.5,1.39,2,6.9,4.51,0
DSTM-03199,A,KOMATSU_930E_AHS,1,33.83,14.15,139.56,0.77,0.069,6.7,0.15,0,15.6,15.14,0
DSTM-03200,E,CAMIONETA_4x4,0,25.95,11.36,151.48,0.765,0.348,10.9,1.11,1,21.01,18.55,0
DSTM-03201,D,KOMATSU_930E_AHS,1,31.62,7.65,13.84,0.361,0.09,8.4,0.15,0,1.78,1.11,1
DSTM-03202,E,CAMIONETA_4x4,0,37.73,2.97,200.0,0.959,0.148,6.5,3.73,3,19.68,18.04,0
DSTM-03203,E,CAMIONETA_4x4,0,28.5,5.51,73.82,0.966,0.047,5.7,7.62,1,9.39,7.98,0
DSTM-03204,C,CAT_797F_MANUAL,0,28.99,9.78,169.72,0.982,0.191,9.2,0.71,0,21.16,19.28,0
DSTM-03205,E,KOMATSU_930E_AHS,1,26.49,6.92,93.31,0.781,0.037,5.7,0.15,0,12.85,12.39,0
DSTM-03206,B,PALA_PH_4100XPC,0,2.58,4.59,8.17,0.921,0.065,3.3,2.27,1,16.31,14.87,0
DSTM-03207,A,CAMIONETA_4x4,0,50.72,8.48,44.13,0.647,0.232,7.2,5.07,2,3.32,1.25,1
DSTM-03208,A,CAT_797F_MANUAL,0,53.53,10.74,58.11,0.715,0.237,1.6,2.52,4,4.11,1.92,1
DSTM-03209,A,KOMATSU_930E_AHS,1,40.64,7.06,9.75,0.634,0.02,19.2,0.15,0,1.19,0.67,1
DSTM-03210,A,CAT_797F_MANUAL,0,37.82,11.66,81.69,0.697,0.137,1.1,3.38,3,7.72,5.71,0
DSTM-03211,B,PALA_PH_4100XPC,0,0.0,2.71,45.47,0.828,0.113,9.2,1.03,2,84.93,83.39,0
DSTM-03212,D,CAT_797F_MANUAL,0,43.38,12.7,30.78,0.215,0.357,7.7,2.95,2,2.38,-0.44,1
DSTM-03213,D,CAT_797F_MANUAL,0,26.47,11.96,38.87,0.543,0.223,4.9,2.06,7,5.17,2.9,1
DSTM-03214,C,CAT_797F_MANUAL,0,27.95,9.66,55.4,0.796,0.404,11.1,0.75,1,7.63,5.12,0
DSTM-03215,A,KOMATSU_930E_AHS,1,37.41,12.19,40.14,0.816,0.02,13.2,0.15,0,3.75,3.3,1
DSTM-03216,D,CAT_797F_MANUAL,0,27.2,5.97,10.54,0.463,0.224,6.5,1.77,2,1.42,-0.48,1
DSTM-03217,B,PALA_PH_4100XPC,0,2.7,1.69,141.03,0.936,0.188,1.2,2.87,2,280.03,278.39,0
DSTM-03218,A,CAMIONETA_4x4,0,43.36,11.09,26.57,0.817,0.187,2.0,5.41,1,2.12,0.21,1
DSTM-03219,B,CAT_797F_MANUAL,0,7.9,2.1,57.18,0.972,0.138,8.2,4.07,0,25.52,23.96,0
DSTM-03220,B,PALA_PH_4100XPC,0,5.74,1.69,7.58,0.877,0.117,8.7,0.47,0,5.51,3.91,1
DSTM-03221,B,CAT_797F_MANUAL,0,9.17,6.35,6.66,0.869,0.203,2.0,0.7,2,1.89,0.07,1
DSTM-03222,D,CAT_797F_MANUAL,0,28.56,8.32,70.06,0.453,0.199,7.3,0.96,5,8.82,6.82,0
DSTM-03223,D,CAT_797F_MANUAL,0,44.4,7.23,6.86,0.521,0.095,7.4,3.74,2,0.66,-1.1,1
DSTM-03224,D,CAT_797F_MANUAL,0,27.99,11.29,30.61,0.304,0.125,10.8,2.89,0,5.32,3.13,1
DSTM-03225,A,CAMIONETA_4x4,0,46.98,9.48,64.94,0.514,0.168,6.5,4.14,4,5.35,3.45,1
DSTM-03226,D,CAT_797F_MANUAL,0,35.52,9.58,82.69,0.581,0.236,6.4,3.8,1,8.31,6.08,0
DSTM-03227,D,CAT_797F_MANUAL,0,28.94,6.81,3.58,0.452,0.12,5.0,1.15,3,0.63,-1.16,1
DSTM-03228,A,CAT_797F_MANUAL,0,41.37,8.99,42.66,0.765,0.162,5.4,7.28,1,3.2,1.37,1
DSTM-03229,C,KOMATSU_930E_AHS,1,32.4,10.87,101.68,0.793,0.06,7.0,0.15,0,11.99,11.53,0
DSTM-03230,C,CAT_797F_MANUAL,0,28.47,8.13,114.72,0.857,0.313,9.1,1.89,1,14.92,12.68,0
DSTM-03231,B,CAT_797F_MANUAL,0,9.9,4.15,75.24,0.851,0.02,9.6,2.34,0,23.32,21.98,0
DSTM-03232,A,CAT_797F_MANUAL,0,41.13,10.04,200.0,0.811,0.094,7.3,2.36,3,16.57,14.94,0
DSTM-03233,C,CAT_797F_MANUAL,0,28.69,11.14,56.65,0.861,0.362,9.9,3.58,1,6.67,4.26,0
DSTM-03234,A,KOMATSU_930E_AHS,1,45.59,8.52,35.03,0.729,0.06,2.7,0.15,0,2.91,2.43,1
DSTM-03235,A,CAT_797F_MANUAL,0,45.32,11.8,18.55,0.65,0.155,4.6,7.06,1,1.55,-0.43,1
DSTM-03236,A,CAT_797F_MANUAL,0,45.9,13.02,13.18,0.866,0.149,1.2,7.01,2,1.01,-1.03,1
DSTM-03237,E,CAMIONETA_4x4,0,44.53,10.68,32.88,0.912,0.037,4.4,1.09,1,1.95,0.33,1
DSTM-03238,B,PALA_PH_4100XPC,0,2.1,3.37,9.53,0.944,0.053,7.7,1.08,1,10.52,9.07,0
DSTM-03239,B,CAT_797F_MANUAL,0,11.34,7.05,25.96,0.988,0.214,7.2,7.39,2,7.57,5.74,0
DSTM-03240,B,CAT_797F_MANUAL,0,14.03,3.37,12.48,0.846,0.235,10.2,7.17,1,3.85,1.96,1
DSTM-03241,E,KOMATSU_930E_AHS,1,14.49,12.54,10.16,0.911,0.031,23.3,0.15,0,2.54,2.15,1
DSTM-03242,C,CAT_797F_MANUAL,0,41.74,9.69,9.58,0.944,0.56,11.1,1.53,2,0.81,-2.06,1
DSTM-03243,E,KOMATSU_930E_AHS,1,31.69,7.71,73.81,0.941,0.073,15.5,0.15,0,8.89,8.52,0
DSTM-03244,B,CAT_797F_MANUAL,0,13.61,4.85,25.15,0.969,0.122,3.7,2.47,3,5.04,3.62,1
DSTM-03245,A,CAT_797F_MANUAL,0,44.95,14.0,114.68,0.697,0.102,1.2,3.5,2,9.72,7.62,0
DSTM-03246,C,KOMATSU_930E_AHS,1,29.01,6.39,11.98,0.836,0.02,12.4,0.15,0,1.0,0.55,1
DSTM-03247,B,CAT_797F_MANUAL,0,13.45,4.92,17.85,0.948,0.057,2.7,1.8,0,5.14,3.78,1
DSTM-03248,D,CAT_797F_MANUAL,0,29.81,8.79,16.49,0.484,0.244,4.4,6.24,0,2.0,-0.12,1
DSTM-03249,E,KOMATSU_930E_AHS,1,22.8,9.15,74.23,0.991,0.02,7.5,0.15,0,13.81,13.45,0
DSTM-03250,C,KOMATSU_930E_AHS,1,23.94,9.24,163.04,0.823,0.02,9.6,0.15,0,29.16,28.73,0
DSTM-03251,E,KOMATSU_930E_AHS,1,30.78,4.63,71.8,0.833,0.02,5.3,0.15,0,8.71,8.29,0
DSTM-03252,C,CAT_797F_MANUAL,0,32.83,7.64,6.96,0.995,0.419,11.4,3.29,1,0.75,-1.55,1
DSTM-03253,B,PALA_PH_4100XPC,0,5.13,2.89,11.15,0.811,0.121,11.2,1.73,1,11.01,9.35,0
DSTM-03254,C,CAT_797F_MANUAL,0,39.46,13.02,73.41,0.758,0.27,8.6,2.97,0,6.62,4.28,0
DSTM-03255,A,CAMIONETA_4x4,0,39.21,11.06,161.68,0.545,0.119,7.0,6.47,4,15.0,13.07,0
DSTM-03256,D,KOMATSU_930E_AHS,1,33.65,7.2,46.78,0.313,0.087,9.2,0.15,0,6.06,5.39,0
DSTM-03257,A,KOMATSU_930E_AHS,1,34.28,8.93,189.56,0.584,0.077,14.0,0.15,0,18.99,18.44,0
DSTM-03258,B,PALA_PH_4100XPC,0,4.49,4.66,28.31,0.935,0.038,7.6,3.34,1,25.13,23.72,0
DSTM-03259,C,CAT_797F_MANUAL,0,26.48,0.8,37.9,0.942,0.266,8.2,1.13,1,5.82,3.9,1
DSTM-03260,A,KOMATSU_930E_AHS,1,40.77,9.3,193.96,0.853,0.078,2.6,0.15,0,17.68,17.25,0
DSTM-03261,A,CAT_797F_MANUAL,0,34.22,11.0,23.4,0.819,0.108,9.1,6.43,3,2.68,0.8,1
DSTM-03262,D,CAT_797F_MANUAL,0,27.16,5.24,12.53,0.252,0.031,7.4,0.78,3,1.55,-0.1,1
DSTM-03263,A,CAT_797F_MANUAL,0,51.67,8.81,188.37,0.714,0.09,6.6,11.38,1,12.75,11.13,0
DSTM-03264,C,CAT_797F_MANUAL,0,31.83,7.17,44.9,0.814,0.122,8.3,2.1,0,4.86,3.29,1
DSTM-03265,B,CAT_797F_MANUAL,0,12.76,5.43,62.77,0.795,0.172,11.0,3.31,1,16.79,15.07,0
DSTM-03266,A,KOMATSU_930E_AHS,1,39.29,9.7,9.45,0.637,0.033,13.5,0.15,0,1.08,0.56,1
DSTM-03267,A,CAT_797F_MANUAL,0,48.75,8.78,13.12,0.515,0.148,9.3,1.6,0,1.04,-0.9,1
DSTM-03268,D,CAT_797F_MANUAL,0,38.81,3.83,14.92,0.51,0.228,9.5,5.72,3,1.59,-0.41,1
DSTM-03269,E,KOMATSU_930E_AHS,1,28.75,4.55,52.89,0.785,0.046,7.5,0.15,0,6.24,5.77,0
DSTM-03270,A,CAT_797F_MANUAL,0,43.39,11.17,83.06,0.575,0.15,10.8,5.62,4,7.17,5.25,0
DSTM-03271,E,CAMIONETA_4x4,0,51.44,10.7,36.52,0.787,0.02,5.6,1.3,2,2.78,1.17,1
DSTM-03272,C,CAT_797F_MANUAL,0,23.36,11.9,39.26,0.792,0.248,8.4,1.92,5,5.87,3.63,1
DSTM-03273,C,CAMIONETA_4x4,0,41.73,10.32,14.52,0.884,0.336,11.3,5.32,0,1.39,-1.02,1
DSTM-03274,D,CAT_797F_MANUAL,0,35.12,3.68,133.38,0.432,0.049,5.9,7.12,0,12.43,10.83,0
DSTM-03275,D,KOMATSU_930E_AHS,1,25.56,11.69,15.4,0.511,0.045,9.4,0.15,0,2.77,2.18,1
DSTM-03276,D,CAT_797F_MANUAL,0,26.67,8.16,20.36,0.315,0.078,7.1,3.48,1,2.43,0.66,1
DSTM-03277,C,CAT_797F_MANUAL,0,31.9,8.91,15.04,0.988,0.149,9.0,2.31,1,1.14,-0.71,1
DSTM-03278,C,CAT_797F_MANUAL,0,45.08,9.8,95.85,1.0,0.181,10.0,1.48,2,7.64,5.65,0
DSTM-03279,B,PALA_PH_4100XPC,0,2.76,3.42,39.28,0.837,0.12,9.9,2.54,2,42.12,40.61,0
DSTM-03280,A,CAT_797F_MANUAL,0,41.04,7.56,42.81,0.696,0.217,6.2,0.82,2,3.62,1.72,1
DSTM-03281,D,CAMIONETA_4x4,0,37.19,12.02,45.47,0.547,0.153,7.1,1.38,3,3.98,1.9,1
DSTM-03282,A,KOMATSU_930E_AHS,1,29.36,9.5,46.84,0.704,0.072,2.0,0.15,0,4.69,4.17,0
DSTM-03283,B,CAT_797F_MANUAL,0,11.43,2.0,50.69,0.941,0.059,3.9,1.79,0,17.07,15.71,0
DSTM-03284,A,CAT_797F_MANUAL,0,34.38,10.2,153.36,0.582,0.24,10.9,3.38,0,15.24,13.06,0
DSTM-03285,A,CAT_797F_MANUAL,0,54.12,11.39,80.78,0.659,0.088,1.6,5.55,3,5.15,3.18,1
DSTM-03286,C,CAT_797F_MANUAL,0,31.5,6.51,48.33,0.968,0.15,10.3,3.63,1,4.94,3.31,1
DSTM-03287,C,CAT_797F_MANUAL,0,42.52,4.75,54.35,0.85,0.549,11.4,5.84,0,4.83,2.26,1
DSTM-03288,B,CAT_797F_MANUAL,0,11.73,2.02,15.78,0.766,0.245,10.6,0.63,0,4.18,2.38,1
DSTM-03289,A,KOMATSU_930E_AHS,1,31.9,7.6,91.37,0.743,0.058,1.9,0.15,0,9.66,9.2,0
DSTM-03290,B,CAT_797F_MANUAL,0,14.55,3.23,31.29,0.747,0.14,9.4,7.81,0,4.97,3.1,1
DSTM-03291,B,PALA_PH_4100XPC,0,3.93,2.16,11.35,0.772,0.247,1.1,4.65,2,10.62,8.72,0
DSTM-03292,D,CAT_797F_MANUAL,0,30.61,8.11,23.51,0.58,0.13,1.6,0.61,2,2.69,0.93,1
DSTM-03293,C,KOMATSU_930E_AHS,1,34.02,6.66,20.62,0.805,0.042,13.5,0.15,0,1.93,1.47,1
DSTM-03294,C,CAT_797F_MANUAL,0,33.72,7.8,31.26,0.956,0.495,8.4,5.23,2,3.17,0.58,1
DSTM-03295,C,CAT_797F_MANUAL,0,32.68,11.47,66.74,0.859,0.324,8.4,12.68,3,7.97,5.67,0
DSTM-03296,E,CAMIONETA_4x4,0,39.82,7.81,53.38,0.948,0.123,1.4,5.7,3,5.3,3.75,1
DSTM-03297,D,CAT_797F_MANUAL,0,38.96,10.12,5.07,0.305,0.06,4.4,2.33,2,0.6,-1.27,1
DSTM-03298,C,CAT_797F_MANUAL,0,33.17,7.12,9.26,0.799,0.435,10.4,4.64,2,0.91,-1.59,1
DSTM-03299,C,KOMATSU_930E_AHS,1,23.24,9.52,20.44,0.818,0.02,14.0,0.15,0,3.49,3.07,1
DSTM-03300,A,KOMATSU_930E_AHS,1,40.09,9.44,17.23,0.822,0.071,23.8,0.15,0,1.54,1.09,1
DSTM-03301,E,CAMIONETA_4x4,0,31.76,10.7,81.29,0.802,0.063,1.5,1.2,3,9.28,7.52,0
DSTM-03302,B,CAT_797F_MANUAL,0,12.77,5.9,21.51,0.818,0.092,8.2,2.28,0,7.97,6.55,0
DSTM-03303,B,CAT_797F_MANUAL,0,11.65,5.64,15.92,0.782,0.311,6.2,2.41,0,3.72,1.78,1
DSTM-03304,E,KOMATSU_930E_AHS,1,32.72,7.07,9.99,0.806,0.024,3.7,0.15,0,0.83,0.39,1
DSTM-03305,D,CAT_797F_MANUAL,0,35.74,10.1,38.56,0.353,0.222,6.3,2.19,4,4.08,1.77,1
DSTM-03306,A,KOMATSU_930E_AHS,1,40.08,8.43,44.82,0.693,0.068,1.0,0.15,0,4.39,3.89,1
DSTM-03307,A,CAMIONETA_4x4,0,50.13,13.29,14.45,0.718,0.134,1.5,5.24,2,1.12,-0.88,1
DSTM-03308,A,CAT_797F_MANUAL,0,40.36,8.28,31.81,0.739,0.071,7.4,5.78,1,2.87,1.27,1
DSTM-03309,C,CAMIONETA_4x4,0,46.65,8.99,46.3,0.885,0.349,8.8,3.46,1,3.3,1.01,1
DSTM-03310,A,KOMATSU_930E_AHS,1,36.68,11.84,36.1,0.627,0.04,18.4,0.15,0,4.09,3.56,1
DSTM-03311,E,CAMIONETA_4x4,0,36.7,5.89,111.33,0.923,0.199,9.7,3.21,2,11.93,10.18,0
DSTM-03312,E,CAMIONETA_4x4,0,39.4,4.78,125.34,0.844,0.127,3.0,5.82,2,11.87,10.23,0
DSTM-03313,C,CAT_797F_MANUAL,0,33.86,3.88,25.07,0.959,0.413,9.9,2.75,2,2.05,-0.13,1
DSTM-03314,C,CAT_797F_MANUAL,0,26.09,6.21,42.31,0.989,0.39,10.2,5.94,3,5.75,3.53,1
DSTM-03315,B,PALA_PH_4100XPC,0,2.72,5.76,14.23,0.773,0.208,5.5,0.72,0,11.05,9.25,0
DSTM-03316,A,CAT_797F_MANUAL,0,43.33,7.23,73.73,0.692,0.067,9.1,1.63,3,6.23,4.73,0
DSTM-03317,D,CAT_797F_MANUAL,0,27.61,9.42,27.77,0.22,0.165,1.3,2.56,2,2.94,0.79,1
DSTM-03318,A,KOMATSU_930E_AHS,1,37.9,7.46,138.09,0.765,0.044,15.0,0.15,0,13.69,13.22,0
DSTM-03319,A,CAMIONETA_4x4,0,47.67,8.38,13.32,0.748,0.335,5.0,1.36,1,1.16,-1.08,1
DSTM-03320,B,CAT_797F_MANUAL,0,20.1,1.98,6.42,0.937,0.024,6.9,5.73,1,1.18,-0.15,1
DSTM-03321,A,CAT_797F_MANUAL,0,40.46,9.17,22.63,0.637,0.232,7.2,3.4,2,2.21,0.17,1
DSTM-03322,B,PALA_PH_4100XPC,0,0.0,4.04,26.53,0.871,0.037,6.2,2.08,2,48.81,47.44,0
DSTM-03323,D,CAMIONETA_4x4,0,36.11,11.39,12.58,0.496,0.273,9.3,5.11,2,0.96,-1.42,1
DSTM-03324,D,KOMATSU_930E_AHS,1,28.48,9.92,14.94,0.339,0.023,11.4,0.15,0,1.16,0.48,1
DSTM-03325,C,CAT_797F_MANUAL,0,29.59,7.73,16.4,0.767,0.348,8.6,9.15,3,1.41,-0.65,1
DSTM-03326,D,KOMATSU_930E_AHS,1,25.28,4.22,17.1,0.552,0.071,8.2,0.15,0,2.1,1.5,1
DSTM-03327,B,PALA_PH_4100XPC,0,1.18,5.0,19.42,0.791,0.071,9.2,1.72,0,32.09,30.51,0
DSTM-03328,D,CAT_797F_MANUAL,0,39.73,2.6,49.18,0.267,0.234,1.9,11.32,2,4.57,2.43,1
DSTM-03329,C,CAT_797F_MANUAL,0,24.78,3.15,173.15,0.982,0.125,10.9,6.11,2,24.58,23.02,0
DSTM-03330,A,CAT_797F_MANUAL,0,20.21,7.32,71.69,0.802,0.073,1.0,1.79,2,11.74,10.19,0
DSTM-03331,E,CAMIONETA_4x4,0,23.43,12.05,109.86,0.84,0.311,10.7,6.77,2,15.84,13.51,0
DSTM-03332,B,PALA_PH_4100XPC,0,1.8,3.32,37.25,0.832,0.181,1.3,6.06,0,81.52,79.83,0
DSTM-03333,A,CAT_797F_MANUAL,0,43.23,8.68,26.77,0.773,0.109,6.3,2.73,1,1.99,0.23,1
DSTM-03334,A,CAT_797F_MANUAL,0,32.4,7.51,82.0,0.851,0.149,6.8,4.54,0,8.4,6.65,0
DSTM-03335,B,CAT_797F_MANUAL,0,13.46,4.45,12.77,0.756,0.179,2.1,3.52,2,2.55,0.8,1
DSTM-03336,B,PALA_PH_4100XPC,0,0.3,3.57,87.91,0.837,0.183,10.5,5.82,2,173.82,172.16,0
DSTM-03337,C,CAT_797F_MANUAL,0,27.3,13.21,34.96,0.785,0.362,9.0,0.36,2,4.46,2.05,1
DSTM-03338,E,KOMATSU_930E_AHS,1,29.51,9.16,18.04,0.741,0.043,12.8,0.15,0,2.05,1.57,1
DSTM-03339,B,PALA_PH_4100XPC,0,3.94,5.56,114.68,0.878,0.061,1.4,2.4,2,138.74,137.29,0
DSTM-03340,C,CAT_797F_MANUAL,0,25.44,14.34,154.82,0.85,0.104,9.9,5.53,2,22.02,20.09,0
DSTM-03341,B,CAT_797F_MANUAL,0,6.61,3.32,5.76,1.0,0.181,2.3,4.2,2,3.69,2.08,1
DSTM-03342,D,CAT_797F_MANUAL,0,36.88,8.35,8.05,0.245,0.131,5.3,2.15,1,0.74,-1.11,1
DSTM-03343,A,CAT_797F_MANUAL,0,41.98,10.99,15.69,0.581,0.107,3.7,1.73,3,1.14,-0.81,1
DSTM-03344,A,CAT_797F_MANUAL,0,39.83,12.63,20.64,0.565,0.188,2.2,6.64,3,1.64,-0.41,1
DSTM-03345,C,CAT_797F_MANUAL,0,29.0,6.41,47.47,0.918,0.233,10.2,3.54,1,5.72,3.8,1
DSTM-03346,D,CAT_797F_MANUAL,0,34.0,10.76,11.13,0.592,0.215,10.3,1.06,3,1.11,-1.04,1
DSTM-03347,D,KOMATSU_930E_AHS,1,29.56,8.15,4.37,0.218,0.069,2.8,0.15,0,1.16,0.41,1
DSTM-03348,C,CAT_797F_MANUAL,0,39.36,6.59,33.92,0.847,0.202,12.0,1.48,0,3.13,1.23,1
DSTM-03349,D,CAT_797F_MANUAL,0,31.47,7.69,24.83,0.308,0.162,3.2,4.74,1,2.3,0.3,1
DSTM-03350,B,PALA_PH_4100XPC,0,3.74,2.89,7.59,0.862,0.16,8.7,7.75,0,16.54,14.76,0
DSTM-03351,A,CAT_797F_MANUAL,0,49.5,7.64,34.57,0.654,0.025,5.4,0.73,1,2.45,0.94,1
DSTM-03352,A,CAMIONETA_4x4,0,37.75,11.65,134.53,0.573,0.085,3.1,5.01,2,13.04,11.13,0
DSTM-03353,A,CAT_797F_MANUAL,0,38.77,6.94,47.67,0.638,0.307,8.1,5.64,2,4.57,2.43,1
DSTM-03354,B,CAT_797F_MANUAL,0,14.24,3.3,15.66,0.89,0.071,8.4,3.38,3,3.26,1.9,1
DSTM-03355,C,CAMIONETA_4x4,0,42.02,14.79,17.02,0.911,0.393,11.2,0.94,3,1.59,-1.17,1
DSTM-03356,B,PALA_PH_4100XPC,0,0.0,3.54,13.36,0.844,0.073,7.5,0.32,0,33.47,32.05,0
DSTM-03357,C,KOMATSU_930E_AHS,1,25.19,7.86,55.13,0.795,0.073,8.1,0.15,0,7.36,6.91,0
DSTM-03358,C,CAT_797F_MANUAL,0,32.85,12.44,104.59,0.895,0.494,10.2,4.04,2,10.78,8.02,0
DSTM-03359,D,CAT_797F_MANUAL,0,27.92,7.9,38.82,0.277,0.054,3.6,2.15,2,5.01,3.24,1
DSTM-03360,D,CAT_797F_MANUAL,0,37.98,11.41,111.84,0.521,0.05,9.9,1.04,1,10.7,8.77,0
DSTM-03361,B,CAT_797F_MANUAL,0,16.26,2.75,5.27,0.811,0.212,5.0,2.79,1,1.41,-0.5,1
DSTM-03362,B,CAMIONETA_4x4,0,39.42,4.45,19.56,0.869,0.168,1.5,1.07,3,1.89,0.16,1
DSTM-03363,C,CAT_797F_MANUAL,0,32.08,9.29,21.55,0.741,0.615,9.1,5.68,2,1.7,-1.18,1
DSTM-03364,C,CAT_797F_MANUAL,0,40.5,12.29,14.4,0.954,0.516,10.5,2.7,2,1.57,-1.22,1
DSTM-03365,B,CAT_797F_MANUAL,0,14.47,1.5,19.45,0.836,0.083,7.1,4.37,0,3.14,1.76,1
DSTM-03366,B,CAT_797F_MANUAL,0,19.3,6.17,14.16,0.781,0.181,8.0,1.56,1,2.4,0.64,1
DSTM-03367,D,CAT_797F_MANUAL,0,24.94,6.85,61.67,0.29,0.111,9.2,7.47,1,8.18,6.39,0
DSTM-03368,C,CAT_797F_MANUAL,0,33.12,13.96,148.48,0.865,0.459,8.4,7.61,4,18.11,15.28,0
DSTM-03369,A,CAT_797F_MANUAL,0,43.51,13.21,200.0,0.632,0.067,3.1,1.89,4,15.55,13.65,0
DSTM-03370,B,CAT_797F_MANUAL,0,15.6,2.37,80.75,0.896,0.02,8.0,1.95,1,25.55,24.22,0
DSTM-03371,E,KOMATSU_930E_AHS,1,33.85,6.95,28.43,0.835,0.055,20.9,0.15,0,3.51,3.05,1
DSTM-03372,A,CAMIONETA_4x4,0,51.57,8.27,52.86,0.728,0.088,6.0,1.96,1,3.61,1.99,1
DSTM-03373,E,KOMATSU_930E_AHS,1,32.55,6.64,69.01,0.878,0.035,15.6,0.15,0,8.13,7.72,0
DSTM-03374,A,CAT_797F_MANUAL,0,29.05,9.74,15.52,0.601,0.104,5.8,3.41,0,1.81,0.07,1
DSTM-03375,C,CAMIONETA_4x4,0,28.24,10.66,21.06,0.781,0.146,8.1,5.61,2,2.88,1.11,1
DSTM-03376,B,PALA_PH_4100XPC,0,0.0,3.48,2.0,0.875,0.264,6.3,2.62,0,9.36,7.37,1
DSTM-03377,A,CAT_797F_MANUAL,0,35.85,6.43,70.36,0.617,0.207,6.3,6.18,2,6.86,5.09,0
DSTM-03378,E,CAMIONETA_4x4,0,30.34,7.37,194.82,0.855,0.203,10.7,0.81,0,22.35,20.55,0
DSTM-03379,C,CAT_797F_MANUAL,0,33.34,8.32,52.48,0.815,0.422,7.8,5.9,1,6.05,3.74,1
DSTM-03380,E,CAMIONETA_4x4,0,41.74,6.08,40.16,0.954,0.414,1.9,2.23,2,3.81,1.5,1
DSTM-03381,B,CAT_797F_MANUAL,0,15.71,1.0,27.82,0.85,0.16,4.2,6.14,2,6.77,5.18,0
DSTM-03382,E,KOMATSU_930E_AHS,1,20.0,12.93,66.88,0.812,0.067,10.7,0.15,0,11.25,10.8,0
DSTM-03383,E,KOMATSU_930E_AHS,1,21.6,7.68,36.63,0.871,0.043,2.2,0.15,0,6.3,5.9,0
DSTM-03384,C,CAMIONETA_4x4,0,46.97,8.56,94.33,0.81,0.204,10.5,1.16,0,7.13,5.15,0
DSTM-03385,A,KOMATSU_930E_AHS,1,36.26,12.19,83.11,0.72,0.05,17.1,0.15,0,8.39,7.94,0
DSTM-03386,D,CAT_797F_MANUAL,0,32.01,11.94,38.35,0.482,0.117,2.6,6.39,0,4.49,2.49,1
DSTM-03387,C,KOMATSU_930E_AHS,1,31.5,12.86,93.73,0.747,0.052,15.1,0.15,0,11.95,11.5,0
DSTM-03388,E,CAMIONETA_4x4,0,35.58,11.11,86.38,0.92,0.194,7.9,4.14,0,8.23,6.3,0
DSTM-03389,B,PALA_PH_4100XPC,0,0.0,3.83,48.91,0.745,0.268,6.2,1.76,1,92.67,90.65,0
DSTM-03390,B,CAT_797F_MANUAL,0,14.77,3.66,11.17,0.866,0.02,5.8,2.99,3,2.55,1.16,1
DSTM-03391,A,CAT_797F_MANUAL,0,43.68,9.49,54.89,0.72,0.258,4.4,1.33,0,4.59,2.47,1
DSTM-03392,D,CAMIONETA_4x4,0,26.9,12.16,15.88,0.284,0.111,8.9,2.04,2,1.46,-0.72,1
DSTM-03393,E,CAMIONETA_4x4,0,31.93,5.17,61.61,0.901,0.143,2.7,3.97,1,6.3,4.73,0
DSTM-03394,A,CAT_797F_MANUAL,0,37.87,7.81,28.35,0.73,0.246,9.6,10.16,0,3.45,1.51,1
DSTM-03395,D,CAT_797F_MANUAL,0,37.42,7.54,27.23,0.487,0.172,10.3,1.77,3,2.02,0.25,1
DSTM-03396,E,KOMATSU_930E_AHS,1,30.43,5.76,32.84,0.759,0.041,8.9,0.15,0,4.17,3.7,1
DSTM-03397,A,CAT_797F_MANUAL,0,46.04,7.58,200.0,0.712,0.099,8.6,5.52,1,15.36,13.71,0
DSTM-03398,A,CAT_797F_MANUAL,0,33.96,7.05,100.55,0.743,0.037,2.5,14.25,1,9.35,7.83,0
DSTM-03399,D,CAT_797F_MANUAL,0,30.39,8.15,66.28,0.413,0.026,2.4,0.87,1,8.67,6.96,0
DSTM-03400,C,CAT_797F_MANUAL,0,42.95,10.49,32.81,0.93,0.226,11.4,4.96,4,2.98,0.9,1
DSTM-03401,A,CAT_797F_MANUAL,0,42.19,9.17,108.57,0.812,0.112,7.5,11.87,1,10.04,8.32,0
DSTM-03402,D,CAT_797F_MANUAL,0,27.37,10.84,2.97,0.495,0.03,1.6,2.54,2,0.7,-1.03,1
DSTM-03403,C,CAT_797F_MANUAL,0,32.22,3.42,63.37,0.855,0.268,10.1,0.27,2,6.89,4.91,0
DSTM-03404,E,CAMIONETA_4x4,0,48.48,8.13,105.33,0.869,0.202,11.4,7.87,0,7.68,5.92,0
DSTM-03405,E,CAMIONETA_4x4,0,31.29,6.34,20.09,0.961,0.112,9.1,5.25,2,2.46,0.94,1
DSTM-03406,D,CAMIONETA_4x4,0,38.93,12.47,154.58,0.325,0.075,6.6,2.01,1,14.56,12.58,0
DSTM-03407,C,CAT_797F_MANUAL,0,42.56,8.0,51.91,0.944,0.266,9.6,1.84,3,4.32,2.37,1
DSTM-03408,B,CAT_797F_MANUAL,0,18.17,5.09,107.48,0.93,0.22,9.5,2.82,1,19.95,18.12,0
DSTM-03409,C,CAT_797F_MANUAL,0,37.2,6.96,46.98,0.748,0.425,8.5,1.39,4,4.58,2.28,1
DSTM-03410,A,CAMIONETA_4x4,0,49.76,9.85,72.36,0.736,0.338,3.3,1.41,4,5.3,2.89,1
DSTM-03411,D,CAMIONETA_4x4,0,48.02,11.62,68.9,0.306,0.18,4.4,1.03,4,5.74,3.49,1
DSTM-03412,A,CAMIONETA_4x4,0,48.31,8.65,21.99,0.802,0.093,4.6,3.11,0,1.94,0.25,1
DSTM-03413,C,CAT_797F_MANUAL,0,32.3,7.33,55.81,0.785,0.224,8.4,2.26,3,5.41,3.48,1
DSTM-03414,A,CAT_797F_MANUAL,0,40.24,7.27,51.75,0.731,0.122,10.3,5.9,1,4.19,2.66,1
DSTM-03415,B,CAT_797F_MANUAL,0,14.08,4.36,7.09,0.991,0.244,9.7,4.26,0,1.75,-0.05,1
DSTM-03416,A,CAT_797F_MANUAL,0,46.3,11.35,36.76,0.626,0.211,11.1,1.64,2,3.02,0.75,1
DSTM-03417,C,CAMIONETA_4x4,0,37.01,7.94,144.88,0.787,0.139,10.4,3.17,1,14.61,12.85,0
DSTM-03418,D,CAT_797F_MANUAL,0,34.3,11.14,51.62,0.282,0.053,4.9,2.72,1,5.04,3.16,1
DSTM-03419,A,CAT_797F_MANUAL,0,46.79,7.39,84.2,0.815,0.047,6.5,4.96,0,8.3,6.92,0
DSTM-03420,E,KOMATSU_930E_AHS,1,26.53,6.91,78.02,0.946,0.046,12.8,0.15,0,8.88,8.51,0
DSTM-03421,E,CAMIONETA_4x4,0,39.57,11.17,7.8,0.749,0.09,9.2,10.93,0,0.74,-1.05,1
DSTM-03422,B,CAMIONETA_4x4,0,39.21,2.89,11.5,0.991,0.142,11.2,1.61,1,1.85,0.33,1
DSTM-03423,D,KOMATSU_930E_AHS,1,25.17,8.56,93.89,0.396,0.046,20.0,0.15,0,14.72,14.05,0
DSTM-03424,B,PALA_PH_4100XPC,0,0.0,3.44,2.0,1.0,0.105,3.7,1.26,2,17.82,16.34,0
DSTM-03425,A,CAT_797F_MANUAL,0,37.73,7.14,61.39,0.755,0.142,7.3,0.42,0,7.07,5.3,0
DSTM-03426,C,KOMATSU_930E_AHS,1,36.29,9.51,118.98,0.86,0.051,1.5,0.15,0,13.16,12.74,0
DSTM-03427,A,CAT_797F_MANUAL,0,42.05,11.22,76.55,0.751,0.075,8.1,2.01,3,6.55,4.82,0
DSTM-03428,E,KOMATSU_930E_AHS,1,29.08,11.33,38.04,0.927,0.075,17.3,0.15,0,4.02,3.65,1
DSTM-03429,E,CAMIONETA_4x4,0,41.78,10.71,12.02,0.855,0.205,1.8,1.24,3,1.24,-0.68,1
DSTM-03430,D,KOMATSU_930E_AHS,1,28.41,13.6,84.1,0.496,0.05,11.4,0.15,0,10.44,9.85,0
DSTM-03431,C,CAT_797F_MANUAL,0,30.11,6.46,127.17,0.769,0.545,12.0,1.68,0,16.34,13.65,0
DSTM-03432,C,CAT_797F_MANUAL,0,35.98,10.78,41.03,0.752,0.387,9.9,9.63,4,4.55,2.1,1
DSTM-03433,E,KOMATSU_930E_AHS,1,22.52,5.36,27.43,0.782,0.058,13.4,0.15,0,3.6,3.17,1
DSTM-03434,A,CAT_797F_MANUAL,0,52.04,10.19,31.69,0.735,0.038,7.7,2.57,1,1.95,0.32,1
DSTM-03435,A,CAT_797F_MANUAL,0,37.71,13.36,12.39,0.552,0.032,7.2,4.61,4,1.49,-0.4,1
DSTM-03436,C,CAMIONETA_4x4,0,37.69,9.34,8.78,0.857,0.397,8.7,5.58,3,0.93,-1.47,1
DSTM-03437,B,CAT_797F_MANUAL,0,16.63,4.05,44.07,0.986,0.159,10.5,7.81,3,10.22,8.56,0
DSTM-03438,B,PALA_PH_4100XPC,0,0.0,0.0,8.69,0.824,0.049,6.1,1.6,1,7.57,6.09,1
DSTM-03439,A,CAT_797F_MANUAL,0,51.33,9.69,8.0,0.761,0.336,9.1,1.33,0,0.6,-1.61,1
DSTM-03440,C,CAMIONETA_4x4,0,32.79,10.87,8.39,0.862,0.436,8.2,2.28,4,0.77,-1.72,1
DSTM-03441,B,CAT_797F_MANUAL,0,17.27,3.84,8.73,0.764,0.213,6.1,1.12,1,1.52,-0.32,1
DSTM-03442,A,CAT_797F_MANUAL,0,41.64,5.55,34.83,0.822,0.077,7.9,2.33,2,2.57,1.11,1
DSTM-03443,A,CAT_797F_MANUAL,0,43.54,9.78,44.87,0.611,0.053,4.7,2.65,1,4.04,2.33,1
DSTM-03444,B,CAT_797F_MANUAL,0,16.01,5.36,22.89,0.842,0.055,10.1,1.26,0,6.05,4.69,0
DSTM-03445,E,CAMIONETA_4x4,0,35.16,7.19,24.55,0.764,0.069,9.4,0.92,1,1.9,0.42,1
DSTM-03446,B,CAT_797F_MANUAL,0,12.75,2.94,8.33,0.918,0.079,7.6,0.45,2,2.36,0.93,1
DSTM-03447,D,CAT_797F_MANUAL,0,34.53,11.51,12.72,0.415,0.186,9.0,1.45,1,1.4,-0.9,1
DSTM-03448,D,CAMIONETA_4x4,0,51.99,8.19,13.48,0.455,0.155,10.5,1.72,5,0.37,-1.4,1
DSTM-03449,B,CAT_797F_MANUAL,0,10.15,2.91,74.64,0.815,0.063,8.4,0.72,0,27.05,25.54,0
DSTM-03450,D,KOMATSU_930E_AHS,1,25.18,5.88,32.8,0.299,0.072,16.1,0.15,0,3.96,3.25,1
DSTM-03451,D,KOMATSU_930E_AHS,1,25.77,1.81,78.68,0.397,0.031,6.8,0.15,0,11.52,10.87,0
DSTM-03452,C,CAT_797F_MANUAL,0,34.89,4.99,16.4,0.718,0.124,8.6,1.11,3,1.76,0.01,1
DSTM-03453,A,CAT_797F_MANUAL,0,44.27,10.19,136.78,0.796,0.065,11.4,6.39,1,11.43,9.83,0
DSTM-03454,A,CAT_797F_MANUAL,0,36.76,9.46,26.45,0.547,0.113,6.8,1.45,0,2.38,0.53,1
DSTM-03455,E,CAMIONETA_4x4,0,44.92,6.61,11.73,0.941,0.02,3.2,2.71,2,0.79,-0.56,1
DSTM-03456,D,CAT_797F_MANUAL,0,41.2,7.08,27.87,0.265,0.323,4.6,2.82,0,2.61,0.28,1
DSTM-03457,E,KOMATSU_930E_AHS,1,26.25,7.87,43.67,0.863,0.042,23.7,0.15,0,5.45,5.01,0
DSTM-03458,E,CAMIONETA_4x4,0,26.83,7.79,13.67,0.724,0.187,9.2,0.8,0,1.53,-0.18,1
DSTM-03459,A,CAT_797F_MANUAL,0,49.77,9.6,18.54,0.691,0.027,1.9,2.01,2,1.7,0.02,1
DSTM-03460,D,CAT_797F_MANUAL,0,27.68,10.55,41.52,0.517,0.206,10.3,4.82,1,5.2,3.04,1
DSTM-03461,C,CAT_797F_MANUAL,0,34.13,11.02,43.11,0.777,0.121,8.3,2.5,1,3.8,1.99,1
DSTM-03462,D,CAMIONETA_4x4,0,23.59,4.75,116.23,0.405,0.411,4.7,0.97,1,18.19,15.63,0
DSTM-03463,A,CAT_797F_MANUAL,0,35.99,11.09,160.87,0.71,0.099,8.7,1.31,0,16.06,14.19,0
DSTM-03464,B,CAT_797F_MANUAL,0,17.48,1.31,44.0,0.923,0.142,3.6,11.82,1,8.68,7.09,0
DSTM-03465,D,KOMATSU_930E_AHS,1,27.94,10.47,57.96,0.32,0.078,23.2,0.15,0,6.96,6.26,0
DSTM-03466,D,CAT_797F_MANUAL,0,31.18,9.39,92.08,0.472,0.169,10.1,1.95,4,10.0,8.02,0
DSTM-03467,C,KOMATSU_930E_AHS,1,22.53,7.58,44.11,0.812,0.046,19.3,0.15,0,7.94,7.49,0
DSTM-03468,B,CAT_797F_MANUAL,0,14.06,4.46,55.69,0.749,0.178,10.7,1.73,2,13.85,12.05,0
DSTM-03469,B,PALA_PH_4100XPC,0,0.97,5.13,4.41,0.871,0.17,5.2,5.89,0,12.33,10.59,1
DSTM-03470,E,KOMATSU_930E_AHS,1,25.12,6.53,22.73,0.927,0.023,1.3,0.15,0,2.5,2.12,1
DSTM-03471,B,CAT_797F_MANUAL,0,19.87,2.15,61.48,0.941,0.18,2.6,7.8,0,11.9,10.28,0
DSTM-03472,B,PALA_PH_4100XPC,0,3.18,1.7,25.03,0.773,0.17,10.2,8.02,2,22.33,20.66,0
DSTM-03473,C,CAT_797F_MANUAL,0,20.06,9.61,71.17,0.847,0.204,11.1,1.18,1,13.17,11.21,0
DSTM-03474,B,PALA_PH_4100XPC,0,1.99,3.07,8.83,0.998,0.048,4.0,8.27,1,16.18,14.82,0
DSTM-03475,C,CAT_797F_MANUAL,0,25.58,10.77,52.54,0.836,0.071,9.7,2.29,1,6.68,5.02,0
DSTM-03476,B,CAT_797F_MANUAL,0,15.66,3.05,9.82,0.857,0.174,7.2,1.4,0,2.27,0.61,1
DSTM-03477,D,CAT_797F_MANUAL,0,29.55,5.99,121.57,0.418,0.151,7.7,4.96,0,14.94,13.06,0
DSTM-03478,E,CAMIONETA_4x4,0,50.47,3.96,99.4,0.797,0.076,5.2,1.37,1,6.86,5.34,0
DSTM-03479,E,CAMIONETA_4x4,0,56.16,6.53,33.7,0.987,0.068,3.5,0.46,3,2.7,1.33,1
DSTM-03480,C,CAT_797F_MANUAL,0,35.23,4.06,25.38,0.97,0.244,11.1,9.1,2,2.18,0.32,1
DSTM-03481,B,PALA_PH_4100XPC,0,0.52,2.56,39.46,0.744,0.068,7.1,2.01,0,93.19,91.77,0
DSTM-03482,D,CAT_797F_MANUAL,0,42.79,10.01,47.98,0.332,0.181,5.2,1.48,0,4.21,2.09,1
DSTM-03483,D,KOMATSU_930E_AHS,1,24.93,7.18,51.36,0.344,0.058,5.9,0.15,0,6.68,5.99,0
DSTM-03484,C,CAT_797F_MANUAL,0,20.94,8.68,86.73,0.855,0.31,8.6,2.03,3,13.72,11.46,0
DSTM-03485,D,KOMATSU_930E_AHS,1,37.03,9.83,91.29,0.266,0.035,16.9,0.15,0,9.27,8.54,0
DSTM-03486,D,KOMATSU_930E_AHS,1,26.64,10.69,97.56,0.249,0.035,16.9,0.15,0,12.61,11.89,0
DSTM-03487,D,CAT_797F_MANUAL,0,32.93,6.27,46.08,0.323,0.05,8.2,10.48,0,4.98,3.31,1
DSTM-03488,D,CAMIONETA_4x4,0,31.89,5.99,30.2,0.534,0.183,2.8,1.76,2,2.78,0.89,1
DSTM-03489,A,KOMATSU_930E_AHS,1,37.51,5.02,17.41,0.783,0.09,20.9,0.15,0,2.0,1.54,1
DSTM-03490,C,CAT_797F_MANUAL,0,32.04,6.36,83.92,0.936,0.354,7.8,1.05,4,9.58,7.47,0
DSTM-03491,C,CAT_797F_MANUAL,0,33.28,8.06,115.16,0.73,0.303,10.8,1.43,2,13.15,10.9,0
DSTM-03492,A,CAT_797F_MANUAL,0,26.55,9.7,82.45,0.74,0.058,10.2,3.02,3,11.4,9.79,0
DSTM-03493,E,CAMIONETA_4x4,0,38.57,9.01,92.57,0.762,0.137,1.6,0.67,2,8.81,6.93,0
DSTM-03494,C,CAMIONETA_4x4,0,42.73,9.19,48.83,0.825,0.177,7.7,3.92,0,4.02,2.19,1
DSTM-03495,A,KOMATSU_930E_AHS,1,36.91,11.72,53.88,0.693,0.04,3.5,0.15,0,5.16,4.65,0
DSTM-03496,D,CAT_797F_MANUAL,0,29.91,9.77,78.36,0.415,0.362,3.2,4.48,0,8.67,6.19,0
DSTM-03497,D,KOMATSU_930E_AHS,1,22.41,6.43,42.95,0.266,0.064,5.3,0.15,0,6.49,5.77,0
DSTM-03498,D,CAT_797F_MANUAL,0,26.19,6.91,101.29,0.503,0.183,3.5,0.82,4,11.93,10.03,0
DSTM-03499,B,CAT_797F_MANUAL,0,13.87,4.07,11.08,0.869,0.069,8.7,5.0,0,2.61,1.09,1
DSTM-03500,E,KOMATSU_930E_AHS,1,33.41,10.89,102.38,1.0,0.035,3.9,0.15,0,10.67,10.31,0
DSTM-03501,B,PALA_PH_4100XPC,0,1.4,4.22,44.41,0.827,0.056,1.6,2.92,1,88.2,86.83,0
DSTM-03502,C,CAT_797F_MANUAL,0,41.54,6.18,17.4,0.9,0.314,10.2,3.22,1,1.41,-0.6,1
DSTM-03503,A,KOMATSU_930E_AHS,1,35.64,8.3,10.97,0.822,0.096,17.7,0.15,0,1.35,0.92,1
DSTM-03504,C,CAT_797F_MANUAL,0,26.74,10.29,10.42,0.855,0.359,7.9,9.39,1,1.2,-1.13,1
DSTM-03505,D,KOMATSU_930E_AHS,1,24.41,6.5,169.4,0.234,0.07,4.4,0.15,0,23.36,22.64,0
DSTM-03506,C,CAT_797F_MANUAL,0,32.52,8.74,46.85,0.841,0.118,9.0,1.03,0,5.57,3.87,1
DSTM-03507,C,CAT_797F_MANUAL,0,28.92,8.21,18.53,1.0,0.319,7.8,2.84,5,1.51,-0.66,1
DSTM-03508,D,KOMATSU_930E_AHS,1,30.02,7.91,33.89,0.248,0.079,11.3,0.15,0,4.0,3.27,1
DSTM-03509,D,CAT_797F_MANUAL,0,40.47,12.73,104.95,0.502,0.031,5.4,1.39,1,9.26,7.33,0
DSTM-03510,B,CAMIONETA_4x4,0,29.12,2.29,4.99,0.955,0.178,2.1,6.74,0,1.67,-0.09,1
DSTM-03511,E,CAMIONETA_4x4,0,35.19,9.01,9.16,0.984,0.229,1.8,4.8,2,0.8,-1.19,1
DSTM-03512,D,CAT_797F_MANUAL,0,32.64,9.43,71.45,0.319,0.049,9.0,5.69,0,7.36,5.55,0
DSTM-03513,E,KOMATSU_930E_AHS,1,25.88,8.53,39.97,0.798,0.033,17.9,0.15,0,5.78,5.32,0
DSTM-03514,E,KOMATSU_930E_AHS,1,29.83,6.59,98.05,0.829,0.02,9.1,0.15,0,11.92,11.5,0
DSTM-03515,E,CAMIONETA_4x4,0,41.21,8.4,45.04,0.918,0.18,5.3,4.39,1,4.22,2.53,1
DSTM-03516,D,CAT_797F_MANUAL,0,30.33,6.3,2.26,0.54,0.02,11.4,1.81,1,0.95,-0.64,1
DSTM-03517,C,CAT_797F_MANUAL,0,33.7,8.08,25.7,0.954,0.23,9.6,0.35,0,3.02,1.12,1
DSTM-03518,A,CAT_797F_MANUAL,0,35.35,10.44,14.76,0.803,0.487,3.6,3.11,1,1.79,-0.81,1
DSTM-03519,C,CAT_797F_MANUAL,0,28.97,10.22,43.65,0.83,0.425,10.3,10.75,1,5.23,2.69,1
DSTM-03520,D,CAT_797F_MANUAL,0,28.98,8.66,74.78,0.256,0.287,1.4,2.82,1,9.34,7.17,0
DSTM-03521,C,CAMIONETA_4x4,0,33.96,8.12,20.58,0.796,0.503,10.0,3.84,2,2.41,-0.17,1
DSTM-03522,E,KOMATSU_930E_AHS,1,22.82,7.06,14.4,0.919,0.021,2.3,0.15,0,2.04,1.64,1
DSTM-03523,A,CAT_797F_MANUAL,0,45.06,8.46,122.07,0.709,0.083,6.3,3.23,2,9.16,7.55,0
DSTM-03524,B,CAT_797F_MANUAL,0,16.0,5.66,25.33,1.0,0.026,8.9,2.49,1,5.52,4.21,0
DSTM-03525,C,KOMATSU_930E_AHS,1,26.13,7.58,20.3,0.852,0.044,10.5,0.15,0,2.96,2.56,1
DSTM-03526,B,PALA_PH_4100XPC,0,2.97,1.21,69.72,0.864,0.288,6.7,8.68,3,84.81,82.75,0
DSTM-03527,A,CAT_797F_MANUAL,0,47.2,6.54,78.53,0.729,0.17,2.5,1.75,1,5.73,3.94,1
DSTM-03528,A,CAT_797F_MANUAL,0,46.38,10.07,160.58,0.601,0.147,1.5,1.86,2,12.85,10.97,0
DSTM-03529,D,CAT_797F_MANUAL,0,30.61,6.62,41.38,0.234,0.041,5.4,3.53,0,4.85,3.12,1
DSTM-03530,C,CAMIONETA_4x4,0,27.1,9.69,75.05,0.853,0.332,9.1,1.39,3,10.01,7.57,0
DSTM-03531,A,CAMIONETA_4x4,0,50.38,12.54,9.77,0.765,0.05,7.4,3.0,2,1.1,-0.67,1
DSTM-03532,A,CAT_797F_MANUAL,0,42.38,10.03,161.18,0.734,0.102,8.6,2.4,2,13.71,11.92,0
DSTM-03533,C,CAT_797F_MANUAL,0,30.26,7.36,54.47,0.742,0.339,9.4,5.57,2,6.78,4.65,0
DSTM-03534,A,CAT_797F_MANUAL,0,36.81,11.34,73.03,0.787,0.093,9.2,4.1,3,7.57,5.73,0
DSTM-03535,D,CAT_797F_MANUAL,0,36.2,8.45,82.3,0.427,0.181,10.9,5.39,1,7.87,5.89,0
DSTM-03536,D,CAT_797F_MANUAL,0,30.21,9.89,20.98,0.296,0.093,6.9,3.75,2,2.32,0.43,1
DSTM-03537,A,CAT_797F_MANUAL,0,48.3,11.64,51.75,0.661,0.341,7.0,1.85,2,4.34,1.88,1
DSTM-03538,C,CAMIONETA_4x4,0,35.94,5.42,61.1,0.873,0.208,10.6,7.43,1,5.84,3.97,1
DSTM-03539,A,CAT_797F_MANUAL,0,38.72,10.54,39.13,0.549,0.039,1.7,2.36,2,3.42,1.71,1
DSTM-03540,B,PALA_PH_4100XPC,0,0.0,2.57,14.3,0.806,0.063,11.2,0.75,0,26.89,25.48,0
DSTM-03541,E,CAMIONETA_4x4,0,36.64,6.8,20.82,0.749,0.051,6.4,9.25,1,1.52,0.04,1
DSTM-03542,C,CAT_797F_MANUAL,0,29.31,10.01,33.16,0.854,0.606,8.2,11.33,3,4.53,1.48,1
DSTM-03543,E,CAMIONETA_4x4,0,34.81,10.51,89.14,1.0,0.07,9.3,0.9,3,9.22,7.57,0
DSTM-03544,A,CAMIONETA_4x4,0,54.39,12.02,192.67,0.841,0.169,4.2,6.89,1,12.72,10.63,0
DSTM-03545,B,CAT_797F_MANUAL,0,8.0,4.58,6.96,0.891,0.201,9.6,0.52,1,4.12,2.33,1
DSTM-03546,C,CAMIONETA_4x4,0,31.25,5.23,62.08,0.962,0.131,9.1,1.24,1,7.28,5.63,0
DSTM-03547,C,CAT_797F_MANUAL,0,35.36,9.28,116.63,1.0,0.129,8.7,0.6,1,11.25,9.65,0
DSTM-03548,E,KOMATSU_930E_AHS,1,21.11,7.88,37.73,0.889,0.065,6.3,0.15,0,6.22,5.85,0
DSTM-03549,A,CAT_797F_MANUAL,0,44.48,8.38,89.84,0.768,0.147,7.2,5.78,1,7.27,5.42,0
DSTM-03550,E,CAMIONETA_4x4,0,36.25,4.52,24.38,0.743,0.112,9.5,3.41,0,1.64,0.04,1
DSTM-03551,E,CAMIONETA_4x4,0,40.14,8.34,79.85,0.915,0.326,8.2,1.4,3,7.09,4.89,0
DSTM-03552,C,CAMIONETA_4x4,0,32.94,4.48,78.24,0.811,0.203,11.1,2.05,0,8.63,6.85,0
DSTM-03553,B,CAT_797F_MANUAL,0,12.25,0.0,4.74,0.95,0.151,1.6,2.7,1,1.76,0.11,1
DSTM-03554,C,CAMIONETA_4x4,0,34.79,7.4,72.11,0.916,0.226,9.1,0.17,2,7.67,5.79,0
DSTM-03555,B,CAT_797F_MANUAL,0,14.76,1.7,43.39,0.752,0.104,8.0,3.44,1,9.8,8.27,0
DSTM-03556,D,CAT_797F_MANUAL,0,33.24,8.24,19.99,0.175,0.163,4.5,3.98,1,2.02,-0.11,1
DSTM-03557,C,KOMATSU_930E_AHS,1,26.21,11.24,110.35,0.796,0.092,18.4,0.15,0,14.17,13.73,0
DSTM-03558,E,KOMATSU_930E_AHS,1,34.59,6.17,27.14,0.724,0.032,1.6,0.15,0,2.63,2.16,1
DSTM-03559,C,CAT_797F_MANUAL,0,19.08,10.64,9.9,0.783,0.229,11.3,5.42,1,2.15,0.05,1
DSTM-03560,C,CAT_797F_MANUAL,0,31.44,11.42,50.99,0.851,0.454,9.0,2.55,4,4.71,2.1,1
DSTM-03561,D,CAMIONETA_4x4,0,36.09,11.74,20.68,0.379,0.069,9.4,3.89,0,1.7,-0.33,1
DSTM-03562,C,CAT_797F_MANUAL,0,39.18,13.27,37.52,0.988,0.329,10.0,1.44,4,4.51,2.09,1
DSTM-03563,E,KOMATSU_930E_AHS,1,21.17,10.39,10.57,0.888,0.028,4.6,0.15,0,1.98,1.57,1
DSTM-03564,A,CAT_797F_MANUAL,0,41.2,8.28,44.96,0.796,0.16,9.2,2.38,3,4.55,2.87,1
DSTM-03565,E,KOMATSU_930E_AHS,1,23.93,10.11,30.35,0.921,0.048,10.7,0.15,0,3.79,3.39,1
DSTM-03566,D,CAT_797F_MANUAL,0,30.32,9.37,48.8,0.373,0.13,3.8,2.47,4,5.77,3.82,1
DSTM-03567,E,KOMATSU_930E_AHS,1,25.04,8.02,111.71,0.849,0.091,21.3,0.15,0,15.99,15.56,0
DSTM-03568,C,CAT_797F_MANUAL,0,32.32,6.26,200.0,0.888,0.5,11.3,5.19,4,22.52,20.09,0
DSTM-03569,D,KOMATSU_930E_AHS,1,23.41,7.79,7.69,0.243,0.023,1.1,0.15,0,2.62,1.88,1
DSTM-03570,B,CAT_797F_MANUAL,0,11.55,5.49,11.03,0.863,0.02,4.1,4.45,2,3.57,2.19,1
DSTM-03571,D,CAT_797F_MANUAL,0,25.16,7.75,30.95,0.528,0.02,1.1,0.67,0,3.91,2.36,1
DSTM-03572,A,CAT_797F_MANUAL,0,46.97,8.44,30.08,0.809,0.295,6.5,7.01,2,2.55,0.53,1
DSTM-03573,B,PALA_PH_4100XPC,0,2.83,3.22,35.63,0.854,0.175,5.0,13.28,1,43.87,42.23,0
DSTM-03574,B,CAMIONETA_4x4,0,32.69,2.19,66.86,0.84,0.136,5.4,10.53,1,7.41,5.88,0
DSTM-03575,B,CAT_797F_MANUAL,0,22.24,4.82,41.99,0.812,0.319,2.5,8.96,1,7.33,5.29,0
DSTM-03576,B,CAMIONETA_4x4,0,31.54,3.83,4.76,0.882,0.267,10.8,6.1,1,0.46,-1.5,1
DSTM-03577,D,CAT_797F_MANUAL,0,30.85,12.17,23.63,0.307,0.28,1.1,0.05,4,2.4,-0.23,1
DSTM-03578,B,CAT_797F_MANUAL,0,15.36,4.96,14.64,0.955,0.104,2.8,1.03,3,3.47,2.02,1
DSTM-03579,D,CAT_797F_MANUAL,0,29.95,6.37,115.53,0.197,0.05,9.7,1.25,4,16.24,14.53,0
DSTM-03580,A,CAMIONETA_4x4,0,49.11,10.32,37.28,0.78,0.209,8.3,4.37,2,2.7,0.64,1
DSTM-03581,D,CAT_797F_MANUAL,0,35.98,11.78,89.37,0.362,0.371,11.1,2.16,2,8.88,6.27,0
DSTM-03582,D,CAT_797F_MANUAL,0,36.06,8.34,194.73,0.196,0.02,9.1,1.65,2,21.29,19.51,0
DSTM-03583,B,PALA_PH_4100XPC,0,0.46,2.35,16.8,0.873,0.053,10.0,4.71,2,31.04,29.63,0
DSTM-03584,D,CAT_797F_MANUAL,0,24.98,4.92,105.81,0.217,0.194,2.7,9.94,0,16.37,14.4,0
DSTM-03585,E,KOMATSU_930E_AHS,1,26.31,9.09,49.03,0.97,0.073,8.8,0.15,0,6.16,5.78,0
DSTM-03586,D,KOMATSU_930E_AHS,1,19.55,4.8,191.74,0.443,0.02,4.7,0.15,0,31.5,30.9,0
DSTM-03587,B,CAT_797F_MANUAL,0,18.51,3.3,9.33,0.826,0.061,3.2,1.38,1,1.56,-0.03,1
DSTM-03588,C,CAT_797F_MANUAL,0,35.07,6.98,20.71,0.919,0.19,7.8,1.5,3,1.96,0.16,1
DSTM-03589,D,CAT_797F_MANUAL,0,33.78,5.25,177.4,0.42,0.167,7.9,2.07,0,17.89,16.01,0
DSTM-03590,B,CAMIONETA_4x4,0,46.1,2.73,20.15,0.767,0.13,1.3,5.32,0,1.45,-0.18,1
DSTM-03591,D,CAT_797F_MANUAL,0,30.53,7.37,23.18,0.482,0.184,8.2,1.52,0,2.53,0.62,1
DSTM-03592,B,CAT_797F_MANUAL,0,22.12,1.45,79.53,0.965,0.092,5.3,4.15,0,14.37,12.93,0
DSTM-03593,D,CAT_797F_MANUAL,0,34.33,14.39,57.2,0.328,0.188,6.6,2.13,1,5.94,3.51,1
DSTM-03594,A,CAT_797F_MANUAL,0,34.07,12.16,14.96,0.872,0.11,8.9,2.08,5,1.25,-0.58,1
DSTM-03595,A,CAT_797F_MANUAL,0,41.2,9.17,68.78,0.746,0.151,9.1,2.27,2,6.15,4.39,0
DSTM-03596,E,CAMIONETA_4x4,0,18.63,11.58,9.74,0.783,0.095,4.5,3.62,1,2.25,0.26,1
DSTM-03597,E,KOMATSU_930E_AHS,1,22.65,7.33,18.73,0.853,0.052,6.6,0.15,0,2.26,1.83,1
DSTM-03598,E,KOMATSU_930E_AHS,1,24.85,9.31,30.06,0.866,0.045,23.0,0.15,0,3.81,3.37,1
DSTM-03599,E,CAMIONETA_4x4,0,42.89,4.0,40.16,0.965,0.516,11.2,1.51,2,2.94,0.45,1
DSTM-03600,B,CAMIONETA_4x4,0,39.17,1.38,19.03,0.713,0.202,3.2,0.81,1,1.51,-0.32,1
DSTM-03601,B,CAT_797F_MANUAL,0,15.91,3.8,4.1,0.947,0.075,9.9,3.29,1,1.66,0.16,1
DSTM-03602,A,CAMIONETA_4x4,0,39.14,12.97,77.84,0.576,0.145,10.9,5.32,5,6.54,4.41,0
DSTM-03603,C,KOMATSU_930E_AHS,1,27.85,9.9,8.33,0.96,0.067,23.5,0.15,0,0.91,0.54,1
DSTM-03604,A,CAT_797F_MANUAL,0,35.19,11.07,13.25,0.833,0.393,10.5,2.44,1,1.05,-1.56,1
DSTM-03605,E,KOMATSU_930E_AHS,1,27.37,8.9,33.24,0.79,0.093,21.7,0.15,0,4.78,4.34,0
DSTM-03606,A,KOMATSU_930E_AHS,1,37.7,8.66,102.83,0.697,0.073,20.6,0.15,0,9.93,9.41,0
DSTM-03607,A,CAT_797F_MANUAL,0,43.34,8.02,101.51,0.556,0.127,1.6,0.1,2,8.73,6.9,0
DSTM-03608,A,CAMIONETA_4x4,0,48.23,10.12,79.98,0.724,0.234,8.6,4.62,4,6.56,4.4,0
DSTM-03609,A,KOMATSU_930E_AHS,1,36.39,10.45,36.89,0.601,0.055,21.2,0.15,0,3.01,2.47,1
DSTM-03610,A,CAMIONETA_4x4,0,51.79,10.53,76.72,0.541,0.374,10.9,4.21,2,5.79,3.22,1
DSTM-03611,D,CAT_797F_MANUAL,0,32.85,8.55,87.1,0.546,0.128,6.5,2.51,2,9.33,7.53,0
DSTM-03612,B,CAT_797F_MANUAL,0,9.34,0.97,13.55,0.83,0.173,5.7,2.32,3,5.46,3.79,1
DSTM-03613,C,CAMIONETA_4x4,0,38.22,4.29,31.79,0.801,0.388,11.9,3.21,0,2.32,0.08,1
DSTM-03614,E,KOMATSU_930E_AHS,1,15.55,5.21,35.46,0.885,0.022,2.6,0.15,0,7.71,7.31,0
DSTM-03615,C,CAT_797F_MANUAL,0,29.59,7.49,14.58,0.875,0.388,8.8,2.92,0,1.45,-0.81,1
DSTM-03616,D,CAT_797F_MANUAL,0,28.75,10.34,34.2,0.354,0.064,1.7,1.66,2,3.74,1.89,1
DSTM-03617,B,PALA_PH_4100XPC,0,0.0,2.19,23.32,0.812,0.214,8.2,2.54,1,41.59,39.73,0
DSTM-03618,A,CAT_797F_MANUAL,0,35.99,13.95,41.68,0.727,0.099,9.5,3.71,0,3.9,1.91,1
DSTM-03619,B,CAT_797F_MANUAL,0,12.45,3.78,18.25,0.954,0.148,2.6,5.82,2,4.11,2.57,1
DSTM-03620,E,KOMATSU_930E_AHS,1,25.95,6.92,31.02,1.0,0.029,6.9,0.15,0,3.71,3.36,1
DSTM-03621,C,KOMATSU_930E_AHS,1,28.98,8.73,28.63,0.864,0.049,13.2,0.15,0,3.82,3.42,1
DSTM-03622,B,CAT_797F_MANUAL,0,16.74,3.56,13.87,0.832,0.099,2.0,0.96,2,4.31,2.73,1
DSTM-03623,C,CAT_797F_MANUAL,0,36.07,7.62,28.95,0.956,0.272,7.7,3.01,5,2.8,0.87,1
DSTM-03624,D,CAMIONETA_4x4,0,40.56,3.58,29.97,0.192,0.108,11.2,1.78,1,2.56,0.59,1
DSTM-03625,D,CAMIONETA_4x4,0,44.83,13.64,30.43,0.497,0.11,4.1,1.83,2,2.58,0.48,1
DSTM-03626,C,CAT_797F_MANUAL,0,36.75,10.24,147.63,0.811,0.346,7.6,6.82,3,14.31,12.15,0
DSTM-03627,E,KOMATSU_930E_AHS,1,24.29,10.25,15.42,0.959,0.06,4.4,0.15,0,2.73,2.35,1
DSTM-03628,D,CAT_797F_MANUAL,0,36.74,9.72,32.49,0.503,0.135,7.1,1.99,3,3.13,1.29,1
DSTM-03629,C,CAT_797F_MANUAL,0,40.2,8.99,16.19,0.975,0.382,7.6,1.2,3,1.43,-0.8,1
DSTM-03630,A,CAT_797F_MANUAL,0,52.92,9.29,16.86,0.668,0.126,5.6,6.5,0,1.28,-0.55,1
DSTM-03631,A,KOMATSU_930E_AHS,1,34.25,8.54,71.66,0.546,0.061,9.8,0.15,0,7.45,6.88,0
DSTM-03632,E,CAMIONETA_4x4,0,38.7,9.41,41.77,1.0,0.306,6.0,3.4,1,4.44,2.33,1
DSTM-03633,C,CAT_797F_MANUAL,0,30.78,11.05,64.91,0.951,0.151,7.7,6.11,1,6.48,4.67,0
DSTM-03634,B,CAT_797F_MANUAL,0,16.2,5.61,23.89,0.808,0.07,2.1,10.74,0,4.44,2.9,1
DSTM-03635,C,CAT_797F_MANUAL,0,39.35,7.75,95.54,0.801,0.412,8.5,5.28,2,9.36,6.99,0
DSTM-03636,A,CAT_797F_MANUAL,0,28.96,10.12,18.14,0.606,0.184,10.1,1.52,3,2.6,0.68,1
DSTM-03637,D,CAT_797F_MANUAL,0,39.05,6.75,40.49,0.383,0.073,7.8,2.67,1,3.55,1.76,1
DSTM-03638,A,CAMIONETA_4x4,0,44.56,6.93,12.78,0.619,0.074,5.7,9.27,2,0.77,-0.74,1
DSTM-03639,D,CAMIONETA_4x4,0,23.47,7.02,42.22,0.379,0.14,10.7,1.28,3,6.24,4.44,0
DSTM-03640,C,CAMIONETA_4x4,0,37.86,9.87,23.81,0.928,0.295,9.0,3.8,3,1.89,-0.31,1
DSTM-03641,B,PALA_PH_4100XPC,0,3.05,3.53,9.51,0.75,0.03,10.9,0.32,1,9.21,7.78,0
DSTM-03642,A,CAT_797F_MANUAL,0,45.96,8.99,200.0,0.855,0.044,7.5,3.22,0,15.25,13.71,0
DSTM-03643,D,CAT_797F_MANUAL,0,30.08,12.48,34.4,0.335,0.121,5.8,1.43,2,3.72,1.61,1
DSTM-03644,A,KOMATSU_930E_AHS,1,35.5,10.12,19.99,0.821,0.05,6.3,0.15,0,1.87,1.44,1
DSTM-03645,A,CAT_797F_MANUAL,0,50.48,11.11,157.84,0.532,0.206,8.5,4.85,1,10.97,8.77,0
DSTM-03646,D,CAT_797F_MANUAL,0,22.15,7.05,2.35,0.414,0.06,4.8,1.28,1,1.1,-0.56,1
DSTM-03647,B,CAT_797F_MANUAL,0,10.86,4.22,6.05,0.874,0.123,4.6,8.6,2,3.54,2.01,1
DSTM-03648,B,PALA_PH_4100XPC,0,4.99,0.38,55.17,0.961,0.331,8.1,6.57,3,54.73,52.66,0
DSTM-03649,A,CAT_797F_MANUAL,0,52.98,9.0,73.34,0.659,0.122,9.7,5.84,4,5.34,3.63,1
DSTM-03650,E,CAMIONETA_4x4,0,31.72,8.34,200.0,0.792,0.041,10.7,1.52,3,19.84,18.4,0
DSTM-03651,B,CAT_797F_MANUAL,0,15.26,6.71,41.94,0.877,0.13,9.8,9.63,1,9.07,7.54,0
DSTM-03652,A,CAT_797F_MANUAL,0,33.92,12.21,48.86,0.764,0.053,2.8,15.0,1,5.13,3.34,1
DSTM-03653,B,CAT_797F_MANUAL,0,14.65,3.01,12.98,0.781,0.071,3.7,5.26,2,2.08,0.62,1
DSTM-03654,A,CAT_797F_MANUAL,0,30.08,8.14,92.88,0.797,0.227,11.3,7.88,2,10.14,8.13,0
DSTM-03655,B,CAT_797F_MANUAL,0,8.35,3.13,4.17,0.819,0.083,7.2,6.64,1,2.83,1.31,1
DSTM-03656,A,CAT_797F_MANUAL,0,44.56,9.63,91.36,0.689,0.288,4.1,2.91,0,7.82,5.66,0
DSTM-03657,A,CAT_797F_MANUAL,0,40.26,8.58,46.92,0.815,0.065,7.7,1.07,3,4.48,2.91,1
DSTM-03658,B,CAMIONETA_4x4,0,47.88,2.92,113.86,0.938,0.138,9.9,6.2,2,9.44,7.84,0
DSTM-03659,E,CAMIONETA_4x4,0,33.81,12.17,13.47,0.789,0.046,9.0,0.25,2,1.75,-0.13,1
DSTM-03660,A,CAT_797F_MANUAL,0,39.89,11.49,146.18,0.662,0.307,2.6,3.21,3,13.26,10.74,0
DSTM-03661,A,CAT_797F_MANUAL,0,36.15,12.62,200.0,0.728,0.094,10.3,1.74,2,18.94,16.94,0
DSTM-03662,E,CAMIONETA_4x4,0,32.52,10.37,35.42,0.849,0.114,9.6,7.11,0,3.75,2.11,1
DSTM-03663,E,KOMATSU_930E_AHS,1,24.85,4.24,28.82,0.848,0.059,8.4,0.15,0,4.51,4.07,0
DSTM-03664,D,CAT_797F_MANUAL,0,34.56,8.49,27.9,0.527,0.125,8.2,2.89,1,2.72,0.96,1
DSTM-03665,A,CAT_797F_MANUAL,0,45.58,7.99,53.74,0.71,0.2,9.5,1.27,3,4.24,2.41,1
DSTM-03666,B,CAT_797F_MANUAL,0,19.88,4.21,117.9,0.77,0.141,9.8,4.04,1,21.35,19.62,0
DSTM-03667,A,CAT_797F_MANUAL,0,40.59,10.96,27.09,0.733,0.116,10.0,1.87,3,2.8,0.95,1
DSTM-03668,A,CAT_797F_MANUAL,0,48.49,7.17,29.68,0.703,0.13,6.6,1.14,2,2.07,0.33,1
DSTM-03669,B,CAMIONETA_4x4,0,37.73,3.45,20.83,0.867,0.203,3.2,0.84,1,2.2,0.47,1
DSTM-03670,C,CAT_797F_MANUAL,0,29.11,8.66,139.01,0.939,0.39,8.3,5.94,1,18.61,16.07,0
DSTM-03671,B,CAT_797F_MANUAL,0,16.5,3.54,7.89,0.896,0.02,4.1,4.73,0,1.7,0.35,1
DSTM-03672,C,CAT_797F_MANUAL,0,38.23,8.73,9.31,0.807,0.233,8.1,6.52,0,0.69,-1.35,1
DSTM-03673,B,CAT_797F_MANUAL,0,19.45,3.6,13.63,0.896,0.069,8.9,5.26,3,2.37,0.96,1
DSTM-03674,B,PALA_PH_4100XPC,0,0.0,5.61,35.46,0.875,0.1,5.4,0.63,0,55.51,53.89,0
DSTM-03675,D,KOMATSU_930E_AHS,1,23.75,8.09,5.59,0.245,0.107,21.5,0.15,0,1.1,0.36,1
DSTM-03676,E,KOMATSU_930E_AHS,1,29.56,7.76,30.21,0.811,0.082,9.5,0.15,0,4.33,3.88,1
DSTM-03677,B,PALA_PH_4100XPC,0,0.61,2.69,49.55,0.883,0.105,4.7,2.33,2,101.2,99.76,0
DSTM-03678,C,KOMATSU_930E_AHS,1,28.07,12.25,54.99,0.96,0.086,16.2,0.15,0,7.53,7.17,0
DSTM-03679,B,CAT_797F_MANUAL,0,6.84,2.84,15.81,0.949,0.445,8.2,9.05,3,12.15,9.86,0
DSTM-03680,A,CAT_797F_MANUAL,0,38.02,12.34,61.99,0.62,0.059,2.2,3.13,2,6.41,4.41,0
DSTM-03681,D,CAT_797F_MANUAL,0,44.49,9.77,89.25,0.596,0.144,1.6,2.25,1,7.78,5.88,0
DSTM-03682,A,CAMIONETA_4x4,0,55.23,10.51,200.0,0.647,0.143,9.3,2.82,1,12.75,10.8,0
DSTM-03683,B,PALA_PH_4100XPC,0,5.14,0.48,110.28,0.919,0.228,9.9,3.44,1,109.95,108.13,0
DSTM-03684,C,CAT_797F_MANUAL,0,38.42,11.17,61.98,0.893,0.253,7.9,1.07,1,5.57,3.44,1
DSTM-03685,A,CAT_797F_MANUAL,0,43.03,11.19,50.8,0.823,0.099,8.2,2.47,1,4.19,2.39,1
DSTM-03686,A,CAT_797F_MANUAL,0,52.2,7.16,25.86,0.694,0.075,4.4,2.44,0,2.19,0.6,1
DSTM-03687,B,CAT_797F_MANUAL,0,17.38,3.12,71.03,0.996,0.129,4.7,1.1,0,16.62,15.11,0
DSTM-03688,E,KOMATSU_930E_AHS,1,24.34,7.93,41.63,0.876,0.03,8.8,0.15,0,6.21,5.8,0
DSTM-03689,C,CAT_797F_MANUAL,0,32.91,8.94,23.46,0.924,0.19,11.7,0.47,3,2.42,0.58,1
DSTM-03690,B,CAMIONETA_4x4,0,32.52,3.15,60.56,0.858,0.038,8.3,5.75,0,7.13,5.78,0
DSTM-03691,A,CAT_797F_MANUAL,0,39.09,11.75,125.23,0.795,0.35,2.8,5.13,1,11.71,9.28,0
DSTM-03692,C,CAT_797F_MANUAL,0,31.43,6.87,110.4,0.908,0.296,8.1,2.44,2,11.01,9.06,0
DSTM-03693,A,CAT_797F_MANUAL,0,45.09,10.93,137.53,0.537,0.023,9.0,4.15,4,11.17,9.35,0
DSTM-03694,C,CAT_797F_MANUAL,0,37.96,11.78,32.07,0.95,0.576,7.5,3.51,4,3.07,0.01,1
DSTM-03695,D,CAT_797F_MANUAL,0,31.61,8.3,19.02,0.279,0.088,3.3,10.79,0,1.51,-0.27,1
DSTM-03696,B,PALA_PH_4100XPC,0,2.26,2.47,55.61,0.951,0.117,3.9,3.8,2,111.16,109.5,0
DSTM-03697,B,CAT_797F_MANUAL,0,15.84,2.41,33.12,0.801,0.258,11.4,4.78,4,6.92,5.03,0
DSTM-03698,A,KOMATSU_930E_AHS,1,32.72,8.74,43.02,0.814,0.049,9.5,0.15,0,4.18,3.7,1
DSTM-03699,A,KOMATSU_930E_AHS,1,37.41,8.75,25.4,0.558,0.057,11.3,0.15,0,2.18,1.62,1
DSTM-03700,B,CAT_797F_MANUAL,0,15.85,4.94,9.25,0.813,0.088,10.8,1.0,0,1.96,0.48,1
DSTM-03701,E,KOMATSU_930E_AHS,1,33.14,13.08,88.46,0.823,0.044,12.3,0.15,0,9.24,8.83,0
DSTM-03702,A,CAMIONETA_4x4,0,48.27,8.72,50.75,0.56,0.202,8.1,4.43,2,3.55,1.48,1
DSTM-03703,C,KOMATSU_930E_AHS,1,18.76,7.89,109.25,0.955,0.058,12.0,0.15,0,18.8,18.43,0
DSTM-03704,D,CAT_797F_MANUAL,0,43.31,8.38,21.21,0.541,0.141,8.4,4.16,0,2.22,0.35,1
DSTM-03705,A,CAT_797F_MANUAL,0,48.45,9.7,8.51,0.802,0.151,2.7,10.01,2,1.2,-0.83,1
DSTM-03706,A,CAT_797F_MANUAL,0,42.55,4.52,179.81,0.644,0.106,7.8,6.32,2,14.77,13.12,0
DSTM-03707,B,CAT_797F_MANUAL,0,13.37,2.64,46.53,0.993,0.181,8.3,3.04,1,13.4,11.79,0
DSTM-03708,D,CAT_797F_MANUAL,0,47.26,8.72,51.48,0.443,0.049,5.2,3.99,2,4.69,2.93,1
DSTM-03709,B,CAT_797F_MANUAL,0,11.1,3.93,11.33,0.801,0.175,2.9,0.17,0,3.08,1.4,1
DSTM-03710,D,CAMIONETA_4x4,0,54.27,3.88,66.44,0.228,0.209,7.1,2.97,1,4.04,2.01,1
DSTM-03711,E,KOMATSU_930E_AHS,1,34.39,12.33,67.07,0.97,0.052,3.0,0.15,0,7.23,6.85,0
DSTM-03712,D,CAT_797F_MANUAL,0,30.91,6.82,63.99,0.513,0.262,9.5,2.99,2,7.24,5.12,0
DSTM-03713,E,CAMIONETA_4x4,0,40.19,11.58,21.3,0.819,0.02,6.8,1.14,2,1.88,0.25,1
DSTM-03714,D,CAMIONETA_4x4,0,45.84,10.01,13.95,0.278,0.295,8.6,2.66,1,0.99,-1.46,1
DSTM-03715,E,CAMIONETA_4x4,0,40.07,7.49,74.94,0.861,0.115,1.8,4.16,1,6.87,5.25,0
DSTM-03716,D,KOMATSU_930E_AHS,1,29.29,7.34,10.79,0.258,0.039,16.1,0.15,0,2.24,1.54,1
DSTM-03717,D,CAT_797F_MANUAL,0,35.8,8.51,81.43,0.501,0.138,4.0,1.82,0,9.23,7.29,0
DSTM-03718,D,CAT_797F_MANUAL,0,38.16,16.31,14.81,0.391,0.241,3.4,1.98,2,1.74,-0.89,1
DSTM-03719,E,CAMIONETA_4x4,0,30.81,10.31,54.39,0.819,0.141,3.4,4.96,0,6.39,4.62,0
DSTM-03720,C,CAT_797F_MANUAL,0,23.39,6.81,50.38,0.728,0.421,8.9,6.34,2,7.47,5.11,0
DSTM-03721,C,CAMIONETA_4x4,0,41.87,12.55,24.12,0.898,0.42,10.3,3.21,4,2.38,-0.31,1
DSTM-03722,C,CAT_797F_MANUAL,0,31.66,7.41,103.61,0.942,0.303,10.8,3.28,1,12.36,10.33,0
DSTM-03723,E,CAMIONETA_4x4,0,29.93,11.97,117.28,0.925,0.16,9.5,6.71,0,13.72,11.71,0
DSTM-03724,B,CAMIONETA_4x4,0,40.85,2.36,30.97,0.952,0.058,2.7,0.65,1,2.59,1.23,1
DSTM-03725,D,CAMIONETA_4x4,0,44.04,13.1,73.38,0.623,0.13,9.8,0.72,3,6.22,4.26,0
DSTM-03726,D,CAT_797F_MANUAL,0,30.18,12.04,125.17,0.273,0.138,5.9,4.37,1,15.41,13.26,0
DSTM-03727,E,KOMATSU_930E_AHS,1,28.76,10.0,58.36,0.919,0.058,12.1,0.15,0,7.06,6.68,0
DSTM-03728,A,KOMATSU_930E_AHS,1,37.38,11.4,52.02,0.812,0.029,4.0,0.15,0,4.37,3.91,1
DSTM-03729,D,CAT_797F_MANUAL,0,29.68,8.47,86.51,0.371,0.149,2.8,4.16,0,10.63,8.73,0
DSTM-03730,D,KOMATSU_930E_AHS,1,27.64,8.71,26.19,0.45,0.058,13.9,0.15,0,3.85,3.22,1
DSTM-03731,E,CAMIONETA_4x4,0,46.27,9.85,45.31,0.722,0.105,8.8,2.74,3,2.78,0.85,1
DSTM-03732,E,KOMATSU_930E_AHS,1,35.12,8.11,37.32,0.729,0.033,4.5,0.15,0,3.8,3.34,1
DSTM-03733,C,KOMATSU_930E_AHS,1,27.23,10.05,119.95,0.85,0.057,18.6,0.15,0,16.16,15.73,0
DSTM-03734,C,CAT_797F_MANUAL,0,33.71,9.96,48.79,0.81,0.156,7.6,5.74,0,4.14,2.28,1
DSTM-03735,A,CAT_797F_MANUAL,0,37.49,11.93,84.81,0.61,0.286,2.5,7.13,2,7.53,5.17,0
DSTM-03736,E,KOMATSU_930E_AHS,1,38.33,11.45,46.94,0.823,0.022,2.5,0.15,0,4.84,4.42,0
DSTM-03737,B,CAMIONETA_4x4,0,35.7,3.21,74.47,0.887,0.044,3.9,4.51,0,6.94,5.59,0
DSTM-03738,D,CAT_797F_MANUAL,0,25.37,12.67,12.36,0.44,0.118,8.9,5.75,1,2.06,-0.09,1
DSTM-03739,D,CAT_797F_MANUAL,0,31.02,6.06,47.06,0.202,0.32,1.9,1.01,3,5.48,3.1,1
DSTM-03740,B,PALA_PH_4100XPC,0,1.98,3.57,42.49,0.8,0.026,10.5,2.61,2,64.57,63.18,0
DSTM-03741,A,CAT_797F_MANUAL,0,42.21,10.64,64.8,0.59,0.238,8.6,10.1,2,5.32,3.1,1
DSTM-03742,A,CAT_797F_MANUAL,0,39.3,12.36,95.7,0.803,0.29,1.4,1.09,0,8.16,5.94,0
DSTM-03743,E,CAMIONETA_4x4,0,23.46,8.67,62.29,0.934,0.066,6.6,1.91,2,10.12,8.54,0
DSTM-03744,C,KOMATSU_930E_AHS,1,34.5,6.8,69.12,0.888,0.101,4.8,0.15,0,6.94,6.56,0
DSTM-03745,A,CAT_797F_MANUAL,0,39.34,9.43,116.61,0.573,0.234,9.7,2.75,1,10.97,9.08,0
DSTM-03746,D,CAMIONETA_4x4,0,42.94,9.83,37.91,0.487,0.069,7.3,1.94,2,2.94,1.13,1
DSTM-03747,B,CAT_797F_MANUAL,0,10.84,4.29,8.38,0.752,0.223,10.7,4.99,3,2.87,1.1,1
DSTM-03748,E,CAMIONETA_4x4,0,32.42,6.68,45.66,0.799,0.133,10.9,3.49,3,4.89,3.3,1
DSTM-03749,B,PALA_PH_4100XPC,0,2.55,3.42,11.29,0.936,0.145,9.3,6.82,1,12.08,10.52,0
DSTM-03750,A,CAT_797F_MANUAL,0,45.44,10.51,128.63,0.694,0.048,9.4,9.16,4,10.77,9.03,0
DSTM-03751,A,CAT_797F_MANUAL,0,40.09,11.41,200.0,0.75,0.231,7.0,4.23,2,18.97,16.79,0
DSTM-03752,C,CAT_797F_MANUAL,0,33.8,12.52,17.41,0.933,0.353,9.9,10.63,4,1.77,-0.69,1
DSTM-03753,C,CAT_797F_MANUAL,0,28.98,10.96,19.59,0.828,0.524,11.3,5.23,1,2.08,-0.74,1
DSTM-03754,D,CAT_797F_MANUAL,0,30.37,9.26,26.17,0.584,0.071,2.0,2.09,2,3.54,1.78,1
DSTM-03755,C,CAT_797F_MANUAL,0,31.07,9.55,5.37,0.799,0.304,8.9,1.1,2,0.77,-1.55,1
DSTM-03756,B,CAT_797F_MANUAL,0,8.7,2.68,24.23,0.773,0.079,2.6,3.83,4,7.38,5.93,0
DSTM-03757,B,CAMIONETA_4x4,0,32.54,2.65,44.24,0.879,0.295,7.1,2.65,2,4.94,3.03,1
DSTM-03758,B,CAT_797F_MANUAL,0,15.18,0.06,16.29,0.97,0.122,3.0,7.99,2,4.32,2.72,1
DSTM-03759,E,CAMIONETA_4x4,0,40.71,3.77,28.17,0.813,0.401,9.8,6.93,1,2.0,-0.15,1
DSTM-03760,A,CAT_797F_MANUAL,0,40.3,12.03,16.35,0.764,0.126,2.6,4.39,0,1.19,-0.82,1
DSTM-03761,E,KOMATSU_930E_AHS,1,36.01,8.07,26.94,0.885,0.02,2.4,0.15,0,2.54,2.14,1
DSTM-03762,B,PALA_PH_4100XPC,0,1.3,2.44,53.22,0.912,0.121,3.9,5.8,0,104.51,102.84,0
DSTM-03763,A,CAT_797F_MANUAL,0,43.3,9.15,7.59,0.599,0.02,1.9,2.39,1,0.74,-0.94,1
DSTM-03764,A,CAT_797F_MANUAL,0,36.08,14.1,197.82,0.715,0.231,4.8,5.95,1,18.83,16.56,0
DSTM-03765,A,KOMATSU_930E_AHS,1,33.84,11.1,58.72,0.786,0.038,9.1,0.15,0,6.43,5.96,0
DSTM-03766,D,KOMATSU_930E_AHS,1,25.56,6.62,109.92,0.145,0.049,16.9,0.15,0,14.85,14.1,0
DSTM-03767,C,CAT_797F_MANUAL,0,29.49,10.8,31.45,0.937,0.268,10.6,2.37,2,3.66,1.52,1
DSTM-03768,B,CAT_797F_MANUAL,0,14.36,5.02,25.62,0.812,0.106,4.2,5.14,1,6.42,4.78,0
DSTM-03769,D,KOMATSU_930E_AHS,1,26.62,6.43,29.81,0.204,0.02,4.9,0.15,0,3.91,3.18,1
DSTM-03770,C,CAT_797F_MANUAL,0,34.14,10.3,107.47,0.907,0.26,8.1,0.59,0,12.6,10.41,0
DSTM-03771,E,KOMATSU_930E_AHS,1,25.82,6.78,12.71,0.99,0.041,0.9,0.15,0,1.87,1.51,1
DSTM-03772,E,KOMATSU_930E_AHS,1,30.32,12.06,117.63,0.792,0.058,5.2,0.15,0,14.33,13.87,0
DSTM-03773,D,CAT_797F_MANUAL,0,30.36,4.24,75.19,0.248,0.076,9.4,2.22,2,9.45,7.61,0
DSTM-03774,D,KOMATSU_930E_AHS,1,27.35,8.69,64.0,0.518,0.02,21.7,0.15,0,9.07,8.46,0
DSTM-03775,D,CAT_797F_MANUAL,0,36.19,8.31,121.41,0.579,0.149,7.5,1.99,2,11.85,10.05,0
DSTM-03776,C,CAT_797F_MANUAL,0,23.26,11.38,37.96,0.928,0.689,11.4,5.95,3,6.18,3.0,1
DSTM-03777,D,KOMATSU_930E_AHS,1,35.34,9.34,58.83,0.41,0.02,13.7,0.15,0,6.17,5.52,0
DSTM-03778,A,CAT_797F_MANUAL,0,49.1,14.47,44.38,0.828,0.02,4.1,2.02,0,3.02,1.21,1
DSTM-03779,D,CAT_797F_MANUAL,0,33.29,8.1,3.27,0.4,0.163,5.3,2.23,1,0.87,-1.1,1
DSTM-03780,E,CAMIONETA_4x4,0,31.31,8.67,24.61,0.786,0.164,6.9,4.17,4,2.61,0.63,1
DSTM-03781,A,CAT_797F_MANUAL,0,42.76,8.15,22.95,0.588,0.454,6.8,11.51,2,2.02,-0.68,1
DSTM-03782,D,KOMATSU_930E_AHS,1,20.47,10.77,53.09,0.479,0.083,10.5,0.15,0,8.39,7.78,0
DSTM-03783,E,KOMATSU_930E_AHS,1,24.8,3.26,43.32,0.873,0.033,0.7,0.15,0,6.16,5.75,0
DSTM-03784,A,CAT_797F_MANUAL,0,46.39,11.35,11.24,0.755,0.223,4.2,1.38,2,1.29,-0.87,1
DSTM-03785,C,CAMIONETA_4x4,0,48.75,7.19,39.54,0.784,0.102,11.7,0.05,2,2.85,1.17,1
DSTM-03786,E,CAMIONETA_4x4,0,40.74,5.15,150.19,0.922,0.07,10.2,1.27,2,11.88,10.55,0
DSTM-03787,E,KOMATSU_930E_AHS,1,16.4,10.25,147.04,0.892,0.044,12.1,0.15,0,30.61,30.2,0
DSTM-03788,A,CAT_797F_MANUAL,0,33.73,9.18,33.71,0.593,0.065,7.4,4.92,1,3.67,2.03,1
DSTM-03789,B,CAT_797F_MANUAL,0,17.68,3.66,6.77,0.903,0.044,8.4,7.8,0,2.64,1.27,1
DSTM-03790,D,CAT_797F_MANUAL,0,31.2,6.68,4.13,0.306,0.476,7.8,5.06,4,0.63,-2.22,1
DSTM-03791,A,KOMATSU_930E_AHS,1,40.85,8.42,119.17,0.703,0.043,4.9,0.15,0,10.37,9.9,0
DSTM-03792,B,CAT_797F_MANUAL,0,16.38,3.11,28.15,0.732,0.059,7.0,4.93,1,6.6,5.07,0
DSTM-03793,A,CAT_797F_MANUAL,0,47.96,5.49,24.79,0.615,0.061,6.9,7.59,1,1.94,0.35,1
DSTM-03794,A,CAT_797F_MANUAL,0,38.01,10.58,11.29,0.657,0.069,8.1,5.98,2,0.8,-1.08,1
DSTM-03795,C,KOMATSU_930E_AHS,1,27.84,9.16,8.64,0.978,0.02,2.6,0.15,0,1.87,1.52,1
DSTM-03796,D,CAMIONETA_4x4,0,43.43,12.68,16.21,0.347,0.076,6.6,0.63,2,1.45,-0.59,1
DSTM-03797,C,CAT_797F_MANUAL,0,39.09,9.43,5.36,0.817,0.05,9.7,4.04,1,0.54,-0.96,1
DSTM-03798,D,CAT_797F_MANUAL,0,25.51,9.81,21.44,0.246,0.02,5.0,5.69,5,2.78,0.92,1
DSTM-03799,B,PALA_PH_4100XPC,0,5.14,6.82,11.78,0.897,0.139,2.3,5.5,1,17.62,16.12,0
DSTM-03800,B,PALA_PH_4100XPC,0,0.0,2.25,20.08,0.91,0.151,10.5,1.15,3,20.16,18.48,0
DSTM-03801,A,CAT_797F_MANUAL,0,38.8,9.71,17.05,0.697,0.095,9.2,0.66,0,1.22,-0.51,1
DSTM-03802,A,CAT_797F_MANUAL,0,52.77,6.84,17.5,0.791,0.061,8.9,8.97,2,1.17,-0.48,1
DSTM-03803,B,PALA_PH_4100XPC,0,0.0,3.06,4.85,0.697,0.079,7.6,4.14,2,11.3,9.75,1
DSTM-03804,A,CAT_797F_MANUAL,0,47.18,8.91,23.41,0.764,0.426,4.1,5.47,2,1.97,-0.71,1
DSTM-03805,A,CAMIONETA_4x4,0,50.37,10.74,11.66,0.7,0.024,4.8,7.47,1,0.72,-1.0,1
DSTM-03806,A,CAMIONETA_4x4,0,46.42,9.6,93.94,0.782,0.397,3.1,4.15,1,7.27,4.82,0
DSTM-03807,D,CAT_797F_MANUAL,0,36.96,14.95,4.82,0.206,0.119,11.0,1.54,2,0.73,-1.56,1
DSTM-03808,C,KOMATSU_930E_AHS,1,24.89,8.82,73.19,0.772,0.026,2.8,0.15,0,10.32,9.85,0
DSTM-03809,E,KOMATSU_930E_AHS,1,24.55,5.75,37.35,0.98,0.047,18.6,0.15,0,4.84,4.47,0
DSTM-03810,D,CAT_797F_MANUAL,0,28.21,7.71,123.98,0.399,0.137,11.1,6.16,2,15.22,13.31,0
DSTM-03811,C,CAMIONETA_4x4,0,42.9,10.74,171.37,0.814,0.047,9.8,0.45,2,14.12,12.41,0
DSTM-03812,A,CAT_797F_MANUAL,0,35.45,12.47,90.02,0.665,0.087,8.5,3.22,0,9.01,7.14,0
DSTM-03813,C,CAT_797F_MANUAL,0,29.79,6.82,89.07,0.809,0.331,9.2,4.77,1,11.21,9.1,0
DSTM-03814,A,KOMATSU_930E_AHS,1,39.76,10.29,30.74,0.691,0.032,11.1,0.15,0,2.66,2.16,1
DSTM-03815,B,PALA_PH_4100XPC,0,2.9,4.41,10.25,0.871,0.189,3.5,4.92,1,21.94,20.32,0
DSTM-03816,B,CAT_797F_MANUAL,0,12.11,3.83,13.65,0.829,0.058,5.8,1.15,1,3.19,1.74,1
DSTM-03817,B,CAT_797F_MANUAL,0,22.41,0.31,122.85,0.738,0.069,6.1,13.69,1,20.93,19.36,0
DSTM-03818,B,CAMIONETA_4x4,0,48.63,2.36,32.67,0.886,0.083,4.5,4.89,1,2.54,1.12,1
DSTM-03819,D,CAT_797F_MANUAL,0,32.03,7.2,21.56,0.481,0.167,4.0,6.21,2,2.15,0.3,1
DSTM-03820,D,CAT_797F_MANUAL,0,40.57,8.46,17.21,0.383,0.073,5.2,3.52,1,1.31,-0.62,1
DSTM-03821,D,CAT_797F_MANUAL,0,29.56,8.69,61.36,0.196,0.02,4.7,3.95,1,7.99,6.22,0
DSTM-03822,C,CAMIONETA_4x4,0,51.66,6.92,38.03,0.841,0.393,7.5,4.09,1,2.89,0.68,1
DSTM-03823,C,CAT_797F_MANUAL,0,41.66,4.53,111.2,0.861,0.257,11.4,0.62,0,9.45,7.48,0
DSTM-03824,A,KOMATSU_930E_AHS,1,46.46,8.98,48.58,0.723,0.053,9.7,0.15,0,3.66,3.2,1
DSTM-03825,D,CAT_797F_MANUAL,0,29.53,10.95,61.96,0.424,0.028,9.2,2.67,2,7.62,5.77,0
DSTM-03826,C,CAMIONETA_4x4,0,34.69,8.21,25.84,0.824,0.454,11.2,11.77,2,2.75,0.26,1
DSTM-03827,B,CAT_797F_MANUAL,0,12.78,3.15,24.74,0.929,0.106,6.7,8.44,0,6.6,5.13,0
DSTM-03828,B,CAT_797F_MANUAL,0,13.25,3.11,36.89,0.895,0.043,1.1,2.65,0,7.86,6.38,0
DSTM-03829,E,KOMATSU_930E_AHS,1,31.62,9.13,7.13,0.991,0.02,8.0,0.15,0,1.03,0.65,1
DSTM-03830,C,CAMIONETA_4x4,0,40.81,12.52,24.95,0.773,0.366,8.2,2.82,1,1.92,-0.6,1
DSTM-03831,C,KOMATSU_930E_AHS,1,24.57,12.14,46.87,0.955,0.057,23.2,0.15,0,6.61,6.23,0
DSTM-03832,C,KOMATSU_930E_AHS,1,18.14,10.49,63.77,0.791,0.063,6.3,0.15,0,12.54,12.09,0
DSTM-03833,B,PALA_PH_4100XPC,0,0.46,3.95,23.52,0.807,0.195,1.6,2.61,0,49.64,47.99,0
DSTM-03834,C,KOMATSU_930E_AHS,1,30.16,11.89,56.21,0.865,0.075,4.0,0.15,0,6.94,6.51,0
DSTM-03835,B,CAT_797F_MANUAL,0,15.89,3.43,10.18,0.868,0.074,5.6,2.23,1,1.25,-0.21,1
DSTM-03836,B,CAMIONETA_4x4,0,31.06,6.82,7.81,0.919,0.064,1.4,1.34,2,0.93,-0.52,1
DSTM-03837,D,CAT_797F_MANUAL,0,35.58,6.31,60.86,0.449,0.154,4.7,14.99,0,5.93,4.16,0
DSTM-03838,A,CAT_797F_MANUAL,0,35.11,8.85,23.76,0.624,0.161,7.9,5.37,1,2.03,0.17,1
DSTM-03839,D,CAT_797F_MANUAL,0,40.02,9.14,20.73,0.384,0.3,1.4,3.52,5,1.81,-0.53,1
DSTM-03840,B,PALA_PH_4100XPC,0,4.97,3.38,5.48,0.836,0.205,7.0,1.42,1,9.74,8.07,1
DSTM-03841,D,CAT_797F_MANUAL,0,18.08,10.84,14.14,0.359,0.171,9.5,2.8,1,2.9,0.77,1
DSTM-03842,C,CAT_797F_MANUAL,0,22.2,10.33,8.62,0.962,0.393,7.6,2.65,3,1.37,-1.0,1
DSTM-03843,D,CAT_797F_MANUAL,0,31.09,10.17,27.94,0.383,0.17,10.7,3.59,5,3.34,1.28,1
DSTM-03844,C,CAT_797F_MANUAL,0,26.14,6.04,45.0,0.768,0.277,11.6,6.58,1,5.39,3.43,1
DSTM-03845,E,CAMIONETA_4x4,0,36.08,4.79,83.75,0.953,0.196,5.2,2.42,0,7.98,6.32,0
DSTM-03846,C,CAT_797F_MANUAL,0,24.92,8.03,12.7,0.879,0.416,8.1,1.83,4,1.79,-0.74,1
DSTM-03847,D,CAT_797F_MANUAL,0,37.82,7.8,13.63,0.384,0.092,3.3,2.28,3,0.95,-0.81,1
DSTM-03848,D,CAT_797F_MANUAL,0,28.69,12.79,42.18,0.377,0.176,4.1,9.89,0,6.03,3.73,1
DSTM-03849,A,CAMIONETA_4x4,0,45.44,11.11,14.21,0.816,0.125,2.6,2.82,2,1.39,-0.5,1
DSTM-03850,B,CAT_797F_MANUAL,0,24.12,6.76,18.0,0.93,0.326,11.3,1.58,0,1.96,-0.1,1
DSTM-03851,B,PALA_PH_4100XPC,0,5.5,3.73,28.41,0.922,0.1,1.9,5.74,0,25.32,23.81,0
DSTM-03852,B,CAT_797F_MANUAL,0,17.92,4.4,3.8,0.856,0.151,5.8,1.19,0,1.81,0.2,1
DSTM-03853,B,CAMIONETA_4x4,0,34.67,4.18,18.17,0.871,0.034,8.4,1.74,0,1.92,0.5,1
DSTM-03854,B,CAT_797F_MANUAL,0,14.79,3.18,4.21,0.929,0.053,10.1,1.55,1,2.08,0.59,1
DSTM-03855,C,KOMATSU_930E_AHS,1,24.49,9.28,66.96,0.807,0.046,8.6,0.15,0,9.85,9.42,0
DSTM-03856,A,CAT_797F_MANUAL,0,39.09,6.14,29.1,0.751,0.287,10.0,5.16,0,2.52,0.57,1
DSTM-03857,D,CAMIONETA_4x4,0,34.62,7.95,18.24,0.386,0.1,4.1,8.6,1,1.94,0.14,1
DSTM-03858,B,CAT_797F_MANUAL,0,19.69,2.02,20.73,0.989,0.201,8.0,2.19,3,4.33,2.59,1
DSTM-03859,D,KOMATSU_930E_AHS,1,25.78,8.66,51.91,0.222,0.043,12.2,0.15,0,7.68,6.96,0
DSTM-03860,A,CAT_797F_MANUAL,0,41.18,13.16,31.57,0.613,0.162,2.8,4.0,0,2.46,0.44,1
DSTM-03861,C,CAMIONETA_4x4,0,26.32,4.12,29.27,0.956,0.185,8.5,2.57,2,3.94,2.3,1
DSTM-03862,A,CAT_797F_MANUAL,0,35.98,10.73,128.19,0.763,0.144,10.4,1.24,2,12.02,10.07,0
DSTM-03863,D,CAT_797F_MANUAL,0,24.93,6.15,86.4,0.335,0.035,4.7,4.32,0,11.26,9.63,0
DSTM-03864,B,CAT_797F_MANUAL,0,17.16,1.94,64.83,0.781,0.051,3.1,0.43,2,14.13,12.64,0
DSTM-03865,E,KOMATSU_930E_AHS,1,25.58,6.71,115.74,0.806,0.096,14.0,0.15,0,15.49,15.05,0
DSTM-03866,B,CAT_797F_MANUAL,0,14.6,3.28,9.15,0.884,0.02,10.3,3.4,0,2.08,0.67,1
DSTM-03867,C,KOMATSU_930E_AHS,1,24.92,8.51,22.12,0.988,0.025,14.3,0.15,0,2.42,2.06,1
DSTM-03868,B,CAT_797F_MANUAL,0,17.37,1.59,27.13,0.963,0.141,7.9,2.2,0,8.26,6.75,0
DSTM-03869,C,CAT_797F_MANUAL,0,38.18,7.35,133.94,0.888,0.218,8.6,4.31,1,12.36,10.68,0
DSTM-03870,C,CAMIONETA_4x4,0,23.92,8.56,33.9,0.936,0.457,8.5,6.05,1,4.05,1.6,1
DSTM-03871,B,CAMIONETA_4x4,0,37.63,3.31,17.26,0.999,0.297,3.8,1.56,2,1.52,-0.45,1
DSTM-03872,A,CAT_797F_MANUAL,0,39.69,4.89,59.26,0.832,0.131,10.6,1.5,0,5.36,3.74,1
DSTM-03873,A,KOMATSU_930E_AHS,1,36.81,5.97,98.86,0.77,0.052,12.5,0.15,0,9.95,9.51,0
DSTM-03874,A,CAMIONETA_4x4,0,48.68,10.67,13.79,0.785,0.385,1.9,6.49,0,0.92,-1.44,1
DSTM-03875,E,KOMATSU_930E_AHS,1,31.59,9.84,11.28,0.808,0.061,15.8,0.15,0,1.19,0.75,1
DSTM-03876,B,CAT_797F_MANUAL,0,9.35,3.86,2.0,0.968,0.279,6.3,5.73,1,1.53,-0.45,1
DSTM-03877,A,CAT_797F_MANUAL,0,40.51,6.56,129.99,0.591,0.188,10.2,6.35,1,11.42,9.53,0
DSTM-03878,E,KOMATSU_930E_AHS,1,35.35,11.83,54.06,0.936,0.073,13.9,0.15,0,4.98,4.6,0
DSTM-03879,A,CAMIONETA_4x4,0,39.36,11.36,81.23,0.739,0.219,4.7,1.38,1,7.49,5.35,0
DSTM-03880,B,PALA_PH_4100XPC,0,4.44,3.35,81.97,0.839,0.234,9.2,5.4,3,107.64,105.8,0
DSTM-03881,D,CAMIONETA_4x4,0,34.09,6.28,91.87,0.393,0.357,5.7,4.07,2,11.14,8.76,0
DSTM-03882,E,KOMATSU_930E_AHS,1,27.52,9.33,127.27,0.961,0.021,8.0,0.15,0,16.86,16.47,0
DSTM-03883,D,CAMIONETA_4x4,0,41.05,7.38,32.55,0.389,0.031,2.4,5.36,1,2.72,1.11,1
DSTM-03884,C,CAT_797F_MANUAL,0,27.85,6.23,23.21,0.814,0.184,7.7,3.62,1,2.63,0.85,1
DSTM-03885,E,KOMATSU_930E_AHS,1,26.48,11.58,21.27,0.902,0.038,9.4,0.15,0,3.24,2.85,1
DSTM-03886,A,CAT_797F_MANUAL,0,52.48,7.02,66.41,0.589,0.087,3.1,6.85,2,4.57,3.07,1
DSTM-03887,E,KOMATSU_930E_AHS,1,25.79,9.64,75.24,0.777,0.05,14.2,0.15,0,10.94,10.49,0
DSTM-03888,D,CAT_797F_MANUAL,0,23.47,9.26,10.69,0.551,0.077,8.7,6.38,0,1.01,-0.76,1
DSTM-03889,E,CAMIONETA_4x4,0,37.84,10.74,49.76,0.876,0.073,9.2,1.71,2,5.29,3.67,1
DSTM-03890,B,CAT_797F_MANUAL,0,19.02,4.16,16.87,0.896,0.074,5.7,4.74,0,3.95,2.53,1
DSTM-03891,A,CAT_797F_MANUAL,0,38.15,11.04,10.74,0.505,0.175,6.3,0.92,2,0.87,-1.26,1
DSTM-03892,D,KOMATSU_930E_AHS,1,31.1,12.76,23.43,0.564,0.087,9.6,0.15,0,2.87,2.29,1
DSTM-03893,C,CAT_797F_MANUAL,0,40.66,11.62,179.98,0.802,0.36,9.4,2.34,2,16.35,13.94,0
DSTM-03894,C,CAMIONETA_4x4,0,30.34,7.7,97.41,0.776,0.601,8.5,7.62,1,13.14,10.4,0
DSTM-03895,E,CAMIONETA_4x4,0,42.79,8.75,74.47,0.749,0.065,7.0,3.52,2,6.68,5.13,0
DSTM-03896,C,CAT_797F_MANUAL,0,38.86,6.94,90.31,0.912,0.441,10.8,2.17,0,8.08,5.73,0
DSTM-03897,B,PALA_PH_4100XPC,0,0.0,3.4,3.14,0.949,0.268,11.1,3.91,1,11.0,9.04,1
DSTM-03898,B,PALA_PH_4100XPC,0,2.2,6.54,13.26,0.941,0.157,3.1,4.11,2,30.02,28.41,0
DSTM-03899,A,KOMATSU_930E_AHS,1,37.01,8.37,51.7,0.59,0.021,22.7,0.15,0,5.28,4.72,0
DSTM-03900,A,KOMATSU_930E_AHS,1,39.47,7.86,18.76,0.724,0.07,7.1,0.15,0,2.21,1.73,1
DSTM-03901,A,KOMATSU_930E_AHS,1,38.0,8.03,9.22,0.544,0.091,3.6,0.15,0,0.9,0.33,1
DSTM-03902,D,CAT_797F_MANUAL,0,35.57,11.13,20.1,0.56,0.045,3.5,4.99,1,2.01,0.12,1
DSTM-03903,D,CAMIONETA_4x4,0,35.16,8.38,24.36,0.51,0.12,5.0,4.29,1,2.4,0.69,1
DSTM-03904,C,CAT_797F_MANUAL,0,28.92,11.45,48.48,0.933,0.084,10.5,4.92,1,5.46,3.85,1
DSTM-03905,B,CAT_797F_MANUAL,0,7.27,2.52,15.5,0.821,0.085,5.4,3.41,1,5.78,4.21,0
DSTM-03906,D,CAT_797F_MANUAL,0,24.38,10.65,37.77,0.535,0.078,8.2,1.25,3,5.59,3.79,1
DSTM-03907,D,CAT_797F_MANUAL,0,30.82,8.85,60.98,0.26,0.23,2.2,8.22,3,7.24,5.08,0
DSTM-03908,E,KOMATSU_930E_AHS,1,26.06,5.67,27.97,0.774,0.081,13.2,0.15,0,4.02,3.56,1
DSTM-03909,C,CAT_797F_MANUAL,0,35.25,9.42,10.38,0.898,0.227,11.0,7.56,2,0.95,-0.93,1
DSTM-03910,D,KOMATSU_930E_AHS,1,32.49,10.74,193.41,0.272,0.041,13.8,0.15,0,20.68,19.96,0
DSTM-03911,C,CAT_797F_MANUAL,0,25.74,8.36,200.0,0.867,0.109,8.6,3.95,1,27.52,25.8,0
DSTM-03912,C,CAT_797F_MANUAL,0,37.95,13.01,14.54,0.939,0.293,10.5,12.0,3,1.36,-0.93,1
DSTM-03913,E,KOMATSU_930E_AHS,1,23.76,12.19,88.93,0.794,0.053,16.9,0.15,0,11.63,11.18,0
DSTM-03914,B,CAT_797F_MANUAL,0,14.16,5.13,9.51,0.887,0.035,5.6,4.96,0,2.66,1.3,1
DSTM-03915,B,CAT_797F_MANUAL,0,15.64,4.08,2.0,0.816,0.193,2.5,2.28,0,0.97,-0.83,1
DSTM-03916,B,CAT_797F_MANUAL,0,14.29,4.34,12.49,0.805,0.075,11.5,4.36,1,3.92,2.38,1
DSTM-03917,C,CAT_797F_MANUAL,0,32.66,3.92,30.08,0.937,0.273,9.1,5.9,1,3.53,1.66,1
DSTM-03918,C,KOMATSU_930E_AHS,1,33.32,7.59,23.12,0.81,0.032,21.1,0.15,0,2.53,2.08,1
DSTM-03919,D,CAT_797F_MANUAL,0,25.67,9.38,47.41,0.542,0.073,8.2,2.59,1,6.28,4.62,0
DSTM-03920,B,CAMIONETA_4x4,0,41.16,4.24,27.91,0.848,0.126,4.2,4.04,1,1.92,0.33,1
DSTM-03921,A,CAT_797F_MANUAL,0,37.52,9.99,59.52,0.778,0.195,5.5,3.38,2,5.3,3.29,1
DSTM-03922,E,KOMATSU_930E_AHS,1,18.24,9.08,18.43,0.826,0.021,21.6,0.15,0,3.96,3.53,1
DSTM-03923,B,PALA_PH_4100XPC,0,2.25,4.67,10.21,0.811,0.139,10.3,2.43,1,13.72,12.08,0
DSTM-03924,E,KOMATSU_930E_AHS,1,28.91,7.88,66.51,0.821,0.043,8.9,0.15,0,7.96,7.53,0
DSTM-03925,A,CAMIONETA_4x4,0,53.54,10.42,10.34,0.619,0.167,4.8,2.35,3,0.57,-1.5,1
DSTM-03926,C,KOMATSU_930E_AHS,1,29.84,10.78,199.84,0.823,0.044,0.5,0.15,0,26.33,25.88,0
DSTM-03927,C,CAT_797F_MANUAL,0,24.51,9.79,23.33,0.884,0.14,9.6,0.62,3,2.93,1.13,1
DSTM-03928,D,CAT_797F_MANUAL,0,24.41,7.87,38.26,0.468,0.136,1.8,2.31,2,5.02,3.09,1
DSTM-03929,A,KOMATSU_930E_AHS,1,40.73,4.8,86.51,0.625,0.069,20.7,0.15,0,7.39,6.85,0
DSTM-03930,E,KOMATSU_930E_AHS,1,29.42,5.39,29.0,0.735,0.021,23.7,0.15,0,3.5,3.04,1
DSTM-03931,C,CAT_797F_MANUAL,0,35.6,7.53,106.46,0.949,0.41,10.3,2.44,0,10.26,8.02,0
DSTM-03932,C,CAT_797F_MANUAL,0,27.75,7.95,78.59,0.895,0.353,11.7,1.62,2,9.51,7.43,0
DSTM-03933,C,CAMIONETA_4x4,0,32.03,7.29,15.52,0.9,0.311,11.4,2.85,2,2.16,0.06,1
DSTM-03934,A,CAMIONETA_4x4,0,54.16,9.84,62.24,0.85,0.15,8.5,2.44,5,4.43,2.62,1
DSTM-03935,C,CAT_797F_MANUAL,0,48.72,6.43,15.52,0.892,0.378,9.4,1.55,1,1.07,-1.14,1
DSTM-03936,B,CAT_797F_MANUAL,0,12.26,2.49,121.22,0.761,0.067,11.5,4.35,3,31.58,30.11,0
DSTM-03937,B,PALA_PH_4100XPC,0,7.02,2.21,21.92,0.772,0.11,9.7,0.32,0,22.56,20.86,0
DSTM-03938,C,CAMIONETA_4x4,0,35.32,4.6,107.04,0.804,0.09,7.7,2.41,2,9.91,8.43,0
DSTM-03939,C,CAMIONETA_4x4,0,37.34,7.76,45.06,0.975,0.283,8.5,0.58,2,4.68,2.71,1
DSTM-03940,A,KOMATSU_930E_AHS,1,38.41,8.83,129.02,0.839,0.11,1.2,0.15,0,12.66,12.22,0
DSTM-03941,A,KOMATSU_930E_AHS,1,30.74,13.27,31.47,0.666,0.02,17.0,0.15,0,3.97,3.46,1
DSTM-03942,A,CAT_797F_MANUAL,0,47.26,12.41,54.68,0.856,0.155,4.9,4.7,1,4.35,2.34,1
DSTM-03943,A,KOMATSU_930E_AHS,1,35.7,6.52,107.34,0.703,0.061,6.7,0.15,0,10.68,10.2,0
DSTM-03944,C,CAT_797F_MANUAL,0,31.6,5.71,41.52,0.829,0.224,12.0,2.78,0,5.28,3.47,1
DSTM-03945,A,CAMIONETA_4x4,0,44.44,14.74,155.24,0.75,0.091,7.1,3.1,4,12.63,10.61,0
DSTM-03946,E,KOMATSU_930E_AHS,1,29.36,14.43,15.24,0.897,0.082,8.5,0.15,0,1.72,1.31,1
DSTM-03947,A,CAT_797F_MANUAL,0,45.47,8.1,10.55,0.575,0.37,1.5,3.32,2,0.78,-1.59,1
DSTM-03948,A,CAT_797F_MANUAL,0,44.49,11.53,85.06,0.781,0.043,2.1,3.5,1,7.3,5.66,0
DSTM-03949,E,CAMIONETA_4x4,0,34.11,6.6,98.26,0.886,0.086,5.7,1.13,0,9.91,8.32,0
DSTM-03950,B,CAT_797F_MANUAL,0,21.94,4.59,37.92,0.82,0.163,2.1,1.31,3,6.29,4.62,0
DSTM-03951,B,PALA_PH_4100XPC,0,0.89,2.49,40.19,0.861,0.153,10.1,4.02,0,60.76,59.18,0
DSTM-03952,E,CAMIONETA_4x4,0,41.9,7.58,14.75,0.892,0.383,8.7,6.3,1,1.3,-1.0,1
DSTM-03953,E,KOMATSU_930E_AHS,1,23.03,6.54,40.05,0.83,0.039,3.0,0.15,0,6.89,6.43,0
DSTM-03954,D,KOMATSU_930E_AHS,1,37.14,13.87,82.25,0.366,0.02,2.8,0.15,0,7.19,6.51,0
DSTM-03955,A,KOMATSU_930E_AHS,1,24.81,8.25,90.54,0.74,0.062,8.8,0.15,0,13.02,12.56,0
DSTM-03956,C,CAT_797F_MANUAL,0,33.6,5.97,97.0,1.0,0.24,8.4,4.6,1,10.49,8.67,0
DSTM-03957,E,CAMIONETA_4x4,0,28.82,10.07,78.02,0.821,0.097,2.0,5.05,0,9.14,7.52,0
DSTM-03958,E,CAMIONETA_4x4,0,35.85,6.78,194.83,0.964,0.41,2.9,1.58,2,19.14,16.88,0
DSTM-03959,A,KOMATSU_930E_AHS,1,39.44,9.07,49.92,0.634,0.048,3.3,0.15,0,5.59,5.05,0
DSTM-03960,B,CAT_797F_MANUAL,0,11.0,4.43,9.91,0.914,0.29,7.6,1.38,0,3.18,1.22,1
DSTM-03961,B,CAMIONETA_4x4,0,36.48,2.23,58.79,0.88,0.188,7.6,2.25,1,5.06,3.32,1
DSTM-03962,A,CAT_797F_MANUAL,0,40.88,8.52,20.2,0.721,0.071,2.3,2.88,3,1.55,-0.07,1
DSTM-03963,D,CAT_797F_MANUAL,0,21.33,10.39,18.05,0.362,0.104,10.7,0.71,1,2.12,0.19,1
DSTM-03964,B,CAT_797F_MANUAL,0,13.59,4.52,17.46,0.921,0.283,1.7,4.73,0,4.14,2.29,1
DSTM-03965,B,CAMIONETA_4x4,0,48.72,3.43,14.49,0.942,0.119,7.8,1.32,2,1.08,-0.36,1
DSTM-03966,A,CAMIONETA_4x4,0,42.39,7.88,55.12,0.749,0.106,6.7,1.39,1,4.31,2.83,1
DSTM-03967,C,CAMIONETA_4x4,0,24.4,12.2,87.77,0.871,0.453,10.1,4.7,1,11.74,8.93,0
DSTM-03968,A,KOMATSU_930E_AHS,1,35.57,5.26,69.61,0.589,0.031,23.5,0.15,0,6.42,5.89,0
DSTM-03969,B,CAT_797F_MANUAL,0,9.15,5.53,23.83,0.94,0.068,11.5,5.48,0,7.88,6.55,0
DSTM-03970,A,CAT_797F_MANUAL,0,31.71,9.32,102.35,0.604,0.084,8.0,2.38,1,11.12,9.4,0
DSTM-03971,E,CAMIONETA_4x4,0,38.79,4.68,3.66,0.865,0.176,1.2,2.54,1,0.72,-0.91,1
DSTM-03972,A,CAT_797F_MANUAL,0,47.81,10.25,117.01,0.828,0.176,6.8,3.13,1,8.82,6.87,0
DSTM-03973,C,CAT_797F_MANUAL,0,25.64,5.74,32.44,0.932,0.174,10.0,1.24,0,5.13,3.47,1
DSTM-03974,A,KOMATSU_930E_AHS,1,38.3,10.9,15.96,0.829,0.041,6.8,0.15,0,1.78,1.34,1
DSTM-03975,A,CAMIONETA_4x4,0,47.21,9.31,11.65,0.566,0.094,4.7,3.48,0,0.81,-1.01,1
DSTM-03976,A,KOMATSU_930E_AHS,1,26.68,7.8,126.25,0.597,0.091,17.1,0.15,0,14.41,13.84,0
DSTM-03977,A,CAT_797F_MANUAL,0,49.03,9.01,55.1,0.654,0.342,1.6,11.39,1,3.82,1.55,1
DSTM-03978,A,CAT_797F_MANUAL,0,52.47,8.39,17.33,0.597,0.089,2.8,0.8,0,1.24,-0.34,1
DSTM-03979,C,KOMATSU_930E_AHS,1,30.94,11.24,38.82,0.784,0.107,3.6,0.15,0,4.99,4.53,0
DSTM-03980,D,CAT_797F_MANUAL,0,30.14,4.74,70.73,0.223,0.128,9.9,1.5,0,8.6,6.67,0
DSTM-03981,A,KOMATSU_930E_AHS,1,37.82,7.74,200.0,0.61,0.025,7.8,0.15,0,20.15,19.61,0
DSTM-03982,B,CAT_797F_MANUAL,0,10.93,4.07,17.34,0.872,0.411,3.7,12.41,0,3.04,0.76,1
DSTM-03983,C,CAT_797F_MANUAL,0,25.64,5.75,33.79,0.951,0.333,7.9,5.84,2,4.76,2.75,1
DSTM-03984,A,CAMIONETA_4x4,0,63.06,9.54,18.4,0.771,0.088,5.7,10.17,1,1.27,-0.48,1
DSTM-03985,B,CAT_797F_MANUAL,0,13.17,3.97,59.43,0.899,0.174,4.4,6.84,2,19.39,17.76,0
DSTM-03986,A,CAT_797F_MANUAL,0,49.01,11.96,25.01,0.765,0.032,1.3,1.74,1,1.85,0.09,1
DSTM-03987,A,CAMIONETA_4x4,0,53.37,8.71,199.88,0.808,0.03,7.8,1.62,2,13.68,12.18,0
DSTM-03988,C,CAT_797F_MANUAL,0,28.61,11.57,7.31,0.735,0.319,9.3,4.84,2,1.04,-1.29,1
DSTM-03989,E,KOMATSU_930E_AHS,1,27.08,5.45,62.02,0.816,0.062,12.9,0.15,0,6.71,6.23,0
DSTM-03990,E,CAMIONETA_4x4,0,28.29,9.1,25.53,0.971,0.089,6.4,2.17,0,3.33,1.76,1
DSTM-03991,E,KOMATSU_930E_AHS,1,22.03,4.57,113.62,0.805,0.056,1.0,0.15,0,18.6,18.15,0
DSTM-03992,B,CAT_797F_MANUAL,0,10.9,4.19,4.98,0.966,0.056,10.2,0.68,1,2.64,1.3,1
DSTM-03993,A,CAT_797F_MANUAL,0,43.3,10.12,147.19,0.647,0.043,7.0,1.23,1,12.64,10.88,0
DSTM-03994,B,PALA_PH_4100XPC,0,6.3,2.25,114.53,0.732,0.048,6.9,2.57,2,118.9,117.48,0
DSTM-03995,A,CAMIONETA_4x4,0,54.24,7.98,16.45,0.636,0.049,2.4,4.13,1,1.15,-0.45,1
DSTM-03996,A,KOMATSU_930E_AHS,1,32.4,10.06,31.33,0.773,0.053,19.1,0.15,0,2.87,2.43,1
DSTM-03997,A,CAMIONETA_4x4,0,54.71,7.33,13.69,0.628,0.195,5.8,3.62,0,1.22,-0.63,1
DSTM-03998,C,CAMIONETA_4x4,0,38.52,7.12,37.03,0.916,0.264,9.1,4.45,2,3.66,1.79,1
DSTM-03999,B,CAMIONETA_4x4,0,45.45,2.77,29.74,0.917,0.185,6.5,5.05,0,2.14,0.51,1
DSTM-04000,A,CAT_797F_MANUAL,0,42.18,7.53,79.52,0.741,0.363,4.6,2.2,1,6.58,4.22,0
DSTM-04001,D,KOMATSU_930E_AHS,1,25.32,8.81,88.99,0.539,0.048,11.5,0.15,0,11.88,11.3,0
DSTM-04002,B,PALA_PH_4100XPC,0,0.0,3.79,79.42,0.886,0.036,10.9,1.73,0,151.93,150.51,0
DSTM-04003,E,KOMATSU_930E_AHS,1,25.9,7.66,15.49,0.936,0.026,9.4,0.15,0,2.29,1.89,1
DSTM-04004,A,CAMIONETA_4x4,0,50.7,9.29,38.49,0.545,0.043,8.9,1.88,1,3.11,1.4,1
DSTM-04005,C,CAT_797F_MANUAL,0,28.11,10.92,109.86,0.907,0.109,7.8,1.47,1,13.44,11.65,0
DSTM-04006,A,CAT_797F_MANUAL,0,44.68,10.2,107.1,0.584,0.207,1.9,0.66,1,8.74,6.62,0
DSTM-04007,C,KOMATSU_930E_AHS,1,37.61,7.24,49.51,0.961,0.023,6.3,0.15,0,4.83,4.46,0
DSTM-04008,A,CAT_797F_MANUAL,0,37.13,10.02,18.57,0.716,0.363,9.8,8.88,3,2.16,-0.25,1
DSTM-04009,A,KOMATSU_930E_AHS,1,45.19,8.09,152.68,0.733,0.02,13.2,0.15,0,12.5,11.99,0
DSTM-04010,C,KOMATSU_930E_AHS,1,19.99,5.52,85.96,0.871,0.02,2.9,0.15,0,14.61,14.22,0
DSTM-04011,B,PALA_PH_4100XPC,0,0.49,7.62,2.67,0.987,0.194,10.3,2.97,0,6.34,4.58,1
DSTM-04012,A,KOMATSU_930E_AHS,1,42.26,12.82,107.63,0.666,0.06,12.0,0.15,0,8.99,8.46,0
DSTM-04013,E,KOMATSU_930E_AHS,1,37.0,8.58,18.15,0.746,0.028,22.9,0.15,0,1.79,1.34,1
DSTM-04014,A,CAT_797F_MANUAL,0,35.02,7.9,53.43,0.723,0.2,4.7,0.93,2,5.61,3.72,1
DSTM-04015,C,CAT_797F_MANUAL,0,33.6,8.04,72.56,0.839,0.53,8.4,8.99,0,7.73,5.12,0
DSTM-04016,C,KOMATSU_930E_AHS,1,27.51,8.67,10.01,0.837,0.062,3.1,0.15,0,1.49,1.05,1
DSTM-04017,B,CAT_797F_MANUAL,0,13.91,1.77,12.51,0.931,0.084,8.2,1.73,1,2.59,1.24,1
DSTM-04018,C,CAT_797F_MANUAL,0,29.33,10.07,17.01,0.933,0.335,9.7,3.38,2,2.08,-0.19,1
DSTM-04019,A,KOMATSU_930E_AHS,1,35.39,11.09,53.59,0.665,0.086,15.3,0.15,0,5.06,4.54,0
DSTM-04020,D,CAT_797F_MANUAL,0,33.27,11.18,19.96,0.258,0.056,1.6,1.31,0,2.35,0.44,1
DSTM-04021,A,CAT_797F_MANUAL,0,37.33,7.8,10.09,0.702,0.249,3.9,1.22,2,0.77,-1.27,1
DSTM-04022,A,KOMATSU_930E_AHS,1,37.08,11.46,29.98,0.716,0.026,8.3,0.15,0,3.06,2.58,1
DSTM-04023,B,CAT_797F_MANUAL,0,19.9,4.1,18.42,0.976,0.15,1.4,1.14,1,3.38,1.77,1
DSTM-04024,E,KOMATSU_930E_AHS,1,26.13,4.9,24.71,0.864,0.02,18.6,0.15,0,3.21,2.79,1
DSTM-04025,D,CAT_797F_MANUAL,0,45.12,8.36,125.8,0.394,0.221,7.2,0.87,1,9.25,7.07,0
DSTM-04026,E,KOMATSU_930E_AHS,1,35.67,6.96,28.78,0.76,0.046,15.5,0.15,0,2.73,2.25,1
DSTM-04027,D,CAT_797F_MANUAL,0,23.97,9.82,32.42,0.527,0.149,4.2,3.76,3,4.4,2.48,1
DSTM-04028,D,CAT_797F_MANUAL,0,23.29,7.47,4.01,0.355,0.223,6.2,1.97,2,1.13,-1.01,1
DSTM-04029,C,CAMIONETA_4x4,0,31.2,10.08,74.29,0.953,0.37,9.1,0.94,3,8.9,6.56,0
DSTM-04030,E,CAMIONETA_4x4,0,34.59,12.28,59.08,0.993,0.271,3.2,5.4,2,6.15,3.93,1
DSTM-04031,C,CAT_797F_MANUAL,0,26.84,8.92,9.66,0.934,0.439,10.3,6.48,1,1.59,-0.82,1
DSTM-04032,B,CAT_797F_MANUAL,0,11.47,4.6,126.15,0.745,0.078,5.0,6.2,1,39.33,37.91,0
DSTM-04033,C,KOMATSU_930E_AHS,1,22.53,9.79,70.77,0.839,0.029,3.6,0.15,0,12.26,11.83,0
DSTM-04034,C,CAT_797F_MANUAL,0,31.65,7.06,26.85,0.925,0.138,11.7,6.02,0,3.81,2.19,1
DSTM-04035,A,CAT_797F_MANUAL,0,39.34,12.73,8.66,0.764,0.269,9.6,3.77,0,0.95,-1.19,1
DSTM-04036,B,PALA_PH_4100XPC,0,0.49,2.43,73.67,0.887,0.285,4.5,7.26,1,114.01,111.98,0
DSTM-04037,B,PALA_PH_4100XPC,0,2.11,1.86,27.85,0.737,0.03,9.4,1.22,1,44.54,43.06,0
DSTM-04038,D,CAMIONETA_4x4,0,39.55,8.23,39.56,0.367,0.097,10.4,5.53,3,3.98,2.22,1
DSTM-04039,B,CAT_797F_MANUAL,0,12.87,5.05,6.57,1.0,0.02,5.4,4.98,0,2.26,0.95,1
DSTM-04040,D,CAT_797F_MANUAL,0,30.64,9.34,114.61,0.369,0.053,3.7,1.48,3,12.97,11.17,0
DSTM-04041,B,CAMIONETA_4x4,0,41.5,3.91,8.34,0.805,0.062,5.6,4.21,1,0.75,-0.64,1
DSTM-04042,D,CAT_797F_MANUAL,0,29.87,11.9,45.14,0.561,0.204,5.2,2.45,1,5.5,3.22,1
DSTM-04043,A,CAT_797F_MANUAL,0,45.76,11.46,199.34,0.586,0.156,10.5,3.42,2,15.02,12.87,0
DSTM-04044,E,CAMIONETA_4x4,0,42.46,12.8,20.39,0.974,0.117,4.0,4.67,1,1.53,-0.29,1
DSTM-04045,C,CAT_797F_MANUAL,0,22.85,7.07,40.15,0.942,0.169,9.1,4.69,0,5.95,4.41,0
DSTM-04046,B,PALA_PH_4100XPC,0,1.45,4.0,20.33,0.797,0.096,11.1,2.25,2,16.97,15.41,0
DSTM-04047,A,CAT_797F_MANUAL,0,47.18,10.23,79.77,0.734,0.23,2.4,4.71,3,6.12,4.08,0
DSTM-04048,B,CAT_797F_MANUAL,0,15.72,2.68,4.02,0.905,0.095,7.5,0.64,1,0.84,-0.54,1
DSTM-04049,B,PALA_PH_4100XPC,0,6.28,0.25,2.0,1.0,0.184,2.1,3.87,0,4.37,2.74,1
DSTM-04050,D,CAMIONETA_4x4,0,40.08,5.8,20.02,0.399,0.149,1.7,8.46,1,2.12,0.26,1
DSTM-04051,E,KOMATSU_930E_AHS,1,21.69,9.01,31.52,1.0,0.067,21.7,0.15,0,5.32,4.96,0
DSTM-04052,D,CAT_797F_MANUAL,0,30.81,5.63,92.61,0.465,0.103,6.6,2.21,3,11.06,9.38,0
DSTM-04053,C,CAT_797F_MANUAL,0,37.43,6.27,69.05,0.864,0.095,11.4,0.88,1,6.8,5.17,0
DSTM-04054,B,PALA_PH_4100XPC,0,0.83,2.01,24.59,0.994,0.136,6.9,1.4,2,45.37,43.8,0
DSTM-04055,D,CAT_797F_MANUAL,0,36.96,9.41,39.45,0.597,0.162,5.2,5.16,3,3.85,1.8,1
DSTM-04056,D,CAMIONETA_4x4,0,50.5,6.02,12.96,0.261,0.163,4.0,2.41,3,0.98,-1.04,1
DSTM-04057,B,PALA_PH_4100XPC,0,1.0,2.1,63.26,0.974,0.113,6.8,4.53,0,78.85,77.38,0
DSTM-04058,E,KOMATSU_930E_AHS,1,26.3,4.73,155.76,0.835,0.048,4.4,0.15,0,21.48,21.05,0
DSTM-04059,B,CAT_797F_MANUAL,0,10.93,3.66,19.95,0.815,0.055,2.7,9.53,0,5.61,4.18,0
DSTM-04060,D,CAMIONETA_4x4,0,36.28,9.04,14.65,0.254,0.13,2.4,5.67,1,1.32,-0.69,1
DSTM-04061,E,KOMATSU_930E_AHS,1,30.08,9.66,21.85,0.937,0.045,12.1,0.15,0,2.7,2.34,1
DSTM-04062,D,CAMIONETA_4x4,0,43.2,11.03,76.66,0.217,0.04,3.4,0.59,5,6.31,4.39,0
DSTM-04063,A,CAMIONETA_4x4,0,51.19,11.21,86.56,0.809,0.154,7.8,4.33,0,6.07,4.2,0
DSTM-04064,C,CAT_797F_MANUAL,0,27.2,12.35,200.0,0.793,0.211,7.8,0.6,2,28.8,26.73,0
DSTM-04065,A,CAT_797F_MANUAL,0,36.67,11.1,16.99,0.779,0.02,8.1,0.94,1,1.25,-0.47,1
DSTM-04066,D,CAT_797F_MANUAL,0,33.37,6.32,24.42,0.605,0.181,9.2,3.01,1,2.5,0.61,1
DSTM-04067,B,CAT_797F_MANUAL,0,20.5,3.35,5.64,0.952,0.223,5.1,4.19,0,1.36,-0.36,1
DSTM-04068,D,CAT_797F_MANUAL,0,30.36,5.96,49.89,0.278,0.033,4.4,6.23,1,5.68,4.02,0
DSTM-04069,E,CAMIONETA_4x4,0,35.77,8.38,49.0,0.866,0.062,3.8,10.91,0,4.71,3.24,1
DSTM-04070,A,CAT_797F_MANUAL,0,35.69,10.67,150.05,0.924,0.237,5.6,4.57,0,14.92,12.85,0
DSTM-04071,B,PALA_PH_4100XPC,0,3.45,2.4,67.25,0.834,0.235,8.9,4.02,1,69.62,67.77,0
DSTM-04072,C,CAT_797F_MANUAL,0,24.36,2.85,11.26,0.963,0.329,9.6,2.66,2,1.14,-0.82,1
DSTM-04073,B,PALA_PH_4100XPC,0,4.75,4.94,34.49,0.969,0.05,9.4,0.94,1,65.63,64.29,0
DSTM-04074,A,CAT_797F_MANUAL,0,46.8,7.88,160.98,0.576,0.145,2.6,1.31,0,13.51,11.79,0
DSTM-04075,A,CAT_797F_MANUAL,0,35.85,7.78,126.19,0.73,0.099,4.8,2.89,1,12.33,10.62,0
DSTM-04076,B,PALA_PH_4100XPC,0,5.48,2.08,23.36,0.974,0.087,9.9,1.82,0,48.03,46.55,0
DSTM-04077,C,CAT_797F_MANUAL,0,32.07,7.54,10.37,0.885,0.444,7.7,4.59,2,0.94,-1.39,1
DSTM-04078,C,CAT_797F_MANUAL,0,42.41,10.43,54.11,0.972,0.35,11.4,0.37,1,5.08,2.76,1
DSTM-04079,A,CAT_797F_MANUAL,0,42.93,12.47,11.78,0.708,0.211,8.1,0.62,0,1.15,-1.08,1
DSTM-04080,C,CAT_797F_MANUAL,0,29.55,7.85,20.48,0.996,0.33,10.8,5.13,4,2.76,0.68,1
DSTM-04081,B,CAT_797F_MANUAL,0,9.03,6.33,43.48,0.78,0.137,2.1,5.9,1,17.06,15.31,0
DSTM-04082,B,CAT_797F_MANUAL,0,19.93,1.37,25.7,0.799,0.135,1.1,5.96,0,4.37,2.6,1
DSTM-04083,D,KOMATSU_930E_AHS,1,26.64,3.98,38.62,0.332,0.068,20.6,0.15,0,4.76,4.04,0
DSTM-04084,B,CAMIONETA_4x4,0,31.73,2.77,30.61,0.813,0.22,1.1,8.52,4,3.21,1.25,1
DSTM-04085,C,KOMATSU_930E_AHS,1,26.85,10.92,21.16,0.79,0.037,1.5,0.15,0,2.53,2.07,1
DSTM-04086,E,KOMATSU_930E_AHS,1,20.48,11.14,48.99,0.866,0.046,12.6,0.15,0,6.55,6.12,0
DSTM-04087,C,KOMATSU_930E_AHS,1,32.67,11.79,59.01,1.0,0.048,19.8,0.15,0,6.77,6.4,0
DSTM-04088,C,CAT_797F_MANUAL,0,22.58,11.79,37.41,0.919,0.203,8.0,2.15,0,6.38,4.42,0
DSTM-04089,A,KOMATSU_930E_AHS,1,33.95,9.96,60.38,0.714,0.067,16.2,0.15,0,6.14,5.66,0
DSTM-04090,A,CAT_797F_MANUAL,0,50.57,10.79,134.29,0.558,0.068,9.4,3.51,1,9.72,7.95,0
DSTM-04091,A,CAT_797F_MANUAL,0,42.49,10.44,106.13,0.598,0.093,10.8,1.18,3,8.97,7.14,0
DSTM-04092,D,CAT_797F_MANUAL,0,44.11,10.85,23.54,0.521,0.02,9.5,1.69,0,1.71,-0.11,1
DSTM-04093,D,KOMATSU_930E_AHS,1,24.8,8.53,200.0,0.251,0.031,13.7,0.15,0,32.07,31.36,0
DSTM-04094,A,KOMATSU_930E_AHS,1,34.67,9.39,41.9,0.749,0.14,9.0,0.15,0,4.65,4.19,0
DSTM-04095,A,CAT_797F_MANUAL,0,44.32,7.11,9.08,0.63,0.139,10.9,4.04,2,0.71,-1.03,1
DSTM-04096,B,CAT_797F_MANUAL,0,8.45,2.11,87.51,0.948,0.193,2.0,0.71,3,33.68,32.03,0
DSTM-04097,C,CAT_797F_MANUAL,0,33.08,10.65,36.01,0.758,0.124,9.6,4.93,1,4.04,2.18,1
DSTM-04098,C,CAT_797F_MANUAL,0,34.79,7.07,25.47,0.809,0.194,9.1,1.89,3,2.44,0.69,1
DSTM-04099,D,CAT_797F_MANUAL,0,35.76,11.97,33.81,0.518,0.034,2.9,3.56,0,2.79,0.98,1
DSTM-04100,E,CAMIONETA_4x4,0,32.27,6.01,24.43,0.864,0.107,4.3,1.82,2,3.2,1.63,1
DSTM-04101,B,PALA_PH_4100XPC,0,0.62,5.16,7.09,0.855,0.25,7.2,7.16,4,22.76,21.0,0
DSTM-04102,D,CAT_797F_MANUAL,0,20.09,12.24,28.54,0.316,0.161,2.1,0.95,3,5.65,3.52,1
DSTM-04103,C,CAMIONETA_4x4,0,34.95,13.46,36.28,0.828,0.22,9.4,2.0,3,3.95,1.71,1
DSTM-04104,B,PALA_PH_4100XPC,0,3.56,5.19,2.0,0.952,0.283,9.9,1.01,1,3.74,1.82,1
DSTM-04105,E,CAMIONETA_4x4,0,42.39,9.51,45.38,0.744,0.208,4.1,8.79,1,3.68,1.68,1
DSTM-04106,A,CAT_797F_MANUAL,0,41.65,7.26,10.78,0.621,0.096,9.8,1.97,1,1.17,-0.53,1
DSTM-04107,D,CAT_797F_MANUAL,0,33.54,4.78,36.36,0.442,0.338,6.2,7.94,2,3.8,1.48,1
DSTM-04108,D,KOMATSU_930E_AHS,1,19.62,4.41,139.39,0.447,0.056,18.3,0.15,0,24.9,24.28,0
DSTM-04109,E,KOMATSU_930E_AHS,1,22.63,5.75,49.36,0.755,0.076,22.1,0.15,0,8.44,7.98,0
DSTM-04110,C,CAT_797F_MANUAL,0,32.64,8.2,16.85,0.875,0.401,10.3,5.15,2,1.92,-0.37,1
DSTM-04111,B,CAT_797F_MANUAL,0,16.32,3.27,133.69,0.89,0.044,5.3,4.0,0,28.44,27.01,0
DSTM-04112,D,CAT_797F_MANUAL,0,30.14,6.93,188.82,0.548,0.047,11.4,2.79,1,22.51,20.83,0
DSTM-04113,D,CAT_797F_MANUAL,0,33.54,13.39,15.0,0.315,0.077,9.8,1.21,1,1.38,-0.77,1
DSTM-04114,C,CAMIONETA_4x4,0,40.43,13.92,13.44,1.0,0.161,9.3,9.85,1,1.72,-0.35,1
DSTM-04115,D,CAMIONETA_4x4,0,30.07,5.6,44.97,0.451,0.063,6.8,2.09,4,5.3,3.67,1
DSTM-04116,B,CAT_797F_MANUAL,0,16.76,5.88,10.68,1.0,0.096,3.2,4.31,2,1.99,0.56,1
DSTM-04117,C,CAT_797F_MANUAL,0,25.86,8.86,119.94,0.965,0.453,9.2,6.53,4,17.78,15.32,0
DSTM-04118,E,KOMATSU_930E_AHS,1,20.53,14.41,28.09,0.983,0.039,10.3,0.15,0,5.12,4.77,0
DSTM-04119,B,CAT_797F_MANUAL,0,11.66,3.68,101.9,0.753,0.086,6.7,2.93,2,38.09,36.6,0
DSTM-04120,C,CAT_797F_MANUAL,0,22.61,8.43,114.37,0.826,0.518,8.8,3.46,1,17.27,14.66,0
DSTM-04121,E,CAMIONETA_4x4,0,48.84,7.28,47.69,0.778,0.098,8.6,0.6,3,3.36,1.82,1
DSTM-04122,D,CAT_797F_MANUAL,0,31.96,8.08,70.16,0.522,0.057,2.3,8.22,2,8.08,6.43,0
DSTM-04123,E,KOMATSU_930E_AHS,1,25.39,13.89,6.64,0.924,0.037,20.7,0.15,0,0.9,0.5,1
DSTM-04124,B,PALA_PH_4100XPC,0,0.0,3.95,7.32,0.796,0.284,6.0,1.26,0,14.51,12.52,0
DSTM-04125,E,KOMATSU_930E_AHS,1,28.83,6.01,83.9,0.866,0.089,20.0,0.15,0,11.36,10.96,0
DSTM-04126,A,CAT_797F_MANUAL,0,46.51,6.84,99.39,0.595,0.181,6.0,3.2,3,7.89,6.02,0
DSTM-04127,C,CAMIONETA_4x4,0,45.95,6.89,62.97,0.957,0.226,10.7,4.38,0,4.48,2.62,1
DSTM-04128,C,CAT_797F_MANUAL,0,35.87,6.5,7.15,1.0,0.247,8.8,1.73,3,0.65,-1.09,1
DSTM-04129,D,CAT_797F_MANUAL,0,36.92,9.25,26.66,0.421,0.037,5.4,1.78,4,2.45,0.73,1
DSTM-04130,E,CAMIONETA_4x4,0,27.7,7.64,53.85,0.885,0.076,1.5,4.42,3,7.05,5.61,0
DSTM-04131,D,CAMIONETA_4x4,0,31.03,9.75,15.02,0.331,0.055,7.7,1.39,2,2.22,0.42,1
DSTM-04132,C,CAT_797F_MANUAL,0,36.69,9.47,81.77,0.966,0.462,8.8,5.82,0,8.9,6.42,0
DSTM-04133,B,CAMIONETA_4x4,0,42.46,3.87,43.52,0.849,0.101,1.5,2.54,1,3.71,2.21,1
DSTM-04134,C,CAT_797F_MANUAL,0,17.11,12.04,35.0,0.831,0.175,7.9,5.87,0,6.71,4.77,0
DSTM-04135,C,CAT_797F_MANUAL,0,33.02,10.45,30.67,0.798,0.472,9.8,3.81,4,3.71,1.12,1
DSTM-04136,A,CAT_797F_MANUAL,0,51.2,10.36,18.21,0.764,0.12,8.8,1.79,2,1.17,-0.6,1
DSTM-04137,C,CAT_797F_MANUAL,0,23.24,7.9,32.8,0.835,0.183,8.9,1.91,1,4.17,2.37,1
DSTM-04138,E,KOMATSU_930E_AHS,1,19.97,5.65,41.79,0.868,0.021,13.6,0.15,0,7.04,6.61,0
DSTM-04139,D,CAT_797F_MANUAL,0,29.01,12.26,94.97,0.429,0.271,10.0,4.82,5,11.78,9.25,0
DSTM-04140,D,CAT_797F_MANUAL,0,32.99,11.94,137.03,0.264,0.197,7.0,4.17,1,15.37,13.22,0
DSTM-04141,B,PALA_PH_4100XPC,0,5.65,5.42,15.51,0.951,0.103,6.3,3.8,1,23.8,22.33,0
DSTM-04142,C,CAT_797F_MANUAL,0,26.58,10.53,83.84,0.827,0.162,10.5,2.1,4,10.03,8.0,0
DSTM-04143,A,CAMIONETA_4x4,0,50.18,11.92,21.99,0.623,0.33,2.2,4.52,1,1.61,-0.77,1
DSTM-04144,B,PALA_PH_4100XPC,0,2.83,1.22,19.22,0.844,0.087,11.4,2.85,1,26.55,25.06,0
DSTM-04145,C,CAT_797F_MANUAL,0,30.57,6.61,197.51,0.995,0.224,9.1,0.8,1,23.22,21.4,0
DSTM-04146,B,CAMIONETA_4x4,0,34.24,1.21,75.34,0.876,0.219,7.4,5.41,1,7.95,6.06,0
DSTM-04147,A,CAT_797F_MANUAL,0,44.38,10.46,67.25,0.919,0.218,9.5,3.53,5,5.73,3.63,1
DSTM-04148,D,KOMATSU_930E_AHS,1,34.15,6.36,75.38,0.463,0.071,16.3,0.15,0,8.48,7.87,0
DSTM-04149,B,PALA_PH_4100XPC,0,7.25,3.07,6.52,0.778,0.233,5.0,1.24,1,11.65,9.83,0
DSTM-04150,B,PALA_PH_4100XPC,0,2.3,5.82,8.13,0.889,0.149,7.7,3.91,1,12.21,10.65,0
DSTM-04151,A,CAT_797F_MANUAL,0,53.49,10.56,196.67,0.861,0.044,9.8,2.96,1,14.2,12.51,0
DSTM-04152,C,CAT_797F_MANUAL,0,46.11,10.42,18.61,0.932,0.369,10.9,1.48,2,1.47,-0.98,1
DSTM-04153,B,PALA_PH_4100XPC,0,0.51,5.62,17.78,0.94,0.141,10.0,2.64,1,33.01,31.44,0
DSTM-04154,C,CAT_797F_MANUAL,0,30.33,13.34,135.98,1.0,0.146,9.7,1.87,0,14.56,12.67,0
DSTM-04155,C,CAT_797F_MANUAL,0,36.54,6.64,97.63,0.861,0.352,8.1,3.39,4,10.11,7.96,0
DSTM-04156,A,CAT_797F_MANUAL,0,37.5,11.18,3.71,0.789,0.025,4.0,0.61,4,1.13,-0.64,1
DSTM-04157,E,KOMATSU_930E_AHS,1,29.65,9.44,143.08,0.814,0.073,4.0,0.15,0,17.55,17.13,0
DSTM-04158,A,CAT_797F_MANUAL,0,39.69,9.13,14.09,0.741,0.02,1.5,5.88,1,0.9,-0.77,1
DSTM-04159,C,CAT_797F_MANUAL,0,32.34,6.73,24.98,0.881,0.377,9.9,1.03,4,2.05,-0.2,1
DSTM-04160,A,CAT_797F_MANUAL,0,38.28,12.12,87.07,0.644,0.149,8.6,2.25,1,7.69,5.64,0
DSTM-04161,C,KOMATSU_930E_AHS,1,26.96,8.49,47.09,0.917,0.07,1.3,0.15,0,6.46,6.05,0
DSTM-04162,B,CAT_797F_MANUAL,0,12.04,2.08,14.93,0.866,0.02,10.7,4.64,0,4.6,3.21,1
DSTM-04163,E,KOMATSU_930E_AHS,1,29.33,9.77,51.26,0.751,0.074,9.4,0.15,0,5.75,5.28,0
DSTM-04164,B,PALA_PH_4100XPC,0,1.78,3.78,76.0,0.941,0.274,6.3,6.08,1,152.97,151.14,0
DSTM-04165,C,CAT_797F_MANUAL,0,27.29,9.64,11.07,0.98,0.164,12.0,7.46,1,1.72,0.01,1
DSTM-04166,A,KOMATSU_930E_AHS,1,43.22,13.11,17.13,0.83,0.046,13.2,0.15,0,1.13,0.69,1
DSTM-04167,A,CAT_797F_MANUAL,0,42.13,9.54,28.88,0.82,0.225,7.4,5.16,0,3.5,1.54,1
DSTM-04168,B,CAT_797F_MANUAL,0,15.52,3.9,22.53,1.0,0.067,9.4,3.97,0,5.27,3.85,1
DSTM-04169,C,CAT_797F_MANUAL,0,25.95,2.49,56.87,0.977,0.147,8.3,5.54,4,8.03,6.52,0
DSTM-04170,C,CAT_797F_MANUAL,0,33.75,12.9,119.44,0.805,0.157,10.9,4.19,1,14.12,12.18,0
DSTM-04171,E,KOMATSU_930E_AHS,1,31.79,5.35,36.43,0.772,0.041,4.2,0.15,0,3.52,3.05,1
DSTM-04172,D,KOMATSU_930E_AHS,1,19.32,11.2,22.58,0.188,0.071,17.8,0.15,0,4.29,3.55,1
DSTM-04173,E,CAMIONETA_4x4,0,46.39,6.7,92.31,0.812,0.076,8.4,1.24,0,6.52,5.11,0
DSTM-04174,B,CAT_797F_MANUAL,0,9.87,4.04,12.93,0.929,0.15,5.2,9.27,1,4.94,3.3,1
DSTM-04175,D,KOMATSU_930E_AHS,1,27.1,9.01,11.66,0.396,0.02,17.3,0.15,0,0.96,0.3,1
DSTM-04176,C,CAMIONETA_4x4,0,22.66,9.43,3.03,0.861,0.218,10.0,1.79,1,1.29,-0.63,1
DSTM-04177,C,CAMIONETA_4x4,0,35.38,11.81,29.16,0.988,0.02,9.5,0.82,1,3.23,1.5,1
DSTM-04178,E,CAMIONETA_4x4,0,22.03,11.8,9.71,0.768,0.202,10.9,5.15,0,2.36,0.39,1
DSTM-04179,D,KOMATSU_930E_AHS,1,36.68,10.51,66.96,0.222,0.067,17.9,0.15,0,6.34,5.59,0
DSTM-04180,E,CAMIONETA_4x4,0,34.84,14.14,52.12,0.93,0.097,4.9,2.16,1,5.98,4.07,0
DSTM-04181,D,CAT_797F_MANUAL,0,25.3,7.45,67.95,0.505,0.236,1.8,5.15,2,8.64,6.62,0
DSTM-04182,A,CAMIONETA_4x4,0,53.39,9.11,10.74,0.766,0.028,3.2,6.37,0,0.73,-0.83,1
DSTM-04183,D,KOMATSU_930E_AHS,1,25.92,10.7,15.5,0.479,0.08,7.2,0.15,0,1.79,1.17,1
DSTM-04184,C,CAMIONETA_4x4,0,26.87,9.23,18.62,0.909,0.352,8.2,2.42,2,2.45,0.21,1
DSTM-04185,E,KOMATSU_930E_AHS,1,24.8,9.44,6.79,0.925,0.058,22.5,0.15,0,0.86,0.5,1
DSTM-04186,D,CAT_797F_MANUAL,0,14.8,8.7,24.04,0.384,0.117,7.6,1.84,1,6.13,4.21,0
DSTM-04187,A,CAT_797F_MANUAL,0,45.0,8.34,69.81,0.825,0.079,9.4,2.62,2,5.64,4.08,0
DSTM-04188,A,CAMIONETA_4x4,0,51.33,11.01,25.57,0.66,0.182,4.0,10.52,1,1.78,-0.28,1
DSTM-04189,A,CAT_797F_MANUAL,0,35.71,10.04,98.48,0.66,0.028,10.7,0.59,1,10.24,8.54,0
DSTM-04190,C,CAT_797F_MANUAL,0,25.96,9.41,25.69,0.757,0.328,8.2,12.46,0,3.14,0.77,1
DSTM-04191,A,KOMATSU_930E_AHS,1,37.06,12.0,33.75,0.613,0.077,8.5,0.15,0,3.47,2.95,1
DSTM-04192,D,CAT_797F_MANUAL,0,41.52,9.9,32.92,0.32,0.07,3.7,8.1,3,2.86,1.01,1
DSTM-04193,C,CAT_797F_MANUAL,0,31.3,8.11,77.15,0.929,0.314,9.8,5.51,2,7.72,5.59,0
DSTM-04194,D,CAT_797F_MANUAL,0,23.79,5.86,56.12,0.538,0.128,3.2,1.85,1,9.39,7.64,0
DSTM-04195,B,CAT_797F_MANUAL,0,10.32,0.8,4.67,0.764,0.106,6.4,6.29,0,1.9,0.34,1
DSTM-04196,C,CAT_797F_MANUAL,0,18.68,7.91,22.08,0.893,0.213,11.0,7.0,2,5.12,3.25,1
DSTM-04197,A,CAT_797F_MANUAL,0,39.61,11.46,23.31,0.7,0.082,11.2,3.36,0,2.12,0.32,1
DSTM-04198,E,CAMIONETA_4x4,0,41.42,10.36,83.7,1.0,0.246,1.7,2.73,0,7.04,5.04,0
DSTM-04199,A,CAT_797F_MANUAL,0,42.88,2.58,53.34,0.591,0.104,6.7,4.52,2,4.61,3.01,1
DSTM-04200,A,CAT_797F_MANUAL,0,43.62,7.44,36.14,0.668,0.103,3.8,3.68,3,2.62,1.01,1
DSTM-04201,A,CAT_797F_MANUAL,0,40.95,8.74,100.86,0.814,0.118,2.1,1.24,4,8.53,6.77,0
DSTM-04202,D,CAT_797F_MANUAL,0,19.21,9.08,12.12,0.559,0.219,3.6,1.66,2,2.32,0.18,1
DSTM-04203,A,CAT_797F_MANUAL,0,45.09,7.82,72.18,0.598,0.068,1.6,9.25,0,5.93,4.29,0
DSTM-04204,C,CAT_797F_MANUAL,0,31.66,9.51,86.71,0.985,0.284,8.6,3.77,1,9.08,6.89,0
DSTM-04205,D,CAT_797F_MANUAL,0,32.4,8.52,83.25,0.306,0.091,2.2,2.06,2,9.14,7.14,0
DSTM-04206,D,KOMATSU_930E_AHS,1,24.87,7.05,181.02,0.229,0.045,16.6,0.15,0,25.49,24.77,0
DSTM-04207,A,CAT_797F_MANUAL,0,56.26,7.8,134.35,0.663,0.145,4.3,10.51,0,8.97,7.16,0
DSTM-04208,A,CAMIONETA_4x4,0,50.06,9.09,141.89,0.707,0.25,7.2,5.07,1,10.32,8.32,0
DSTM-04209,B,PALA_PH_4100XPC,0,3.17,4.98,2.0,0.777,0.125,4.0,1.47,2,13.4,11.71,1
DSTM-04210,A,CAT_797F_MANUAL,0,42.25,9.96,17.45,0.729,0.098,5.7,2.19,1,1.43,-0.3,1
DSTM-04211,D,CAMIONETA_4x4,0,41.04,4.99,54.13,0.394,0.04,2.6,4.6,1,5.27,3.67,1
DSTM-04212,B,PALA_PH_4100XPC,0,3.59,6.29,11.45,0.765,0.187,10.8,6.55,1,18.39,16.59,0
DSTM-04213,B,CAT_797F_MANUAL,0,9.47,5.11,23.15,0.803,0.086,6.8,3.03,1,9.15,7.59,0
DSTM-04214,A,KOMATSU_930E_AHS,1,31.05,8.98,44.49,0.776,0.034,10.4,0.15,0,4.81,4.37,0
DSTM-04215,C,CAT_797F_MANUAL,0,44.15,8.86,59.58,0.931,0.376,8.0,1.0,1,5.4,3.15,1
DSTM-04216,A,CAT_797F_MANUAL,0,47.48,9.41,83.13,0.697,0.064,1.9,2.2,2,6.19,4.5,0
DSTM-04217,D,CAMIONETA_4x4,0,28.91,8.05,63.81,0.499,0.074,7.0,4.92,3,7.37,5.68,0
DSTM-04218,A,KOMATSU_930E_AHS,1,36.94,11.94,19.7,0.647,0.021,15.8,0.15,0,1.8,1.27,1
DSTM-04219,E,CAMIONETA_4x4,0,39.13,14.74,10.24,0.928,0.128,3.8,5.14,2,1.32,-0.58,1
DSTM-04220,D,KOMATSU_930E_AHS,1,22.8,7.02,57.77,0.326,0.054,10.9,0.15,0,10.49,9.81,0
DSTM-04221,A,KOMATSU_930E_AHS,1,39.32,8.37,41.12,0.594,0.089,23.7,0.15,0,4.14,3.58,1
DSTM-04222,A,KOMATSU_930E_AHS,1,42.93,11.54,64.02,0.584,0.043,23.0,0.15,0,5.1,4.54,0
DSTM-04223,B,CAT_797F_MANUAL,0,15.5,7.25,68.09,0.872,0.082,10.4,1.95,0,16.36,14.91,0
DSTM-04224,A,CAT_797F_MANUAL,0,41.94,9.3,14.55,0.771,0.208,11.5,3.58,0,1.44,-0.52,1
DSTM-04225,A,CAT_797F_MANUAL,0,52.01,10.94,88.9,0.747,0.046,6.9,1.65,4,6.75,5.13,0
DSTM-04226,E,CAMIONETA_4x4,0,53.2,7.19,153.17,0.786,0.084,2.4,0.41,2,10.06,8.54,0
DSTM-04227,C,CAT_797F_MANUAL,0,28.25,12.94,93.86,1.0,0.487,7.9,2.71,1,11.07,8.32,0
DSTM-04228,A,CAT_797F_MANUAL,0,48.21,10.25,111.75,0.596,0.144,5.1,3.84,1,8.09,6.11,0
DSTM-04229,C,KOMATSU_930E_AHS,1,22.71,6.88,123.96,1.0,0.048,3.2,0.15,0,18.5,18.15,0
DSTM-04230,B,PALA_PH_4100XPC,0,2.19,2.98,13.66,0.764,0.185,9.2,3.04,0,28.62,26.92,0
DSTM-04231,E,CAMIONETA_4x4,0,39.12,10.35,34.21,1.0,0.119,4.0,2.68,1,3.63,1.88,1
DSTM-04232,A,KOMATSU_930E_AHS,1,32.61,8.97,29.68,0.591,0.094,9.8,0.15,0,3.34,2.81,1
DSTM-04233,D,KOMATSU_930E_AHS,1,24.53,8.18,38.24,0.402,0.065,12.7,0.15,0,5.71,5.08,0
DSTM-04234,D,CAT_797F_MANUAL,0,35.8,6.78,14.91,0.527,0.033,7.1,4.62,1,2.04,0.51,1
DSTM-04235,A,KOMATSU_930E_AHS,1,36.23,10.16,78.8,0.528,0.073,13.8,0.15,0,8.34,7.78,0
DSTM-04236,A,KOMATSU_930E_AHS,1,32.6,11.19,73.87,0.715,0.071,19.7,0.15,0,8.4,7.93,0
DSTM-04237,B,PALA_PH_4100XPC,0,4.25,6.61,46.61,0.835,0.09,6.3,2.67,0,61.93,60.46,0
DSTM-04238,E,KOMATSU_930E_AHS,1,26.63,4.69,8.94,0.736,0.048,17.3,0.15,0,0.95,0.5,1
DSTM-04239,C,CAMIONETA_4x4,0,48.86,12.96,21.44,0.913,0.02,7.7,3.06,3,1.92,0.21,1
DSTM-04240,D,CAT_797F_MANUAL,0,26.41,7.02,170.18,0.547,0.115,1.2,2.44,1,21.89,20.12,0
DSTM-04241,D,CAMIONETA_4x4,0,40.35,6.99,19.64,0.458,0.16,2.1,5.92,0,1.69,-0.17,1
DSTM-04242,D,KOMATSU_930E_AHS,1,26.48,13.04,36.94,0.364,0.063,6.7,0.15,0,5.43,4.76,0
DSTM-04243,C,CAT_797F_MANUAL,0,37.88,8.22,78.98,0.937,0.508,11.9,2.66,1,8.0,5.41,0
DSTM-04244,C,CAMIONETA_4x4,0,39.88,10.24,23.96,0.759,0.116,11.3,3.62,0,2.18,0.37,1
DSTM-04245,D,KOMATSU_930E_AHS,1,32.62,8.12,2.0,0.494,0.044,9.3,0.15,0,0.84,0.23,1
DSTM-04246,B,CAT_797F_MANUAL,0,10.5,4.96,15.16,0.763,0.067,4.2,4.82,1,4.85,3.4,1
DSTM-04247,E,CAMIONETA_4x4,0,35.97,8.92,78.82,0.826,0.206,3.0,3.64,2,7.41,5.67,0
DSTM-04248,A,CAMIONETA_4x4,0,59.15,8.92,17.1,0.752,0.045,7.8,4.07,0,0.87,-0.63,1
DSTM-04249,A,KOMATSU_930E_AHS,1,44.06,9.74,42.81,0.853,0.047,19.4,0.15,0,4.38,3.94,1
DSTM-04250,D,CAT_797F_MANUAL,0,29.42,9.12,25.1,0.415,0.061,3.7,9.21,3,3.23,1.49,1
DSTM-04251,B,PALA_PH_4100XPC,0,3.96,5.28,12.56,0.892,0.216,5.6,2.43,0,19.66,17.9,0
DSTM-04252,A,CAT_797F_MANUAL,0,40.68,8.84,125.9,0.636,0.043,7.5,12.91,5,11.09,9.49,0
DSTM-04253,A,CAMIONETA_4x4,0,43.74,13.56,43.86,0.587,0.104,2.1,3.82,2,3.63,1.62,1
DSTM-04254,C,CAT_797F_MANUAL,0,44.37,9.53,79.5,0.864,0.101,7.8,5.83,2,5.9,4.31,0
DSTM-04255,D,CAMIONETA_4x4,0,37.24,10.98,5.97,0.486,0.26,2.2,10.16,3,0.53,-1.67,1
DSTM-04256,A,CAMIONETA_4x4,0,48.52,6.28,8.17,0.752,0.052,2.2,0.38,1,0.8,-0.62,1
DSTM-04257,A,CAT_797F_MANUAL,0,34.84,10.56,30.41,0.771,0.212,6.4,1.05,3,3.7,1.68,1
DSTM-04258,C,CAMIONETA_4x4,0,44.49,9.41,24.93,0.899,0.689,11.7,7.22,4,1.92,-1.18,1
DSTM-04259,E,KOMATSU_930E_AHS,1,34.08,10.76,19.32,0.942,0.051,6.9,0.15,0,1.94,1.56,1
DSTM-04260,B,PALA_PH_4100XPC,0,1.98,5.07,8.94,0.851,0.045,10.8,4.61,0,25.2,23.8,0
DSTM-04261,E,KOMATSU_930E_AHS,1,28.33,7.54,42.31,0.764,0.085,4.6,0.15,0,5.44,4.97,0
DSTM-04262,E,KOMATSU_930E_AHS,1,28.66,8.43,39.17,0.798,0.039,20.9,0.15,0,4.49,4.04,0
DSTM-04263,B,CAT_797F_MANUAL,0,18.78,2.28,15.14,0.983,0.314,11.2,5.29,0,2.69,0.6,1
DSTM-04264,D,KOMATSU_930E_AHS,1,27.38,7.95,16.1,0.483,0.054,19.0,0.15,0,2.35,1.76,1
DSTM-04265,D,KOMATSU_930E_AHS,1,21.55,10.55,110.12,0.435,0.056,18.3,0.15,0,17.91,17.26,0
DSTM-04266,C,CAMIONETA_4x4,0,46.33,12.44,104.73,0.74,0.363,12.0,1.17,2,7.36,4.83,0
DSTM-04267,B,CAT_797F_MANUAL,0,16.87,0.78,28.76,0.852,0.152,3.3,2.56,0,7.89,6.22,0
DSTM-04268,D,CAT_797F_MANUAL,0,26.34,6.8,2.0,0.526,0.114,5.6,1.56,1,0.72,-1.04,1
DSTM-04269,D,KOMATSU_930E_AHS,1,34.69,10.79,24.44,0.533,0.035,9.9,0.15,0,3.1,2.51,1
DSTM-04270,D,CAT_797F_MANUAL,0,27.19,2.95,69.88,0.396,0.062,2.9,3.53,0,9.27,7.58,0
DSTM-04271,E,KOMATSU_930E_AHS,1,21.12,7.93,22.63,0.969,0.03,14.6,0.15,0,5.25,4.88,0
DSTM-04272,C,CAT_797F_MANUAL,0,33.78,11.6,7.99,0.765,0.408,7.9,1.91,3,0.67,-2.03,1
DSTM-04273,D,CAT_797F_MANUAL,0,42.85,11.59,45.19,0.456,0.172,6.9,2.94,1,4.42,2.13,1
DSTM-04274,E,KOMATSU_930E_AHS,1,34.62,6.97,40.12,0.992,0.071,8.2,0.15,0,4.59,4.24,0
DSTM-04275,A,CAT_797F_MANUAL,0,42.81,13.32,92.09,0.849,0.204,4.4,5.4,3,7.5,5.35,0
DSTM-04276,A,CAT_797F_MANUAL,0,38.42,12.32,28.57,0.655,0.093,4.5,3.0,4,2.4,0.64,1
DSTM-04277,B,CAT_797F_MANUAL,0,17.28,3.56,38.85,0.869,0.022,4.8,9.98,0,7.29,5.89,0
DSTM-04278,E,KOMATSU_930E_AHS,1,29.6,10.02,8.93,0.798,0.099,2.3,0.15,0,1.6,1.17,1
DSTM-04279,B,CAT_797F_MANUAL,0,16.57,3.11,18.0,0.928,0.219,1.8,7.01,2,3.6,1.81,1
DSTM-04280,D,CAMIONETA_4x4,0,33.29,3.82,4.49,0.425,0.186,1.2,2.33,1,1.05,-1.01,1
DSTM-04281,A,KOMATSU_930E_AHS,1,31.77,13.24,34.05,0.713,0.02,11.8,0.15,0,3.75,3.21,1
DSTM-04282,B,PALA_PH_4100XPC,0,2.48,7.33,45.57,1.0,0.143,9.2,0.86,1,86.08,84.49,0
DSTM-04283,C,CAT_797F_MANUAL,0,35.35,5.44,41.05,1.0,0.459,8.7,8.56,1,5.02,2.72,1
DSTM-04284,A,CAMIONETA_4x4,0,57.9,10.93,42.23,0.821,0.047,2.6,3.9,0,2.64,1.03,1
DSTM-04285,E,KOMATSU_930E_AHS,1,34.82,15.41,8.38,0.939,0.041,18.3,0.15,0,0.9,0.52,1
DSTM-04286,A,KOMATSU_930E_AHS,1,36.25,13.62,49.67,0.562,0.078,23.2,0.15,0,4.68,4.12,0
DSTM-04287,E,KOMATSU_930E_AHS,1,22.4,8.73,23.94,0.832,0.053,9.0,0.15,0,3.88,3.45,1
DSTM-04288,A,CAT_797F_MANUAL,0,39.68,6.13,200.0,0.848,0.145,11.3,2.02,1,18.75,17.01,0
DSTM-04289,E,KOMATSU_930E_AHS,1,28.81,6.71,154.96,0.814,0.082,22.4,0.15,0,19.47,19.03,0
DSTM-04290,C,KOMATSU_930E_AHS,1,30.99,10.21,57.18,0.956,0.024,13.7,0.15,0,7.27,6.87,0
DSTM-04291,A,CAT_797F_MANUAL,0,45.48,6.66,93.22,0.578,0.056,11.0,2.88,1,7.19,5.57,0
DSTM-04292,A,CAMIONETA_4x4,0,46.31,12.42,9.79,0.653,0.209,5.9,2.6,1,0.75,-1.45,1
DSTM-04293,A,CAT_797F_MANUAL,0,34.69,10.85,49.71,0.607,0.134,6.6,1.54,3,5.13,3.2,1
DSTM-04294,C,CAT_797F_MANUAL,0,39.7,9.35,16.16,0.849,0.131,10.8,6.35,2,1.14,-0.65,1
DSTM-04295,D,KOMATSU_930E_AHS,1,27.55,5.5,8.09,0.259,0.02,16.6,0.15,0,1.15,0.45,1
DSTM-04296,B,CAT_797F_MANUAL,0,14.97,2.7,63.42,0.953,0.066,9.2,3.08,0,14.69,13.25,0
DSTM-04297,B,PALA_PH_4100XPC,0,0.0,0.1,15.63,0.844,0.104,4.2,6.18,1,32.0,30.51,0
DSTM-04298,C,KOMATSU_930E_AHS,1,18.77,7.93,121.41,0.795,0.05,11.7,0.15,0,17.32,16.86,0
DSTM-04299,C,KOMATSU_930E_AHS,1,23.79,10.15,32.28,0.992,0.078,22.2,0.15,0,4.58,4.2,0
DSTM-04300,D,KOMATSU_930E_AHS,1,18.99,9.96,4.73,0.362,0.063,9.6,0.15,0,1.04,0.36,1
DSTM-04301,C,CAT_797F_MANUAL,0,25.1,11.96,110.48,0.899,0.571,9.0,2.14,1,14.66,11.66,0
DSTM-04302,D,CAMIONETA_4x4,0,43.13,5.87,53.43,0.374,0.022,10.4,3.03,3,4.64,3.02,1
DSTM-04303,E,KOMATSU_930E_AHS,1,32.54,7.49,51.25,0.975,0.055,14.1,0.15,0,6.5,6.12,0
DSTM-04304,B,PALA_PH_4100XPC,0,0.0,4.42,28.59,0.853,0.045,1.9,1.84,1,48.66,47.3,0
DSTM-04305,A,CAT_797F_MANUAL,0,40.77,11.7,14.17,0.57,0.318,1.7,2.49,1,1.55,-0.89,1
DSTM-04306,A,CAMIONETA_4x4,0,51.48,9.74,15.92,0.62,0.126,5.1,2.6,2,0.9,-0.93,1
DSTM-04307,C,CAT_797F_MANUAL,0,26.87,10.0,23.95,0.758,0.209,10.9,5.0,1,2.45,0.41,1
DSTM-04308,B,CAT_797F_MANUAL,0,13.87,3.18,25.28,1.0,0.083,1.3,0.34,1,7.0,5.57,0
DSTM-04309,E,CAMIONETA_4x4,0,30.97,9.42,28.63,0.99,0.113,7.6,15.0,1,3.31,1.6,1
DSTM-04310,C,CAT_797F_MANUAL,0,37.73,11.58,9.05,1.0,0.201,11.2,10.91,3,1.1,-1.02,1
DSTM-04311,C,KOMATSU_930E_AHS,1,36.69,5.64,10.15,0.967,0.069,16.2,0.15,0,0.68,0.3,1
DSTM-04312,D,CAT_797F_MANUAL,0,33.24,4.25,105.63,0.467,0.102,1.7,7.01,0,13.69,11.91,0
DSTM-04313,B,PALA_PH_4100XPC,0,0.0,1.62,62.22,0.703,0.248,10.0,1.41,0,118.18,116.12,0
DSTM-04314,D,CAT_797F_MANUAL,0,29.56,9.48,75.58,0.443,0.134,8.9,2.13,1,9.76,7.82,0
DSTM-04315,A,CAT_797F_MANUAL,0,47.05,12.43,45.72,0.746,0.08,7.1,1.62,1,4.04,2.24,1
DSTM-04316,C,KOMATSU_930E_AHS,1,34.52,6.87,83.93,0.734,0.046,12.6,0.15,0,9.73,9.27,0
DSTM-04317,E,KOMATSU_930E_AHS,1,19.91,6.37,67.72,0.93,0.02,9.0,0.15,0,11.27,10.87,0
DSTM-04318,D,CAT_797F_MANUAL,0,29.01,10.85,92.67,0.303,0.093,6.7,1.02,1,11.74,9.85,0
DSTM-04319,E,KOMATSU_930E_AHS,1,19.52,11.99,84.7,0.767,0.056,11.6,0.15,0,13.2,12.75,0
DSTM-04320,B,PALA_PH_4100XPC,0,2.37,2.94,51.86,0.748,0.121,4.1,6.43,1,54.41,52.86,0
DSTM-04321,D,CAT_797F_MANUAL,0,26.96,10.56,30.79,0.226,0.127,8.4,2.7,1,4.14,2.04,1
DSTM-04322,C,CAT_797F_MANUAL,0,16.09,10.06,122.2,0.845,0.156,8.5,3.16,4,28.46,26.69,0
DSTM-04323,C,CAT_797F_MANUAL,0,38.32,8.97,67.51,0.906,0.308,9.3,8.07,3,6.25,4.02,0
DSTM-04324,A,CAT_797F_MANUAL,0,40.04,4.1,91.94,0.63,0.02,8.4,2.72,1,8.38,6.89,0
DSTM-04325,A,CAT_797F_MANUAL,0,46.67,6.74,68.09,0.765,0.187,1.4,0.7,1,5.4,3.63,1
DSTM-04326,C,CAT_797F_MANUAL,0,34.75,3.55,54.83,0.987,0.184,11.0,2.86,1,5.97,4.19,0
DSTM-04327,A,KOMATSU_930E_AHS,1,38.1,10.74,55.94,0.579,0.072,23.7,0.15,0,5.62,5.07,0
DSTM-04328,D,KOMATSU_930E_AHS,1,29.12,8.28,51.31,0.397,0.073,11.9,0.15,0,6.78,6.15,0
DSTM-04329,D,CAT_797F_MANUAL,0,38.86,8.31,64.68,0.524,0.29,4.5,5.25,2,6.26,4.01,0
DSTM-04330,E,KOMATSU_930E_AHS,1,26.39,2.93,22.59,0.893,0.029,22.6,0.15,0,3.54,3.13,1
DSTM-04331,A,CAT_797F_MANUAL,0,33.02,9.09,6.25,0.88,0.184,3.7,3.46,2,1.0,-0.86,1
DSTM-04332,E,KOMATSU_930E_AHS,1,30.29,5.24,32.8,0.871,0.064,13.1,0.15,0,4.52,4.09,0
DSTM-04333,A,CAT_797F_MANUAL,0,33.99,8.51,12.2,0.598,0.336,9.2,3.28,0,1.07,-1.26,1
DSTM-04334,C,CAT_797F_MANUAL,0,26.84,7.86,4.63,0.747,0.428,9.7,3.0,2,1.1,-1.37,1
DSTM-04335,D,CAT_797F_MANUAL,0,48.02,6.13,55.87,0.226,0.165,4.9,4.82,0,4.44,2.33,1
DSTM-04336,A,CAMIONETA_4x4,0,41.6,7.55,27.73,0.856,0.153,4.2,2.24,1,2.31,0.62,1
DSTM-04337,A,CAMIONETA_4x4,0,51.95,7.41,50.13,0.616,0.04,6.4,1.39,1,3.01,1.51,1
DSTM-04338,A,CAMIONETA_4x4,0,41.82,9.74,22.43,0.733,0.161,10.4,5.73,1,2.47,0.61,1
DSTM-04339,C,CAT_797F_MANUAL,0,30.95,11.3,32.5,0.917,0.51,10.1,5.41,4,4.08,1.33,1
DSTM-04340,D,CAT_797F_MANUAL,0,34.3,9.56,19.44,0.313,0.092,9.8,2.67,0,2.14,0.19,1
DSTM-04341,A,CAT_797F_MANUAL,0,32.57,9.59,54.64,0.714,0.157,11.3,3.95,0,5.05,3.16,1
DSTM-04342,A,CAT_797F_MANUAL,0,49.79,5.17,69.06,0.843,0.032,8.5,1.31,3,5.08,3.7,1
DSTM-04343,C,CAT_797F_MANUAL,0,29.71,8.6,9.84,0.763,0.145,8.8,10.99,3,1.15,-0.48,1
DSTM-04344,A,KOMATSU_930E_AHS,1,41.67,5.53,131.14,0.505,0.044,9.4,0.15,0,11.03,10.46,0
DSTM-04345,D,KOMATSU_930E_AHS,1,30.71,10.78,63.6,0.547,0.042,17.0,0.15,0,7.95,7.37,0
DSTM-04346,E,CAMIONETA_4x4,0,45.68,7.47,41.1,0.899,0.136,10.3,0.5,2,3.1,1.48,1
DSTM-04347,D,CAT_797F_MANUAL,0,36.84,15.63,10.37,0.319,0.086,9.3,2.71,3,1.2,-1.02,1
DSTM-04348,E,KOMATSU_930E_AHS,1,25.43,7.99,92.67,0.913,0.052,0.7,0.15,0,10.51,10.11,0
DSTM-04349,C,CAT_797F_MANUAL,0,27.55,9.65,10.87,0.802,0.193,8.1,1.11,3,1.01,-0.94,1
DSTM-04350,D,CAT_797F_MANUAL,0,26.38,10.39,102.99,0.446,0.17,2.0,4.32,5,13.33,11.13,0
DSTM-04351,A,CAT_797F_MANUAL,0,43.56,11.14,157.98,0.733,0.044,4.0,3.53,6,13.41,11.76,0
DSTM-04352,A,CAT_797F_MANUAL,0,51.77,8.28,50.38,0.557,0.238,2.0,6.79,1,3.6,1.49,1
DSTM-04353,D,CAT_797F_MANUAL,0,35.54,7.63,57.38,0.237,0.151,11.0,9.94,1,6.39,4.39,0
DSTM-04354,A,CAT_797F_MANUAL,0,34.35,9.06,31.19,0.635,0.06,6.9,3.88,1,2.92,1.31,1
DSTM-04355,E,KOMATSU_930E_AHS,1,31.85,9.63,154.18,1.0,0.073,18.2,0.15,0,19.24,18.89,0
DSTM-04356,D,KOMATSU_930E_AHS,1,19.01,10.96,48.83,0.443,0.079,13.8,0.15,0,8.17,7.56,0
DSTM-04357,E,CAMIONETA_4x4,0,31.92,6.46,73.79,0.757,0.278,5.6,3.9,1,8.71,6.65,0
DSTM-04358,B,CAT_797F_MANUAL,0,17.5,2.05,4.29,0.941,0.14,11.3,6.78,2,0.9,-0.62,1
DSTM-04359,C,CAT_797F_MANUAL,0,26.57,11.76,144.17,0.918,0.267,11.2,3.59,2,20.31,18.02,0
DSTM-04360,D,KOMATSU_930E_AHS,1,30.36,10.54,123.19,0.323,0.049,5.6,0.15,0,15.43,14.75,0
DSTM-04361,A,KOMATSU_930E_AHS,1,41.15,10.93,31.11,0.56,0.072,1.5,0.15,0,3.01,2.45,1
DSTM-04362,C,CAT_797F_MANUAL,0,41.83,9.97,24.24,0.933,0.472,9.6,2.02,2,1.85,-0.8,1
DSTM-04363,D,CAMIONETA_4x4,0,44.95,7.94,59.84,0.349,0.028,3.7,2.78,1,4.98,3.27,1
DSTM-04364,E,CAMIONETA_4x4,0,36.09,9.39,16.45,0.965,0.124,11.0,4.09,0,1.14,-0.53,1
DSTM-04365,D,CAT_797F_MANUAL,0,40.77,8.98,59.35,0.222,0.298,6.5,2.66,3,4.98,2.62,1
DSTM-04366,A,CAT_797F_MANUAL,0,38.25,7.14,91.59,0.641,0.095,4.9,5.49,3,8.51,7.03,0
DSTM-04367,C,CAT_797F_MANUAL,0,28.35,7.44,40.91,0.918,0.355,9.3,2.03,2,5.39,3.33,1
DSTM-04368,C,CAT_797F_MANUAL,0,27.07,8.45,118.97,0.868,0.325,10.0,1.77,2,14.05,11.83,0
DSTM-04369,A,KOMATSU_930E_AHS,1,36.71,6.86,62.65,0.619,0.05,6.8,0.15,0,6.33,5.82,0
DSTM-04370,B,CAT_797F_MANUAL,0,9.51,1.44,93.09,0.833,0.157,10.0,2.25,0,47.36,45.83,0
DSTM-04371,B,CAT_797F_MANUAL,0,15.79,3.29,25.06,0.854,0.308,6.5,2.74,0,6.52,4.54,0
DSTM-04372,A,CAT_797F_MANUAL,0,44.95,10.23,24.36,0.651,0.086,11.0,6.95,0,2.06,0.23,1
DSTM-04373,C,KOMATSU_930E_AHS,1,26.31,9.33,11.92,0.769,0.07,23.2,0.15,0,1.16,0.7,1
DSTM-04374,A,CAT_797F_MANUAL,0,41.6,8.35,117.47,0.581,0.228,8.2,1.49,2,10.3,8.22,0
DSTM-04375,C,CAMIONETA_4x4,0,32.21,12.59,50.38,0.843,0.466,8.1,1.92,2,4.95,2.14,1
DSTM-04376,A,CAT_797F_MANUAL,0,37.98,11.47,200.0,0.851,0.276,1.1,1.54,2,19.4,17.21,0
DSTM-04377,D,KOMATSU_930E_AHS,1,21.11,3.07,39.0,0.548,0.041,14.1,0.15,0,6.54,5.95,0
DSTM-04378,A,CAMIONETA_4x4,0,60.74,12.69,40.5,0.613,0.257,3.6,6.55,0,2.07,-0.34,1
DSTM-04379,E,CAMIONETA_4x4,0,35.49,9.7,6.06,1.0,0.278,7.0,8.65,4,1.08,-0.97,1
DSTM-04380,A,CAT_797F_MANUAL,0,38.92,8.91,92.96,0.605,0.077,8.4,3.92,2,8.16,6.5,0
DSTM-04381,C,CAT_797F_MANUAL,0,32.25,9.72,99.91,0.836,0.377,10.0,2.35,2,10.68,8.31,0
DSTM-04382,B,PALA_PH_4100XPC,0,0.34,2.61,21.73,0.803,0.257,2.0,1.32,1,35.57,33.77,0
DSTM-04383,A,CAT_797F_MANUAL,0,42.95,12.86,25.75,0.659,0.337,6.1,1.78,2,1.25,-1.31,1
DSTM-04384,C,CAT_797F_MANUAL,0,41.97,6.2,119.31,0.805,0.208,7.7,3.22,5,10.17,8.35,0
DSTM-04385,D,CAMIONETA_4x4,0,31.85,10.82,55.78,0.327,0.041,8.7,3.48,1,5.71,3.77,1
DSTM-04386,E,CAMIONETA_4x4,0,38.23,7.73,111.96,1.0,0.144,11.3,2.05,0,10.0,8.32,0
DSTM-04387,B,CAT_797F_MANUAL,0,14.8,6.11,29.31,0.977,0.08,10.5,1.67,1,6.32,4.81,0
DSTM-04388,A,CAT_797F_MANUAL,0,36.36,8.79,54.87,0.708,0.118,8.9,4.34,2,5.04,3.32,1
DSTM-04389,D,KOMATSU_930E_AHS,1,29.64,8.11,24.9,0.4,0.039,14.0,0.15,0,2.67,2.05,1
DSTM-04390,C,CAT_797F_MANUAL,0,34.8,9.41,17.8,0.969,0.245,9.1,1.01,1,2.15,0.34,1
DSTM-04391,A,CAMIONETA_4x4,0,41.49,7.44,111.2,0.788,0.25,6.4,0.74,1,8.47,6.5,0
DSTM-04392,D,CAT_797F_MANUAL,0,32.17,7.41,116.39,0.519,0.061,7.6,3.22,3,13.36,11.67,0
DSTM-04393,C,CAT_797F_MANUAL,0,26.59,7.87,66.88,0.872,0.311,10.4,4.86,2,9.63,7.57,0
DSTM-04394,D,CAMIONETA_4x4,0,36.76,6.26,58.68,0.474,0.031,3.4,6.52,2,6.06,4.43,0
DSTM-04395,B,CAMIONETA_4x4,0,39.79,6.35,25.61,0.945,0.221,7.2,4.69,1,2.34,0.47,1
DSTM-04396,B,PALA_PH_4100XPC,0,3.32,2.04,47.26,0.81,0.085,10.2,3.06,1,46.03,44.58,0
DSTM-04397,A,CAT_797F_MANUAL,0,47.79,9.76,25.66,0.793,0.101,11.2,5.54,4,2.11,0.22,1
DSTM-04398,D,CAT_797F_MANUAL,0,28.04,11.59,21.78,0.496,0.299,6.9,4.16,2,2.84,0.42,1
DSTM-04399,A,CAMIONETA_4x4,0,49.21,7.11,196.41,0.725,0.325,2.9,4.25,2,14.63,12.45,0
DSTM-04400,D,CAT_797F_MANUAL,0,46.5,13.22,81.23,0.49,0.141,2.6,1.93,2,5.66,3.54,1
DSTM-04401,D,CAT_797F_MANUAL,0,40.06,4.07,70.19,0.201,0.211,6.1,0.85,2,6.04,3.96,1
DSTM-04402,D,CAT_797F_MANUAL,0,33.24,4.72,33.04,0.239,0.299,8.0,3.09,2,3.86,1.73,1
DSTM-04403,A,KOMATSU_930E_AHS,1,30.27,10.04,101.89,0.6,0.041,2.5,0.15,0,12.15,11.57,0
DSTM-04404,B,PALA_PH_4100XPC,0,0.0,3.14,3.22,0.982,0.04,10.5,0.56,2,8.47,7.07,1
DSTM-04405,C,CAT_797F_MANUAL,0,35.97,4.01,66.79,0.815,0.453,10.6,1.18,2,6.76,4.48,0
DSTM-04406,C,CAT_797F_MANUAL,0,35.43,10.61,4.07,0.759,0.185,10.3,2.62,2,0.89,-1.12,1
DSTM-04407,E,KOMATSU_930E_AHS,1,24.18,6.21,61.99,0.981,0.028,20.4,0.15,0,8.86,8.47,0
DSTM-04408,B,CAT_797F_MANUAL,0,18.39,0.18,104.52,0.893,0.02,6.6,7.37,1,21.72,20.36,0
DSTM-04409,E,KOMATSU_930E_AHS,1,27.05,9.58,16.84,0.822,0.042,15.0,0.15,0,1.81,1.37,1
DSTM-04410,A,CAT_797F_MANUAL,0,32.44,10.26,8.85,0.531,0.021,8.3,3.58,2,1.21,-0.45,1
DSTM-04411,B,CAT_797F_MANUAL,0,18.08,5.13,21.46,0.963,0.074,9.0,2.16,2,4.38,2.94,1
DSTM-04412,A,CAMIONETA_4x4,0,52.21,11.06,200.0,0.662,0.083,3.1,12.33,3,13.44,11.42,0
DSTM-04413,D,CAT_797F_MANUAL,0,30.13,8.53,86.53,0.473,0.101,10.1,2.14,1,11.29,9.45,0
DSTM-04414,A,KOMATSU_930E_AHS,1,32.41,7.21,69.88,0.63,0.061,13.8,0.15,0,7.53,6.98,0
DSTM-04415,B,CAT_797F_MANUAL,0,4.3,3.04,5.02,0.88,0.074,5.9,1.25,2,1.85,0.36,1
DSTM-04416,D,KOMATSU_930E_AHS,1,24.09,7.08,32.41,0.564,0.039,6.4,0.15,0,3.71,3.14,1
DSTM-04417,C,CAT_797F_MANUAL,0,28.03,10.28,65.5,0.794,0.536,11.9,5.47,1,7.4,4.57,0
DSTM-04418,A,CAT_797F_MANUAL,0,42.61,10.61,22.03,0.826,0.11,10.3,2.32,1,1.87,0.08,1
DSTM-04419,A,KOMATSU_930E_AHS,1,31.81,7.32,65.53,0.661,0.092,6.5,0.15,0,6.97,6.44,0
DSTM-04420,C,CAT_797F_MANUAL,0,27.48,8.18,70.51,0.88,0.382,11.2,2.11,2,8.47,6.2,0
DSTM-04421,B,PALA_PH_4100XPC,0,1.35,3.19,29.12,0.763,0.178,8.3,3.56,1,39.19,37.35,0
DSTM-04422,A,CAT_797F_MANUAL,0,34.13,8.73,50.49,0.691,0.122,4.8,4.28,2,5.63,3.85,1
DSTM-04423,C,CAMIONETA_4x4,0,44.52,8.38,24.13,0.899,0.35,7.9,3.33,1,2.18,-0.02,1
DSTM-04424,A,CAT_797F_MANUAL,0,31.98,14.27,117.47,0.77,0.128,10.8,1.22,2,12.98,10.8,0
DSTM-04425,C,CAT_797F_MANUAL,0,45.59,8.7,124.25,0.792,0.455,9.8,1.14,6,9.55,6.96,0
DSTM-04426,B,CAT_797F_MANUAL,0,20.73,2.35,4.79,0.875,0.189,6.6,2.56,1,0.73,-1.06,1
DSTM-04427,A,CAMIONETA_4x4,0,42.47,12.23,16.19,0.608,0.068,5.2,1.73,0,1.49,-0.37,1
DSTM-04428,A,CAT_797F_MANUAL,0,40.57,8.45,120.61,0.834,0.054,9.8,3.21,0,11.4,9.87,0
DSTM-04429,A,CAT_797F_MANUAL,0,35.49,10.94,135.69,0.575,0.022,7.8,8.93,4,13.36,11.57,0
DSTM-04430,A,CAT_797F_MANUAL,0,41.36,11.59,26.03,0.734,0.08,3.0,3.07,3,2.3,0.49,1
DSTM-04431,B,CAT_797F_MANUAL,0,15.9,4.48,42.06,0.782,0.128,10.7,5.45,1,11.76,10.12,0
DSTM-04432,E,CAMIONETA_4x4,0,45.76,6.35,7.25,0.849,0.403,4.8,4.63,1,0.81,-1.42,1
DSTM-04433,D,CAT_797F_MANUAL,0,17.42,7.74,78.07,0.411,0.129,8.8,6.01,3,12.0,10.03,0
DSTM-04434,B,CAT_797F_MANUAL,0,12.34,4.07,9.96,0.752,0.04,4.9,2.47,1,2.18,0.72,1
DSTM-04435,C,CAT_797F_MANUAL,0,29.91,7.56,77.47,0.738,0.294,9.8,3.86,2,9.85,7.69,0
DSTM-04436,C,CAT_797F_MANUAL,0,31.35,11.28,54.78,0.979,0.301,7.9,1.46,0,6.97,4.63,0
DSTM-04437,D,CAT_797F_MANUAL,0,28.49,8.99,9.04,0.477,0.107,9.9,1.81,0,0.66,-1.33,1
DSTM-04438,A,CAT_797F_MANUAL,0,35.78,14.29,54.95,0.704,0.09,1.8,2.93,2,4.75,2.75,1
DSTM-04439,B,CAT_797F_MANUAL,0,15.67,4.67,18.27,0.971,0.206,1.4,9.63,1,3.49,1.77,1
DSTM-04440,B,CAT_797F_MANUAL,0,18.87,3.38,30.48,0.733,0.365,9.1,2.07,0,6.17,3.96,1
DSTM-04441,A,CAT_797F_MANUAL,0,43.96,10.0,28.65,0.763,0.047,2.5,0.23,3,2.31,0.65,1
DSTM-04442,B,PALA_PH_4100XPC,0,2.65,3.06,16.01,0.772,0.143,7.5,2.18,0,16.93,15.22,0
DSTM-04443,E,CAMIONETA_4x4,0,32.59,12.28,12.54,0.896,0.075,9.3,5.75,2,1.77,-0.02,1
DSTM-04444,E,KOMATSU_930E_AHS,1,31.87,7.83,20.03,0.858,0.076,4.2,0.15,0,2.98,2.56,1
DSTM-04445,A,CAT_797F_MANUAL,0,43.21,11.9,148.83,0.6,0.056,1.6,0.94,2,12.89,11.11,0
DSTM-04446,C,CAT_797F_MANUAL,0,30.9,5.03,8.62,0.745,0.363,8.4,7.26,3,1.43,-0.81,1
DSTM-04447,B,PALA_PH_4100XPC,0,2.48,2.71,57.2,0.855,0.02,11.3,5.27,0,85.95,84.57,0
DSTM-04448,C,CAT_797F_MANUAL,0,29.44,7.91,89.78,0.785,0.18,9.3,5.36,3,10.11,8.35,0
DSTM-04449,C,CAT_797F_MANUAL,0,32.43,8.32,41.85,0.847,0.294,11.7,3.55,2,4.68,2.63,1
DSTM-04450,A,CAT_797F_MANUAL,0,46.08,10.3,40.32,0.597,0.134,7.0,6.33,2,2.87,0.9,1
DSTM-04451,D,KOMATSU_930E_AHS,1,20.67,7.09,147.97,0.583,0.056,18.6,0.15,0,25.56,24.98,0
DSTM-04452,E,CAMIONETA_4x4,0,29.11,7.31,91.08,0.765,0.114,11.1,2.01,4,12.71,11.12,0
DSTM-04453,D,CAT_797F_MANUAL,0,29.39,7.05,57.28,0.43,0.252,10.4,4.51,2,6.82,4.66,0
DSTM-04454,D,CAT_797F_MANUAL,0,23.61,11.21,7.6,0.352,0.217,1.0,4.37,2,1.4,-0.85,1
DSTM-04455,C,CAT_797F_MANUAL,0,26.99,9.14,20.35,0.779,0.136,11.4,1.81,1,3.46,1.76,1
DSTM-04456,B,CAT_797F_MANUAL,0,14.1,5.25,45.34,0.953,0.11,1.6,4.2,0,10.5,9.07,0
DSTM-04457,A,CAT_797F_MANUAL,0,37.68,6.0,200.0,0.765,0.05,3.8,8.07,0,17.66,16.19,0
DSTM-04458,C,CAT_797F_MANUAL,0,29.81,9.64,5.51,0.711,0.467,10.3,3.41,2,0.73,-1.89,1
DSTM-04459,A,CAMIONETA_4x4,0,50.88,8.66,38.57,0.615,0.155,8.8,3.16,1,2.91,1.03,1
DSTM-04460,D,KOMATSU_930E_AHS,1,27.99,9.74,3.84,0.439,0.07,9.1,0.15,0,0.65,0.02,1
DSTM-04461,B,CAT_797F_MANUAL,0,14.22,5.29,98.11,0.805,0.185,3.3,2.22,0,27.32,25.57,0
DSTM-04462,B,PALA_PH_4100XPC,0,1.82,4.89,30.63,0.777,0.184,10.8,1.26,1,59.34,57.61,0
DSTM-04463,B,PALA_PH_4100XPC,0,5.65,7.06,31.33,0.968,0.153,8.6,6.61,4,63.48,61.83,0
DSTM-04464,E,CAMIONETA_4x4,0,40.32,9.19,36.34,0.907,0.219,5.4,4.63,1,3.03,1.09,1
DSTM-04465,A,CAMIONETA_4x4,0,51.09,12.69,200.0,0.644,0.305,2.3,2.32,2,14.13,11.73,0
DSTM-04466,A,CAT_797F_MANUAL,0,46.18,10.98,38.33,0.694,0.271,4.7,3.37,1,2.89,0.71,1
DSTM-04467,A,CAT_797F_MANUAL,0,50.58,10.56,200.0,0.658,0.156,8.6,2.05,0,14.38,12.44,0
DSTM-04468,D,CAMIONETA_4x4,0,35.04,9.69,22.2,0.31,0.174,9.4,9.11,3,2.07,0.02,1
DSTM-04469,E,KOMATSU_930E_AHS,1,30.64,5.23,18.38,0.808,0.046,21.3,0.15,0,2.08,1.62,1
DSTM-04470,A,KOMATSU_930E_AHS,1,36.05,8.6,41.68,0.651,0.067,2.4,0.15,0,3.94,3.45,1
DSTM-04471,E,CAMIONETA_4x4,0,47.86,7.25,61.68,0.753,0.108,9.7,1.12,0,4.75,3.15,1
DSTM-04472,B,PALA_PH_4100XPC,0,0.0,2.02,12.73,0.862,0.304,5.5,5.09,1,31.58,29.61,0
DSTM-04473,C,CAMIONETA_4x4,0,31.59,9.09,49.28,0.776,0.247,9.9,3.19,0,5.06,3.03,1
DSTM-04474,A,CAT_797F_MANUAL,0,52.96,8.69,10.39,0.816,0.053,9.2,4.65,0,0.9,-0.71,1
DSTM-04475,C,CAT_797F_MANUAL,0,21.44,9.01,21.51,0.787,0.213,10.1,4.96,1,3.09,1.18,1
DSTM-04476,D,CAT_797F_MANUAL,0,32.87,11.22,12.96,0.568,0.116,10.2,3.41,1,1.39,-0.54,1
DSTM-04477,C,CAT_797F_MANUAL,0,32.38,8.55,165.61,0.846,0.264,8.3,3.15,1,17.01,15.01,0
DSTM-04478,A,CAT_797F_MANUAL,0,51.13,12.76,96.16,0.636,0.02,7.5,5.58,1,7.22,5.36,0
DSTM-04479,D,CAT_797F_MANUAL,0,18.44,10.08,200.0,0.535,0.345,2.6,5.28,1,40.63,38.17,0
DSTM-04480,E,CAMIONETA_4x4,0,29.69,5.22,28.31,0.819,0.229,7.8,0.49,4,4.12,2.17,1
DSTM-04481,C,CAT_797F_MANUAL,0,35.8,9.2,33.15,0.756,0.383,10.5,5.04,2,3.47,1.04,1
DSTM-04482,C,CAT_797F_MANUAL,0,28.53,11.58,42.37,0.765,0.553,10.5,1.53,4,5.3,2.3,1
DSTM-04483,D,CAMIONETA_4x4,0,26.33,10.81,143.05,0.423,0.034,10.8,2.17,2,18.64,16.76,0
DSTM-04484,A,KOMATSU_930E_AHS,1,33.93,7.62,43.65,0.595,0.049,15.2,0.15,0,4.2,3.64,1
DSTM-04485,E,KOMATSU_930E_AHS,1,31.75,7.51,9.22,0.779,0.033,18.4,0.15,0,0.88,0.42,1
DSTM-04486,B,CAT_797F_MANUAL,0,15.27,4.8,9.29,0.769,0.137,6.9,1.48,2,2.38,0.78,1
DSTM-04487,D,CAMIONETA_4x4,0,46.85,10.15,117.15,0.3,0.034,9.9,1.22,2,8.65,6.81,0
DSTM-04488,A,KOMATSU_930E_AHS,1,32.52,7.49,136.34,0.721,0.054,12.3,0.15,0,15.37,14.88,0
DSTM-04489,B,CAT_797F_MANUAL,0,13.64,3.43,41.52,0.796,0.02,9.5,4.07,1,11.36,9.94,0
DSTM-04490,C,CAT_797F_MANUAL,0,43.53,7.96,8.72,0.88,0.594,9.9,2.17,0,0.93,-1.88,1
DSTM-04491,C,KOMATSU_930E_AHS,1,32.58,8.77,113.24,0.911,0.055,12.5,0.15,0,13.55,13.16,0
DSTM-04492,E,CAMIONETA_4x4,0,33.88,8.7,57.13,0.874,0.345,11.0,0.89,2,6.03,3.77,1
DSTM-04493,E,KOMATSU_930E_AHS,1,23.64,5.61,22.87,0.829,0.069,11.4,0.15,0,3.87,3.46,1
DSTM-04494,A,CAT_797F_MANUAL,0,41.42,7.24,90.91,0.58,0.078,3.7,4.6,0,8.2,6.66,0
DSTM-04495,B,CAT_797F_MANUAL,0,9.46,3.81,28.44,0.907,0.22,4.9,6.67,2,12.29,10.5,0
DSTM-04496,B,PALA_PH_4100XPC,0,2.04,0.0,31.51,0.948,0.044,3.7,2.52,1,53.64,52.32,0
DSTM-04497,C,KOMATSU_930E_AHS,1,25.67,7.87,50.75,0.788,0.078,6.0,0.15,0,6.5,6.03,0
DSTM-04498,C,CAT_797F_MANUAL,0,34.34,8.5,19.48,0.796,0.213,12.0,1.1,1,2.62,0.69,1
DSTM-04499,E,KOMATSU_930E_AHS,1,27.0,9.04,18.91,0.727,0.04,1.7,0.15,0,2.22,1.76,1
DSTM-04500,D,CAT_797F_MANUAL,0,28.55,12.24,37.86,0.451,0.103,8.9,0.89,0,4.28,2.3,1
DSTM-04501,A,CAT_797F_MANUAL,0,45.11,10.62,105.83,0.806,0.101,5.9,1.06,5,8.48,6.8,0
DSTM-04502,C,CAT_797F_MANUAL,0,24.62,4.8,25.76,0.9,0.257,7.9,6.7,1,3.22,1.33,1
DSTM-04503,C,CAT_797F_MANUAL,0,34.72,9.21,60.24,0.957,0.158,11.4,0.55,1,5.43,3.73,1
DSTM-04504,C,CAT_797F_MANUAL,0,39.17,9.32,11.1,0.993,0.478,9.0,6.62,0,1.28,-1.21,1
DSTM-04505,A,CAT_797F_MANUAL,0,40.84,11.13,200.0,0.625,0.16,7.2,6.86,2,16.37,14.41,0
DSTM-04506,B,PALA_PH_4100XPC,0,2.16,4.38,30.67,0.773,0.02,11.4,2.35,0,53.97,52.57,0
DSTM-04507,B,PALA_PH_4100XPC,0,7.79,2.75,10.49,0.746,0.02,7.2,1.04,0,7.31,5.89,1
DSTM-04508,A,KOMATSU_930E_AHS,1,35.65,10.26,37.47,0.579,0.041,15.7,0.15,0,3.65,3.08,1
DSTM-04509,D,CAT_797F_MANUAL,0,37.54,10.54,69.77,0.401,0.103,9.3,2.03,2,7.78,5.83,0
DSTM-04510,B,CAMIONETA_4x4,0,45.45,3.44,6.91,0.806,0.074,9.2,0.83,0,0.47,-1.07,1
DSTM-04511,C,CAT_797F_MANUAL,0,22.31,6.01,14.95,0.794,0.162,9.7,6.13,2,2.66,0.83,1
DSTM-04512,C,CAT_797F_MANUAL,0,36.32,7.24,32.38,0.837,0.422,10.6,7.94,0,2.94,0.61,1
DSTM-04513,E,KOMATSU_930E_AHS,1,26.44,7.89,57.59,0.903,0.05,16.9,0.15,0,7.13,6.73,0
DSTM-04514,A,KOMATSU_930E_AHS,1,34.34,13.33,139.8,0.835,0.072,9.9,0.15,0,14.89,14.45,0
DSTM-04515,A,CAMIONETA_4x4,0,47.73,11.18,154.35,0.551,0.338,10.7,4.22,3,11.73,9.39,0
DSTM-04516,B,PALA_PH_4100XPC,0,0.75,5.72,10.76,0.936,0.04,4.9,1.83,2,14.58,13.18,0
DSTM-04517,B,CAT_797F_MANUAL,0,16.38,3.32,45.23,0.785,0.135,3.1,8.05,2,10.39,8.77,0
DSTM-04518,B,PALA_PH_4100XPC,0,2.24,4.79,21.99,0.8,0.408,5.2,0.77,0,35.73,33.56,0
DSTM-04519,D,KOMATSU_930E_AHS,1,24.86,13.51,39.15,0.372,0.02,8.1,0.15,0,5.15,4.47,0
DSTM-04520,A,CAT_797F_MANUAL,0,40.65,13.83,137.0,0.557,0.161,3.0,2.27,2,13.0,10.72,0
DSTM-04521,A,CAT_797F_MANUAL,0,52.62,8.45,81.62,0.779,0.257,7.8,5.29,2,5.37,3.41,1
DSTM-04522,B,PALA_PH_4100XPC,0,3.96,4.01,34.63,0.847,0.174,10.7,3.16,1,60.47,58.77,0
DSTM-04523,D,KOMATSU_930E_AHS,1,21.66,14.91,9.21,0.376,0.057,6.4,0.15,0,1.81,1.14,1
DSTM-04524,E,KOMATSU_930E_AHS,1,33.61,12.76,97.6,0.815,0.066,22.6,0.15,0,11.33,10.87,0
DSTM-04525,D,CAT_797F_MANUAL,0,35.35,9.24,8.02,0.204,0.086,11.4,0.87,1,0.6,-1.31,1
DSTM-04526,C,CAT_797F_MANUAL,0,31.86,6.47,180.44,0.912,0.396,10.2,10.42,2,20.32,18.09,0
DSTM-04527,D,KOMATSU_930E_AHS,1,31.6,8.9,56.39,0.204,0.064,11.9,0.15,0,6.33,5.59,0
DSTM-04528,D,CAT_797F_MANUAL,0,22.09,9.81,90.32,0.532,0.02,4.4,4.92,1,15.27,13.58,0
DSTM-04529,A,CAT_797F_MANUAL,0,36.57,12.83,198.84,0.679,0.144,4.0,2.63,3,17.62,15.58,0
DSTM-04530,C,CAT_797F_MANUAL,0,39.36,9.32,6.31,0.862,0.383,10.7,2.63,3,1.06,-1.21,1
DSTM-04531,D,KOMATSU_930E_AHS,1,26.64,11.88,38.51,0.395,0.078,6.9,0.15,0,5.19,4.55,0
DSTM-04532,B,PALA_PH_4100XPC,0,1.51,3.72,16.17,0.815,0.132,10.4,5.35,1,24.41,22.83,0
DSTM-04533,D,CAT_797F_MANUAL,0,31.01,9.31,25.56,0.374,0.087,10.3,1.6,0,2.74,0.98,1
DSTM-04534,C,CAMIONETA_4x4,0,47.13,11.33,27.18,0.954,0.172,11.2,5.18,5,2.21,0.28,1
DSTM-04535,C,CAT_797F_MANUAL,0,31.79,10.91,199.89,0.78,0.302,11.0,6.37,1,21.02,18.84,0
DSTM-04536,A,CAT_797F_MANUAL,0,49.95,11.79,26.97,0.776,0.286,10.6,2.98,3,1.75,-0.42,1
DSTM-04537,D,CAT_797F_MANUAL,0,23.35,11.85,65.57,0.372,0.051,4.1,8.06,1,9.66,7.7,0
DSTM-04538,E,KOMATSU_930E_AHS,1,27.29,12.94,150.57,0.908,0.083,20.4,0.15,0,19.8,19.41,0
DSTM-04539,A,CAT_797F_MANUAL,0,49.36,11.51,44.88,0.568,0.169,11.0,6.9,0,3.12,0.96,1
DSTM-04540,B,CAT_797F_MANUAL,0,13.54,0.66,11.2,0.975,0.191,4.8,2.27,5,2.47,0.72,1
DSTM-04541,A,CAT_797F_MANUAL,0,37.22,8.61,89.66,0.638,0.062,11.2,15.0,1,8.36,6.65,0
DSTM-04542,A,CAT_797F_MANUAL,0,43.83,12.67,94.46,0.572,0.164,1.5,2.54,4,7.43,5.18,0
DSTM-04543,E,KOMATSU_930E_AHS,1,9.86,10.7,67.04,1.0,0.032,21.0,0.15,0,17.95,17.6,0
DSTM-04544,C,CAT_797F_MANUAL,0,23.98,13.98,38.78,0.826,0.218,8.7,2.47,4,4.85,2.61,1
DSTM-04545,B,CAT_797F_MANUAL,0,21.97,2.1,22.85,0.789,0.11,10.2,0.92,1,3.26,1.67,1
DSTM-04546,B,CAT_797F_MANUAL,0,14.42,0.41,73.08,0.784,0.047,6.8,2.26,0,17.02,15.52,0
DSTM-04547,E,CAMIONETA_4x4,0,47.05,9.01,60.85,0.861,0.02,11.3,5.75,2,4.3,2.82,1
DSTM-04548,B,CAT_797F_MANUAL,0,14.2,4.1,30.75,0.79,0.09,9.5,1.91,1,8.25,6.67,0
DSTM-04549,D,CAT_797F_MANUAL,0,21.88,8.53,28.37,0.446,0.321,4.7,0.8,1,4.46,2.0,1
DSTM-04550,B,CAMIONETA_4x4,0,34.95,0.96,4.54,0.862,0.233,9.4,5.92,1,0.45,-1.29,1
DSTM-04551,A,CAT_797F_MANUAL,0,47.89,11.79,14.55,0.683,0.087,1.5,3.91,3,0.83,-1.04,1
DSTM-04552,D,CAT_797F_MANUAL,0,37.17,9.88,5.49,0.399,0.304,8.5,2.58,1,0.84,-1.47,1
DSTM-04553,A,KOMATSU_930E_AHS,1,35.53,9.9,22.66,0.745,0.032,17.4,0.15,0,2.55,2.05,1
DSTM-04554,D,CAT_797F_MANUAL,0,30.33,11.18,59.8,0.522,0.066,4.6,3.41,1,6.73,4.88,0
DSTM-04555,B,PALA_PH_4100XPC,0,0.0,3.22,35.77,0.991,0.164,7.0,3.86,1,56.25,54.63,0
DSTM-04556,D,CAT_797F_MANUAL,0,28.09,4.07,9.97,0.339,0.046,9.6,0.88,3,0.72,-0.98,1
DSTM-04557,D,CAT_797F_MANUAL,0,34.98,8.14,25.26,0.373,0.281,5.5,2.18,0,2.46,0.24,1
DSTM-04558,D,CAT_797F_MANUAL,0,19.25,5.37,81.63,0.217,0.191,7.3,4.76,1,13.17,11.1,0
DSTM-04559,A,CAT_797F_MANUAL,0,47.79,12.06,78.76,0.684,0.437,9.4,3.61,2,5.79,3.01,1
DSTM-04560,D,KOMATSU_930E_AHS,1,35.68,0.0,145.12,0.552,0.02,22.4,0.15,0,14.69,14.11,0
DSTM-04561,E,KOMATSU_930E_AHS,1,24.59,7.27,51.56,0.773,0.099,20.3,0.15,0,7.13,6.68,0
DSTM-04562,A,KOMATSU_930E_AHS,1,29.55,10.02,196.52,0.716,0.064,19.6,0.15,0,21.89,21.4,0
DSTM-04563,B,PALA_PH_4100XPC,0,1.2,3.82,16.09,0.816,0.093,4.1,1.4,2,15.73,14.15,0
DSTM-04564,D,CAMIONETA_4x4,0,27.67,8.17,26.39,0.552,0.22,10.2,6.31,2,2.99,0.99,1
DSTM-04565,A,CAT_797F_MANUAL,0,47.29,6.56,29.18,0.545,0.049,2.7,1.81,1,2.22,0.65,1
DSTM-04566,D,CAT_797F_MANUAL,0,29.11,10.15,14.83,0.357,0.111,2.6,2.99,0,1.51,-0.39,1
DSTM-04567,D,CAT_797F_MANUAL,0,30.74,10.82,28.66,0.542,0.17,1.8,2.12,3,2.98,0.87,1
DSTM-04568,A,CAT_797F_MANUAL,0,37.58,9.73,28.49,0.709,0.336,10.0,2.01,0,2.8,0.48,1
DSTM-04569,C,CAT_797F_MANUAL,0,29.1,5.87,25.08,1.0,0.153,7.5,3.67,1,2.85,1.22,1
DSTM-04570,C,CAMIONETA_4x4,0,33.78,5.1,80.22,0.908,0.154,8.0,4.15,0,8.39,6.77,0
DSTM-04571,B,PALA_PH_4100XPC,0,0.01,4.3,16.65,0.88,0.05,8.6,5.0,2,29.59,28.23,0
DSTM-04572,E,KOMATSU_930E_AHS,1,28.8,8.26,57.86,0.838,0.081,19.2,0.15,0,6.72,6.27,0
DSTM-04573,A,KOMATSU_930E_AHS,1,38.16,9.95,15.41,0.723,0.058,6.6,0.15,0,1.26,0.76,1
DSTM-04574,B,CAT_797F_MANUAL,0,13.97,1.88,12.5,0.933,0.352,9.8,5.2,2,1.65,-0.32,1
DSTM-04575,D,CAT_797F_MANUAL,0,31.85,13.07,20.22,0.371,0.139,8.4,1.48,1,2.78,0.54,1
DSTM-04576,A,KOMATSU_930E_AHS,1,28.5,11.03,86.97,0.83,0.03,2.1,0.15,0,9.41,8.97,0
DSTM-04577,D,CAMIONETA_4x4,0,43.31,6.55,53.41,0.479,0.13,7.3,3.96,2,4.5,2.65,1
DSTM-04578,A,CAT_797F_MANUAL,0,37.45,6.54,167.35,0.672,0.08,2.3,1.97,0,14.84,13.23,0
DSTM-04579,C,KOMATSU_930E_AHS,1,32.1,6.05,29.36,0.94,0.03,6.7,0.15,0,3.22,2.8,1
DSTM-04580,A,CAT_797F_MANUAL,0,35.23,11.87,88.74,0.753,0.206,1.3,0.53,2,9.22,7.19,0
DSTM-04581,D,CAT_797F_MANUAL,0,43.61,5.25,16.88,0.287,0.247,4.8,6.02,0,1.54,-0.68,1
DSTM-04582,D,KOMATSU_930E_AHS,1,26.05,10.46,27.72,0.511,0.058,12.5,0.15,0,3.5,2.91,1
DSTM-04583,D,CAT_797F_MANUAL,0,25.36,6.04,29.85,0.232,0.086,6.7,3.12,0,4.55,2.68,1
DSTM-04584,E,CAMIONETA_4x4,0,27.37,7.9,66.7,0.906,0.04,4.9,2.98,2,9.09,7.68,0
DSTM-04585,D,CAT_797F_MANUAL,0,37.45,2.61,144.02,0.301,0.02,1.8,6.93,0,13.75,12.07,0
DSTM-04586,D,CAT_797F_MANUAL,0,34.5,10.39,6.08,0.448,0.079,7.6,2.24,1,0.65,-1.28,1
DSTM-04587,C,CAT_797F_MANUAL,0,27.54,10.33,69.81,0.796,0.362,7.9,6.36,2,9.07,6.66,0
DSTM-04588,E,CAMIONETA_4x4,0,46.13,7.39,33.02,0.863,0.176,9.4,1.4,1,2.72,1.04,1
DSTM-04589,C,CAT_797F_MANUAL,0,39.26,4.74,100.85,0.957,0.286,10.3,4.62,1,9.37,7.47,0
DSTM-04590,E,KOMATSU_930E_AHS,1,32.13,9.33,41.81,0.916,0.07,22.3,0.15,0,4.65,4.26,0
DSTM-04591,A,CAT_797F_MANUAL,0,34.23,6.25,71.35,0.668,0.154,3.5,2.31,1,7.18,5.39,0
DSTM-04592,C,CAMIONETA_4x4,0,37.83,7.98,11.49,0.86,0.308,11.1,5.91,5,1.25,-0.82,1
DSTM-04593,D,CAT_797F_MANUAL,0,32.9,10.49,76.22,0.176,0.089,9.7,5.48,0,8.04,6.16,0
DSTM-04594,A,CAT_797F_MANUAL,0,36.75,5.3,103.58,0.759,0.24,1.3,8.02,0,10.04,8.06,0
DSTM-04595,A,KOMATSU_930E_AHS,1,31.05,11.68,27.17,0.621,0.029,4.3,0.15,0,3.92,3.38,1
DSTM-04596,E,KOMATSU_930E_AHS,1,26.4,10.86,27.29,0.972,0.052,4.4,0.15,0,4.61,4.24,0
DSTM-04597,B,CAT_797F_MANUAL,0,10.95,4.19,36.22,0.997,0.06,8.4,4.72,2,12.28,10.94,0
DSTM-04598,A,CAT_797F_MANUAL,0,50.97,12.78,18.12,0.746,0.07,3.6,5.95,0,1.45,-0.34,1
DSTM-04599,B,CAT_797F_MANUAL,0,9.63,2.87,64.43,0.811,0.21,2.7,0.98,0,24.27,22.48,0
DSTM-04600,B,CAT_797F_MANUAL,0,18.69,2.64,8.19,0.804,0.046,10.4,4.44,0,1.95,0.54,1
DSTM-04601,C,CAT_797F_MANUAL,0,34.59,9.59,33.75,0.725,0.586,8.8,0.91,2,3.3,0.36,1
DSTM-04602,E,KOMATSU_930E_AHS,1,28.8,10.66,79.55,0.838,0.1,18.7,0.15,0,10.22,9.8,0
DSTM-04603,E,KOMATSU_930E_AHS,1,26.18,5.63,30.59,0.815,0.088,2.7,0.15,0,3.35,2.92,1
DSTM-04604,D,CAMIONETA_4x4,0,36.39,7.74,16.37,0.519,0.16,1.4,9.38,2,1.28,-0.61,1
DSTM-04605,D,KOMATSU_930E_AHS,1,24.19,10.49,36.44,0.532,0.082,23.1,0.15,0,5.14,4.56,0
DSTM-04606,B,CAT_797F_MANUAL,0,17.89,2.61,18.29,0.99,0.158,3.5,2.79,1,3.08,1.48,1
DSTM-04607,E,KOMATSU_930E_AHS,1,29.31,5.06,76.72,0.796,0.02,8.7,0.15,0,10.13,9.66,0
DSTM-04608,A,CAT_797F_MANUAL,0,43.28,7.9,10.07,0.763,0.098,11.1,4.82,1,0.68,-0.94,1
DSTM-04609,A,CAT_797F_MANUAL,0,42.81,14.64,98.17,0.699,0.121,6.0,1.95,0,7.87,5.69,0
DSTM-04610,E,CAMIONETA_4x4,0,35.93,9.82,35.49,0.813,0.181,8.0,7.3,1,3.61,1.81,1
DSTM-04611,E,KOMATSU_930E_AHS,1,16.26,12.64,50.02,1.0,0.023,23.6,0.15,0,8.93,8.58,0
DSTM-04612,B,CAT_797F_MANUAL,0,21.14,4.19,26.28,0.881,0.134,9.0,7.72,2,4.98,3.47,1
DSTM-04613,D,KOMATSU_930E_AHS,1,25.52,3.42,133.21,0.39,0.098,11.7,0.15,0,19.54,18.86,0
DSTM-04614,C,CAT_797F_MANUAL,0,31.38,9.58,121.58,0.728,0.176,9.9,1.09,1,14.94,13.0,0
DSTM-04615,B,CAMIONETA_4x4,0,45.68,2.57,53.61,0.857,0.02,7.4,2.52,0,4.27,2.92,1
DSTM-04616,B,CAT_797F_MANUAL,0,16.82,3.52,90.6,0.849,0.226,2.1,4.16,2,17.28,15.48,0
DSTM-04617,A,CAT_797F_MANUAL,0,43.34,7.99,10.18,0.834,0.247,11.2,3.49,4,0.74,-1.15,1
DSTM-04618,C,CAT_797F_MANUAL,0,28.56,10.22,78.91,0.863,0.385,10.1,12.23,5,9.93,7.55,0
DSTM-04619,B,CAT_797F_MANUAL,0,12.0,5.54,16.78,0.775,0.08,5.6,3.5,0,3.87,2.32,1
DSTM-04620,C,CAMIONETA_4x4,0,26.16,10.07,65.52,0.981,0.475,11.8,7.59,2,8.96,6.49,0
DSTM-04621,A,CAT_797F_MANUAL,0,51.49,13.14,39.1,0.769,0.18,1.3,2.61,2,2.59,0.66,1
DSTM-04622,E,KOMATSU_930E_AHS,1,29.38,11.27,6.73,0.858,0.028,14.3,0.15,0,1.0,0.6,1
DSTM-04623,C,CAT_797F_MANUAL,0,39.97,2.01,39.68,0.839,0.584,10.6,5.76,3,3.56,0.86,1
DSTM-04624,E,KOMATSU_930E_AHS,1,32.32,7.79,109.68,0.901,0.068,9.5,0.15,0,11.16,10.76,0
DSTM-04625,A,CAT_797F_MANUAL,0,48.36,10.35,87.51,0.792,0.38,3.9,9.17,2,6.0,3.57,1
DSTM-04626,C,CAT_797F_MANUAL,0,34.31,7.18,2.0,1.0,0.406,9.2,2.81,2,0.92,-1.39,1
DSTM-04627,D,CAT_797F_MANUAL,0,30.35,6.05,77.99,0.417,0.394,9.4,1.57,3,7.63,5.1,0
DSTM-04628,B,CAT_797F_MANUAL,0,8.91,7.14,28.78,0.982,0.02,11.4,0.09,0,9.95,8.64,0
DSTM-04629,A,KOMATSU_930E_AHS,1,41.6,11.04,24.02,0.713,0.073,5.4,0.15,0,2.26,1.76,1
DSTM-04630,B,CAT_797F_MANUAL,0,12.19,5.57,43.98,0.854,0.188,3.1,4.41,1,16.06,14.29,0
DSTM-04631,B,CAT_797F_MANUAL,0,15.58,3.26,21.18,0.83,0.177,4.0,1.91,2,3.84,2.21,1
DSTM-04632,B,CAT_797F_MANUAL,0,11.78,2.55,34.03,0.907,0.134,8.3,0.08,0,12.22,10.69,0
DSTM-04633,B,CAMIONETA_4x4,0,37.41,4.16,15.61,0.939,0.115,1.6,3.59,0,1.54,0.04,1
DSTM-04634,B,CAT_797F_MANUAL,0,8.94,4.02,7.66,0.782,0.317,10.3,4.19,2,1.93,-0.07,1
DSTM-04635,C,CAT_797F_MANUAL,0,21.69,12.37,74.64,0.768,0.367,8.8,6.96,2,12.43,9.94,0
DSTM-04636,A,KOMATSU_930E_AHS,1,43.7,11.09,73.63,0.759,0.038,8.2,0.15,0,6.54,6.08,0
DSTM-04637,B,CAT_797F_MANUAL,0,16.64,0.14,50.4,0.822,0.117,9.3,2.46,2,13.84,12.32,0
DSTM-04638,D,CAT_797F_MANUAL,0,28.24,12.86,38.03,0.309,0.037,9.7,3.04,2,4.77,2.76,1
DSTM-04639,A,CAT_797F_MANUAL,0,40.41,8.74,132.3,0.532,0.348,6.9,6.71,1,11.69,9.3,0
DSTM-04640,A,CAT_797F_MANUAL,0,51.35,8.92,25.26,0.771,0.05,5.5,2.68,0,1.78,0.26,1
DSTM-04641,A,CAT_797F_MANUAL,0,41.26,7.47,6.47,0.567,0.07,10.6,6.32,1,0.8,-0.82,1
DSTM-04642,A,CAT_797F_MANUAL,0,40.0,8.57,134.07,0.588,0.217,3.1,5.11,2,12.66,10.63,0
DSTM-04643,C,CAT_797F_MANUAL,0,36.75,10.83,29.0,0.941,0.136,11.9,1.23,4,2.65,0.8,1
DSTM-04644,A,CAT_797F_MANUAL,0,46.86,10.41,113.97,0.876,0.046,10.6,1.4,1,9.05,7.42,0
DSTM-04645,B,CAT_797F_MANUAL,0,17.02,2.57,20.64,0.963,0.157,11.5,8.35,0,5.03,3.39,1
DSTM-04646,E,CAMIONETA_4x4,0,30.12,8.33,45.29,0.982,0.155,9.1,3.56,1,5.7,3.93,1
DSTM-04647,E,CAMIONETA_4x4,0,35.53,9.72,140.33,0.849,0.075,8.4,2.31,0,14.49,12.82,0
DSTM-04648,A,CAT_797F_MANUAL,0,26.96,7.77,44.45,0.856,0.044,6.1,3.23,3,5.25,3.76,1
DSTM-04649,B,CAMIONETA_4x4,0,39.09,5.31,11.52,0.932,0.126,1.7,1.91,2,1.06,-0.45,1
DSTM-04650,C,KOMATSU_930E_AHS,1,24.32,10.71,67.75,0.831,0.094,5.2,0.15,0,9.9,9.46,0
DSTM-04651,D,KOMATSU_930E_AHS,1,31.8,7.41,84.65,0.324,0.051,1.1,0.15,0,9.62,8.92,0
DSTM-04652,D,CAT_797F_MANUAL,0,37.48,10.26,23.39,0.368,0.071,8.5,3.54,3,2.37,0.54,1
DSTM-04653,A,CAMIONETA_4x4,0,46.36,10.51,65.02,0.54,0.089,1.7,3.92,3,4.96,3.07,1
DSTM-04654,A,CAMIONETA_4x4,0,38.65,12.48,15.02,0.792,0.12,7.6,2.59,4,1.61,-0.36,1
DSTM-04655,B,PALA_PH_4100XPC,0,5.38,5.5,49.53,0.893,0.185,6.2,3.88,4,105.3,103.59,0
DSTM-04656,E,CAMIONETA_4x4,0,32.58,11.0,19.49,0.865,0.056,4.3,5.71,3,2.13,0.52,1
DSTM-04657,E,CAMIONETA_4x4,0,26.28,9.49,65.11,0.909,0.102,4.3,0.95,1,8.92,7.23,0
DSTM-04658,A,KOMATSU_930E_AHS,1,28.66,8.84,45.38,0.643,0.069,8.9,0.15,0,4.79,4.28,0
DSTM-04659,C,CAT_797F_MANUAL,0,21.06,6.77,32.4,0.769,0.375,7.9,12.53,3,4.31,2.1,1
DSTM-04660,A,CAT_797F_MANUAL,0,42.29,13.78,185.55,0.627,0.207,3.1,0.89,4,15.6,13.33,0
DSTM-04661,D,CAMIONETA_4x4,0,40.16,10.2,39.81,0.43,0.156,2.4,0.88,0,3.89,1.83,1
DSTM-04662,E,KOMATSU_930E_AHS,1,30.04,10.61,21.49,0.938,0.02,22.9,0.15,0,2.95,2.55,1
DSTM-04663,C,CAT_797F_MANUAL,0,28.44,9.05,32.42,0.814,0.185,8.1,1.17,1,4.06,2.13,1
DSTM-04664,A,CAT_797F_MANUAL,0,37.14,12.07,67.12,0.841,0.059,2.2,2.54,1,6.61,4.89,0
DSTM-04665,C,CAT_797F_MANUAL,0,34.56,7.88,29.33,0.949,0.068,11.4,1.84,1,2.53,0.97,1
DSTM-04666,B,CAMIONETA_4x4,0,44.24,2.51,56.07,0.806,0.02,5.6,0.86,2,4.56,3.17,1
DSTM-04667,D,CAT_797F_MANUAL,0,17.87,11.94,26.62,0.276,0.241,8.1,3.2,5,5.56,3.13,1
DSTM-04668,B,PALA_PH_4100XPC,0,3.59,4.9,38.41,0.898,0.153,11.0,5.24,0,47.67,45.97,0
DSTM-04669,E,KOMATSU_930E_AHS,1,26.25,6.55,22.23,1.0,0.131,10.6,0.15,0,2.68,2.31,1
DSTM-04670,B,CAMIONETA_4x4,0,43.91,3.68,43.54,0.936,0.057,6.1,7.03,5,3.69,2.33,1
DSTM-04671,A,CAT_797F_MANUAL,0,32.54,10.18,32.59,0.891,0.119,7.7,1.41,2,2.9,1.08,1
DSTM-04672,B,CAT_797F_MANUAL,0,19.07,5.6,3.27,0.811,0.238,8.3,2.57,1,0.85,-0.97,1
DSTM-04673,A,KOMATSU_930E_AHS,1,35.25,9.8,179.59,0.573,0.049,23.0,0.15,0,17.64,17.08,0
DSTM-04674,B,CAT_797F_MANUAL,0,15.53,1.78,34.11,0.925,0.186,1.5,9.06,3,7.95,6.24,0
DSTM-04675,D,KOMATSU_930E_AHS,1,31.57,6.18,11.49,0.524,0.096,5.8,0.15,0,1.69,1.09,1
DSTM-04676,A,CAT_797F_MANUAL,0,45.18,8.06,51.55,0.76,0.101,3.9,2.38,3,4.1,2.33,1
DSTM-04677,A,CAT_797F_MANUAL,0,32.52,6.14,200.0,0.581,0.294,2.1,3.32,4,21.37,19.16,0
DSTM-04678,A,CAT_797F_MANUAL,0,35.4,10.45,40.03,0.833,0.229,10.2,13.19,1,4.65,2.65,1
DSTM-04679,A,CAT_797F_MANUAL,0,45.75,7.23,20.3,0.59,0.131,8.6,0.86,2,1.89,0.1,1
DSTM-04680,E,KOMATSU_930E_AHS,1,37.0,8.58,34.71,0.934,0.026,11.3,0.15,0,3.29,2.91,1
DSTM-04681,E,KOMATSU_930E_AHS,1,21.74,7.15,15.32,1.0,0.071,6.6,0.15,0,3.02,2.67,1
DSTM-04682,A,CAT_797F_MANUAL,0,46.4,14.33,199.63,0.603,0.104,6.6,3.38,1,15.98,13.87,0
DSTM-04683,D,CAMIONETA_4x4,0,24.11,17.59,69.07,0.479,0.124,11.1,1.2,1,9.18,6.83,0
DSTM-04684,D,CAT_797F_MANUAL,0,25.61,8.89,8.1,0.559,0.073,9.6,3.48,1,1.38,-0.34,1
DSTM-04685,E,CAMIONETA_4x4,0,46.72,9.55,103.52,0.802,0.049,2.1,3.5,4,8.44,6.85,0
DSTM-04686,B,CAT_797F_MANUAL,0,9.47,5.26,10.34,0.908,0.116,11.4,3.57,0,6.07,4.53,0
DSTM-04687,B,CAT_797F_MANUAL,0,22.41,2.37,56.25,0.879,0.061,6.3,1.32,0,11.24,9.88,0
DSTM-04688,C,CAT_797F_MANUAL,0,25.14,6.79,39.23,0.909,0.561,9.2,1.2,1,4.81,2.22,1
DSTM-04689,E,CAMIONETA_4x4,0,41.81,10.59,94.59,0.777,0.071,6.6,1.12,2,8.48,6.8,0
DSTM-04690,D,CAT_797F_MANUAL,0,32.36,5.48,4.46,0.462,0.058,10.6,1.64,4,0.93,-0.76,1
DSTM-04691,C,KOMATSU_930E_AHS,1,39.85,8.35,66.11,0.885,0.047,14.0,0.15,0,6.1,5.69,0
DSTM-04692,A,CAT_797F_MANUAL,0,41.26,9.34,21.54,0.831,0.172,4.2,1.58,1,1.65,-0.26,1
DSTM-04693,D,CAT_797F_MANUAL,0,34.43,6.52,57.32,0.255,0.106,11.5,8.4,0,6.03,4.12,0
DSTM-04694,E,KOMATSU_930E_AHS,1,35.06,9.45,4.98,0.793,0.02,21.5,0.15,0,0.76,0.33,1
DSTM-04695,B,CAT_797F_MANUAL,0,6.66,0.25,54.0,0.854,0.157,6.2,2.94,2,21.24,19.55,0
DSTM-04696,D,CAMIONETA_4x4,0,47.26,4.82,57.56,0.279,0.157,6.8,2.09,1,3.96,2.01,1
DSTM-04697,B,CAT_797F_MANUAL,0,10.52,3.84,46.21,0.967,0.219,4.3,6.26,4,15.46,13.65,0
DSTM-04698,C,CAT_797F_MANUAL,0,34.19,10.72,9.72,0.953,0.297,11.1,3.24,2,1.19,-1.02,1
DSTM-04699,C,CAT_797F_MANUAL,0,33.64,11.43,11.85,0.939,0.129,11.2,5.67,0,1.73,-0.05,1
DSTM-04700,D,CAT_797F_MANUAL,0,31.71,9.31,121.58,0.443,0.169,10.3,0.77,2,13.22,11.33,0
DSTM-04701,E,CAMIONETA_4x4,0,41.48,8.84,44.93,0.873,0.229,8.2,5.81,0,4.12,2.29,1
DSTM-04702,B,CAMIONETA_4x4,0,49.15,6.05,39.45,0.819,0.345,4.0,4.2,2,2.74,0.52,1
DSTM-04703,B,PALA_PH_4100XPC,0,2.65,3.71,24.83,0.931,0.272,9.1,0.9,2,33.67,31.71,0
DSTM-04704,B,CAT_797F_MANUAL,0,9.71,3.43,5.96,0.925,0.092,9.4,0.99,0,1.62,0.04,1
DSTM-04705,A,KOMATSU_930E_AHS,1,35.06,7.24,120.64,0.71,0.07,18.6,0.15,0,11.7,11.19,0
DSTM-04706,B,PALA_PH_4100XPC,0,4.82,3.59,50.86,0.802,0.106,3.6,3.9,0,53.79,52.25,0
DSTM-04707,A,CAT_797F_MANUAL,0,41.34,8.98,87.51,0.643,0.21,1.6,0.6,4,7.8,5.85,0
DSTM-04708,B,PALA_PH_4100XPC,0,3.55,3.77,25.79,0.874,0.045,1.9,2.27,1,33.16,31.78,0
DSTM-04709,A,CAMIONETA_4x4,0,59.34,8.53,33.08,0.679,0.138,1.1,2.36,1,2.32,0.5,1
DSTM-04710,B,CAMIONETA_4x4,0,26.39,5.36,7.04,0.856,0.093,4.7,5.94,1,1.12,-0.38,1
DSTM-04711,D,CAT_797F_MANUAL,0,31.67,6.44,68.4,0.398,0.134,1.9,2.88,0,6.96,5.09,0
DSTM-04712,A,CAT_797F_MANUAL,0,36.92,6.21,39.57,0.856,0.336,3.1,8.75,2,4.17,2.0,1
DSTM-04713,C,CAT_797F_MANUAL,0,45.98,6.19,200.0,0.921,0.185,7.8,4.39,1,15.56,13.89,0
DSTM-04714,E,KOMATSU_930E_AHS,1,34.78,4.82,22.87,0.865,0.028,23.9,0.15,0,2.17,1.76,1
DSTM-04715,C,CAMIONETA_4x4,0,49.37,7.59,20.57,0.934,0.389,11.9,9.1,2,1.93,-0.22,1
DSTM-04716,A,CAT_797F_MANUAL,0,49.86,11.71,16.11,0.597,0.06,6.2,4.68,2,1.03,-0.94,1
DSTM-04717,B,CAT_797F_MANUAL,0,16.13,1.68,86.52,0.918,0.12,8.8,4.6,1,17.75,16.27,0
DSTM-04718,C,CAMIONETA_4x4,0,41.35,8.94,14.06,0.924,0.096,8.3,2.21,2,1.46,-0.1,1
DSTM-04719,C,CAMIONETA_4x4,0,55.77,7.24,43.17,0.947,0.144,10.1,1.76,3,3.05,1.24,1
DSTM-04720,A,CAMIONETA_4x4,0,59.54,11.55,50.9,0.649,0.066,4.4,2.94,5,3.65,1.72,1
DSTM-04721,B,CAMIONETA_4x4,0,35.27,3.94,25.21,0.838,0.226,2.9,2.0,0,3.2,1.35,1
DSTM-04722,C,CAT_797F_MANUAL,0,28.03,6.06,11.16,0.901,0.368,8.8,3.4,1,1.01,-1.19,1
DSTM-04723,B,PALA_PH_4100XPC,0,2.16,3.72,28.32,0.869,0.124,3.8,1.06,1,30.98,29.42,0
DSTM-04724,C,KOMATSU_930E_AHS,1,21.26,4.68,83.11,0.955,0.039,11.0,0.15,0,13.11,12.74,0
DSTM-04725,A,CAMIONETA_4x4,0,32.14,7.51,77.11,0.768,0.101,6.6,6.35,1,8.26,6.7,0
DSTM-04726,B,CAT_797F_MANUAL,0,13.75,1.21,23.77,0.816,0.17,6.7,5.21,1,6.42,4.69,0
DSTM-04727,D,CAMIONETA_4x4,0,46.37,4.29,159.95,0.368,0.355,6.8,2.59,1,11.66,9.28,0
DSTM-04728,B,PALA_PH_4100XPC,0,0.43,4.0,63.54,1.0,0.062,8.6,4.37,2,88.12,86.82,0
DSTM-04729,C,CAT_797F_MANUAL,0,18.52,5.59,36.52,0.902,0.454,10.8,2.51,2,6.36,4.02,0
DSTM-04730,B,CAT_797F_MANUAL,0,22.27,4.81,28.07,0.886,0.062,5.6,6.09,1,5.0,3.56,1
DSTM-04731,B,CAMIONETA_4x4,0,40.26,6.38,27.56,1.0,0.488,7.6,4.44,1,2.68,0.35,1
DSTM-04732,E,KOMATSU_930E_AHS,1,23.64,11.06,64.79,1.0,0.048,15.7,0.15,0,8.58,8.22,0
DSTM-04733,B,CAT_797F_MANUAL,0,16.14,3.03,21.8,0.882,0.321,7.5,1.68,6,5.49,3.38,1
DSTM-04734,A,CAT_797F_MANUAL,0,45.61,10.51,14.43,0.774,0.154,11.3,6.3,3,0.85,-1.07,1
DSTM-04735,E,KOMATSU_930E_AHS,1,27.07,10.48,55.53,0.889,0.06,23.4,0.15,0,7.86,7.46,0
DSTM-04736,D,CAT_797F_MANUAL,0,29.41,9.53,40.69,0.43,0.082,6.3,5.53,0,4.91,3.17,1
DSTM-04737,D,CAT_797F_MANUAL,0,29.13,8.8,36.85,0.384,0.355,3.2,10.43,3,4.38,1.95,1
DSTM-04738,A,CAT_797F_MANUAL,0,46.94,11.27,11.15,0.722,0.434,5.6,6.23,2,0.74,-1.95,1
DSTM-04739,A,CAT_797F_MANUAL,0,51.41,11.47,71.59,0.768,0.115,1.1,4.19,3,5.48,3.62,1
DSTM-04740,C,CAT_797F_MANUAL,0,39.76,8.64,56.65,0.761,0.213,9.3,1.47,0,5.21,3.34,1
DSTM-04741,A,CAT_797F_MANUAL,0,35.83,9.82,13.97,0.747,0.18,7.1,2.33,2,1.02,-0.94,1
DSTM-04742,A,KOMATSU_930E_AHS,1,28.57,10.17,42.0,0.679,0.036,21.8,0.15,0,5.54,5.01,0
DSTM-04743,D,CAT_797F_MANUAL,0,34.91,9.67,65.89,0.414,0.239,2.7,7.06,1,6.66,4.29,0
DSTM-04744,B,CAMIONETA_4x4,0,36.47,2.39,48.47,0.861,0.229,6.9,2.45,0,4.99,3.2,1
DSTM-04745,A,CAT_797F_MANUAL,0,41.14,10.45,18.67,0.762,0.033,6.2,1.72,0,1.73,0.08,1
DSTM-04746,A,CAMIONETA_4x4,0,47.55,9.95,23.98,0.641,0.123,10.1,3.97,2,2.15,0.21,1
DSTM-04747,B,CAT_797F_MANUAL,0,8.84,3.79,37.63,0.842,0.128,10.5,1.96,0,11.37,9.68,0
DSTM-04748,C,KOMATSU_930E_AHS,1,22.92,8.36,75.86,0.991,0.072,21.8,0.15,0,10.59,10.23,0
DSTM-04749,E,KOMATSU_930E_AHS,1,25.63,7.88,36.44,1.0,0.054,17.8,0.15,0,5.04,4.69,0
DSTM-04750,A,CAMIONETA_4x4,0,36.51,13.08,200.0,0.629,0.122,10.6,5.06,1,19.68,17.73,0
DSTM-04751,A,KOMATSU_930E_AHS,1,29.35,13.98,33.19,0.58,0.045,15.2,0.15,0,3.8,3.24,1
DSTM-04752,C,CAT_797F_MANUAL,0,34.31,13.13,114.48,0.868,0.299,9.4,2.36,2,12.14,9.75,0
DSTM-04753,B,CAT_797F_MANUAL,0,15.9,4.02,5.0,0.825,0.087,4.5,0.55,1,1.02,-0.48,1
DSTM-04754,C,KOMATSU_930E_AHS,1,18.44,10.17,42.99,0.83,0.021,6.5,0.15,0,8.62,8.21,0
DSTM-04755,E,KOMATSU_930E_AHS,1,30.84,10.96,172.72,0.772,0.07,9.3,0.15,0,20.56,20.11,0
DSTM-04756,C,CAT_797F_MANUAL,0,34.58,10.86,80.99,0.775,0.523,8.8,4.55,1,8.19,5.3,0
DSTM-04757,B,CAT_797F_MANUAL,0,7.73,5.22,115.67,0.839,0.095,10.5,3.38,2,38.26,36.69,0
DSTM-04758,E,KOMATSU_930E_AHS,1,32.17,8.32,66.96,0.828,0.059,14.3,0.15,0,7.57,7.14,0
DSTM-04759,A,KOMATSU_930E_AHS,1,34.01,6.4,67.71,0.693,0.076,20.7,0.15,0,6.61,6.12,0
DSTM-04760,E,KOMATSU_930E_AHS,1,29.73,8.11,47.92,0.834,0.035,6.3,0.15,0,5.84,5.41,0
DSTM-04761,C,CAT_797F_MANUAL,0,28.54,10.13,76.36,0.909,0.112,10.6,8.4,0,9.5,7.84,0
DSTM-04762,C,CAT_797F_MANUAL,0,29.16,9.26,65.15,0.968,0.451,9.6,2.85,2,7.65,5.19,0
DSTM-04763,E,KOMATSU_930E_AHS,1,28.82,6.05,46.35,0.92,0.044,16.6,0.15,0,5.99,5.61,0
DSTM-04764,C,CAMIONETA_4x4,0,36.32,7.55,68.72,0.983,0.095,8.6,0.59,2,7.64,6.17,0
DSTM-04765,B,CAT_797F_MANUAL,0,8.69,3.06,41.42,0.967,0.185,3.6,2.42,1,15.34,13.65,0
DSTM-04766,B,CAT_797F_MANUAL,0,13.33,4.51,49.76,0.939,0.116,5.7,1.67,0,12.08,10.57,0
DSTM-04767,D,KOMATSU_930E_AHS,1,33.5,10.09,24.19,0.369,0.079,9.7,0.15,0,2.73,2.07,1
DSTM-04768,C,CAMIONETA_4x4,0,35.36,13.19,131.83,0.798,0.374,8.1,9.74,2,13.57,10.94,0
DSTM-04769,A,CAMIONETA_4x4,0,55.91,8.47,112.86,0.702,0.172,8.2,5.57,1,7.41,5.51,0
DSTM-04770,D,CAMIONETA_4x4,0,28.71,2.78,25.54,0.318,0.141,3.0,2.55,1,2.53,0.62,1
DSTM-04771,C,CAT_797F_MANUAL,0,29.04,7.94,17.05,0.869,0.12,9.4,2.63,1,2.56,0.9,1
DSTM-04772,B,CAT_797F_MANUAL,0,15.82,4.47,23.63,0.797,0.336,8.0,3.22,2,5.96,3.76,1
DSTM-04773,A,CAT_797F_MANUAL,0,38.96,6.34,30.37,0.544,0.02,4.2,4.42,4,2.98,1.43,1
DSTM-04774,B,PALA_PH_4100XPC,0,0.0,4.9,35.71,0.811,0.069,4.8,0.68,2,66.52,65.13,0
DSTM-04775,A,CAT_797F_MANUAL,0,47.66,9.77,6.75,0.646,0.1,1.9,0.9,3,0.72,-1.03,1
DSTM-04776,A,CAT_797F_MANUAL,0,21.54,12.39,29.09,0.735,0.036,7.2,0.81,0,5.26,3.51,1
DSTM-04777,B,CAT_797F_MANUAL,0,22.61,5.25,15.25,0.966,0.106,2.2,2.51,0,1.63,0.21,1
DSTM-04778,A,CAT_797F_MANUAL,0,44.58,11.41,17.19,0.578,0.044,8.6,5.07,0,1.34,-0.42,1
DSTM-04779,B,CAT_797F_MANUAL,0,10.1,3.18,151.76,0.975,0.354,1.5,3.26,1,55.87,53.81,0
DSTM-04780,D,KOMATSU_930E_AHS,1,24.74,10.05,29.28,0.251,0.05,14.2,0.15,0,3.85,3.11,1
DSTM-04781,B,CAT_797F_MANUAL,0,13.89,4.22,9.65,0.847,0.215,10.0,0.4,1,1.81,0.03,1
DSTM-04782,E,CAMIONETA_4x4,0,27.32,6.36,28.96,0.721,0.099,9.0,7.98,1,3.43,1.8,1
DSTM-04783,E,KOMATSU_930E_AHS,1,23.46,8.68,88.18,0.841,0.073,1.5,0.15,0,14.08,13.64,0
DSTM-04784,C,CAT_797F_MANUAL,0,39.52,11.49,30.78,0.781,0.169,10.9,4.03,1,3.15,1.27,1
DSTM-04785,E,KOMATSU_930E_AHS,1,33.16,8.43,80.43,0.795,0.027,15.6,0.15,0,9.07,8.63,0
DSTM-04786,E,CAMIONETA_4x4,0,24.75,8.93,41.77,0.781,0.151,5.1,5.33,1,5.28,3.48,1
DSTM-04787,B,CAT_797F_MANUAL,0,18.0,3.74,85.71,0.917,0.214,2.8,5.79,1,21.35,19.59,0
DSTM-04788,D,CAMIONETA_4x4,0,45.99,10.47,33.02,0.614,0.221,8.2,3.81,2,2.47,0.32,1
DSTM-04789,A,KOMATSU_930E_AHS,1,32.0,9.51,6.87,0.742,0.062,3.6,0.15,0,1.17,0.72,1
DSTM-04790,D,CAT_797F_MANUAL,0,23.04,9.82,198.11,0.283,0.341,1.3,8.38,1,29.17,26.51,0
DSTM-04791,C,CAMIONETA_4x4,0,33.35,8.04,17.26,0.771,0.161,8.1,1.52,0,1.9,0.04,1
DSTM-04792,A,CAT_797F_MANUAL,0,44.95,8.01,41.25,0.748,0.074,11.3,1.5,3,3.01,1.42,1
DSTM-04793,B,PALA_PH_4100XPC,0,0.5,1.37,3.61,0.933,0.202,1.5,2.83,2,12.24,10.59,1
DSTM-04794,E,KOMATSU_930E_AHS,1,27.3,6.24,51.18,0.93,0.042,20.6,0.15,0,6.03,5.64,0
DSTM-04795,B,CAT_797F_MANUAL,0,12.99,3.8,36.94,0.802,0.233,8.9,4.82,2,12.09,10.25,0
DSTM-04796,A,CAT_797F_MANUAL,0,35.79,10.63,88.18,0.761,0.058,8.1,0.45,4,7.86,6.18,0
DSTM-04797,A,KOMATSU_930E_AHS,1,37.4,9.06,24.45,0.706,0.052,12.6,0.15,0,2.36,1.88,1
DSTM-04798,C,KOMATSU_930E_AHS,1,31.57,8.13,14.2,0.958,0.054,20.5,0.15,0,1.48,1.08,1
DSTM-04799,D,CAT_797F_MANUAL,0,33.74,4.66,16.31,0.577,0.171,1.7,7.23,3,1.49,-0.41,1
DSTM-04800,D,CAT_797F_MANUAL,0,33.81,10.77,115.1,0.345,0.284,2.4,2.69,2,12.19,9.75,0
DSTM-04801,B,PALA_PH_4100XPC,0,0.98,0.91,59.87,0.741,0.093,9.2,5.24,3,121.55,119.97,0
DSTM-04802,A,CAT_797F_MANUAL,0,43.07,13.38,144.68,0.823,0.388,11.2,5.49,1,11.72,9.09,0
DSTM-04803,A,CAT_797F_MANUAL,0,37.17,8.9,200.0,0.652,0.176,3.6,1.17,3,19.62,17.61,0
DSTM-04804,C,CAT_797F_MANUAL,0,31.6,5.87,187.75,0.844,0.325,8.0,3.19,0,20.49,18.53,0
DSTM-04805,D,KOMATSU_930E_AHS,1,24.09,8.03,81.75,0.306,0.02,2.7,0.15,0,12.99,12.3,0
DSTM-04806,D,CAT_797F_MANUAL,0,33.01,8.34,43.76,0.397,0.119,2.5,2.48,2,3.99,1.95,1
DSTM-04807,B,CAT_797F_MANUAL,0,10.47,4.25,21.04,1.0,0.153,9.8,2.77,1,5.71,4.16,0
DSTM-04808,C,CAT_797F_MANUAL,0,36.8,4.84,8.25,0.797,0.265,8.9,3.01,1,0.75,-1.17,1
DSTM-04809,B,PALA_PH_4100XPC,0,0.26,4.45,11.88,0.841,0.111,10.6,1.89,3,17.39,15.93,0
DSTM-04810,C,CAT_797F_MANUAL,0,34.28,7.85,128.42,0.953,0.218,7.8,1.09,2,12.69,10.85,0
DSTM-04811,C,CAT_797F_MANUAL,0,41.57,6.96,28.73,0.838,0.343,9.5,3.5,1,2.4,0.25,1
DSTM-04812,D,CAT_797F_MANUAL,0,20.2,5.67,23.01,0.596,0.152,6.7,7.41,3,3.36,1.6,1
DSTM-04813,C,CAT_797F_MANUAL,0,31.4,8.28,29.95,0.956,0.171,11.7,3.98,0,4.19,2.55,1
DSTM-04814,E,KOMATSU_930E_AHS,1,22.66,5.04,25.04,0.842,0.02,8.7,0.15,0,4.17,3.75,1
DSTM-04815,B,CAT_797F_MANUAL,0,19.07,1.9,38.37,0.837,0.22,9.2,2.22,5,7.57,5.74,0
DSTM-04816,A,KOMATSU_930E_AHS,1,25.18,14.52,137.51,0.751,0.066,2.2,0.15,0,17.78,17.31,0
DSTM-04817,A,KOMATSU_930E_AHS,1,33.17,10.32,198.17,0.829,0.042,23.5,0.15,0,20.72,20.29,0
DSTM-04818,C,CAMIONETA_4x4,0,42.8,6.01,46.07,0.883,0.54,11.4,2.07,1,3.66,1.08,1
DSTM-04819,C,KOMATSU_930E_AHS,1,30.37,5.21,120.66,0.94,0.035,1.3,0.15,0,14.85,14.48,0
DSTM-04820,C,CAMIONETA_4x4,0,37.65,10.35,49.18,0.998,0.202,9.6,0.06,1,4.26,2.46,1
DSTM-04821,D,CAT_797F_MANUAL,0,42.73,3.96,65.11,0.355,0.072,10.5,1.0,0,5.67,3.85,1
DSTM-04822,B,CAT_797F_MANUAL,0,17.76,6.12,20.19,0.947,0.123,7.3,4.22,3,3.71,2.15,1
DSTM-04823,D,CAT_797F_MANUAL,0,31.19,7.28,31.38,0.459,0.201,2.4,5.99,0,3.59,1.66,1
DSTM-04824,D,CAT_797F_MANUAL,0,34.39,7.89,95.57,0.291,0.049,11.4,7.08,0,9.73,7.99,0
DSTM-04825,B,PALA_PH_4100XPC,0,6.23,3.27,111.98,0.95,0.168,10.6,6.73,0,144.11,142.49,0
DSTM-04826,B,PALA_PH_4100XPC,0,0.0,4.13,50.86,0.746,0.194,11.2,1.39,0,99.74,97.95,0
DSTM-04827,A,CAT_797F_MANUAL,0,35.11,6.77,40.6,0.729,0.249,5.8,1.34,2,3.95,2.0,1
DSTM-04828,B,CAMIONETA_4x4,0,37.64,0.57,72.53,0.927,0.295,8.4,2.17,3,7.68,5.73,0
DSTM-04829,D,KOMATSU_930E_AHS,1,31.21,13.68,47.9,0.359,0.049,20.6,0.15,0,6.06,5.4,0
DSTM-04830,E,KOMATSU_930E_AHS,1,35.95,10.96,18.55,0.839,0.02,21.6,0.15,0,2.07,1.65,1
DSTM-04831,C,CAT_797F_MANUAL,0,22.05,10.55,150.96,0.876,0.389,8.1,8.44,3,20.8,18.46,0
DSTM-04832,B,CAT_797F_MANUAL,0,19.6,4.69,19.59,0.947,0.299,2.9,4.02,0,4.91,3.03,1
DSTM-04833,D,CAT_797F_MANUAL,0,24.28,10.21,22.83,0.206,0.095,3.7,1.18,3,3.43,1.44,1
DSTM-04834,D,CAT_797F_MANUAL,0,31.62,3.69,7.2,0.326,0.122,8.2,5.29,1,0.74,-1.11,1
DSTM-04835,B,CAT_797F_MANUAL,0,16.89,5.41,21.83,0.936,0.357,2.6,1.15,0,4.01,1.92,1
DSTM-04836,D,CAT_797F_MANUAL,0,26.27,3.42,10.23,0.414,0.047,7.0,5.3,1,1.07,-0.67,1
DSTM-04837,A,CAT_797F_MANUAL,0,43.07,5.84,86.63,0.798,0.212,9.7,6.76,3,7.04,5.13,0
DSTM-04838,A,CAT_797F_MANUAL,0,38.69,13.81,23.21,0.777,0.255,3.1,3.32,1,2.16,-0.02,1
DSTM-04839,A,CAT_797F_MANUAL,0,36.26,9.19,158.82,0.632,0.07,4.8,4.98,3,15.88,14.09,0
DSTM-04840,A,KOMATSU_930E_AHS,1,32.24,6.28,44.07,0.843,0.042,11.8,0.15,0,5.27,4.83,0
DSTM-04841,E,KOMATSU_930E_AHS,1,31.1,9.64,20.36,0.887,0.054,20.8,0.15,0,1.97,1.58,1
DSTM-04842,B,CAT_797F_MANUAL,0,15.84,6.5,68.44,0.779,0.08,5.1,1.71,1,11.95,10.47,0
DSTM-04843,B,CAMIONETA_4x4,0,42.74,3.01,30.86,0.995,0.125,7.9,2.37,0,2.4,0.88,1
DSTM-04844,B,PALA_PH_4100XPC,0,0.0,4.74,13.95,0.821,0.092,3.1,0.9,0,27.7,26.14,0
DSTM-04845,B,PALA_PH_4100XPC,0,3.71,1.25,81.42,0.82,0.045,6.3,0.59,3,148.26,146.84,0
DSTM-04846,B,PALA_PH_4100XPC,0,0.62,5.54,11.35,0.83,0.254,5.9,1.59,1,17.86,16.0,0
DSTM-04847,A,CAMIONETA_4x4,0,49.91,10.5,58.24,0.658,0.099,10.1,4.8,2,4.5,2.72,1
DSTM-04848,D,CAT_797F_MANUAL,0,28.38,8.89,51.83,0.347,0.085,10.5,3.25,2,6.52,4.7,0
DSTM-04849,A,CAT_797F_MANUAL,0,37.5,9.88,26.66,0.772,0.129,4.5,7.12,3,2.87,0.94,1
DSTM-04850,D,CAT_797F_MANUAL,0,30.66,7.64,64.67,0.538,0.136,7.0,2.01,1,8.16,6.36,0
DSTM-04851,A,KOMATSU_930E_AHS,1,35.79,11.38,72.73,0.665,0.053,23.2,0.15,0,8.2,7.69,0
DSTM-04852,D,KOMATSU_930E_AHS,1,29.08,8.22,106.04,0.564,0.034,1.4,0.15,0,12.6,12.01,0
DSTM-04853,D,CAMIONETA_4x4,0,42.71,6.38,14.03,0.208,0.258,2.4,3.5,1,0.45,-1.67,1
DSTM-04854,A,CAT_797F_MANUAL,0,35.69,10.92,17.45,0.832,0.125,9.2,4.55,3,1.83,-0.13,1
DSTM-04855,A,CAT_797F_MANUAL,0,43.41,9.29,171.83,0.663,0.047,11.2,0.96,2,13.38,11.77,0
DSTM-04856,E,KOMATSU_930E_AHS,1,23.98,8.44,56.55,0.749,0.08,10.1,0.15,0,9.2,8.74,0
DSTM-04857,C,KOMATSU_930E_AHS,1,29.39,5.37,111.75,0.85,0.054,4.1,0.15,0,15.14,14.72,0
DSTM-04858,C,KOMATSU_930E_AHS,1,25.68,14.92,68.01,0.907,0.02,20.0,0.15,0,10.26,9.86,0
DSTM-04859,A,KOMATSU_930E_AHS,1,34.09,9.06,24.4,0.775,0.086,12.8,0.15,0,2.32,1.84,1
DSTM-04860,B,CAT_797F_MANUAL,0,16.05,3.27,27.94,0.787,0.028,9.9,5.16,3,6.66,5.18,0
DSTM-04861,C,CAT_797F_MANUAL,0,30.3,10.8,6.93,0.87,0.266,8.5,3.48,2,0.81,-1.38,1
DSTM-04862,E,KOMATSU_930E_AHS,1,21.92,6.41,25.9,0.841,0.074,2.6,0.15,0,3.91,3.45,1
DSTM-04863,B,CAT_797F_MANUAL,0,18.32,0.0,16.08,0.982,0.158,7.2,1.28,1,2.6,0.95,1
DSTM-04864,D,CAT_797F_MANUAL,0,39.24,7.25,162.4,0.463,0.087,3.5,0.22,1,14.85,13.15,0
DSTM-04865,D,CAT_797F_MANUAL,0,40.56,8.85,52.59,0.221,0.297,7.5,8.71,4,4.25,1.73,1
DSTM-04866,A,CAT_797F_MANUAL,0,39.92,11.69,44.47,0.83,0.227,7.1,1.3,1,4.34,2.21,1
DSTM-04867,B,CAT_797F_MANUAL,0,17.47,5.75,11.67,0.91,0.116,2.7,2.56,0,2.14,0.66,1
DSTM-04868,A,CAT_797F_MANUAL,0,42.46,3.17,7.82,0.657,0.02,7.6,3.58,2,0.83,-0.62,1
DSTM-04869,B,CAMIONETA_4x4,0,40.94,1.39,162.04,0.887,0.36,10.3,1.37,1,14.01,11.84,0
DSTM-04870,C,CAT_797F_MANUAL,0,25.44,8.27,37.04,0.758,0.186,10.3,4.17,6,4.64,2.69,1
DSTM-04871,B,CAT_797F_MANUAL,0,17.48,2.29,5.36,0.816,0.128,7.7,6.57,0,0.93,-0.57,1
DSTM-04872,A,CAT_797F_MANUAL,0,41.31,13.96,200.0,0.665,0.242,7.4,6.19,1,18.64,16.24,0
DSTM-04873,D,CAT_797F_MANUAL,0,38.1,8.57,38.41,0.478,0.315,10.7,2.29,3,3.84,1.51,1
DSTM-04874,C,CAT_797F_MANUAL,0,35.61,8.21,20.49,0.891,0.344,10.8,15.0,4,2.24,0.05,1
DSTM-04875,C,KOMATSU_930E_AHS,1,29.6,8.52,141.24,0.978,0.053,24.0,0.15,0,16.66,16.29,0
DSTM-04876,C,CAT_797F_MANUAL,0,29.06,9.27,74.33,0.794,0.265,8.6,6.0,3,8.75,6.6,0
DSTM-04877,A,KOMATSU_930E_AHS,1,32.75,10.31,14.95,0.653,0.02,6.1,0.15,0,1.58,1.04,1
DSTM-04878,D,CAT_797F_MANUAL,0,44.8,8.69,44.82,0.362,0.087,1.9,2.01,3,3.79,2.07,1
DSTM-04879,B,CAT_797F_MANUAL,0,19.45,3.89,13.69,1.0,0.168,3.9,4.97,2,1.88,0.19,1
DSTM-04880,B,PALA_PH_4100XPC,0,1.6,4.65,52.72,0.794,0.117,2.3,7.26,0,106.56,104.99,0
DSTM-04881,A,CAMIONETA_4x4,0,42.54,8.46,25.22,0.617,0.031,4.3,4.55,1,2.06,0.41,1
DSTM-04882,C,CAT_797F_MANUAL,0,26.21,6.24,11.87,0.898,0.215,7.6,13.28,0,1.21,-0.51,1
DSTM-04883,C,CAT_797F_MANUAL,0,20.9,9.45,49.88,0.811,0.301,11.6,5.0,0,8.52,6.44,0
DSTM-04884,B,PALA_PH_4100XPC,0,3.79,3.24,38.97,0.834,0.028,4.3,1.5,2,43.3,41.91,0
DSTM-04885,E,CAMIONETA_4x4,0,41.23,9.3,46.51,0.857,0.189,5.5,0.68,1,3.97,2.13,1
DSTM-04886,D,CAT_797F_MANUAL,0,34.54,9.96,73.62,0.331,0.109,5.2,10.71,1,8.09,6.2,0
DSTM-04887,A,CAT_797F_MANUAL,0,42.4,5.81,103.78,0.632,0.087,5.4,4.46,1,9.63,8.1,0
DSTM-04888,D,CAT_797F_MANUAL,0,36.33,13.91,23.93,0.451,0.064,3.3,2.02,2,2.59,0.55,1
DSTM-04889,B,CAT_797F_MANUAL,0,14.15,4.73,20.51,0.94,0.278,4.3,3.12,2,4.49,2.54,1
DSTM-04890,E,CAMIONETA_4x4,0,28.47,12.17,43.81,0.842,0.261,5.1,2.8,0,5.61,3.48,1
DSTM-04891,A,CAMIONETA_4x4,0,39.04,14.4,64.12,0.704,0.099,6.6,2.34,0,5.26,3.14,1
DSTM-04892,B,CAT_797F_MANUAL,0,9.1,3.79,3.42,0.802,0.271,10.3,4.27,3,2.22,0.27,1
DSTM-04893,B,CAMIONETA_4x4,0,44.06,3.02,2.0,0.798,0.049,9.7,0.69,2,0.48,-1.0,1
DSTM-04894,B,CAT_797F_MANUAL,0,18.04,0.87,25.04,0.76,0.064,8.5,1.67,2,5.28,3.83,1
DSTM-04895,D,KOMATSU_930E_AHS,1,27.02,6.75,23.9,0.165,0.052,23.6,0.15,0,4.29,3.54,1
DSTM-04896,C,KOMATSU_930E_AHS,1,23.9,15.77,3.9,0.915,0.035,1.9,0.15,0,1.49,1.07,1
DSTM-04897,A,CAT_797F_MANUAL,0,42.22,8.82,17.62,0.658,0.123,4.1,2.39,1,1.35,-0.41,1
DSTM-04898,C,CAT_797F_MANUAL,0,36.21,4.64,194.99,0.944,0.155,8.0,4.36,1,20.07,18.43,0
DSTM-04899,E,KOMATSU_930E_AHS,1,29.65,12.05,30.55,0.76,0.075,15.7,0.15,0,4.22,3.76,1
DSTM-04900,D,CAT_797F_MANUAL,0,34.61,8.11,7.43,0.213,0.222,8.2,3.52,0,0.74,-1.49,1
DSTM-04901,C,KOMATSU_930E_AHS,1,28.44,6.33,23.11,0.927,0.024,10.9,0.15,0,3.18,2.76,1
DSTM-04902,B,CAT_797F_MANUAL,0,15.79,2.94,10.65,0.924,0.078,9.7,4.1,2,1.72,0.31,1
DSTM-04903,A,KOMATSU_930E_AHS,1,36.47,9.29,31.26,0.556,0.048,17.1,0.15,0,3.0,2.45,1
DSTM-04904,E,CAMIONETA_4x4,0,35.78,8.22,52.24,0.776,0.107,5.6,1.5,3,5.69,4.17,0
DSTM-04905,D,CAT_797F_MANUAL,0,46.14,11.62,11.01,0.414,0.492,1.1,7.09,0,0.72,-2.27,1
DSTM-04906,C,CAT_797F_MANUAL,0,35.45,12.14,10.08,0.74,0.362,7.9,5.16,2,0.7,-1.81,1
DSTM-04907,E,KOMATSU_930E_AHS,1,27.65,10.21,26.02,0.944,0.02,22.8,0.15,0,3.32,2.93,1
DSTM-04908,A,CAMIONETA_4x4,0,52.77,9.2,11.13,0.719,0.171,3.2,1.96,1,0.69,-1.25,1
DSTM-04909,D,CAT_797F_MANUAL,0,35.41,7.72,53.28,0.24,0.02,5.6,2.1,0,6.66,4.93,0
DSTM-04910,A,CAT_797F_MANUAL,0,41.85,11.16,51.5,0.585,0.316,1.1,4.5,1,4.45,2.02,1
DSTM-04911,A,CAT_797F_MANUAL,0,48.17,10.34,41.42,0.727,0.025,10.6,6.87,1,2.92,1.31,1
DSTM-04912,C,CAT_797F_MANUAL,0,32.82,11.72,71.87,0.849,0.432,8.9,4.87,3,8.37,5.73,0
DSTM-04913,B,CAT_797F_MANUAL,0,10.46,3.97,20.62,0.947,0.158,2.8,13.31,2,4.55,2.93,1
DSTM-04914,E,CAMIONETA_4x4,0,28.99,8.96,68.43,0.815,0.191,9.9,0.78,0,8.35,6.52,0
DSTM-04915,B,CAT_797F_MANUAL,0,20.25,0.67,3.15,0.968,0.109,10.9,9.9,1,1.1,-0.47,1
DSTM-04916,D,CAT_797F_MANUAL,0,37.41,3.78,31.25,0.514,0.079,8.3,0.69,0,2.85,1.23,1
DSTM-04917,D,CAT_797F_MANUAL,0,29.41,10.6,156.06,0.538,0.235,9.1,5.11,2,21.27,19.04,0
DSTM-04918,D,CAMIONETA_4x4,0,31.41,9.53,108.56,0.486,0.167,5.7,5.76,5,11.67,9.55,0
DSTM-04919,E,CAMIONETA_4x4,0,32.21,12.81,198.39,0.985,0.169,3.6,2.7,8,20.82,18.92,0
DSTM-04920,B,PALA_PH_4100XPC,0,3.61,2.73,2.41,0.911,0.053,3.5,8.55,1,10.39,8.98,1
DSTM-04921,B,CAT_797F_MANUAL,0,19.31,5.39,16.08,0.972,0.175,5.9,3.39,1,3.91,2.18,1
DSTM-04922,A,CAT_797F_MANUAL,0,34.76,15.45,14.49,0.719,0.05,5.7,1.08,1,1.66,-0.25,1
DSTM-04923,B,PALA_PH_4100XPC,0,2.99,4.33,71.97,1.0,0.145,6.8,1.77,3,143.53,142.06,0
DSTM-04924,E,KOMATSU_930E_AHS,1,32.25,15.34,9.68,0.94,0.033,11.9,0.15,0,1.18,0.79,1
DSTM-04925,C,CAMIONETA_4x4,0,36.03,9.39,34.09,0.817,0.294,10.0,6.66,1,3.36,1.22,1
DSTM-04926,B,PALA_PH_4100XPC,0,4.22,0.69,64.95,0.965,0.105,8.3,5.23,1,58.08,56.62,0
DSTM-04927,A,CAT_797F_MANUAL,0,34.82,10.9,82.81,0.624,0.208,10.0,2.83,1,8.2,6.13,0
DSTM-04928,C,KOMATSU_930E_AHS,1,24.81,9.66,58.63,0.735,0.068,18.1,0.15,0,9.56,9.11,0
DSTM-04929,D,KOMATSU_930E_AHS,1,32.41,11.15,35.59,0.245,0.053,23.0,0.15,0,3.91,3.17,1
DSTM-04930,B,CAT_797F_MANUAL,0,13.82,3.75,15.21,0.86,0.174,1.1,5.36,2,3.56,1.84,1
DSTM-04931,D,CAT_797F_MANUAL,0,40.0,10.82,18.23,0.28,0.028,5.0,2.81,1,0.69,-1.19,1
DSTM-04932,C,CAT_797F_MANUAL,0,30.99,10.05,35.07,1.0,0.333,8.4,7.45,3,3.72,1.54,1
DSTM-04933,D,KOMATSU_930E_AHS,1,33.08,6.28,12.07,0.384,0.032,15.0,0.15,0,0.58,-0.06,1
DSTM-04934,B,CAMIONETA_4x4,0,27.97,3.15,15.13,0.938,0.052,7.9,2.46,0,2.1,0.67,1
DSTM-04935,C,CAT_797F_MANUAL,0,28.24,9.93,197.51,0.913,0.435,9.7,2.37,2,26.0,23.5,0
DSTM-04936,A,CAT_797F_MANUAL,0,45.98,8.93,51.8,0.83,0.091,3.4,1.76,1,4.35,2.7,1
DSTM-04937,B,CAT_797F_MANUAL,0,21.67,3.66,21.48,0.975,0.088,4.3,4.63,1,3.4,1.95,1
DSTM-04938,D,KOMATSU_930E_AHS,1,27.93,8.22,64.93,0.397,0.063,8.0,0.15,0,8.93,8.29,0
DSTM-04939,C,CAT_797F_MANUAL,0,30.35,10.59,148.03,0.937,0.206,8.0,5.27,2,17.15,15.19,0
DSTM-04940,A,CAT_797F_MANUAL,0,39.26,12.99,58.77,0.673,0.505,4.6,10.86,1,5.0,2.03,1
DSTM-04941,E,CAMIONETA_4x4,0,31.13,5.44,19.56,0.947,0.041,9.0,1.37,1,2.28,0.88,1
DSTM-04942,A,CAT_797F_MANUAL,0,43.38,9.55,87.86,0.55,0.051,1.8,1.13,1,7.01,5.34,0
DSTM-04943,C,CAT_797F_MANUAL,0,37.53,11.18,14.26,0.899,0.329,10.5,1.65,5,1.81,-0.64,1
DSTM-04944,E,CAMIONETA_4x4,0,44.14,10.14,173.77,0.838,0.021,7.7,0.74,2,14.74,13.16,0
DSTM-04945,C,CAMIONETA_4x4,0,48.21,8.55,101.75,0.907,0.297,11.4,3.18,3,7.4,5.25,0
DSTM-04946,D,KOMATSU_930E_AHS,1,26.25,9.38,29.38,0.373,0.05,15.4,0.15,0,3.22,2.56,1
DSTM-04947,C,KOMATSU_930E_AHS,1,28.74,2.96,52.61,0.763,0.051,17.6,0.15,0,6.56,6.1,0
DSTM-04948,D,CAT_797F_MANUAL,0,35.45,8.29,13.95,0.533,0.261,4.3,2.05,2,1.42,-0.75,1
DSTM-04949,D,KOMATSU_930E_AHS,1,30.88,6.74,4.25,0.247,0.021,2.3,0.15,0,0.9,0.18,1
DSTM-04950,D,CAT_797F_MANUAL,0,33.72,8.75,28.58,0.417,0.224,6.0,12.56,2,2.91,0.69,1
DSTM-04951,A,CAT_797F_MANUAL,0,46.87,7.68,15.79,0.569,0.074,5.8,1.77,1,0.66,-0.91,1
DSTM-04952,D,CAT_797F_MANUAL,0,29.84,12.34,31.34,0.234,0.135,10.3,3.39,0,3.38,1.13,1
DSTM-04953,A,CAMIONETA_4x4,0,47.78,11.07,149.87,0.66,0.053,8.5,2.5,0,11.67,9.88,0
DSTM-04954,E,KOMATSU_930E_AHS,1,38.39,8.71,2.0,0.817,0.038,14.9,0.15,0,0.71,0.28,1
DSTM-04955,A,CAT_797F_MANUAL,0,37.1,9.9,36.96,0.883,0.156,10.2,2.8,1,3.36,1.6,1
DSTM-04956,A,CAT_797F_MANUAL,0,45.18,12.68,19.53,0.558,0.176,3.0,1.46,1,1.57,-0.64,1
DSTM-04957,E,CAMIONETA_4x4,0,19.82,4.97,19.27,0.772,0.121,3.6,2.3,1,3.77,2.12,1
DSTM-04958,A,CAT_797F_MANUAL,0,47.68,6.31,72.28,0.802,0.072,4.1,0.94,2,5.52,4.09,0
DSTM-04959,B,PALA_PH_4100XPC,0,0.0,4.09,11.66,0.862,0.042,7.9,2.28,1,10.98,9.54,1
DSTM-04960,D,CAT_797F_MANUAL,0,35.02,5.51,15.57,0.223,0.182,6.1,3.05,0,1.6,-0.42,1
DSTM-04961,A,CAMIONETA_4x4,0,53.59,8.02,89.62,0.587,0.105,2.9,3.83,0,6.1,4.19,0
DSTM-04962,A,CAT_797F_MANUAL,0,41.84,9.16,43.15,0.721,0.079,8.1,2.34,2,3.74,2.14,1
DSTM-04963,C,CAMIONETA_4x4,0,33.62,6.95,38.6,0.909,0.106,9.7,2.84,1,4.01,2.47,1
DSTM-04964,A,CAT_797F_MANUAL,0,50.5,4.06,40.89,0.68,0.066,11.1,6.37,0,2.54,0.99,1
DSTM-04965,A,CAT_797F_MANUAL,0,38.04,11.67,72.0,0.791,0.096,1.1,5.31,2,6.47,4.7,0
DSTM-04966,A,CAT_797F_MANUAL,0,40.07,10.43,24.9,0.714,0.136,11.4,2.31,0,2.61,0.72,1
DSTM-04967,B,CAT_797F_MANUAL,0,13.88,4.44,44.52,0.871,0.026,4.1,15.0,1,11.16,9.78,0
DSTM-04968,B,CAMIONETA_4x4,0,36.86,3.44,24.42,0.841,0.02,2.1,2.84,2,2.67,1.3,1
DSTM-04969,A,CAT_797F_MANUAL,0,38.36,8.51,48.43,0.595,0.08,10.2,3.27,0,4.48,2.77,1
DSTM-04970,C,KOMATSU_930E_AHS,1,30.79,4.68,18.17,0.749,0.048,15.6,0.15,0,1.51,1.07,1
DSTM-04971,C,CAT_797F_MANUAL,0,31.42,3.64,48.38,0.815,0.34,9.3,14.17,5,5.39,3.3,1
DSTM-04972,A,CAT_797F_MANUAL,0,41.9,9.96,32.62,0.79,0.085,8.1,1.03,1,2.57,0.88,1
DSTM-04973,B,CAT_797F_MANUAL,0,10.92,2.73,13.2,0.844,0.082,7.9,5.19,0,2.98,1.55,1
DSTM-04974,E,KOMATSU_930E_AHS,1,22.74,10.89,61.73,0.747,0.063,16.2,0.15,0,9.78,9.31,0
DSTM-04975,C,CAMIONETA_4x4,0,54.4,5.22,18.8,0.911,0.187,8.3,2.25,2,0.94,-0.75,1
DSTM-04976,B,CAT_797F_MANUAL,0,16.98,3.7,2.0,0.861,0.122,7.3,4.01,2,1.6,0.02,1
DSTM-04977,C,CAT_797F_MANUAL,0,23.85,5.53,11.13,0.965,0.3,8.6,4.21,1,1.06,-0.89,1
DSTM-04978,A,KOMATSU_930E_AHS,1,38.09,9.6,122.98,0.679,0.066,1.4,0.15,0,11.85,11.33,0
DSTM-04979,D,CAT_797F_MANUAL,0,40.73,4.76,48.32,0.462,0.253,11.0,0.85,1,4.66,2.59,1
DSTM-04980,E,KOMATSU_930E_AHS,1,29.97,9.03,45.51,0.752,0.107,0.8,0.15,0,5.75,5.29,0
DSTM-04981,E,KOMATSU_930E_AHS,1,18.43,7.88,44.3,0.904,0.025,4.6,0.15,0,8.9,8.49,0
DSTM-04982,A,CAT_797F_MANUAL,0,32.28,12.39,25.68,0.666,0.053,6.8,4.46,1,2.96,1.18,1
DSTM-04983,B,PALA_PH_4100XPC,0,0.0,2.95,11.84,0.829,0.166,5.3,7.92,2,23.17,21.46,0
DSTM-04984,A,KOMATSU_930E_AHS,1,27.62,11.28,64.96,0.782,0.055,9.6,0.15,0,7.99,7.54,0
DSTM-04985,B,CAMIONETA_4x4,0,25.24,5.19,22.61,0.755,0.158,7.9,4.34,2,2.99,1.33,1
DSTM-04986,B,CAT_797F_MANUAL,0,16.37,2.44,8.04,0.865,0.162,11.4,0.15,2,1.56,-0.08,1
DSTM-04987,C,CAT_797F_MANUAL,0,29.95,6.71,57.2,0.772,0.399,11.6,4.82,2,6.09,3.72,1
DSTM-04988,A,KOMATSU_930E_AHS,1,34.08,7.98,79.3,0.664,0.037,21.8,0.15,0,8.25,7.74,0
DSTM-04989,E,CAMIONETA_4x4,0,53.99,11.1,18.6,0.988,0.187,4.9,3.91,0,0.91,-0.98,1
DSTM-04990,A,KOMATSU_930E_AHS,1,31.54,14.13,30.82,0.868,0.031,17.9,0.15,0,3.39,2.97,1
DSTM-04991,A,CAT_797F_MANUAL,0,38.56,10.35,88.57,0.711,0.251,10.2,2.6,1,8.81,6.6,0
DSTM-04992,E,CAMIONETA_4x4,0,30.26,11.5,74.24,0.968,0.107,9.3,1.97,6,8.61,6.81,0
DSTM-04993,D,KOMATSU_930E_AHS,1,24.41,6.6,49.35,0.531,0.02,7.9,0.15,0,7.27,6.67,0
DSTM-04994,B,CAT_797F_MANUAL,0,6.87,3.32,65.69,0.962,0.127,11.5,1.24,0,51.18,49.59,0
DSTM-04995,C,CAT_797F_MANUAL,0,16.32,11.98,18.39,0.859,0.522,11.7,3.2,3,4.12,1.38,1
DSTM-04996,A,CAT_797F_MANUAL,0,38.8,5.41,89.99,0.829,0.081,1.5,4.28,0,8.23,6.7,0
DSTM-04997,A,CAT_797F_MANUAL,0,42.55,9.12,81.72,0.763,0.32,8.7,7.58,3,6.58,4.37,0
DSTM-04998,C,CAT_797F_MANUAL,0,42.18,8.89,36.1,0.86,0.132,8.9,4.63,1,3.09,1.32,1
DSTM-04999,B,CAT_797F_MANUAL,0,12.13,2.69,92.03,0.892,0.087,5.4,0.95,2,21.97,20.54,0
DSTM-05000,C,KOMATSU_930E_AHS,1,27.28,10.16,37.15,0.858,0.043,8.0,0.15,0,5.19,4.81,0
