sample_id,escenario,vehicle_type,is_autonomous,gnss_speed_kmh,gnss_ramp_grade,lidar_obstacle_dist_m,lidar_visibility_index,op_perclos_score,turno_horas_acumuladas,op_steering_jerk_stddev,op_harsh_braking_count,ttc_raw_sec,effective_ttc_sec,collision_risk_label
REAL-FIELD-00001,A,CAT_797F_MANUAL,0,22.77,14.85,191.77,0.929,0.146,1.4,5.38,0,30.32,29.7,0
REAL-FIELD-00002,E,KOMATSU_930E_AHS,1,25.27,14.71,40.01,0.497,0,6.3,0.15,0,5.7,4.44,0
REAL-FIELD-00003,B,CAT_797F_MANUAL,0,23.77,9.14,24.66,0.594,0.198,9.6,6.08,3,3.73,2.12,1
REAL-FIELD-00004,D,CAT_797F_MANUAL,0,35.37,13.45,5.54,0.281,0.206,9,3.02,3,0.56,-1.86,1
REAL-FIELD-00005,D,CAT_797F_MANUAL,0,33.5,5.73,21.55,0.405,0.227,4.3,5.12,2,2.32,0.15,1
REAL-FIELD-00006,C,CAT_797F_MANUAL,0,48.91,10.76,40.3,0.213,0.358,12,7.43,0,2.97,-0.07,1
REAL-FIELD-00007,A,CAT_797F_MANUAL,0,21.07,14.04,52.35,0.904,0.163,1.8,3.33,0,8.94,8.21,0
REAL-FIELD-00008,D,CAT_797F_MANUAL,0,36.91,11.81,171.71,0.339,0.225,9.6,5.26,0,16.75,14.42,0
REAL-FIELD-00009,E,KOMATSU_930E_AHS,1,29.19,2.61,81.32,0.842,0,2.7,0.15,0,10.03,9.64,0
REAL-FIELD-00010,A,CAMIONETA_4x4,0,41.17,10.57,164.94,0.762,0.238,3.8,5.37,0,14.42,13.11,0
REAL-FIELD-00011,C,CAMIONETA_4x4,0,31,15.3,60.64,0.222,0.329,9.3,7.07,0,7.04,4.11,0
REAL-FIELD-00012,E,KOMATSU_930E_AHS,1,21.12,7.09,192.7,0.208,0,2.8,0.15,0,32.85,30.87,0
REAL-FIELD-00013,C,CAMIONETA_4x4,0,40.21,6.5,59.01,0.81,0.355,12,6.11,0,5.28,3.74,1
REAL-FIELD-00014,D,CAMIONETA_4x4,0,39.33,2.33,161.71,0.409,0.218,5.5,2.82,0,14.8,12.67,0
REAL-FIELD-00015,C,CAT_797F_MANUAL,0,28.94,6.36,123.93,0.759,0.283,6.7,7.01,0,15.42,13.97,0
REAL-FIELD-00016,B,PALA_PH_4100XPC,0,1.73,11.88,118.76,0.899,0.223,10.7,5.99,0,999,998.08,0
REAL-FIELD-00017,A,CAT_797F_MANUAL,0,39.85,9.54,43.24,0.601,0.196,5.4,6.42,0,3.91,2.32,1
REAL-FIELD-00018,D,CAMIONETA_4x4,0,41.12,4.87,111.86,0.388,0.151,3.4,3.96,0,9.79,7.81,0
REAL-FIELD-00019,A,CAT_797F_MANUAL,0,36.45,12.72,177.38,0.734,0.194,5.5,3.82,0,17.52,16.27,0
REAL-FIELD-00020,E,KOMATSU_930E_AHS,1,26.05,10.22,68.36,0.399,0,2.3,0.15,0,9.45,7.95,0
REAL-FIELD-00021,E,KOMATSU_930E_AHS,1,19.3,6.6,42.39,0.752,0,7.1,0.15,0,7.91,7.29,0
REAL-FIELD-00022,A,CAMIONETA_4x4,0,41.56,9.06,186.3,0.944,0.214,4.2,3.81,0,16.14,15.36,0
REAL-FIELD-00023,A,CAT_797F_MANUAL,0,25.86,10.94,89.98,0.979,0.141,3,2.86,0,12.53,12.05,0
REAL-FIELD-00024,D,CAT_797F_MANUAL,0,16.97,3.81,135.01,0.361,0.182,2.7,2.83,0,28.64,26.5,0
REAL-FIELD-00025,B,PALA_PH_4100XPC,0,0.67,11.77,134.92,0.822,0.095,2.1,1.74,0,999,998.27,0
REAL-FIELD-00026,E,KOMATSU_930E_AHS,1,35.73,10.27,142.7,0.268,0,9.7,0.15,0,14.38,12.55,0
REAL-FIELD-00027,D,CAMIONETA_4x4,0,38.91,11.08,39.62,0.156,0.164,1.6,2.66,0,3.67,1.07,1
REAL-FIELD-00028,A,CAT_797F_MANUAL,0,14.83,12.09,78.3,0.951,0.083,2.8,1.38,0,19.01,18.64,0
REAL-FIELD-00029,C,CAT_797F_MANUAL,0,38.63,11.61,74.46,0.258,0.284,9.3,3.7,0,6.94,4.23,0
REAL-FIELD-00030,E,KOMATSU_930E_AHS,1,21.95,3.69,110.56,0.929,0,1.5,0.15,0,18.13,17.95,0
REAL-FIELD-00031,E,KOMATSU_930E_AHS,1,32.06,3.38,64.04,0.275,0,9.3,0.15,0,7.19,5.38,0
REAL-FIELD-00032,C,CAT_797F_MANUAL,0,14.1,4.64,126.83,0.46,0.297,8.6,5.96,0,32.38,30.14,0
REAL-FIELD-00033,B,CAMIONETA_4x4,0,39.97,4.76,11.86,0.995,0.225,6.6,6.31,3,1.07,0.38,1
REAL-FIELD-00034,E,KOMATSU_930E_AHS,1,22.33,12.4,109.4,0.737,0,9.8,0.15,0,17.64,16.98,0
REAL-FIELD-00035,A,CAMIONETA_4x4,0,32.52,4.98,56.16,0.53,0.077,0.7,3.76,0,6.22,4.81,0
REAL-FIELD-00036,A,CAT_797F_MANUAL,0,23.97,15.55,53.93,0.586,0.038,0.9,2.55,0,8.1,6.95,0
REAL-FIELD-00037,D,CAMIONETA_4x4,0,25.01,3.62,23.56,0.15,0.13,1.3,3.36,3,3.39,0.88,1
REAL-FIELD-00038,E,KOMATSU_930E_AHS,1,24.71,11.06,179.87,0.167,0,6.1,0.15,0,26.21,24.13,0
REAL-FIELD-00039,A,CAT_797F_MANUAL,0,26.41,11.44,34.63,0.571,0.166,6.5,5.98,0,4.72,3.15,1
REAL-FIELD-00040,A,CAT_797F_MANUAL,0,33.88,15.95,132.13,0.626,0.148,3.9,2.04,0,14.04,12.66,0
REAL-FIELD-00041,B,PALA_PH_4100XPC,0,1.02,5.48,144.06,0.528,0.273,7.2,6.84,0,999,997,0
REAL-FIELD-00042,E,KOMATSU_930E_AHS,1,34.48,12.56,137.76,0.459,0,11.6,0.15,0,14.38,13.03,0
REAL-FIELD-00043,A,CAMIONETA_4x4,0,29.54,6.12,94.53,0.918,0.111,2,4.99,0,11.52,10.98,0
REAL-FIELD-00044,D,CAMIONETA_4x4,0,42.07,13.54,33.41,0.16,0.131,5.4,5.38,0,2.86,0.37,1
REAL-FIELD-00045,B,PALA_PH_4100XPC,0,0.92,7.04,124.62,0.647,0.214,5,3.75,0,999,997.48,0
REAL-FIELD-00046,C,CAT_797F_MANUAL,0,41.72,9.98,149.56,0.609,0.285,8.2,5.22,0,12.91,11.08,0
REAL-FIELD-00047,E,KOMATSU_930E_AHS,1,20.68,10.42,169.59,0.477,0,1.4,0.15,0,29.52,28.21,0
REAL-FIELD-00048,C,CAT_797F_MANUAL,0,21.27,11.15,175.07,0.433,0.336,9.7,5,0,29.63,27.2,0
REAL-FIELD-00049,E,KOMATSU_930E_AHS,1,25.69,13.56,142.52,0.995,0,6.5,0.15,0,19.97,19.96,0
REAL-FIELD-00050,A,CAT_797F_MANUAL,0,39.51,7.29,113.9,0.521,0.099,0.7,1.98,0,10.38,8.89,0
REAL-FIELD-00051,E,KOMATSU_930E_AHS,1,29.78,6.27,50.7,0.732,0,4.6,0.15,0,6.13,5.46,0
REAL-FIELD-00052,E,KOMATSU_930E_AHS,1,35.56,13.53,41.16,0.581,0,9.1,0.15,0,4.17,3.12,1
REAL-FIELD-00053,D,PALA_PH_4100XPC,0,0.46,15.81,131.97,0.199,0.27,10.7,6.23,0,999,996.19,0
REAL-FIELD-00054,A,CAT_797F_MANUAL,0,19.07,15.24,156.13,0.725,0.098,3.3,4.95,0,29.47,28.49,0
REAL-FIELD-00055,B,PALA_PH_4100XPC,0,0.07,8.16,73.1,0.692,0.188,3.6,2.64,0,999,997.67,0
REAL-FIELD-00056,E,KOMATSU_930E_AHS,1,19.65,3.6,109.58,0.758,0,8.5,0.15,0,20.08,19.47,0
REAL-FIELD-00057,E,KOMATSU_930E_AHS,1,30.5,5.19,49.24,0.732,0,3.2,0.15,0,5.81,5.14,0
REAL-FIELD-00058,C,PALA_PH_4100XPC,0,2.8,9.37,108.08,0.708,0.31,8.4,5.11,0,138.96,137.3,0
REAL-FIELD-00059,E,KOMATSU_930E_AHS,1,27.98,10.04,87.2,0.354,0,8.6,0.15,0,11.22,9.6,0
REAL-FIELD-00060,D,CAT_797F_MANUAL,0,42.63,12.65,29.17,0.247,0.214,7,6.33,3,2.46,-0.06,1
REAL-FIELD-00061,B,PALA_PH_4100XPC,0,3.2,2.57,101.74,0.681,0.184,4.2,4.07,0,114.46,113.11,0
REAL-FIELD-00062,E,KOMATSU_930E_AHS,1,35.7,3.82,13.86,0.567,0,10.7,0.15,0,1.4,0.32,1
REAL-FIELD-00063,D,CAMIONETA_4x4,0,38.71,6.25,83.15,0.236,0.236,6.3,4.15,0,7.73,5.11,0
REAL-FIELD-00064,D,CAT_797F_MANUAL,0,33.66,12.57,167.15,0.226,0.074,2,4.43,0,17.88,15.72,0
REAL-FIELD-00065,B,PALA_PH_4100XPC,0,2.48,9.72,151.91,0.879,0.223,7.9,5.74,0,220.51,219.54,0
REAL-FIELD-00066,A,CAT_797F_MANUAL,0,46.99,3.97,171.44,0.451,0.16,7.1,3.36,0,13.13,11.28,0
REAL-FIELD-00067,D,CAMIONETA_4x4,0,41.16,4.23,42.49,0.262,0.28,6.2,5.17,0,3.72,1.04,1
REAL-FIELD-00068,A,CAT_797F_MANUAL,0,30.15,2.37,183.42,0.89,0.2,5.8,3.72,0,21.9,21.02,0
REAL-FIELD-00069,E,KOMATSU_930E_AHS,1,19.75,6.39,85.95,0.949,0,1.7,0.15,0,15.67,15.54,0
REAL-FIELD-00070,D,CAMIONETA_4x4,0,36.84,15.59,107.81,0.235,0.123,2.6,4.87,0,10.54,8.26,0
REAL-FIELD-00071,C,CAMIONETA_4x4,0,41.83,9.07,86.58,0.992,0.314,8.1,7.27,0,7.45,6.49,0
REAL-FIELD-00072,E,KOMATSU_930E_AHS,1,24.33,11.01,19.06,0.733,0,4.9,0.15,2,2.82,2.15,1
REAL-FIELD-00073,A,CAMIONETA_4x4,0,57.88,8.05,161.96,0.529,0.125,3.6,4.26,0,10.07,8.52,0
REAL-FIELD-00074,D,CAT_797F_MANUAL,0,41.29,9.98,164.08,0.351,0.212,7.2,5.81,0,14.31,12.05,0
REAL-FIELD-00075,A,CAT_797F_MANUAL,0,23.91,9.15,113.9,0.528,0.191,5.5,5.71,0,17.15,15.4,0
REAL-FIELD-00076,A,CAT_797F_MANUAL,0,32.23,7.91,192.47,0.824,0.271,10.3,5.11,0,21.5,20.25,0
REAL-FIELD-00077,E,KOMATSU_930E_AHS,1,28.61,11.38,47.55,0.786,0,6.6,0.15,0,5.98,5.44,0
REAL-FIELD-00078,D,CAT_797F_MANUAL,0,38.6,4.59,169.61,0.205,0.089,3,1.88,0,15.82,13.57,0
REAL-FIELD-00079,E,KOMATSU_930E_AHS,1,19.7,14.83,163.89,0.988,0,4.8,0.15,0,29.95,29.92,0
REAL-FIELD-00080,A,CAMIONETA_4x4,0,26.22,15.94,88.66,0.489,0.233,7.5,6.48,0,12.17,10.19,0
REAL-FIELD-00081,B,PALA_PH_4100XPC,0,1.04,13.69,101.72,0.45,0.072,1.6,4.05,0,999,997.41,0
REAL-FIELD-00082,A,CAMIONETA_4x4,0,31.29,2.68,110.85,0.978,0.259,9.8,5.36,0,12.75,11.92,0
REAL-FIELD-00083,A,CAT_797F_MANUAL,0,21.41,12.21,43.1,0.882,0.113,4.4,5.41,0,7.25,6.62,0
REAL-FIELD-00084,A,CAMIONETA_4x4,0,26.71,10.48,129.09,0.604,0.2,3,3.06,0,17.4,15.81,0
REAL-FIELD-00085,D,CAT_797F_MANUAL,0,28.16,13.97,178.68,0.185,0.275,6.8,7.25,0,22.84,19.98,0
REAL-FIELD-00086,A,CAMIONETA_4x4,0,61.66,4.45,145.72,0.828,0.177,5.3,2.5,0,8.51,7.55,0
REAL-FIELD-00087,E,KOMATSU_930E_AHS,1,26.57,3.19,31.65,0.897,0,3.9,0.15,0,4.29,4.03,0
REAL-FIELD-00088,A,CAT_797F_MANUAL,0,31.28,4.52,171.91,0.702,0.167,4,4.12,0,19.79,18.54,0
REAL-FIELD-00089,C,CAT_797F_MANUAL,0,38.25,6.61,175.76,0.609,0.288,6.8,5.28,0,16.54,14.7,0
REAL-FIELD-00090,E,KOMATSU_930E_AHS,1,34.41,7.34,141.71,0.354,0,10.8,0.15,0,14.83,13.22,0
REAL-FIELD-00091,A,CAT_797F_MANUAL,0,24.52,4.07,88.82,0.7,0.149,6.8,2.42,0,13.04,11.84,0
REAL-FIELD-00092,A,CAT_797F_MANUAL,0,38.05,5.64,142.87,0.467,0.214,4.5,3.25,0,13.52,11.55,0
REAL-FIELD-00093,A,CAMIONETA_4x4,0,46.2,9.14,94.61,0.824,0.195,6.1,6.01,0,7.37,6.34,0
REAL-FIELD-00094,A,CAMIONETA_4x4,0,57.24,3.44,33.35,0.917,0.2,3.5,3.1,0,2.1,1.29,1
REAL-FIELD-00095,A,CAT_797F_MANUAL,0,17.93,6.83,164.58,0.78,0.17,2.8,5.97,0,33.04,31.98,0
REAL-FIELD-00096,E,KOMATSU_930E_AHS,1,19.31,9.79,125.33,0.702,0,9.7,0.15,0,23.37,22.62,0
REAL-FIELD-00097,A,CAT_797F_MANUAL,0,35.09,12.21,73.92,0.936,0.236,10,5.89,0,7.58,6.71,0
REAL-FIELD-00098,A,CAT_797F_MANUAL,0,37.77,14.71,52.27,0.637,0.264,9.7,6.62,0,4.98,3.28,1
REAL-FIELD-00099,B,CAT_797F_MANUAL,0,45.03,14.82,24.11,0.732,0.075,3,4.83,3,1.93,1.03,1
REAL-FIELD-00100,A,CAMIONETA_4x4,0,46.58,2.33,141.21,0.938,0.228,9.4,3.08,0,10.91,10.07,0
REAL-FIELD-00101,E,KOMATSU_930E_AHS,1,27.91,8.03,103.55,0.439,0,11.4,0.15,0,13.36,11.96,0
REAL-FIELD-00102,A,CAMIONETA_4x4,0,36.14,2.74,129.68,0.951,0.224,6,6.19,0,12.92,12.13,0
REAL-FIELD-00103,E,KOMATSU_930E_AHS,1,29.76,14.06,133.57,0.769,0,6.7,0.15,0,16.16,15.58,0
REAL-FIELD-00104,A,CAT_797F_MANUAL,0,48.48,10.47,161.61,0.967,0.216,3.1,5.27,0,12,11.27,0
REAL-FIELD-00105,D,PALA_PH_4100XPC,0,1.5,12.51,27.61,0.167,0.153,6.2,5.83,3,999,996.46,0
REAL-FIELD-00106,E,KOMATSU_930E_AHS,1,37.4,4.55,77.38,0.289,0,4.4,0.15,0,7.45,5.67,0
REAL-FIELD-00107,D,CAMIONETA_4x4,0,60.35,3.01,9.66,0.21,0.251,5.5,3.97,3,0.58,-2.15,1
REAL-FIELD-00108,A,CAMIONETA_4x4,0,52.05,14.47,116.2,0.633,0.056,1.8,2.17,0,8.04,6.95,0
REAL-FIELD-00109,E,KOMATSU_930E_AHS,1,31.54,14.83,157.53,0.543,0,2,0.15,0,17.98,16.84,0
REAL-FIELD-00110,D,PALA_PH_4100XPC,0,2.2,4.08,38.56,0.284,0.242,9.2,5.83,0,63.1,60.58,0
REAL-FIELD-00111,C,PALA_PH_4100XPC,0,1.08,14.37,8.96,0.282,0.303,10.7,4.72,2,999,996.3,0
REAL-FIELD-00112,D,CAT_797F_MANUAL,0,24.07,9.58,81.83,0.2,0.223,10.2,4.4,0,12.24,9.57,0
REAL-FIELD-00113,A,CAMIONETA_4x4,0,59.38,13.66,95.49,0.507,0.129,2.1,5.57,0,5.79,4.17,0
REAL-FIELD-00114,D,CAT_797F_MANUAL,0,31.8,6.02,131.92,0.22,0.143,3.9,2.85,0,14.93,12.55,0
REAL-FIELD-00115,A,CAMIONETA_4x4,0,48.62,11.98,104.9,0.964,0.161,2,3.15,0,7.77,7.2,0
REAL-FIELD-00116,A,CAT_797F_MANUAL,0,27.43,12.28,30.43,0.648,0.171,4.2,3.43,0,3.99,2.6,1
REAL-FIELD-00117,A,CAT_797F_MANUAL,0,40.18,13.3,88.72,0.91,0.222,4.1,5.7,0,7.95,7.06,0
REAL-FIELD-00118,E,KOMATSU_930E_AHS,1,22.2,10.28,14.56,0.159,0,10.1,0.15,3,2.36,0.26,1
REAL-FIELD-00119,D,CAMIONETA_4x4,0,36.85,8.99,85.95,0.262,0.219,7.1,5.98,0,8.4,5.9,0
REAL-FIELD-00120,B,CAT_797F_MANUAL,0,33.76,6.48,5.66,0.493,0.151,4.2,5.93,3,0.6,-1.12,1
REAL-FIELD-00121,E,KOMATSU_930E_AHS,1,24.81,8.8,172.99,0.435,0,7.5,0.15,0,25.1,23.69,0
REAL-FIELD-00122,B,PALA_PH_4100XPC,0,3.87,15.62,145.04,0.606,0.2,7.8,3.84,0,134.92,133.33,0
REAL-FIELD-00123,A,CAMIONETA_4x4,0,61.01,4.42,55.09,0.848,0.066,1.1,3.2,0,3.25,2.67,1
REAL-FIELD-00124,A,CAT_797F_MANUAL,0,49.42,5.38,64.13,0.991,0.256,10.1,4.02,0,4.67,3.88,1
REAL-FIELD-00125,D,CAMIONETA_4x4,0,48.26,2.43,8.34,0.348,0.093,1.5,1.74,0,0.62,-1.29,1
REAL-FIELD-00126,A,CAMIONETA_4x4,0,50.22,4.29,116.53,0.754,0.176,3.8,3.56,0,8.35,7.21,0
REAL-FIELD-00127,D,CAMIONETA_4x4,0,26.36,8.39,31.72,0.222,0.209,2.3,5.83,0,4.33,1.76,1
REAL-FIELD-00128,C,CAT_797F_MANUAL,0,14.19,9.01,127.08,0.161,0.3,7.6,6.01,0,32.24,29.24,0
REAL-FIELD-00129,D,PALA_PH_4100XPC,0,3.59,14.95,117.75,0.338,0.185,1.7,4.94,0,118.08,115.87,0
REAL-FIELD-00130,C,CAT_797F_MANUAL,0,23.3,14.99,77.17,0.158,0.307,11,6.37,0,11.92,8.89,0
REAL-FIELD-00131,E,KOMATSU_930E_AHS,1,37.96,2.06,154.82,0.902,0,1.5,0.15,0,14.68,14.44,0
REAL-FIELD-00132,D,PALA_PH_4100XPC,0,1.82,2.76,44.45,0.273,0.155,0.8,3.75,0,87.92,85.64,0
REAL-FIELD-00133,A,CAMIONETA_4x4,0,35.5,12.16,105.11,0.884,0.256,9.9,6.94,0,10.66,9.6,0
REAL-FIELD-00134,D,CAT_797F_MANUAL,0,45.57,4.03,156.88,0.197,0.231,9.6,5.15,0,12.39,9.69,0
REAL-FIELD-00135,B,PALA_PH_4100XPC,0,0.71,8.8,155.28,0.989,0.125,0.7,2.31,0,999,998.6,0
REAL-FIELD-00136,B,PALA_PH_4100XPC,0,2.58,3.82,92.43,0.617,0.173,0.5,5.68,0,128.97,127.49,0
REAL-FIELD-00137,B,PALA_PH_4100XPC,0,2.69,6.67,126.82,0.715,0.135,5.9,4.88,0,169.72,168.6,0
REAL-FIELD-00138,A,CAT_797F_MANUAL,0,38.42,14.53,26.01,0.706,0.051,1.4,4.92,2,2.44,1.55,1
REAL-FIELD-00139,E,KOMATSU_930E_AHS,1,37.36,9.61,192.74,0.522,0,11.4,0.15,0,18.57,17.38,0
REAL-FIELD-00140,E,KOMATSU_930E_AHS,1,29.74,13.13,44.59,0.732,0,10.7,0.15,0,5.4,4.73,0
REAL-FIELD-00141,E,KOMATSU_930E_AHS,1,20.01,14.97,56.86,0.969,0,4.9,0.15,0,10.23,10.15,0
REAL-FIELD-00142,E,KOMATSU_930E_AHS,1,29.57,14.9,65.51,0.259,0,8.9,0.15,0,7.98,6.13,0
REAL-FIELD-00143,E,KOMATSU_930E_AHS,1,23.83,3.68,96.33,0.562,0,8.2,0.15,0,14.55,13.46,0
REAL-FIELD-00144,E,KOMATSU_930E_AHS,1,21.04,5.46,18.42,0.647,0,11.9,0.15,3,3.15,2.27,1
REAL-FIELD-00145,B,CAT_797F_MANUAL,0,26.64,15.83,17.74,0.725,0.214,10,4.43,3,2.4,1.07,1
REAL-FIELD-00146,A,CAT_797F_MANUAL,0,26.08,3.56,126.23,0.596,0.247,7.9,3.32,0,17.42,15.67,0
REAL-FIELD-00147,B,PALA_PH_4100XPC,0,3.26,9.5,30.75,0.854,0.081,2.5,1.82,0,33.96,33.35,0
REAL-FIELD-00148,E,KOMATSU_930E_AHS,1,28.65,11,67.69,0.588,0,11.3,0.15,0,8.51,7.48,0
REAL-FIELD-00149,C,CAMIONETA_4x4,0,29.38,4.1,16.05,0.652,0.305,10.2,4.75,0,1.97,0.19,1
REAL-FIELD-00150,C,CAT_797F_MANUAL,0,12.67,6.56,59.31,0.247,0.291,6.9,5.92,0,16.85,14.09,0
REAL-FIELD-00151,E,KOMATSU_930E_AHS,1,28.68,8.96,31.4,0.577,0,4.1,0.15,0,3.94,2.88,1
REAL-FIELD-00152,A,CAT_797F_MANUAL,0,33.17,13.41,188.33,0.616,0.158,3.1,5.3,0,20.44,19.01,0
REAL-FIELD-00153,A,CAMIONETA_4x4,0,35.63,5.61,79.93,0.996,0.202,6.2,2.74,0,8.08,7.46,0
REAL-FIELD-00154,B,PALA_PH_4100XPC,0,1.74,9.56,33.31,0.593,0.132,2,5.33,0,999,997.59,0
REAL-FIELD-00155,D,CAMIONETA_4x4,0,46.71,11,175.02,0.185,0.202,9.8,5.67,0,13.49,10.85,0
REAL-FIELD-00156,E,KOMATSU_930E_AHS,1,34.06,2.87,100.2,0.81,0,10.5,0.15,0,10.59,10.12,0
REAL-FIELD-00157,D,CAT_797F_MANUAL,0,14.91,3.61,42.72,0.222,0.044,1,3.78,0,10.31,8.23,0
REAL-FIELD-00158,E,KOMATSU_930E_AHS,1,27.31,4.4,106.97,0.856,0,1.2,0.15,0,14.1,13.74,0
REAL-FIELD-00159,E,KOMATSU_930E_AHS,1,24.86,13.07,185.33,0.196,0,11.3,0.15,0,26.84,24.83,0
REAL-FIELD-00160,A,CAMIONETA_4x4,0,62.14,10.12,123.64,0.799,0.096,2,3.34,0,7.16,6.37,0
REAL-FIELD-00161,D,CAMIONETA_4x4,0,32.32,8.11,182.42,0.387,0.255,10.1,4.9,0,20.32,18.02,0
REAL-FIELD-00162,A,CAT_797F_MANUAL,0,23.87,2.61,89.86,0.862,0.089,3.7,2.1,0,13.55,12.94,0
REAL-FIELD-00163,D,PALA_PH_4100XPC,0,1.98,15.67,184.89,0.302,0.057,1.9,1.48,0,336.16,334.24,0
REAL-FIELD-00164,E,KOMATSU_930E_AHS,1,34.75,14.33,27.03,0.572,0,6,0.15,3,2.8,1.73,1
REAL-FIELD-00165,D,PALA_PH_4100XPC,0,2.28,12.74,72.91,0.175,0.117,3.1,5.65,0,115.12,112.71,0
REAL-FIELD-00166,B,PALA_PH_4100XPC,0,0.58,6.18,93.94,0.928,0.171,7.4,5.04,0,999,998.31,0
REAL-FIELD-00167,D,CAMIONETA_4x4,0,40.31,14.61,54.2,0.278,0.137,4,5.16,0,4.84,2.62,1
REAL-FIELD-00168,A,CAT_797F_MANUAL,0,24.68,8.82,86.76,0.961,0.218,2.9,4.94,0,12.66,11.91,0
REAL-FIELD-00169,A,CAMIONETA_4x4,0,28.27,11.42,54.05,0.585,0.187,7.9,4.4,0,6.88,5.28,0
REAL-FIELD-00170,B,CAT_797F_MANUAL,0,49.28,5.2,9.18,0.848,0.169,6.6,5.63,0,0.67,-0.22,1
REAL-FIELD-00171,D,CAT_797F_MANUAL,0,18.07,3.31,113.11,0.299,0.272,9.8,4.33,0,22.53,19.96,0
REAL-FIELD-00172,A,CAMIONETA_4x4,0,32.13,11.74,143.59,0.854,0.117,1,2.39,0,16.09,15.37,0
REAL-FIELD-00173,B,PALA_PH_4100XPC,0,2.45,13.62,178.56,0.857,0.12,2.8,2.72,0,262.37,261.65,0
REAL-FIELD-00174,D,CAT_797F_MANUAL,0,13.67,4.37,17.41,0.37,0.126,0.5,2.35,3,4.58,2.63,1
REAL-FIELD-00175,B,PALA_PH_4100XPC,0,0.18,14.22,190.01,0.738,0.117,3.7,5.63,0,999,997.99,0
REAL-FIELD-00176,E,KOMATSU_930E_AHS,1,27.1,8.34,148.75,0.488,0,11.3,0.15,0,19.76,18.48,0
REAL-FIELD-00177,C,PALA_PH_4100XPC,0,3.41,3.21,178.16,0.454,0.363,11.3,8.03,0,188.09,185.64,0
REAL-FIELD-00178,B,PALA_PH_4100XPC,0,3.36,4.6,28.06,0.692,0.116,5.1,5.44,2,30.06,28.94,0
REAL-FIELD-00179,C,CAT_797F_MANUAL,0,16.71,5.62,93.71,0.41,0.325,9.1,5.95,0,20.19,17.74,0
REAL-FIELD-00180,B,PALA_PH_4100XPC,0,3.36,10.84,168.08,0.832,0.258,7.7,4,0,180.09,178.9,0
REAL-FIELD-00181,C,CAT_797F_MANUAL,0,27.41,14.8,140.75,0.821,0.294,8.4,6.67,0,18.49,17.16,0
REAL-FIELD-00182,C,CAT_797F_MANUAL,0,13.3,13.18,109.28,0.695,0.342,9.6,6.4,0,29.58,27.79,0
REAL-FIELD-00183,A,CAMIONETA_4x4,0,59.36,11.16,55.01,0.729,0.159,3.1,3.43,0,3.34,2.19,1
REAL-FIELD-00184,D,CAT_797F_MANUAL,0,42.64,4.88,15.15,0.442,0.238,11.6,5.12,2,1.28,-0.83,1
REAL-FIELD-00185,A,CAT_797F_MANUAL,0,35.3,2.44,157.96,0.795,0.168,5.4,3.99,0,16.11,15.09,0
REAL-FIELD-00186,C,CAT_797F_MANUAL,0,22.33,15.33,71.6,0.923,0.357,11.3,4.12,0,11.54,10.28,0
REAL-FIELD-00187,A,CAMIONETA_4x4,0,59.12,15.62,73.78,0.616,0.187,2.1,4.68,0,4.49,2.97,1
REAL-FIELD-00188,B,PALA_PH_4100XPC,0,3.93,8.8,142.7,0.544,0.23,3.3,3.76,0,130.72,128.89,0
REAL-FIELD-00189,A,CAT_797F_MANUAL,0,20.84,12.59,71.28,0.65,0.071,1.6,2.14,0,12.31,11.22,0
REAL-FIELD-00190,C,CAMIONETA_4x4,0,33.7,15.45,55.4,0.476,0.299,7.9,4.55,0,5.92,3.71,1
REAL-FIELD-00191,A,CAT_797F_MANUAL,0,24.6,2.18,29.43,0.648,0.182,1.8,5.88,0,4.31,2.88,1
REAL-FIELD-00192,E,KOMATSU_930E_AHS,1,19.84,12.85,180.97,0.651,0,11.9,0.15,0,32.84,31.97,0
REAL-FIELD-00193,A,CAT_797F_MANUAL,0,22.44,11.98,57.59,0.726,0.144,2.6,3.64,0,9.24,8.12,0
REAL-FIELD-00194,D,CAMIONETA_4x4,0,53.59,12.37,83.48,0.421,0.155,2.6,2.83,0,5.61,3.7,1
REAL-FIELD-00195,D,CAT_797F_MANUAL,0,15.32,5.09,105.53,0.262,0.207,3.2,5.18,0,24.8,22.33,0
REAL-FIELD-00196,D,CAMIONETA_4x4,0,39.15,14.12,117.74,0.265,0.087,0.6,2.55,0,10.83,8.73,0
REAL-FIELD-00197,B,CAT_797F_MANUAL,0,21.11,15.11,3.22,0.72,0.137,4.6,2.19,0,0.55,-0.56,1
REAL-FIELD-00198,A,CAMIONETA_4x4,0,30.98,7.42,163.72,0.736,0.249,6.7,3.68,0,19.02,17.61,0
REAL-FIELD-00199,C,CAT_797F_MANUAL,0,12.34,11.63,139.01,0.192,0.33,10.4,5.47,0,40.55,37.54,0
REAL-FIELD-00200,A,CAT_797F_MANUAL,0,24.41,6.27,63.6,0.919,0.217,3.8,4.2,0,9.38,8.53,0
REAL-FIELD-00201,E,KOMATSU_930E_AHS,1,19.28,3.11,49.72,0.644,0,6.5,0.15,0,9.28,8.39,0
REAL-FIELD-00202,D,PALA_PH_4100XPC,0,3.47,3.98,165.06,0.34,0.115,1.3,4.88,0,171.24,169.24,0
REAL-FIELD-00203,C,CAT_797F_MANUAL,0,43.58,4.21,84.79,0.896,0.342,12,6.24,0,7,5.71,0
REAL-FIELD-00204,A,CAT_797F_MANUAL,0,26.52,4,114.06,0.669,0.172,0.8,5.26,0,15.48,14.14,0
REAL-FIELD-00205,B,PALA_PH_4100XPC,0,2.48,6.33,3.99,0.491,0.23,7.7,4.65,3,5.79,3.83,1
REAL-FIELD-00206,C,CAT_797F_MANUAL,0,43.13,10.05,40.42,0.689,0.323,8.8,4.74,0,3.37,1.62,1
REAL-FIELD-00207,C,CAT_797F_MANUAL,0,30.01,4.26,93.17,0.5,0.314,10.3,7.1,0,11.18,8.99,0
REAL-FIELD-00208,C,PALA_PH_4100XPC,0,2.79,3.44,192.3,0.926,0.321,8.6,5.23,0,248.13,246.98,0
REAL-FIELD-00209,A,CAT_797F_MANUAL,0,34.98,12.69,91.55,0.496,0.22,7.9,5.48,0,9.42,7.5,0
REAL-FIELD-00210,D,PALA_PH_4100XPC,0,0.58,12.07,167.14,0.154,0.165,1.8,3.84,0,999,996.39,0
REAL-FIELD-00211,E,KOMATSU_930E_AHS,1,25.18,15.59,86.58,0.66,0,4,0.15,0,12.38,11.53,0
REAL-FIELD-00212,A,CAT_797F_MANUAL,0,29.45,6.29,104.66,0.89,0.244,9.3,5.33,0,12.79,11.78,0
REAL-FIELD-00213,D,PALA_PH_4100XPC,0,2.3,14.1,39.95,0.257,0.178,0.8,4.2,0,62.53,60.14,0
REAL-FIELD-00214,B,PALA_PH_4100XPC,0,1.64,3.47,91.49,0.691,0.106,3.6,4.9,0,999,997.91,0
REAL-FIELD-00215,A,CAMIONETA_4x4,0,49.39,15.28,132.25,0.454,0.256,6.9,5.12,0,9.64,7.51,0
REAL-FIELD-00216,C,PALA_PH_4100XPC,0,3.06,7.56,60.88,0.286,0.329,10.5,6.21,0,71.62,68.85,0
REAL-FIELD-00217,C,CAT_797F_MANUAL,0,21.18,6.55,30.27,0.999,0.348,9.8,6.86,0,5.15,4.1,0
REAL-FIELD-00218,E,KOMATSU_930E_AHS,1,21.2,9.19,109.59,0.435,0,2,0.15,0,18.61,17.2,0
REAL-FIELD-00219,E,KOMATSU_930E_AHS,1,36.81,6.59,92.65,0.723,0,3.1,0.15,0,9.06,8.37,0
REAL-FIELD-00220,B,PALA_PH_4100XPC,0,2.72,5.35,53.35,0.867,0.165,4.5,3.6,0,70.61,69.78,0
REAL-FIELD-00221,E,KOMATSU_930E_AHS,1,31.04,6.48,188.09,0.69,0,6.3,0.15,0,21.81,21.04,0
REAL-FIELD-00222,A,CAT_797F_MANUAL,0,27.01,15.2,190.63,0.86,0.138,1.1,2.8,0,25.41,24.65,0
REAL-FIELD-00223,D,CAT_797F_MANUAL,0,19.49,2.58,35.59,0.303,0.179,7.9,4.12,0,6.57,4.29,0
REAL-FIELD-00224,A,CAMIONETA_4x4,0,51.13,4.76,106.69,0.82,0.169,8.1,2.43,0,7.51,6.55,0
REAL-FIELD-00225,C,CAT_797F_MANUAL,0,36.68,7.55,121.9,0.224,0.328,9.9,5.94,0,11.96,9.04,0
REAL-FIELD-00226,A,CAMIONETA_4x4,0,56.73,2.06,55.3,0.998,0.196,4.4,4.95,0,3.51,2.92,1
REAL-FIELD-00227,E,KOMATSU_930E_AHS,1,29.73,8.51,10.97,0.34,0,8.2,0.15,3,1.33,-0.32,1
REAL-FIELD-00228,A,CAT_797F_MANUAL,0,18.66,11.46,123.13,0.81,0.154,1.5,3.93,0,23.75,22.81,0
REAL-FIELD-00229,A,CAT_797F_MANUAL,0,45.55,11.62,38.33,0.706,0.056,0.8,2.66,0,3.03,2.13,1
REAL-FIELD-00230,A,CAT_797F_MANUAL,0,31.07,5.44,68.44,0.696,0.27,9.9,5.74,0,7.93,6.36,0
REAL-FIELD-00231,C,CAT_797F_MANUAL,0,33.8,15.6,41.44,0.313,0.356,11.5,6.58,0,4.41,1.62,1
REAL-FIELD-00232,E,KOMATSU_930E_AHS,1,30.6,7.02,176.24,0.268,0,2.9,0.15,0,20.73,18.9,0
REAL-FIELD-00233,B,PALA_PH_4100XPC,0,3.35,3.73,104.09,0.9,0.151,1.8,3.81,0,111.86,111.16,0
REAL-FIELD-00234,B,CAMIONETA_4x4,0,45.72,8.21,15.4,0.732,0.245,8.8,6.25,2,1.21,-0.2,1
REAL-FIELD-00235,D,PALA_PH_4100XPC,0,0.16,10.14,41.57,0.25,0.179,6.4,4.02,0,999,996.59,0
REAL-FIELD-00236,B,CAT_797F_MANUAL,0,14.2,11.9,7.62,0.72,0.118,3.2,2.28,0,1.93,0.88,1
REAL-FIELD-00237,E,KOMATSU_930E_AHS,1,22.42,3.55,180.84,0.442,0,11.8,0.15,0,29.04,27.64,0
REAL-FIELD-00238,E,KOMATSU_930E_AHS,1,30.09,7.97,147.11,0.258,0,3.7,0.15,0,17.6,15.74,0
REAL-FIELD-00239,A,CAT_797F_MANUAL,0,19.72,11.14,99.07,0.923,0.084,2.7,3.85,0,18.09,17.65,0
REAL-FIELD-00240,E,KOMATSU_930E_AHS,1,32.37,10.6,50.88,0.533,0,1.3,0.15,0,5.66,4.49,0
REAL-FIELD-00241,E,KOMATSU_930E_AHS,1,32.87,15.23,169.16,0.331,0,9.8,0.15,0,18.53,16.86,0
REAL-FIELD-00242,E,KOMATSU_930E_AHS,1,37.65,2.23,117.96,0.161,0,6.4,0.15,0,11.28,9.18,0
REAL-FIELD-00243,A,CAT_797F_MANUAL,0,14.18,15.73,116.74,0.738,0.21,9.1,3.23,0,29.64,28.36,0
REAL-FIELD-00244,A,CAMIONETA_4x4,0,57.48,2.75,101.55,0.797,0.061,0.9,3.2,0,6.36,5.67,0
REAL-FIELD-00245,A,CAT_797F_MANUAL,0,38.24,10.49,166.13,0.563,0.146,3.7,5.39,0,15.64,14.11,0
REAL-FIELD-00246,E,KOMATSU_930E_AHS,1,29.04,9.64,64.28,0.779,0,2,0.15,0,7.97,7.42,0
REAL-FIELD-00247,A,CAT_797F_MANUAL,0,13.83,8.89,78.43,0.849,0.135,1,5.69,0,20.42,19.64,0
REAL-FIELD-00248,C,CAT_797F_MANUAL,0,44.82,3.39,58.87,0.265,0.288,9,5.09,0,4.73,2.03,1
REAL-FIELD-00249,B,CAT_797F_MANUAL,0,18.75,11,5.41,0.832,0.247,4.2,3.59,1,1.04,-0.12,1
REAL-FIELD-00250,E,KOMATSU_930E_AHS,1,20.47,15.15,29.55,0.325,0,10.1,0.15,3,5.2,3.51,1
REAL-FIELD-00251,E,KOMATSU_930E_AHS,1,18.11,2.37,72.15,0.331,0,1.9,0.15,0,14.34,12.67,0
REAL-FIELD-00252,A,CAMIONETA_4x4,0,33.33,11.29,144.14,0.796,0.091,2.7,3.99,0,15.57,14.79,0
REAL-FIELD-00253,A,CAT_797F_MANUAL,0,20.85,8.13,72.85,0.728,0.233,8.9,6.27,0,12.58,11.2,0
REAL-FIELD-00254,A,CAT_797F_MANUAL,0,24.82,7.18,141.04,0.465,0.142,6.5,5.47,0,20.46,18.7,0
REAL-FIELD-00255,E,KOMATSU_930E_AHS,1,23.37,14.29,66.27,0.212,0,8.4,0.15,0,10.21,8.24,0
REAL-FIELD-00256,D,CAT_797F_MANUAL,0,40.49,15.51,102.49,0.266,0.251,7.2,4.03,0,9.11,6.52,0
REAL-FIELD-00257,C,CAT_797F_MANUAL,0,43.76,15.37,7.91,0.963,0.283,8.6,6.68,3,0.65,-0.29,1
REAL-FIELD-00258,E,KOMATSU_930E_AHS,1,34.15,15.38,133.96,0.995,0,6.1,0.15,0,14.12,14.11,0
REAL-FIELD-00259,D,PALA_PH_4100XPC,0,1.41,4.77,150.52,0.222,0.179,6.1,5.52,0,999,996.52,0
REAL-FIELD-00260,E,KOMATSU_930E_AHS,1,27.65,13.66,133.82,0.492,0,2.3,0.15,0,17.42,16.15,0
REAL-FIELD-00261,E,KOMATSU_930E_AHS,1,32.92,4.78,153.83,0.951,0,6.6,0.15,0,16.82,16.7,0
REAL-FIELD-00262,D,PALA_PH_4100XPC,0,1.38,9.94,62.85,0.308,0.219,9.9,3.45,0,999,996.61,0
REAL-FIELD-00263,A,CAMIONETA_4x4,0,35.09,12.2,138.02,0.792,0.246,6,6.09,0,14.16,12.9,0
REAL-FIELD-00264,A,CAT_797F_MANUAL,0,45.66,4.4,174.82,0.594,0.128,2.2,3.67,0,13.78,12.38,0
REAL-FIELD-00265,D,CAMIONETA_4x4,0,25.5,8.1,192.09,0.232,0.275,8.9,3.9,0,27.12,24.38,0
REAL-FIELD-00266,C,PALA_PH_4100XPC,0,1.84,12,79.68,0.818,0.305,10.7,4.61,0,155.9,154.53,0
REAL-FIELD-00267,A,CAT_797F_MANUAL,0,16.71,15.27,61.28,0.791,0.195,1.9,6.14,0,13.2,12.09,0
REAL-FIELD-00268,A,CAT_797F_MANUAL,0,42.72,7.05,62.36,0.679,0.038,0.9,3.38,0,5.26,4.34,0
REAL-FIELD-00269,A,CAMIONETA_4x4,0,28.55,8.18,35.8,0.477,0.069,1.9,1.73,0,4.51,3,1
REAL-FIELD-00270,E,KOMATSU_930E_AHS,1,29.33,15.49,59.14,0.8,0,4.8,0.15,0,7.26,6.76,0
REAL-FIELD-00271,A,CAMIONETA_4x4,0,44.09,6.13,175.36,0.601,0.143,5.1,2.52,0,14.32,12.89,0
REAL-FIELD-00272,B,PALA_PH_4100XPC,0,3,3.12,100.37,0.672,0.145,3.8,3.14,0,120.44,119.18,0
REAL-FIELD-00273,E,KOMATSU_930E_AHS,1,32.19,8.27,20.01,0.585,0,8.5,0.15,2,2.24,1.2,1
REAL-FIELD-00274,A,CAMIONETA_4x4,0,34.54,2.44,157.7,0.703,0.093,2.7,3.98,0,16.44,15.42,0
REAL-FIELD-00275,D,CAT_797F_MANUAL,0,12.35,13.37,166.09,0.165,0.256,8.7,5.52,0,48.41,45.55,0
REAL-FIELD-00276,E,KOMATSU_930E_AHS,1,32.89,7.24,134.16,0.229,0,10.5,0.15,0,14.68,12.75,0
REAL-FIELD-00277,E,KOMATSU_930E_AHS,1,34.08,12.75,71.36,0.173,0,3.4,0.15,0,7.54,5.47,0
REAL-FIELD-00278,D,PALA_PH_4100XPC,0,2.7,14.03,60.65,0.202,0.219,10.6,3.81,0,80.87,78.22,0
REAL-FIELD-00279,A,CAT_797F_MANUAL,0,26.61,8.95,104,0.653,0.176,5.6,4.68,0,14.07,12.67,0
REAL-FIELD-00280,E,KOMATSU_930E_AHS,1,28.15,5.91,159.56,0.322,0,10.1,0.15,0,20.41,18.72,0
REAL-FIELD-00281,E,KOMATSU_930E_AHS,1,33.35,6.47,145.68,0.427,0,0.6,0.15,0,15.73,14.3,0
REAL-FIELD-00282,C,PALA_PH_4100XPC,0,0.91,2.65,58.2,0.287,0.338,10.9,5.81,0,999,996.2,0
REAL-FIELD-00283,A,CAT_797F_MANUAL,0,31.32,13.16,29.65,0.734,0.114,3.1,1.81,3,3.41,2.4,1
REAL-FIELD-00284,D,CAT_797F_MANUAL,0,36.7,9.25,174.54,0.428,0.096,3.5,2.27,0,17.12,15.4,0
REAL-FIELD-00285,B,CAT_797F_MANUAL,0,12.49,2.17,20.46,0.987,0.178,4.1,2.37,1,5.9,5.33,0
REAL-FIELD-00286,C,CAT_797F_MANUAL,0,19.83,7.19,133.5,0.704,0.281,10.5,7.18,0,24.24,22.66,0
REAL-FIELD-00287,B,PALA_PH_4100XPC,0,0.56,3.92,188.44,0.649,0.239,7.7,4.8,0,999,997.41,0
REAL-FIELD-00288,E,KOMATSU_930E_AHS,1,31.51,8.83,162.65,0.916,0,9.5,0.15,0,18.58,18.37,0
REAL-FIELD-00289,A,CAT_797F_MANUAL,0,48.41,13.96,150.71,0.55,0.121,1.2,3.66,0,11.21,9.72,0
REAL-FIELD-00290,E,KOMATSU_930E_AHS,1,31.3,11.66,23.63,0.748,0,1,0.15,2,2.72,2.09,1
REAL-FIELD-00291,A,CAMIONETA_4x4,0,49.54,8.27,71.15,0.618,0.237,11.3,3.17,0,5.17,3.5,1
REAL-FIELD-00292,E,KOMATSU_930E_AHS,1,25.81,10.02,99.44,0.709,0,10.6,0.15,0,13.87,13.14,0
REAL-FIELD-00293,E,KOMATSU_930E_AHS,1,31.93,5.33,108,0.996,0,5.2,0.15,0,12.18,12.17,0
REAL-FIELD-00294,B,PALA_PH_4100XPC,0,3.5,7.63,78.44,0.528,0.159,3.1,3.98,0,80.68,79.02,0
REAL-FIELD-00295,D,CAT_797F_MANUAL,0,30.19,14.86,93.65,0.154,0.182,3.3,5.69,0,11.17,8.51,0
REAL-FIELD-00296,A,CAT_797F_MANUAL,0,32.6,5.29,54.08,0.908,0.247,9.5,3.29,0,5.97,5,0
REAL-FIELD-00297,E,KOMATSU_930E_AHS,1,18.33,13.62,138.43,0.261,0,11.9,0.15,0,27.19,25.34,0
REAL-FIELD-00298,B,CAMIONETA_4x4,0,30.73,2.65,14.26,0.642,0.091,1.9,1.61,0,1.67,0.5,1
REAL-FIELD-00299,A,CAT_797F_MANUAL,0,26.86,10.31,152.91,0.955,0.142,5.9,3.93,0,20.49,19.95,0
REAL-FIELD-00300,E,KOMATSU_930E_AHS,1,21.96,11.69,60.74,0.742,0,4.1,0.15,0,9.96,9.32,0
REAL-FIELD-00301,C,PALA_PH_4100XPC,0,2.08,2.73,102.39,0.424,0.286,11,4.93,0,177.21,174.91,0
REAL-FIELD-00302,B,PALA_PH_4100XPC,0,1.37,6.09,118.52,0.803,0.263,5.5,5.78,0,999,997.72,0
REAL-FIELD-00303,E,KOMATSU_930E_AHS,1,29.97,6.79,122.23,0.922,0,10.6,0.15,0,14.68,14.48,0
REAL-FIELD-00304,A,CAT_797F_MANUAL,0,49.65,7.66,118.57,0.481,0.199,6.4,4.55,0,8.6,6.71,0
REAL-FIELD-00305,E,KOMATSU_930E_AHS,1,31.8,4.44,161.33,0.421,0,6.7,0.15,0,18.26,16.81,0
REAL-FIELD-00306,E,KOMATSU_930E_AHS,1,30,14.9,29.43,0.564,0,11.2,0.15,1,3.53,2.44,1
REAL-FIELD-00307,E,KOMATSU_930E_AHS,1,24.78,11.85,129.29,0.623,0,9.2,0.15,0,18.78,17.84,0
REAL-FIELD-00308,E,KOMATSU_930E_AHS,1,19.87,15.47,16,0.498,0,10.3,0.15,1,2.9,1.64,1
REAL-FIELD-00309,A,CAT_797F_MANUAL,0,39.13,9.3,176.6,0.982,0.232,4.2,5.23,0,16.25,15.51,0
REAL-FIELD-00310,E,KOMATSU_930E_AHS,1,36.69,3.56,80.27,0.265,0,11.5,0.15,0,7.88,6.04,0
REAL-FIELD-00311,E,KOMATSU_930E_AHS,1,22.06,3.97,188.02,0.426,0,1,0.15,0,30.68,29.24,0
REAL-FIELD-00312,E,KOMATSU_930E_AHS,1,19.31,14.66,140.81,0.963,0,8.1,0.15,0,26.25,26.16,0
REAL-FIELD-00313,B,CAMIONETA_4x4,0,38.13,12.19,23.18,0.51,0.176,5.9,4.12,1,2.19,0.44,1
REAL-FIELD-00314,E,KOMATSU_930E_AHS,1,29.46,15.37,46.78,0.447,0,10.8,0.15,0,5.72,4.34,0
REAL-FIELD-00315,A,CAMIONETA_4x4,0,54.23,9.74,31.55,0.675,0.236,8.4,5.9,0,2.09,0.57,1
REAL-FIELD-00316,A,CAMIONETA_4x4,0,41.56,9.34,36.47,0.632,0.162,1.1,5.31,0,3.16,1.75,1
REAL-FIELD-00317,A,CAMIONETA_4x4,0,37.1,8.32,108.87,0.893,0.175,4.3,4.82,0,10.56,9.77,0
REAL-FIELD-00318,A,CAT_797F_MANUAL,0,37.48,8.63,92.18,0.648,0.151,7,2.39,0,8.85,7.52,0
REAL-FIELD-00319,E,KOMATSU_930E_AHS,1,29.97,4.24,28.67,0.296,0,9.8,0.15,1,3.44,1.68,1
REAL-FIELD-00320,A,CAMIONETA_4x4,0,61.82,4.5,190.75,0.954,0.193,2.1,4.14,0,11.11,10.42,0
REAL-FIELD-00321,A,CAT_797F_MANUAL,0,43.21,10.63,123.91,0.812,0.199,9.6,4.8,0,10.32,9.25,0
REAL-FIELD-00322,D,CAT_797F_MANUAL,0,46.64,2.85,182.92,0.332,0.255,11.4,4.49,0,14.12,11.68,0
REAL-FIELD-00323,E,KOMATSU_930E_AHS,1,26.61,8.72,187.08,0.909,0,8.3,0.15,0,25.31,25.08,0
REAL-FIELD-00324,E,KOMATSU_930E_AHS,1,21,5.85,54.07,0.684,0,10.9,0.15,0,9.27,8.48,0
REAL-FIELD-00325,A,CAT_797F_MANUAL,0,31.86,11.74,183.29,0.807,0.049,1,4.05,0,20.71,20.08,0
REAL-FIELD-00326,C,CAMIONETA_4x4,0,39.54,6.42,174.64,0.641,0.283,7.2,4.37,0,15.9,14.15,0
REAL-FIELD-00327,C,PALA_PH_4100XPC,0,0.39,15.56,189.61,0.826,0.287,9.9,5.43,0,999,997.7,0
REAL-FIELD-00328,E,KOMATSU_930E_AHS,1,36.58,9.49,140.52,0.318,0,5.9,0.15,0,13.83,12.12,0
REAL-FIELD-00329,A,CAT_797F_MANUAL,0,31.38,4.3,25.02,0.515,0.217,9,3.12,1,2.87,1.01,1
REAL-FIELD-00330,D,CAMIONETA_4x4,0,40.57,7.73,9.49,0.248,0.209,7.1,3.84,0,0.84,-1.67,1
REAL-FIELD-00331,A,CAT_797F_MANUAL,0,27.34,4.5,60.08,0.699,0.103,1.8,5.33,0,7.91,6.85,0
REAL-FIELD-00332,D,CAT_797F_MANUAL,0,22.95,13.81,100.04,0.445,0.221,7,2.79,0,15.69,13.64,0
REAL-FIELD-00333,D,PALA_PH_4100XPC,0,2.96,8.46,31.77,0.27,0.134,1,5.53,0,38.64,36.41,0
REAL-FIELD-00334,B,PALA_PH_4100XPC,0,0.43,7.39,80.77,0.607,0.126,5.1,3.91,0,999,997.64,0
REAL-FIELD-00335,D,CAT_797F_MANUAL,0,47.19,13.67,14.9,0.305,0.151,2.9,2.03,3,1.14,-1.05,1
REAL-FIELD-00336,C,CAT_797F_MANUAL,0,43.29,6.63,128.08,0.599,0.346,10.2,4.01,0,10.65,8.61,0
REAL-FIELD-00337,A,CAT_797F_MANUAL,0,43.84,15.01,33.55,0.709,0.212,4.2,3.65,0,2.76,1.4,1
REAL-FIELD-00338,E,KOMATSU_930E_AHS,1,28.79,12.15,178.02,0.502,0,9.5,0.15,0,22.26,21.02,0
REAL-FIELD-00339,A,CAT_797F_MANUAL,0,23.63,6.03,83.06,0.773,0.245,5.4,5.33,0,12.65,11.35,0
REAL-FIELD-00340,C,CAT_797F_MANUAL,0,29.33,2.73,70.59,0.158,0.288,9.8,3.94,0,8.66,5.69,0
REAL-FIELD-00341,E,KOMATSU_930E_AHS,1,28.85,8.79,102.64,0.227,0,3.3,0.15,0,12.81,10.88,0
REAL-FIELD-00342,E,KOMATSU_930E_AHS,1,19.24,5.76,100.87,0.399,0,11.2,0.15,0,18.87,17.37,0
REAL-FIELD-00343,B,PALA_PH_4100XPC,0,3.92,5.93,36.86,0.465,0.175,3.4,2.35,0,33.85,31.99,0
REAL-FIELD-00344,D,CAT_797F_MANUAL,0,16.07,3.54,98.42,0.298,0.272,8.7,5.11,0,22.05,19.48,0
REAL-FIELD-00345,A,CAT_797F_MANUAL,0,23.46,6.32,185.06,0.715,0.249,4.6,3.72,0,28.4,26.94,0
REAL-FIELD-00346,E,KOMATSU_930E_AHS,1,35.79,11.66,185.08,0.743,0,3.1,0.15,0,18.62,17.98,0
REAL-FIELD-00347,A,CAT_797F_MANUAL,0,20.28,3.8,176.31,0.904,0.107,3.3,5.07,0,31.3,30.74,0
REAL-FIELD-00348,A,CAMIONETA_4x4,0,53.72,4.69,110.83,0.805,0.193,5.9,6.36,0,7.43,6.36,0
REAL-FIELD-00349,A,CAT_797F_MANUAL,0,26.34,10.8,28.61,0.96,0.264,11.6,4.48,2,3.91,3.02,1
REAL-FIELD-00350,A,CAT_797F_MANUAL,0,15.73,12.39,94.51,0.63,0.217,8.1,3.25,0,21.63,20.05,0
REAL-FIELD-00351,A,CAMIONETA_4x4,0,58.89,7.23,52.82,0.852,0.153,4.8,2.97,0,3.23,2.4,1
REAL-FIELD-00352,B,CAT_797F_MANUAL,0,33.02,12.73,21.42,0.651,0.244,6.1,4.75,1,2.34,0.74,1
REAL-FIELD-00353,C,CAT_797F_MANUAL,0,33.4,5.82,38.22,0.16,0.294,9.6,5.6,0,4.12,1.14,1
REAL-FIELD-00354,D,CAT_797F_MANUAL,0,14.93,3.85,98.58,0.313,0.177,6.6,4.78,0,23.77,21.52,0
REAL-FIELD-00355,E,KOMATSU_930E_AHS,1,28.81,10.53,19.69,0.619,0,3.4,0.15,0,2.46,1.51,1
REAL-FIELD-00356,D,PALA_PH_4100XPC,0,2.6,11.15,111.07,0.29,0.268,9.2,4.57,0,153.79,151.21,0
REAL-FIELD-00357,C,CAT_797F_MANUAL,0,47.81,5.52,65.89,0.799,0.328,10.5,7.3,0,4.96,3.47,1
REAL-FIELD-00358,E,KOMATSU_930E_AHS,1,30.24,6.01,31.86,0.338,0,1.7,0.15,0,3.79,2.14,1
REAL-FIELD-00359,B,PALA_PH_4100XPC,0,1.45,5.3,165.61,0.968,0.266,11.7,6.54,0,999,998.12,0
REAL-FIELD-00360,E,KOMATSU_930E_AHS,1,33.22,3.09,141.03,0.622,0,6.7,0.15,0,15.28,14.34,0
REAL-FIELD-00361,C,CAT_797F_MANUAL,0,20.54,8.8,151.2,0.743,0.31,8.9,5.84,0,26.5,24.93,0
REAL-FIELD-00362,A,CAMIONETA_4x4,0,32.6,8.69,146.61,0.785,0.173,8.1,4.13,0,16.19,15.13,0
REAL-FIELD-00363,A,CAT_797F_MANUAL,0,15.82,10.61,119.9,0.861,0.142,3.9,3.16,0,27.28,26.51,0
REAL-FIELD-00364,B,PALA_PH_4100XPC,0,2.21,3.94,87.45,0.567,0.17,6.1,2.35,0,142.45,140.86,0
REAL-FIELD-00365,D,CAT_797F_MANUAL,0,20.9,9.31,70.51,0.257,0.204,6.3,4.51,0,12.15,9.68,0
REAL-FIELD-00366,B,CAT_797F_MANUAL,0,21.61,7.91,9.73,0.471,0.107,2.9,3.77,0,1.62,-0.02,1
REAL-FIELD-00367,B,CAMIONETA_4x4,0,43.84,15.68,24.12,0.949,0.186,8.5,5.93,3,1.98,1.29,1
REAL-FIELD-00368,C,CAT_797F_MANUAL,0,34.42,7.58,16.3,0.532,0.295,11.4,5.21,1,1.7,-0.36,1
REAL-FIELD-00369,E,KOMATSU_930E_AHS,1,24.99,12.62,125.77,0.255,0,4.6,0.15,0,18.12,16.26,0
REAL-FIELD-00370,E,KOMATSU_930E_AHS,1,35.4,6.17,179.88,0.652,0,4.2,0.15,0,18.29,17.42,0
REAL-FIELD-00371,E,KOMATSU_930E_AHS,1,30.59,9.21,192.01,0.385,0,11.1,0.15,0,22.6,21.06,0
REAL-FIELD-00372,A,CAT_797F_MANUAL,0,32.37,8.38,91.17,0.957,0.185,6.5,5.96,0,10.14,9.48,0
REAL-FIELD-00373,C,CAMIONETA_4x4,0,31.95,15.62,19.89,0.947,0.297,9.3,5.11,2,2.24,1.22,1
REAL-FIELD-00374,D,PALA_PH_4100XPC,0,1.32,15.83,113.97,0.247,0.16,2.8,3.08,0,999,996.64,0
REAL-FIELD-00375,A,CAT_797F_MANUAL,0,43.15,2,149.15,0.622,0.225,5.7,4.81,0,12.44,10.82,0
REAL-FIELD-00376,A,CAT_797F_MANUAL,0,49.14,11.56,42.87,0.49,0.129,3.2,2.67,0,3.14,1.48,1
REAL-FIELD-00377,E,KOMATSU_930E_AHS,1,26.02,14.56,42.73,0.995,0,10,0.15,0,5.91,5.9,0
REAL-FIELD-00378,E,KOMATSU_930E_AHS,1,21.58,8.84,171.99,0.369,0,11.4,0.15,0,28.69,27.11,0
REAL-FIELD-00379,A,CAMIONETA_4x4,0,55.12,7.91,52.2,0.89,0.197,8.6,4.43,0,3.41,2.54,1
REAL-FIELD-00380,A,CAMIONETA_4x4,0,28.49,10.79,101.53,0.506,0.225,5.4,5.69,0,12.83,10.92,0
REAL-FIELD-00381,B,PALA_PH_4100XPC,0,3.73,5.17,98.43,0.995,0.204,9.3,5.39,0,95,94.38,0
REAL-FIELD-00382,D,CAT_797F_MANUAL,0,26.6,5.53,111.24,0.326,0.244,9.9,5.6,0,15.06,12.64,0
REAL-FIELD-00383,A,CAT_797F_MANUAL,0,39.53,10.08,54.41,0.622,0.17,5.4,4.98,0,4.96,3.5,1
REAL-FIELD-00384,A,CAT_797F_MANUAL,0,44.24,6.46,79.47,0.807,0.228,4.9,5.07,0,6.47,5.3,0
REAL-FIELD-00385,C,CAT_797F_MANUAL,0,45.3,8.32,108.87,0.714,0.331,9.2,4.49,0,8.65,6.94,0
REAL-FIELD-00386,B,PALA_PH_4100XPC,0,2.83,15.43,95.48,0.535,0.189,6.9,2.71,0,121.46,119.73,0
REAL-FIELD-00387,B,PALA_PH_4100XPC,0,3.85,6.5,134.91,0.868,0.148,5.5,3.2,0,126.15,125.38,0
REAL-FIELD-00388,E,KOMATSU_930E_AHS,1,28.62,7.57,30.59,0.531,0,8.4,0.15,0,3.85,2.68,1
REAL-FIELD-00389,A,CAMIONETA_4x4,0,60,10.31,132.26,0.533,0.154,4.3,4.93,0,7.94,6.31,0
REAL-FIELD-00390,A,CAT_797F_MANUAL,0,28.79,12.82,80.4,0.633,0.277,10.2,6.68,0,10.05,8.3,0
REAL-FIELD-00391,A,CAT_797F_MANUAL,0,32.67,9.94,48.19,0.653,0.208,9.8,2.96,0,5.31,3.82,1
REAL-FIELD-00392,B,PALA_PH_4100XPC,0,2.75,11.74,31.06,0.97,0.11,2,4.83,0,40.66,40.25,0
REAL-FIELD-00393,B,PALA_PH_4100XPC,0,0.06,12.76,10.32,0.909,0.209,9.4,6.39,0,999,998.15,0
REAL-FIELD-00394,A,CAT_797F_MANUAL,0,48.51,14.32,178.1,0.522,0.263,10.5,6.49,0,13.22,11.24,0
REAL-FIELD-00395,D,PALA_PH_4100XPC,0,1.15,13.95,112.87,0.329,0.069,1.6,4.65,0,999,997.12,0
REAL-FIELD-00396,E,KOMATSU_930E_AHS,1,37.07,12.69,123.75,0.339,0,9.2,0.15,0,12.02,10.37,0
REAL-FIELD-00397,A,CAMIONETA_4x4,0,28.2,15.52,133.34,0.619,0.11,1.4,5.44,0,17.02,15.74,0
REAL-FIELD-00398,E,KOMATSU_930E_AHS,1,26.67,10.64,103.04,0.578,0,10.3,0.15,0,13.91,12.86,0
REAL-FIELD-00399,A,CAT_797F_MANUAL,0,18.63,6.05,158.99,0.458,0.127,4,5.15,0,30.72,28.98,0
REAL-FIELD-00400,E,KOMATSU_930E_AHS,1,22.57,9.15,177.77,0.692,0,2.5,0.15,0,28.35,27.58,0
REAL-FIELD-00401,A,CAT_797F_MANUAL,0,43.11,6.86,62.76,0.566,0.113,4.3,4.81,0,5.24,3.82,1
REAL-FIELD-00402,C,CAMIONETA_4x4,0,53.55,6.39,51.53,0.501,0.317,9.5,5.35,0,3.46,1.26,1
REAL-FIELD-00403,A,CAMIONETA_4x4,0,51.01,10.29,56.46,0.734,0.197,4.2,6.24,0,3.98,2.72,1
REAL-FIELD-00404,B,CAT_797F_MANUAL,0,46.72,9.47,7.85,0.643,0.211,9,5.14,1,0.6,-0.93,1
REAL-FIELD-00405,E,KOMATSU_930E_AHS,1,31.03,3.21,60.45,0.182,0,2.5,0.15,0,7.01,4.96,0
REAL-FIELD-00406,B,PALA_PH_4100XPC,0,1.52,5.06,105.27,0.581,0.185,1.7,4.13,0,999,997.4,0
REAL-FIELD-00407,D,CAT_797F_MANUAL,0,15.2,5.74,159.94,0.429,0.177,4.6,2.56,0,37.88,35.92,0
REAL-FIELD-00408,A,CAT_797F_MANUAL,0,27.36,2.58,112.4,0.826,0.076,1.3,2.13,0,14.79,14.13,0
REAL-FIELD-00409,E,KOMATSU_930E_AHS,1,31.62,13.41,33.78,0.334,0,2.4,0.15,0,3.85,2.19,1
REAL-FIELD-00410,A,CAT_797F_MANUAL,0,37.04,11.06,82.33,0.595,0.109,4,2.09,0,8,6.66,0
REAL-FIELD-00411,E,KOMATSU_930E_AHS,1,21.33,2.26,19.99,0.999,0,6.2,0.15,2,3.37,3.37,1
REAL-FIELD-00412,A,CAT_797F_MANUAL,0,15.18,12.7,96.54,0.572,0.211,8.3,4.46,0,22.89,21.19,0
REAL-FIELD-00413,B,CAT_797F_MANUAL,0,38.3,4.32,3.15,0.968,0.247,10,5.9,3,0.3,-0.52,1
REAL-FIELD-00414,B,PALA_PH_4100XPC,0,2.43,4.5,175.93,0.858,0.213,2.6,2.75,0,260.64,259.65,0
REAL-FIELD-00415,C,CAMIONETA_4x4,0,58.23,9.8,137.14,0.207,0.293,8.8,4.34,0,8.48,5.62,0
REAL-FIELD-00416,A,CAT_797F_MANUAL,0,39.8,7.57,140.6,0.719,0.226,8,3.5,0,12.72,11.34,0
REAL-FIELD-00417,C,CAT_797F_MANUAL,0,43.6,3.97,22.69,0.289,0.289,7.5,4.53,0,1.87,-0.77,1
REAL-FIELD-00418,A,CAT_797F_MANUAL,0,40.32,14.07,35.45,0.485,0.17,3.4,4.3,0,3.17,1.37,1
REAL-FIELD-00419,E,KOMATSU_930E_AHS,1,32.26,7.41,174.82,0.722,0,7.7,0.15,0,19.51,18.82,0
REAL-FIELD-00420,E,KOMATSU_930E_AHS,1,23.06,12.31,88.45,0.626,0,4.4,0.15,0,13.81,12.88,0
REAL-FIELD-00421,E,KOMATSU_930E_AHS,1,21.82,3.39,42.99,0.994,0,10.5,0.15,0,7.09,7.08,0
REAL-FIELD-00422,C,CAT_797F_MANUAL,0,13.55,14.09,167.52,0.457,0.281,12,6.69,0,44.51,42.31,0
REAL-FIELD-00423,B,CAMIONETA_4x4,0,62.02,14.4,13.54,0.985,0.252,6,3.82,3,0.79,0,1
REAL-FIELD-00424,A,CAT_797F_MANUAL,0,22.7,7.11,42.17,0.74,0.273,10.3,3.87,0,6.69,5.22,0
REAL-FIELD-00425,A,CAT_797F_MANUAL,0,48.13,7.01,183.07,0.699,0.193,8,4.52,0,13.69,12.36,0
REAL-FIELD-00426,D,CAT_797F_MANUAL,0,32.6,11.26,117.36,0.449,0.207,5,5.89,0,12.96,10.96,0
REAL-FIELD-00427,E,KOMATSU_930E_AHS,1,27.43,7.15,132.34,0.547,0,1.4,0.15,0,17.37,16.24,0
REAL-FIELD-00428,E,KOMATSU_930E_AHS,1,24.09,15.86,33.54,0.32,0,8.7,0.15,0,5.01,3.31,1
REAL-FIELD-00429,E,KOMATSU_930E_AHS,1,33.91,6.85,5.51,0.523,0,2.8,0.15,0,0.58,-0.61,1
REAL-FIELD-00430,C,CAT_797F_MANUAL,0,30.47,15.72,65.36,0.349,0.283,10.6,4.26,0,7.72,5.24,0
REAL-FIELD-00431,A,CAT_797F_MANUAL,0,32.45,10.39,114.42,0.68,0.247,8,5,0,12.69,11.15,0
REAL-FIELD-00432,D,CAT_797F_MANUAL,0,30.35,12.45,134.37,0.351,0.129,5.5,5.62,0,15.94,13.93,0
REAL-FIELD-00433,E,KOMATSU_930E_AHS,1,27.04,8.54,5.96,0.536,0,2.8,0.15,1,0.79,-0.37,1
REAL-FIELD-00434,A,CAT_797F_MANUAL,0,38.72,6.38,68.12,0.76,0.079,2.1,4.5,0,6.33,5.49,0
REAL-FIELD-00435,A,CAT_797F_MANUAL,0,44.18,5.47,148.57,0.482,0.237,7.1,3.12,0,12.11,10.1,0
REAL-FIELD-00436,A,CAMIONETA_4x4,0,35.9,3.72,103.75,0.739,0.205,6.4,6.11,0,10.4,9.13,0
REAL-FIELD-00437,E,KOMATSU_930E_AHS,1,18.44,13.8,151.49,0.499,0,5.6,0.15,0,29.58,28.33,0
REAL-FIELD-00438,B,PALA_PH_4100XPC,0,0.31,14.46,85.94,0.521,0.274,11.1,4.01,0,999,996.98,0
REAL-FIELD-00439,B,PALA_PH_4100XPC,0,0.32,6.89,182.15,0.731,0.139,5,3.04,0,999,997.91,0
REAL-FIELD-00440,E,KOMATSU_930E_AHS,1,36.22,14.27,79.82,0.188,0,2.4,0.15,0,7.93,5.9,0
REAL-FIELD-00441,D,CAT_797F_MANUAL,0,16.47,8.58,124.56,0.367,0.256,5.4,5.84,0,27.23,24.88,0
REAL-FIELD-00442,D,CAT_797F_MANUAL,0,25.39,7.5,110,0.208,0.197,2.5,6.28,0,15.6,13.03,0
REAL-FIELD-00443,A,CAT_797F_MANUAL,0,36.91,12.18,150.72,0.572,0.066,1,4.16,0,14.7,13.43,0
REAL-FIELD-00444,C,PALA_PH_4100XPC,0,0.24,11.9,30.48,0.536,0.361,11.2,4.13,0,999,996.76,0
REAL-FIELD-00445,C,CAT_797F_MANUAL,0,35.25,2.05,149.76,0.971,0.298,9.7,7.13,0,15.29,14.32,0
REAL-FIELD-00446,A,CAT_797F_MANUAL,0,15.61,12.91,192.38,0.618,0.103,1.9,1.58,0,44.37,43.11,0
REAL-FIELD-00447,E,KOMATSU_930E_AHS,1,30.28,12.82,44.91,0.725,0,3.6,0.15,0,5.34,4.65,0
REAL-FIELD-00448,E,KOMATSU_930E_AHS,1,18.59,15.11,139.9,0.841,0,2.8,0.15,0,27.09,26.69,0
REAL-FIELD-00449,B,PALA_PH_4100XPC,0,3.06,5.38,73.09,0.53,0.134,4.9,3.67,0,85.99,84.41,0
REAL-FIELD-00450,A,CAT_797F_MANUAL,0,15.94,15.82,67.94,0.992,0.276,9.9,4.86,0,15.34,14.49,0
REAL-FIELD-00451,C,CAT_797F_MANUAL,0,19.01,4.8,137.09,0.777,0.286,8.5,6.72,0,25.96,24.54,0
REAL-FIELD-00452,C,CAT_797F_MANUAL,0,38.02,6.61,28.12,0.95,0.36,11.7,5.08,0,2.66,1.46,1
REAL-FIELD-00453,E,KOMATSU_930E_AHS,1,21.91,9.24,165.19,0.499,0,6.8,0.15,0,27.14,25.89,0
REAL-FIELD-00454,D,CAT_797F_MANUAL,0,48.37,14.1,163.37,0.412,0.226,7.7,3.68,0,12.16,10.01,0
REAL-FIELD-00455,A,CAMIONETA_4x4,0,54.36,5.77,148.39,0.789,0.155,6.5,3.88,0,9.83,8.84,0
REAL-FIELD-00456,A,CAT_797F_MANUAL,0,13.25,7.62,42.93,0.798,0.047,1.2,3.03,0,11.66,11.01,0
REAL-FIELD-00457,C,CAT_797F_MANUAL,0,22.17,12.38,71.15,0.593,0.306,7.6,5.75,0,11.55,9.61,0
REAL-FIELD-00458,A,CAMIONETA_4x4,0,49.12,2.51,145.24,0.893,0.273,10.3,4.08,0,10.64,9.55,0
REAL-FIELD-00459,B,PALA_PH_4100XPC,0,1.82,8.55,71.31,0.721,0.086,2.9,4.26,0,141.05,140.09,0
REAL-FIELD-00460,A,CAMIONETA_4x4,0,25.43,4.44,94.99,0.534,0.189,2.8,2.81,0,13.45,11.72,0
REAL-FIELD-00461,B,CAMIONETA_4x4,0,38.26,11.11,10.65,0.902,0.15,1.3,2.97,0,1,0.31,1
REAL-FIELD-00462,B,PALA_PH_4100XPC,0,3.65,3.64,95.01,0.455,0.177,7.2,4.7,0,93.71,91.82,0
REAL-FIELD-00463,C,CAT_797F_MANUAL,0,30.34,6.31,115.09,0.721,0.355,10.2,4.79,0,13.66,11.9,0
REAL-FIELD-00464,A,CAT_797F_MANUAL,0,30.36,9.14,87.75,0.569,0.147,1.6,5.36,0,10.41,8.89,0
REAL-FIELD-00465,A,CAMIONETA_4x4,0,56.27,9.35,41.09,0.477,0.197,4.3,5.45,0,2.63,0.73,1
REAL-FIELD-00466,A,CAT_797F_MANUAL,0,33.45,15.29,59.57,0.971,0.158,3.3,3.79,0,6.41,5.86,0
REAL-FIELD-00467,A,CAT_797F_MANUAL,0,45.3,5.7,139.34,0.558,0.175,6.4,4.27,0,11.07,9.44,0
REAL-FIELD-00468,E,KOMATSU_930E_AHS,1,35.13,14.15,114.98,0.32,0,9.6,0.15,0,11.78,10.08,0
REAL-FIELD-00469,A,CAT_797F_MANUAL,0,35.83,5.61,54.33,0.62,0.152,6.7,5.9,0,5.46,4.05,0
REAL-FIELD-00470,A,CAT_797F_MANUAL,0,44.67,13.59,109.92,0.459,0.185,1.7,5.1,0,8.86,6.95,0
REAL-FIELD-00471,C,CAT_797F_MANUAL,0,41.5,15.53,18.72,0.526,0.284,7.6,7.08,2,1.62,-0.42,1
REAL-FIELD-00472,E,KOMATSU_930E_AHS,1,18.38,9.47,103.39,0.541,0,1.3,0.15,0,20.25,19.1,0
REAL-FIELD-00473,E,KOMATSU_930E_AHS,1,26.62,5.68,64.29,0.184,0,8.5,0.15,0,8.69,6.65,0
REAL-FIELD-00474,E,KOMATSU_930E_AHS,1,37.61,7.15,9.63,0.705,0,5.1,0.15,0,0.92,0.18,1
REAL-FIELD-00475,A,CAMIONETA_4x4,0,30.78,4.05,119.2,0.983,0.177,7.8,4.76,0,13.94,13.37,0
REAL-FIELD-00476,D,CAT_797F_MANUAL,0,25.43,11.59,154.19,0.423,0.241,10.9,6.78,0,21.83,19.66,0
REAL-FIELD-00477,A,CAT_797F_MANUAL,0,28.55,11.73,78.92,0.798,0.173,0.7,5.61,0,9.95,8.93,0
REAL-FIELD-00478,E,KOMATSU_930E_AHS,1,30.92,9.3,19.92,0.988,0,8.7,0.15,3,2.32,2.29,1
REAL-FIELD-00479,E,KOMATSU_930E_AHS,1,18.92,8.31,52.98,0.509,0,5.2,0.15,0,10.08,8.85,0
REAL-FIELD-00480,E,KOMATSU_930E_AHS,1,35.79,7.16,87.13,0.514,0,1.4,0.15,0,8.76,7.54,0
REAL-FIELD-00481,E,KOMATSU_930E_AHS,1,28.54,12.06,153.81,0.617,0,0.7,0.15,0,19.4,18.44,0
REAL-FIELD-00482,D,CAT_797F_MANUAL,0,34.77,15.42,3.87,0.259,0.251,10.8,4.22,2,0.4,-2.21,1
REAL-FIELD-00483,A,CAT_797F_MANUAL,0,12.11,10.92,79.3,0.955,0.237,8.8,3.97,0,23.57,22.75,0
REAL-FIELD-00484,E,KOMATSU_930E_AHS,1,35.5,9.62,123.22,0.9,0,9.8,0.15,0,12.5,12.25,0
REAL-FIELD-00485,D,CAT_797F_MANUAL,0,24.12,10.24,165.44,0.377,0.177,1,5.18,0,24.69,22.6,0
REAL-FIELD-00486,E,KOMATSU_930E_AHS,1,37.44,7.43,156.46,0.155,0,5.4,0.15,0,15.04,12.93,0
REAL-FIELD-00487,A,CAMIONETA_4x4,0,45.94,2.61,26.08,0.462,0.191,3,3.87,0,2.04,0.12,1
REAL-FIELD-00488,A,CAT_797F_MANUAL,0,16.98,14,33.05,0.527,0.202,4.4,4.4,0,7.01,5.22,0
REAL-FIELD-00489,E,KOMATSU_930E_AHS,1,32.34,4.14,187.94,0.838,0,4.1,0.15,0,20.92,20.52,0
REAL-FIELD-00490,A,CAT_797F_MANUAL,0,13.3,15.94,80.27,0.482,0.226,5.8,2.81,0,21.73,19.76,0
REAL-FIELD-00491,A,CAT_797F_MANUAL,0,39.17,15.25,70.87,0.916,0.269,10.1,4.25,0,6.51,5.49,0
REAL-FIELD-00492,E,KOMATSU_930E_AHS,1,18.67,11.32,100.53,0.627,0,8.8,0.15,0,19.38,18.45,0
REAL-FIELD-00493,E,KOMATSU_930E_AHS,1,35.73,8.77,76.26,0.886,0,6.3,0.15,0,7.68,7.4,0
REAL-FIELD-00494,E,KOMATSU_930E_AHS,1,19.81,13.94,88.34,0.243,0,3.3,0.15,0,16.05,14.16,0
REAL-FIELD-00495,E,KOMATSU_930E_AHS,1,19.75,7.21,157.4,0.474,0,10.9,0.15,0,28.69,27.38,0
REAL-FIELD-00496,D,CAT_797F_MANUAL,0,12.52,15.89,30.02,0.33,0.114,1.5,5.01,0,8.63,6.61,0
REAL-FIELD-00497,D,CAT_797F_MANUAL,0,28.31,2.76,25.64,0.412,0.204,3.9,5.1,1,3.26,1.18,1
REAL-FIELD-00498,D,CAMIONETA_4x4,0,25.18,10.35,33.9,0.422,0.169,1.1,4.18,0,4.85,2.9,1
REAL-FIELD-00499,C,CAT_797F_MANUAL,0,37.13,4.14,66.69,0.909,0.307,10.3,6.62,0,6.47,5.32,0
REAL-FIELD-00500,A,CAT_797F_MANUAL,0,32.8,12.24,53.89,0.723,0.255,5.1,3.15,0,5.91,4.45,0
REAL-FIELD-00501,E,KOMATSU_930E_AHS,1,23.29,2.51,142.42,0.27,0,9.9,0.15,0,22.01,20.19,0
REAL-FIELD-00502,E,KOMATSU_930E_AHS,1,18.76,8.49,52.9,0.906,0,4.8,0.15,0,10.15,9.92,0
REAL-FIELD-00503,C,CAT_797F_MANUAL,0,49.17,11.71,182.39,0.388,0.305,8.7,6.67,0,13.35,10.9,0
REAL-FIELD-00504,E,KOMATSU_930E_AHS,1,32.24,9.5,41.76,0.547,0,6.8,0.15,0,4.66,3.53,1
REAL-FIELD-00505,A,CAMIONETA_4x4,0,32.72,14.73,70.69,0.52,0.148,6.5,4.27,0,7.78,6.14,0
REAL-FIELD-00506,B,PALA_PH_4100XPC,0,0.22,2.17,27.35,0.452,0.147,5.5,2.43,0,999,997.19,0
REAL-FIELD-00507,E,KOMATSU_930E_AHS,1,37.21,5.86,89.56,0.485,0,10.3,0.15,0,8.66,7.37,0
REAL-FIELD-00508,D,PALA_PH_4100XPC,0,3.95,15.43,109.28,0.29,0.212,4.4,5.54,0,99.6,97.19,0
REAL-FIELD-00509,D,PALA_PH_4100XPC,0,1.07,10.34,172.06,0.393,0.073,2,4.54,0,999,997.26,0
REAL-FIELD-00510,A,CAT_797F_MANUAL,0,24.03,12.29,54.45,0.693,0.248,11.2,4.42,0,8.16,6.65,0
REAL-FIELD-00511,E,KOMATSU_930E_AHS,1,30.15,10.04,162.58,0.919,0,3.3,0.15,0,19.41,19.21,0
REAL-FIELD-00512,D,CAT_797F_MANUAL,0,15.41,9.4,69.41,0.254,0.177,4.7,6.13,0,16.22,13.82,0
REAL-FIELD-00513,C,CAMIONETA_4x4,0,33.98,15.5,65.03,0.303,0.325,10.4,5.93,0,6.89,4.17,0
REAL-FIELD-00514,C,CAMIONETA_4x4,0,62.46,12.71,155.57,0.657,0.339,11.5,4.38,0,8.97,7.1,0
REAL-FIELD-00515,D,CAT_797F_MANUAL,0,44.49,13.7,117.01,0.283,0.261,6.9,6.72,0,9.47,6.89,0
REAL-FIELD-00516,B,PALA_PH_4100XPC,0,2.36,3.06,99.15,0.457,0.228,11.3,5.73,0,151.25,149.21,0
REAL-FIELD-00517,D,CAT_797F_MANUAL,0,27.14,7.9,97.78,0.411,0.208,4.1,3.74,0,12.97,10.87,0
REAL-FIELD-00518,E,KOMATSU_930E_AHS,1,35.15,12.1,114.87,0.214,0,1.7,0.15,0,11.76,9.8,0
REAL-FIELD-00519,E,KOMATSU_930E_AHS,1,22.64,7.17,80,0.264,0,3.6,0.15,0,12.72,10.88,0
REAL-FIELD-00520,E,KOMATSU_930E_AHS,1,35.51,13.33,67.07,0.554,0,1.2,0.15,0,6.8,5.68,0
REAL-FIELD-00521,E,KOMATSU_930E_AHS,1,29.81,13,51.23,0.307,0,11.4,0.15,0,6.19,4.46,0
REAL-FIELD-00522,A,CAMIONETA_4x4,0,26.01,8.31,40.56,0.607,0.198,3,6.09,0,5.61,4.03,0
REAL-FIELD-00523,A,CAT_797F_MANUAL,0,32.7,2.01,59.83,0.861,0.19,2.5,5.29,0,6.59,5.67,0
REAL-FIELD-00524,A,CAMIONETA_4x4,0,57.06,3.91,184.59,0.832,0.216,9,4.57,0,11.65,10.58,0
REAL-FIELD-00525,E,KOMATSU_930E_AHS,1,19.68,2.32,49.82,0.838,0,2.4,0.15,0,9.11,8.7,0
REAL-FIELD-00526,E,KOMATSU_930E_AHS,1,24.91,11.42,149.59,0.668,0,1.1,0.15,0,21.62,20.79,0
REAL-FIELD-00527,E,KOMATSU_930E_AHS,1,27,11.72,31.12,0.65,0,3.2,0.15,0,4.15,3.28,1
REAL-FIELD-00528,A,CAT_797F_MANUAL,0,49.56,14.25,99.97,0.575,0.128,4,4.9,0,7.26,5.81,0
REAL-FIELD-00529,E,KOMATSU_930E_AHS,1,36.83,3.64,46.46,0.275,0,3.3,0.15,0,4.54,2.73,1
REAL-FIELD-00530,D,PALA_PH_4100XPC,0,3.9,10.52,89.19,0.319,0.164,7.1,5.9,0,82.33,80.14,0
REAL-FIELD-00531,B,CAT_797F_MANUAL,0,36.89,10.77,15.39,0.628,0.205,9.5,4.52,3,1.5,-0.04,1
REAL-FIELD-00532,A,CAT_797F_MANUAL,0,33.69,10.05,44.18,0.662,0.133,1.4,4.71,0,4.72,3.48,1
REAL-FIELD-00533,D,CAT_797F_MANUAL,0,13.14,9.18,110.08,0.344,0.216,5.6,4.14,0,30.16,27.87,0
REAL-FIELD-00534,A,CAT_797F_MANUAL,0,37.74,13.78,48.69,0.957,0.054,0.7,1.94,0,4.64,4.37,0
REAL-FIELD-00535,A,CAMIONETA_4x4,0,33.35,14.38,85.69,0.781,0.231,5.7,3.44,0,9.25,8.01,0
REAL-FIELD-00536,B,PALA_PH_4100XPC,0,0.51,14.06,112.55,0.715,0.213,7.5,4.75,0,999,997.65,0
REAL-FIELD-00537,B,CAMIONETA_4x4,0,43.21,9.78,15.06,0.514,0.194,6,3.17,1,1.25,-0.55,1
REAL-FIELD-00538,E,KOMATSU_930E_AHS,1,25.88,11.1,175.75,0.183,0,4.5,0.15,0,24.45,22.41,0
REAL-FIELD-00539,E,KOMATSU_930E_AHS,1,25.01,5.75,75.62,0.315,0,2.2,0.15,0,10.88,9.17,0
REAL-FIELD-00540,A,CAMIONETA_4x4,0,46.4,6.5,70.34,0.806,0.137,1.6,2.06,0,5.46,4.56,0
REAL-FIELD-00541,B,PALA_PH_4100XPC,0,2.49,6.28,62.06,0.465,0.198,5.9,2.78,0,89.73,87.8,0
REAL-FIELD-00542,B,PALA_PH_4100XPC,0,1.89,13.1,136.44,0.995,0.279,6.8,4.55,0,259.89,259.04,0
REAL-FIELD-00543,E,KOMATSU_930E_AHS,1,35.66,3.26,100.37,0.272,0,4.1,0.15,0,10.13,8.31,0
REAL-FIELD-00544,C,CAT_797F_MANUAL,0,49.6,6.7,140.08,0.576,0.349,11.9,4.28,0,10.17,8.06,0
REAL-FIELD-00545,B,PALA_PH_4100XPC,0,1.31,10.39,77.77,0.562,0.239,11.2,4.25,0,999,997.19,0
REAL-FIELD-00546,E,KOMATSU_930E_AHS,1,29.37,14.41,71.09,0.621,0,9.6,0.15,0,8.71,7.76,0
REAL-FIELD-00547,E,KOMATSU_930E_AHS,1,27.84,4.16,84.19,0.715,0,0.6,0.15,0,10.89,10.18,0
REAL-FIELD-00548,B,PALA_PH_4100XPC,0,3.55,2.14,16.35,0.918,0.154,5,3.3,0,16.58,15.91,0
REAL-FIELD-00549,E,KOMATSU_930E_AHS,1,37.38,8.58,66.17,0.765,0,9.3,0.15,0,6.37,5.78,0
REAL-FIELD-00550,E,KOMATSU_930E_AHS,1,20.06,10.41,15.35,0.972,0,3.1,0.15,2,2.75,2.68,1
REAL-FIELD-00551,E,KOMATSU_930E_AHS,1,30.52,12.99,147.4,0.611,0,5.1,0.15,0,17.39,16.42,0
REAL-FIELD-00552,B,PALA_PH_4100XPC,0,2.27,3.04,65.22,0.775,0.199,3.1,3.76,0,103.43,102.27,0
REAL-FIELD-00553,E,KOMATSU_930E_AHS,1,27.79,3.29,125.73,0.807,0,4.7,0.15,0,16.29,15.81,0
REAL-FIELD-00554,B,CAMIONETA_4x4,0,47.77,7.83,7.92,0.856,0.053,0.8,2.59,2,0.6,0.08,1
REAL-FIELD-00555,E,KOMATSU_930E_AHS,1,33.63,11.5,106.46,0.565,0,5.6,0.15,0,11.4,10.31,0
REAL-FIELD-00556,D,CAT_797F_MANUAL,0,36.04,12.4,176.95,0.261,0.18,1.4,2.87,0,17.68,15.29,0
REAL-FIELD-00557,E,KOMATSU_930E_AHS,1,27.94,15.35,31.27,0.638,0,1.8,0.15,0,4.03,3.12,1
REAL-FIELD-00558,A,CAMIONETA_4x4,0,37.19,8.34,155.72,0.536,0.255,11.1,6.09,0,15.07,13.14,0
REAL-FIELD-00559,D,CAMIONETA_4x4,0,44.66,5.89,89.49,0.161,0.274,8.7,7.05,0,7.21,4.29,0
REAL-FIELD-00560,E,KOMATSU_930E_AHS,1,23.42,13.61,19.07,0.465,0,5.8,0.15,0,2.93,1.59,1
REAL-FIELD-00561,D,CAMIONETA_4x4,0,33.88,13.31,136.86,0.383,0.169,5.4,2.48,0,14.54,12.49,0
REAL-FIELD-00562,A,CAMIONETA_4x4,0,55.96,8.2,77.06,0.471,0.23,4.3,3.16,0,4.96,2.95,1
REAL-FIELD-00563,E,KOMATSU_930E_AHS,1,22.7,7.03,136.53,0.341,0,7.8,0.15,0,21.65,20,0
REAL-FIELD-00564,E,KOMATSU_930E_AHS,1,19.37,4.56,100.51,0.698,0,11.4,0.15,0,18.68,17.92,0
REAL-FIELD-00565,E,KOMATSU_930E_AHS,1,24.39,8.85,143.55,0.586,0,5.3,0.15,0,21.19,20.16,0
REAL-FIELD-00566,E,KOMATSU_930E_AHS,1,29.4,11.06,44.39,0.945,0,4.3,0.15,0,5.44,5.3,0
REAL-FIELD-00567,E,KOMATSU_930E_AHS,1,26.91,6.25,124.7,0.635,0,4.2,0.15,0,16.68,15.77,0
REAL-FIELD-00568,D,CAT_797F_MANUAL,0,35.74,11.43,37.41,0.374,0.211,10.3,5.64,0,3.77,1.57,1
REAL-FIELD-00569,E,KOMATSU_930E_AHS,1,22.38,9.81,143.41,0.594,0,9.3,0.15,0,23.07,22.06,0
REAL-FIELD-00570,C,PALA_PH_4100XPC,0,1.54,7.45,127.35,0.426,0.309,8.6,7.43,0,999,996.64,0
REAL-FIELD-00571,D,PALA_PH_4100XPC,0,1.22,8.2,69.1,0.405,0.051,0.8,4.13,0,999,997.36,0
REAL-FIELD-00572,D,CAT_797F_MANUAL,0,13.33,8.97,166.5,0.372,0.074,0.7,3.25,0,44.97,43.18,0
REAL-FIELD-00573,A,CAT_797F_MANUAL,0,36.33,12.19,146.6,0.778,0.11,4.8,5.23,0,14.53,13.64,0
REAL-FIELD-00574,E,KOMATSU_930E_AHS,1,21.48,9.66,43.39,0.198,0,8,0.15,0,7.27,5.26,0
REAL-FIELD-00575,A,CAT_797F_MANUAL,0,44.96,8.23,58.51,0.908,0.217,4.7,6.33,0,4.68,3.8,1
REAL-FIELD-00576,E,KOMATSU_930E_AHS,1,37.68,11.11,173.71,0.902,0,6.5,0.15,0,16.6,16.36,0
REAL-FIELD-00577,C,CAT_797F_MANUAL,0,37.13,9,148.23,0.243,0.306,10.7,6.3,0,14.37,11.56,0
REAL-FIELD-00578,D,CAMIONETA_4x4,0,29.61,5.09,70.62,0.399,0.241,6.7,3.41,0,8.59,6.36,0
REAL-FIELD-00579,E,KOMATSU_930E_AHS,1,35.87,12.13,133.23,0.762,0,7.8,0.15,0,13.37,12.77,0
REAL-FIELD-00580,E,KOMATSU_930E_AHS,1,37.38,3.78,175.05,0.799,0,2.1,0.15,0,16.86,16.36,0
REAL-FIELD-00581,A,CAT_797F_MANUAL,0,40.25,3.47,162.76,0.568,0.232,6.1,2.96,0,14.56,12.78,0
REAL-FIELD-00582,E,KOMATSU_930E_AHS,1,33.66,3.44,34.96,0.193,0,7.8,0.15,0,3.74,1.72,1
REAL-FIELD-00583,D,CAMIONETA_4x4,0,37.31,3,104.91,0.215,0.111,2.8,3.3,0,10.12,7.82,0
REAL-FIELD-00584,E,KOMATSU_930E_AHS,1,33.15,4.45,40.87,0.833,0,7.5,0.15,0,4.44,4.02,0
REAL-FIELD-00585,D,CAT_797F_MANUAL,0,32.17,10.92,41.76,0.256,0.215,5.8,3.58,0,4.67,2.16,1
REAL-FIELD-00586,A,CAT_797F_MANUAL,0,26.43,14.09,155.72,0.888,0.227,7.6,5.56,0,21.21,20.25,0
REAL-FIELD-00587,B,PALA_PH_4100XPC,0,2.22,10.89,19.9,0.778,0.184,1.6,4.7,0,32.27,31.16,0
REAL-FIELD-00588,E,KOMATSU_930E_AHS,1,35.54,11.35,48.59,0.445,0,8.2,0.15,0,4.92,3.53,1
REAL-FIELD-00589,D,CAT_797F_MANUAL,0,38.04,2.8,152.88,0.272,0.195,2.2,2.62,0,14.47,12.07,0
REAL-FIELD-00590,E,KOMATSU_930E_AHS,1,18.74,11.24,61.38,0.738,0,8.2,0.15,0,11.79,11.14,0
REAL-FIELD-00591,C,CAT_797F_MANUAL,0,24.73,11.05,187.47,0.835,0.326,11.6,6.02,0,27.29,25.9,0
REAL-FIELD-00592,D,PALA_PH_4100XPC,0,3.48,4.16,123.33,0.189,0.193,4.8,4.75,0,127.58,124.97,0
REAL-FIELD-00593,A,CAMIONETA_4x4,0,62.7,11.37,138.63,0.636,0.176,1.9,5.57,0,7.96,6.52,0
REAL-FIELD-00594,D,CAT_797F_MANUAL,0,32.97,14.48,100.24,0.186,0.052,1.1,4.16,0,10.95,8.76,0
REAL-FIELD-00595,D,CAT_797F_MANUAL,0,46.9,9.78,45.78,0.346,0.241,8.5,4.43,0,3.51,1.15,1
REAL-FIELD-00596,A,CAT_797F_MANUAL,0,39.67,15.59,38.43,0.689,0.152,6.4,4.12,0,3.49,2.26,1
REAL-FIELD-00597,E,KOMATSU_930E_AHS,1,18.24,3.56,129.85,0.692,0,11.7,0.15,0,25.63,24.86,0
REAL-FIELD-00598,A,CAT_797F_MANUAL,0,17.87,9.34,158.43,0.713,0.094,3.4,1.87,0,31.92,30.92,0
REAL-FIELD-00599,E,KOMATSU_930E_AHS,1,31.25,13.08,73.29,0.514,0,2,0.15,0,8.44,7.22,0
REAL-FIELD-00600,B,PALA_PH_4100XPC,0,1.36,6.9,46.38,0.624,0.19,3.8,5.77,0,999,997.49,0
REAL-FIELD-00601,A,CAT_797F_MANUAL,0,35.72,4.71,154.69,0.534,0.111,4.7,1.73,0,15.59,14.09,0
REAL-FIELD-00602,A,CAMIONETA_4x4,0,40.65,4.05,46.14,0.845,0.219,5.1,4.34,0,4.09,3.05,1
REAL-FIELD-00603,D,CAT_797F_MANUAL,0,18.86,6.25,181.22,0.325,0.153,4,3.09,0,34.59,32.44,0
REAL-FIELD-00604,A,CAT_797F_MANUAL,0,48.94,11.86,29.51,0.713,0.233,10.7,4.22,1,2.17,0.75,1
REAL-FIELD-00605,A,CAT_797F_MANUAL,0,46.2,10.74,167.15,0.831,0.191,8.7,4.38,0,13.02,12.02,0
REAL-FIELD-00606,D,PALA_PH_4100XPC,0,1.52,5.13,41.18,0.414,0.213,5.3,6.38,0,999,996.9,0
REAL-FIELD-00607,A,CAT_797F_MANUAL,0,26.34,15.81,141.68,0.692,0.24,10.1,6.62,0,19.36,17.87,0
REAL-FIELD-00608,B,PALA_PH_4100XPC,0,1.92,11.28,172.75,0.463,0.087,1.2,4.56,0,323.91,322.31,0
REAL-FIELD-00609,A,CAMIONETA_4x4,0,46.25,7.52,155.14,0.82,0.123,2.5,4.11,0,12.08,11.26,0
REAL-FIELD-00610,C,CAMIONETA_4x4,0,52.08,10.22,5.97,0.185,0.314,10.6,4.79,3,0.41,-2.57,1
REAL-FIELD-00611,E,KOMATSU_930E_AHS,1,32.65,7.06,113.3,0.677,0,2.4,0.15,0,12.49,11.68,0
REAL-FIELD-00612,E,KOMATSU_930E_AHS,1,31.9,4.07,64.11,0.189,0,2.6,0.15,0,7.23,5.2,0
REAL-FIELD-00613,D,CAT_797F_MANUAL,0,37.22,3.08,83.7,0.392,0.19,9.1,5.75,0,8.1,6.01,0
REAL-FIELD-00614,A,CAT_797F_MANUAL,0,12.85,15.98,77.4,0.887,0.261,11.1,3.96,0,21.68,20.61,0
REAL-FIELD-00615,A,CAMIONETA_4x4,0,56.73,13.45,74.58,0.484,0.22,7.9,4.98,0,4.73,2.78,1
REAL-FIELD-00616,E,KOMATSU_930E_AHS,1,24.72,15.14,45.99,0.26,0,1.6,0.15,0,6.7,4.85,0
REAL-FIELD-00617,C,CAT_797F_MANUAL,0,14.17,9.69,132.44,0.65,0.364,11.1,6.61,0,33.65,31.68,0
REAL-FIELD-00618,E,KOMATSU_930E_AHS,1,36.22,5.67,128.99,0.638,0,8.2,0.15,0,12.82,11.92,0
REAL-FIELD-00619,B,PALA_PH_4100XPC,0,3.88,11.99,135.12,0.928,0.247,5.8,4.22,0,125.37,124.45,0
REAL-FIELD-00620,E,KOMATSU_930E_AHS,1,31.38,13.05,94.39,0.401,0,6.3,0.15,0,10.83,9.33,0
REAL-FIELD-00621,A,CAMIONETA_4x4,0,61.03,13.37,154.55,0.752,0.19,1.1,6.17,0,9.12,7.93,0
REAL-FIELD-00622,D,PALA_PH_4100XPC,0,0.74,6.72,65.51,0.384,0.122,3.6,5.35,0,999,997.09,0
REAL-FIELD-00623,A,CAT_797F_MANUAL,0,39.72,2.97,136.22,0.861,0.222,5.9,3.69,0,12.35,11.34,0
REAL-FIELD-00624,C,CAT_797F_MANUAL,0,37.55,6.01,138.03,0.62,0.348,10.6,4.41,0,13.23,11.24,0
REAL-FIELD-00625,E,KOMATSU_930E_AHS,1,26.61,10.8,126.26,0.234,0,5.8,0.15,0,17.08,15.16,0
REAL-FIELD-00626,D,CAMIONETA_4x4,0,44.7,11.35,153.53,0.258,0.195,6.6,4.8,0,12.36,9.92,0
REAL-FIELD-00627,A,CAT_797F_MANUAL,0,32.35,3.04,116.41,0.621,0.104,1.2,3.92,0,12.95,11.69,0
REAL-FIELD-00628,E,KOMATSU_930E_AHS,1,28.41,6.56,111,0.564,0,0.9,0.15,0,14.07,12.98,0
REAL-FIELD-00629,D,PALA_PH_4100XPC,0,1.15,7.43,185.91,0.4,0.184,3.2,5.72,0,999,996.95,0
REAL-FIELD-00630,E,KOMATSU_930E_AHS,1,29.79,13.31,126.42,0.808,0,6.8,0.15,0,15.28,14.8,0
REAL-FIELD-00631,B,CAT_797F_MANUAL,0,13.67,6.75,21,0.903,0.255,8.8,6.05,3,5.53,4.52,0
REAL-FIELD-00632,B,CAT_797F_MANUAL,0,43.63,11.73,9.33,0.795,0.1,1.7,3.62,0,0.77,-0.04,1
REAL-FIELD-00633,D,CAMIONETA_4x4,0,53.44,7.31,79.83,0.29,0.098,3.2,5.02,0,5.38,3.31,1
REAL-FIELD-00634,A,CAT_797F_MANUAL,0,45.93,8.79,152.97,0.919,0.219,3.8,4.93,0,11.99,11.13,0
REAL-FIELD-00635,E,KOMATSU_930E_AHS,1,21.62,5.23,132.76,0.799,0,6.8,0.15,0,22.11,21.61,0
REAL-FIELD-00636,A,CAT_797F_MANUAL,0,36.78,8.04,124.12,0.542,0.243,6.7,3.27,0,12.15,10.28,0
REAL-FIELD-00637,E,KOMATSU_930E_AHS,1,23.33,5.88,130.68,0.877,0,9.7,0.15,0,20.16,19.85,0
REAL-FIELD-00638,E,KOMATSU_930E_AHS,1,30.79,4.45,166.5,0.794,0,10.1,0.15,0,19.47,18.95,0
REAL-FIELD-00639,A,CAT_797F_MANUAL,0,44.6,4.12,34.78,0.507,0.27,6.8,5.09,0,2.81,0.77,1
REAL-FIELD-00640,D,CAT_797F_MANUAL,0,47.22,3.29,164.09,0.332,0.217,4.8,5.58,0,12.51,10.19,0
REAL-FIELD-00641,D,CAMIONETA_4x4,0,45.04,12.82,115.53,0.335,0.136,3.4,2.73,0,9.23,7.16,0
REAL-FIELD-00642,E,KOMATSU_930E_AHS,1,22.66,8.03,14.08,0.921,0,11.9,0.15,2,2.24,2.04,1
REAL-FIELD-00643,A,CAMIONETA_4x4,0,60.17,7.51,33.7,0.576,0.117,3.5,5.33,0,2.02,0.61,1
REAL-FIELD-00644,D,PALA_PH_4100XPC,0,0.78,15.36,118.47,0.298,0.188,5.4,4.31,0,999,996.68,0
REAL-FIELD-00645,D,CAT_797F_MANUAL,0,47.21,11.33,126.02,0.225,0.157,2.4,5.67,0,9.61,7.2,0
REAL-FIELD-00646,E,KOMATSU_930E_AHS,1,36.66,11.17,38.54,0.249,0,9.4,0.15,0,3.78,1.9,1
REAL-FIELD-00647,E,KOMATSU_930E_AHS,1,20.86,14.89,140.21,0.934,0,3.8,0.15,0,24.2,24.04,0
REAL-FIELD-00648,C,CAMIONETA_4x4,0,46.56,5.17,137.69,0.413,0.344,10.4,4.03,0,10.65,8.15,0
REAL-FIELD-00649,C,CAT_797F_MANUAL,0,40.52,2.62,18.88,0.809,0.377,11.4,8.19,2,1.68,0.07,1
REAL-FIELD-00650,A,CAT_797F_MANUAL,0,40.86,6.27,96.63,0.713,0.24,7,3.02,0,8.51,7.07,0
REAL-FIELD-00651,B,PALA_PH_4100XPC,0,3.7,10.83,157.07,0.734,0.2,5.7,3.18,0,152.82,151.56,0
REAL-FIELD-00652,E,KOMATSU_930E_AHS,1,28.12,11.8,184.94,0.437,0,3.1,0.15,0,23.68,22.27,0
REAL-FIELD-00653,A,CAT_797F_MANUAL,0,34.75,10.43,145.31,0.905,0.212,7.1,3.29,0,15.05,14.18,0
REAL-FIELD-00654,B,PALA_PH_4100XPC,0,2.34,13.5,109.71,0.524,0.212,2.4,4.57,0,168.78,166.95,0
REAL-FIELD-00655,C,CAMIONETA_4x4,0,50.04,3.39,56.13,0.201,0.291,11.6,5.36,0,4.04,1.17,1
REAL-FIELD-00656,A,CAT_797F_MANUAL,0,34.52,10.08,118.07,0.531,0.172,6,3.68,0,12.31,10.62,0
REAL-FIELD-00657,C,CAT_797F_MANUAL,0,14.01,8.79,137.16,0.907,0.324,11,3.89,0,35.24,34.04,0
REAL-FIELD-00658,E,KOMATSU_930E_AHS,1,30.62,3.88,11.73,0.991,0,1.9,0.15,2,1.38,1.36,1
REAL-FIELD-00659,B,CAT_797F_MANUAL,0,12.51,10.41,10.85,0.879,0.067,1.2,2.4,1,3.12,2.62,1
REAL-FIELD-00660,E,KOMATSU_930E_AHS,1,23.92,15.91,156.2,0.761,0,4.1,0.15,0,23.51,22.91,0
REAL-FIELD-00661,A,CAT_797F_MANUAL,0,29.38,9.56,76.46,0.726,0.177,3.7,6.24,0,9.37,8.15,0
REAL-FIELD-00662,A,CAMIONETA_4x4,0,27.33,11.26,84.49,0.857,0.177,4.5,6.02,0,11.13,10.24,0
REAL-FIELD-00663,E,KOMATSU_930E_AHS,1,22.68,7.88,85.53,0.897,0,3.2,0.15,0,13.58,13.32,0
REAL-FIELD-00664,E,KOMATSU_930E_AHS,1,37.27,14.37,36.55,0.574,0,9.4,0.15,0,3.53,2.46,1
REAL-FIELD-00665,C,CAT_797F_MANUAL,0,26.57,2.62,157.28,0.925,0.315,10,5.78,0,21.31,20.18,0
REAL-FIELD-00666,E,KOMATSU_930E_AHS,1,30.51,11.31,175.59,0.504,0,7.5,0.15,0,20.72,19.48,0
REAL-FIELD-00667,C,CAT_797F_MANUAL,0,42.28,7.55,143.73,0.555,0.303,10.4,6.52,0,12.24,10.22,0
REAL-FIELD-00668,B,PALA_PH_4100XPC,0,3.04,7.41,57.16,0.519,0.187,1.3,4.68,0,67.69,65.93,0
REAL-FIELD-00669,E,KOMATSU_930E_AHS,1,28.03,12.91,159.25,0.8,0,7.4,0.15,0,20.45,19.95,0
REAL-FIELD-00670,C,CAT_797F_MANUAL,0,44.27,9.24,4.84,0.663,0.286,11.6,7.18,2,0.39,-1.31,1
REAL-FIELD-00671,A,CAT_797F_MANUAL,0,22.26,4.48,137.74,0.632,0.163,2.1,4.67,0,22.28,20.87,0
REAL-FIELD-00672,A,CAT_797F_MANUAL,0,30.23,11.36,57.07,0.512,0.219,7.7,5.4,0,6.8,4.92,0
REAL-FIELD-00673,E,KOMATSU_930E_AHS,1,18.17,3.71,34.14,0.26,0,7.3,0.15,0,6.76,4.91,0
REAL-FIELD-00674,D,PALA_PH_4100XPC,0,1.86,12.92,106.99,0.34,0.167,5.9,4.78,0,207.08,204.93,0
REAL-FIELD-00675,D,CAT_797F_MANUAL,0,40.89,4.67,169.3,0.377,0.197,2.4,3.44,0,14.91,12.76,0
REAL-FIELD-00676,A,CAT_797F_MANUAL,0,25.7,13.22,30.15,0.716,0.229,3.8,5.72,0,4.22,2.82,1
REAL-FIELD-00677,E,KOMATSU_930E_AHS,1,35.81,10.7,179.18,0.477,0,4.5,0.15,0,18.01,16.7,0
REAL-FIELD-00678,C,PALA_PH_4100XPC,0,1.62,7.35,83.59,0.513,0.319,8.7,3.77,0,999,996.83,0
REAL-FIELD-00679,D,CAMIONETA_4x4,0,33.84,7.28,98.9,0.222,0.234,10.9,5.04,0,10.52,7.87,0
REAL-FIELD-00680,A,CAT_797F_MANUAL,0,20.52,13.04,67.33,0.999,0.245,9.3,6.9,0,11.81,11.07,0
REAL-FIELD-00681,D,CAMIONETA_4x4,0,46.21,9.52,12.06,0.255,0.226,4.3,4.09,1,0.94,-1.6,1
REAL-FIELD-00682,A,CAMIONETA_4x4,0,54.87,8.91,163.13,0.777,0.113,2.5,5.59,0,10.7,9.8,0
REAL-FIELD-00683,E,KOMATSU_930E_AHS,1,29.38,12.72,33.52,0.321,0,0.7,0.15,0,4.11,2.41,1
REAL-FIELD-00684,E,KOMATSU_930E_AHS,1,35.48,9.44,78.48,0.268,0,1,0.15,0,7.96,6.13,0
REAL-FIELD-00685,A,CAT_797F_MANUAL,0,14.7,2.6,78.13,0.571,0.239,10.5,6.42,0,19.13,17.34,0
REAL-FIELD-00686,D,CAMIONETA_4x4,0,47.29,7.42,11.72,0.352,0.184,0.9,3.57,2,0.89,-1.28,1
REAL-FIELD-00687,E,KOMATSU_930E_AHS,1,30.25,2.36,4.57,0.422,0,9.6,0.15,3,0.54,-0.91,1
REAL-FIELD-00688,A,CAT_797F_MANUAL,0,31.66,7.73,50.44,0.831,0.153,5.7,2.91,0,5.74,4.86,0
REAL-FIELD-00689,D,PALA_PH_4100XPC,0,3.43,12.41,21.61,0.445,0.213,10.5,4.36,3,22.68,20.65,0
REAL-FIELD-00690,D,CAT_797F_MANUAL,0,39.34,14.93,34.83,0.183,0.221,4.3,2.77,0,3.19,0.48,1
REAL-FIELD-00691,A,CAMIONETA_4x4,0,45,2.29,67.08,0.788,0.108,3.4,4.49,0,5.37,4.52,0
REAL-FIELD-00692,E,KOMATSU_930E_AHS,1,31.14,8.61,125.83,0.817,0,11.3,0.15,0,14.55,14.09,0
REAL-FIELD-00693,A,CAMIONETA_4x4,0,25.61,6.59,26.59,0.629,0.256,11.5,5.53,2,3.74,2.04,1
REAL-FIELD-00694,A,CAMIONETA_4x4,0,42.7,10.56,98.27,0.868,0.141,2.7,2.22,0,8.29,7.54,0
REAL-FIELD-00695,E,KOMATSU_930E_AHS,1,33.75,9.53,129.58,0.32,0,4.7,0.15,0,13.82,12.12,0
REAL-FIELD-00696,A,CAT_797F_MANUAL,0,30.79,14.93,120.68,0.454,0.246,4.5,4.75,0,14.11,12.01,0
REAL-FIELD-00697,C,CAT_797F_MANUAL,0,21.23,14.13,175.39,0.864,0.337,11,7.3,0,29.74,28.39,0
REAL-FIELD-00698,B,PALA_PH_4100XPC,0,1.17,14.81,84.07,0.51,0.185,3.8,5.04,0,999,997.22,0
REAL-FIELD-00699,C,CAMIONETA_4x4,0,37.2,4.5,77.98,0.332,0.3,12,4.25,0,7.55,4.98,0
REAL-FIELD-00700,D,PALA_PH_4100XPC,0,3.84,2.26,16.22,0.18,0.184,6.8,3.41,2,15.21,12.61,0
REAL-FIELD-00701,D,CAT_797F_MANUAL,0,26.01,10.89,181.06,0.447,0.195,7,4.75,0,25.06,23.09,0
REAL-FIELD-00702,C,CAMIONETA_4x4,0,34.35,12.51,150.02,0.954,0.33,9.9,4.8,0,15.72,14.62,0
REAL-FIELD-00703,D,PALA_PH_4100XPC,0,0.15,4.32,110.24,0.349,0.17,1.3,4.92,0,999,996.86,0
REAL-FIELD-00704,A,CAT_797F_MANUAL,0,45.47,14.56,135.55,0.849,0.096,3.9,4.05,0,10.73,10.06,0
REAL-FIELD-00705,C,PALA_PH_4100XPC,0,3.83,14.45,54.08,0.182,0.375,11.4,6.71,0,50.83,47.66,0
REAL-FIELD-00706,A,CAT_797F_MANUAL,0,36.3,2.76,32.38,0.521,0.04,1,1.69,0,3.21,1.89,1
REAL-FIELD-00707,D,CAT_797F_MANUAL,0,41.82,13.4,45.46,0.236,0.079,1.3,2.58,0,3.91,1.76,1
REAL-FIELD-00708,E,KOMATSU_930E_AHS,1,37.12,13.84,92.14,0.716,0,7.5,0.15,0,8.94,8.23,0
REAL-FIELD-00709,C,PALA_PH_4100XPC,0,2.6,5,22.48,0.985,0.378,11.9,6.63,3,31.13,29.96,0
REAL-FIELD-00710,D,CAT_797F_MANUAL,0,32.88,8.72,115.95,0.165,0.21,8.4,2.8,0,12.7,9.98,0
REAL-FIELD-00711,C,CAMIONETA_4x4,0,51.59,8.79,10.26,0.558,0.282,9.8,6.2,0,0.72,-1.23,1
REAL-FIELD-00712,E,KOMATSU_930E_AHS,1,32.85,3.15,22.12,0.577,0,11.4,0.15,3,2.42,1.36,1
REAL-FIELD-00713,E,KOMATSU_930E_AHS,1,36.8,6.67,14.34,0.171,0,3.6,0.15,2,1.4,-0.67,1
REAL-FIELD-00714,A,CAT_797F_MANUAL,0,17.99,9.73,115.14,0.692,0.219,4,5.54,0,23.04,21.61,0
REAL-FIELD-00715,B,PALA_PH_4100XPC,0,2.41,15.53,27.31,0.756,0.125,2.4,3.97,1,40.8,39.82,0
REAL-FIELD-00716,A,CAT_797F_MANUAL,0,44.14,3.83,133.99,0.629,0.157,7.4,4.9,0,10.93,9.53,0
REAL-FIELD-00717,E,KOMATSU_930E_AHS,1,32.95,14.73,191.16,0.865,0,5.5,0.15,0,20.89,20.55,0
REAL-FIELD-00718,A,CAMIONETA_4x4,0,42.71,8.38,126.59,0.996,0.07,2,2.24,0,10.67,10.45,0
REAL-FIELD-00719,A,CAMIONETA_4x4,0,39.03,6.27,173.94,0.986,0.127,4.4,2.72,0,16.04,15.62,0
REAL-FIELD-00720,E,KOMATSU_930E_AHS,1,33.56,13.18,147.5,0.914,0,9.5,0.15,0,15.82,15.6,0
REAL-FIELD-00721,E,KOMATSU_930E_AHS,1,24.69,10.31,184,0.644,0,11.2,0.15,0,26.83,25.94,0
REAL-FIELD-00722,E,KOMATSU_930E_AHS,1,19.82,13.25,155.97,0.796,0,6.6,0.15,0,28.33,27.82,0
REAL-FIELD-00723,A,CAT_797F_MANUAL,0,21.39,11.98,146.59,0.626,0.083,2,1.76,0,24.67,23.49,0
REAL-FIELD-00724,A,CAMIONETA_4x4,0,53.94,7.38,129.18,0.673,0.25,8.2,4.5,0,8.62,7.05,0
REAL-FIELD-00725,B,CAT_797F_MANUAL,0,16.99,4.68,18.43,0.605,0.049,1.4,1.47,1,3.91,2.78,1
REAL-FIELD-00726,E,KOMATSU_930E_AHS,1,21.09,9.91,157.38,0.631,0,6.3,0.15,0,26.86,25.94,0
REAL-FIELD-00727,A,CAT_797F_MANUAL,0,29.17,3.06,179.17,0.595,0.227,9.5,5.45,0,22.11,20.42,0
REAL-FIELD-00728,E,KOMATSU_930E_AHS,1,33.83,13.72,132.15,0.958,0,11.2,0.15,0,14.06,13.96,0
REAL-FIELD-00729,A,CAT_797F_MANUAL,0,46.76,7.59,63.63,0.896,0.262,8.2,5.84,0,4.9,3.85,1
REAL-FIELD-00730,A,CAMIONETA_4x4,0,32.07,5.11,115.48,0.744,0.226,6.5,2.86,0,12.96,11.64,0
REAL-FIELD-00731,E,KOMATSU_930E_AHS,1,20.59,4.74,170.97,0.596,0,2.4,0.15,0,29.89,28.88,0
REAL-FIELD-00732,E,KOMATSU_930E_AHS,1,30.1,13.92,85.69,0.927,0,6.5,0.15,0,10.25,10.07,0
REAL-FIELD-00733,E,KOMATSU_930E_AHS,1,32.88,5.43,68.56,0.295,0,2,0.15,0,7.51,5.75,0
REAL-FIELD-00734,C,PALA_PH_4100XPC,0,2.54,12.57,49.77,0.945,0.351,10.8,5.85,0,70.54,69.35,0
REAL-FIELD-00735,E,KOMATSU_930E_AHS,1,35.79,11.87,180.03,0.217,0,8.5,0.15,0,18.11,16.15,0
REAL-FIELD-00736,A,CAT_797F_MANUAL,0,33.18,5.5,137.43,0.561,0.105,1.3,2.24,0,14.91,13.5,0
REAL-FIELD-00737,A,CAT_797F_MANUAL,0,42.18,8.55,87.08,0.795,0.074,1.5,2.25,0,7.43,6.7,0
REAL-FIELD-00738,A,CAMIONETA_4x4,0,58.34,7.9,111.76,0.841,0.269,11.4,4.37,0,6.9,5.7,0
REAL-FIELD-00739,C,CAT_797F_MANUAL,0,23.47,15.97,15.35,0.752,0.313,8.6,7.31,1,2.35,0.79,1
REAL-FIELD-00740,E,KOMATSU_930E_AHS,1,36.84,8.92,105.06,0.882,0,1.7,0.15,0,10.27,9.98,0
REAL-FIELD-00741,B,PALA_PH_4100XPC,0,2.13,6.35,185.54,0.812,0.154,6.2,5.22,0,313.59,312.66,0
REAL-FIELD-00742,A,CAT_797F_MANUAL,0,19.71,15.28,160.22,0.584,0.269,6.3,3.77,0,29.26,27.41,0
REAL-FIELD-00743,D,CAT_797F_MANUAL,0,48.25,9.18,37.63,0.209,0.17,4.4,4.69,0,2.81,0.32,1
REAL-FIELD-00744,A,CAMIONETA_4x4,0,45.84,3.21,106.46,0.709,0.192,3.2,4.04,0,8.36,7.06,0
REAL-FIELD-00745,A,CAT_797F_MANUAL,0,24.05,13.91,56.19,0.689,0.171,4,5.02,0,8.41,7.12,0
REAL-FIELD-00746,A,CAT_797F_MANUAL,0,19.68,12.99,99.11,0.789,0.105,1.3,4.95,0,18.13,17.29,0
REAL-FIELD-00747,D,CAT_797F_MANUAL,0,22.99,11.16,105.65,0.171,0.177,8.3,3.8,0,16.54,13.94,0
REAL-FIELD-00748,A,CAT_797F_MANUAL,0,38.11,2.93,46.68,0.495,0.175,7.3,2.42,0,4.41,2.62,1
REAL-FIELD-00749,E,KOMATSU_930E_AHS,1,28.89,13.36,39.69,0.708,0,7.5,0.15,0,4.95,4.22,0
REAL-FIELD-00750,E,KOMATSU_930E_AHS,1,37.59,8.11,156.98,0.164,0,10.5,0.15,0,15.03,12.94,0
REAL-FIELD-00751,E,KOMATSU_930E_AHS,1,37.17,14.2,159.09,0.268,0,3.2,0.15,0,15.41,13.58,0
REAL-FIELD-00752,A,CAT_797F_MANUAL,0,25.99,10.17,44.41,0.473,0.143,4.4,3.8,0,6.15,4.4,0
REAL-FIELD-00753,D,CAT_797F_MANUAL,0,47.98,5.39,57.64,0.402,0.16,7.1,5.07,0,4.32,2.35,1
REAL-FIELD-00754,C,CAT_797F_MANUAL,0,19.9,5.66,44.04,0.314,0.298,8.8,6.18,0,7.97,5.36,0
REAL-FIELD-00755,A,CAT_797F_MANUAL,0,20.13,11.28,35.03,0.853,0.175,1.8,3.23,0,6.26,5.37,0
REAL-FIELD-00756,A,CAT_797F_MANUAL,0,18.41,7.22,149.27,0.54,0.102,3.1,3.41,0,29.19,27.73,0
REAL-FIELD-00757,A,CAMIONETA_4x4,0,32.12,7.54,110.11,0.777,0.137,2.2,3.63,0,12.34,11.37,0
REAL-FIELD-00758,B,PALA_PH_4100XPC,0,3.25,14.56,129.03,0.626,0.23,11.1,4.8,0,142.93,141.3,0
REAL-FIELD-00759,E,KOMATSU_930E_AHS,1,36.17,3.6,34.52,0.724,0,1.8,0.15,0,3.44,2.75,1
REAL-FIELD-00760,E,KOMATSU_930E_AHS,1,20.04,3.83,192.42,0.317,0,2,0.15,0,34.57,32.86,0
REAL-FIELD-00761,D,CAT_797F_MANUAL,0,23.18,5.97,161.59,0.187,0.242,9.6,2.94,0,25.1,22.34,0
REAL-FIELD-00762,A,CAT_797F_MANUAL,0,20.17,15.13,184.41,0.745,0.13,3,1.86,0,32.91,31.88,0
REAL-FIELD-00763,D,CAT_797F_MANUAL,0,17.8,11.59,34.79,0.256,0.24,10.5,5.1,0,7.04,4.46,0
REAL-FIELD-00764,A,CAT_797F_MANUAL,0,49.95,13.18,154.61,0.614,0.156,3.9,5.02,0,11.14,9.71,0
REAL-FIELD-00765,A,CAMIONETA_4x4,0,39.67,5.35,99.62,0.599,0.135,1.2,4.94,0,9.04,7.63,0
REAL-FIELD-00766,E,KOMATSU_930E_AHS,1,18.76,4.46,74.13,0.975,0,2.3,0.15,0,14.23,14.17,0
REAL-FIELD-00767,E,KOMATSU_930E_AHS,1,27.07,12.46,122.15,0.906,0,11.7,0.15,0,16.24,16,0
REAL-FIELD-00768,C,CAT_797F_MANUAL,0,13.13,2.04,65.4,0.247,0.292,8.9,3.6,0,17.93,15.17,0
REAL-FIELD-00769,B,CAMIONETA_4x4,0,44.26,8.44,8.71,0.815,0.072,2.8,2.48,0,0.71,0.03,1
REAL-FIELD-00770,A,CAMIONETA_4x4,0,43.48,4.1,104.22,0.926,0.158,6.8,4.87,0,8.63,7.97,0
REAL-FIELD-00771,D,PALA_PH_4100XPC,0,2.32,15.34,104.22,0.443,0.178,1.1,3.89,0,161.72,159.79,0
REAL-FIELD-00772,E,KOMATSU_930E_AHS,1,26.57,14.91,75.8,0.924,0,5,0.15,0,10.27,10.08,0
REAL-FIELD-00773,D,PALA_PH_4100XPC,0,1.36,10.05,151.76,0.245,0.172,7.1,4.59,0,999,996.6,0
REAL-FIELD-00774,B,PALA_PH_4100XPC,0,0.63,4.13,92.47,0.907,0.169,2.1,3.97,0,999,998.26,0
REAL-FIELD-00775,D,CAT_797F_MANUAL,0,30.27,14.83,122.8,0.412,0.178,2.3,4.33,0,14.6,12.6,0
REAL-FIELD-00776,E,KOMATSU_930E_AHS,1,27.13,9.58,122.05,0.428,0,9.3,0.15,0,16.2,14.77,0
REAL-FIELD-00777,C,CAT_797F_MANUAL,0,47.37,3.01,90.9,0.738,0.343,9.8,4.45,0,6.91,5.23,0
REAL-FIELD-00778,E,KOMATSU_930E_AHS,1,28.17,9.73,43.64,0.835,0,9.7,0.15,0,5.58,5.17,0
REAL-FIELD-00779,A,CAT_797F_MANUAL,0,45.22,4.24,150.76,0.714,0.035,0.6,2.62,0,12,11.18,0
REAL-FIELD-00780,E,KOMATSU_930E_AHS,1,23.6,3.22,124.73,0.635,0,1.2,0.15,0,19.03,18.12,0
REAL-FIELD-00781,D,CAT_797F_MANUAL,0,36.9,2.51,101.64,0.375,0.042,0.6,1.81,0,9.92,8.23,0
REAL-FIELD-00782,A,CAT_797F_MANUAL,0,28.25,8.29,179.74,0.565,0.093,3.6,3.06,0,22.9,21.53,0
REAL-FIELD-00783,D,CAT_797F_MANUAL,0,15.57,6.88,187.9,0.262,0.237,9.4,5.93,0,43.45,40.89,0
REAL-FIELD-00784,A,CAMIONETA_4x4,0,37.1,12.35,124.42,0.544,0.252,9.6,3.22,0,12.07,10.17,0
REAL-FIELD-00785,A,CAT_797F_MANUAL,0,45.99,15.88,151.53,0.551,0.179,0.9,5.5,0,11.86,10.2,0
REAL-FIELD-00786,D,PALA_PH_4100XPC,0,0.64,8.66,142.24,0.429,0.261,8.9,6.15,0,999,996.79,0
REAL-FIELD-00787,C,CAT_797F_MANUAL,0,14.27,4.82,191.69,0.399,0.295,7.4,4.93,0,48.36,45.97,0
REAL-FIELD-00788,D,CAT_797F_MANUAL,0,22.37,9.79,182.79,0.375,0.234,5.5,5.27,0,29.42,27.16,0
REAL-FIELD-00789,D,CAT_797F_MANUAL,0,27.16,11.68,115.73,0.386,0.224,3.5,2.92,0,15.34,13.13,0
REAL-FIELD-00790,D,CAT_797F_MANUAL,0,32.78,5.54,187.65,0.4,0.214,7,3.56,0,20.61,18.47,0
REAL-FIELD-00791,B,PALA_PH_4100XPC,0,3.92,5.38,79.77,0.652,0.224,4.9,5.31,0,73.26,71.72,0
REAL-FIELD-00792,A,CAMIONETA_4x4,0,48.64,7.91,40.85,0.555,0.11,0.5,2.73,0,3.02,1.58,1
REAL-FIELD-00793,E,KOMATSU_930E_AHS,1,35.37,11.53,179.57,0.186,0,11.2,0.15,0,18.28,16.24,0
REAL-FIELD-00794,E,KOMATSU_930E_AHS,1,20.72,3.74,32.69,0.871,0,9.1,0.15,0,5.68,5.36,0
REAL-FIELD-00795,A,CAT_797F_MANUAL,0,48.48,3.05,154.28,0.862,0.121,4.3,2.85,0,11.46,10.75,0
REAL-FIELD-00796,A,CAT_797F_MANUAL,0,25.44,2.23,130.18,0.694,0.135,1.1,4.47,0,18.42,17.25,0
REAL-FIELD-00797,C,PALA_PH_4100XPC,0,2.94,9.96,29.91,0.159,0.32,11.7,5.4,0,36.62,33.56,0
REAL-FIELD-00798,E,KOMATSU_930E_AHS,1,21.75,14.17,97.44,0.24,0,3.7,0.15,0,16.13,14.23,0
REAL-FIELD-00799,E,KOMATSU_930E_AHS,1,28.68,2.18,59.39,0.153,0,6.8,0.15,0,7.45,5.33,0
REAL-FIELD-00800,E,KOMATSU_930E_AHS,1,25.24,4.11,165.24,0.363,0,1.5,0.15,0,23.57,21.98,0
REAL-FIELD-00801,A,CAT_797F_MANUAL,0,44.38,2.16,57.87,0.993,0.215,3.9,3.83,0,4.69,4.03,0
REAL-FIELD-00802,A,CAT_797F_MANUAL,0,34.34,11.9,142.62,0.468,0.209,5,6.25,0,14.95,12.99,0
REAL-FIELD-00803,D,CAT_797F_MANUAL,0,17.28,5.92,152.85,0.227,0.131,1.3,2.35,0,31.84,29.51,0
REAL-FIELD-00804,E,KOMATSU_930E_AHS,1,33.06,10.79,23.64,0.331,0,4.8,0.15,1,2.57,0.9,1
REAL-FIELD-00805,B,PALA_PH_4100XPC,0,3.53,9.3,112,0.89,0.104,3,3.83,0,114.22,113.63,0
REAL-FIELD-00806,E,KOMATSU_930E_AHS,1,34.19,14.48,163.79,0.853,0,3.7,0.15,0,17.25,16.88,0
REAL-FIELD-00807,D,CAMIONETA_4x4,0,48.3,14.58,138.3,0.176,0.117,0.6,3.52,0,10.31,7.9,0
REAL-FIELD-00808,A,CAMIONETA_4x4,0,62.03,5.78,169.48,0.712,0.181,3.3,5.18,0,9.84,8.58,0
REAL-FIELD-00809,A,CAT_797F_MANUAL,0,12.53,4.38,82.64,0.979,0.264,6.2,3.44,0,23.74,22.9,0
REAL-FIELD-00810,D,CAT_797F_MANUAL,0,16.3,15.21,137.54,0.25,0.115,3.7,4.59,0,30.38,28.16,0
REAL-FIELD-00811,D,CAT_797F_MANUAL,0,25.28,13.63,5.74,0.329,0.187,6.3,4,0,0.82,-1.42,1
REAL-FIELD-00812,C,CAT_797F_MANUAL,0,45.65,9.66,60.75,0.995,0.29,6.9,7.01,0,4.79,3.91,1
REAL-FIELD-00813,A,CAMIONETA_4x4,0,52.61,14.29,131.52,0.497,0.158,4,5.06,0,9,7.27,0
REAL-FIELD-00814,B,PALA_PH_4100XPC,0,2.67,14.85,15.94,0.886,0.21,4.5,5.77,2,21.49,20.58,0
REAL-FIELD-00815,C,CAT_797F_MANUAL,0,27.52,11.18,99.4,0.644,0.285,8.2,6.17,0,13,11.26,0
REAL-FIELD-00816,E,KOMATSU_930E_AHS,1,30.13,6.49,149.54,0.192,0,6.9,0.15,0,17.87,15.85,0
REAL-FIELD-00817,D,CAMIONETA_4x4,0,55.64,4.31,108.3,0.408,0.177,1.2,2.46,0,7.01,5,0
REAL-FIELD-00818,E,KOMATSU_930E_AHS,1,23.39,7.42,161.21,0.511,0,4.4,0.15,0,24.81,23.59,0
REAL-FIELD-00819,B,PALA_PH_4100XPC,0,3.82,4.37,146.38,0.805,0.156,5.4,4.25,0,137.95,136.99,0
REAL-FIELD-00820,A,CAT_797F_MANUAL,0,28.94,4.03,42.37,0.926,0.272,8.6,6.51,0,5.27,4.27,0
REAL-FIELD-00821,E,KOMATSU_930E_AHS,1,19.04,10.67,71.61,0.218,0,1.2,0.15,0,13.54,11.58,0
REAL-FIELD-00822,A,CAT_797F_MANUAL,0,18.15,8.84,93.04,0.718,0.085,3.5,2.89,0,18.45,17.49,0
REAL-FIELD-00823,A,CAT_797F_MANUAL,0,40.45,5.44,83.82,0.879,0.247,8.8,5.24,0,7.46,6.42,0
REAL-FIELD-00824,A,CAT_797F_MANUAL,0,35.66,6.37,86.68,0.626,0.243,8.8,3.32,0,8.75,7.09,0
REAL-FIELD-00825,A,CAT_797F_MANUAL,0,19.52,7.88,112.66,0.869,0.133,4.4,2.09,0,20.78,20.05,0
REAL-FIELD-00826,D,CAT_797F_MANUAL,0,41.95,12.85,4.41,0.376,0.205,3.9,6.47,3,0.38,-1.8,1
REAL-FIELD-00827,A,CAT_797F_MANUAL,0,27.07,15.46,95.62,0.868,0.278,10.9,6.71,0,12.72,11.56,0
REAL-FIELD-00828,A,CAT_797F_MANUAL,0,49.88,2.69,124.59,0.575,0.239,5.8,4.46,0,8.99,7.21,0
REAL-FIELD-00829,A,CAT_797F_MANUAL,0,29.85,13.84,84.82,0.609,0.274,9.5,3.97,0,10.23,8.43,0
REAL-FIELD-00830,C,CAT_797F_MANUAL,0,14.65,15.27,84.63,0.405,0.307,8.6,4.9,0,20.8,18.39,0
REAL-FIELD-00831,D,CAMIONETA_4x4,0,51.58,7.51,5.36,0.265,0.221,8.1,4.77,3,0.37,-2.13,1
REAL-FIELD-00832,D,CAT_797F_MANUAL,0,20.22,2.21,120.4,0.395,0.133,4.1,5.33,0,21.44,19.53,0
REAL-FIELD-00833,D,CAMIONETA_4x4,0,35.98,3.88,23.7,0.422,0.272,6.7,6.34,3,2.37,0.11,1
REAL-FIELD-00834,C,CAMIONETA_4x4,0,61.36,9.8,68.84,0.263,0.29,8.7,6.6,0,4.04,1.33,1
REAL-FIELD-00835,D,CAT_797F_MANUAL,0,40.14,5.59,129.85,0.249,0.135,4.3,4.06,0,11.65,9.37,0
REAL-FIELD-00836,E,KOMATSU_930E_AHS,1,24.38,4.34,107.43,0.814,0,7.8,0.15,0,15.86,15.4,0
REAL-FIELD-00837,D,CAT_797F_MANUAL,0,28.19,12.29,112.26,0.318,0.253,9.6,6.44,0,14.34,11.88,0
REAL-FIELD-00838,A,CAT_797F_MANUAL,0,25.5,6.75,112.9,0.625,0.143,3.2,5.68,0,15.94,14.57,0
REAL-FIELD-00839,D,CAT_797F_MANUAL,0,23.3,14.3,95.75,0.361,0.23,6.4,4.01,0,14.79,12.5,0
REAL-FIELD-00840,D,CAT_797F_MANUAL,0,42.57,14.17,148.92,0.183,0.235,6.7,5.93,0,12.59,9.84,0
REAL-FIELD-00841,A,CAMIONETA_4x4,0,37.29,12.94,27.92,0.67,0.224,6.9,6.53,1,2.7,1.2,1
REAL-FIELD-00842,E,KOMATSU_930E_AHS,1,36.02,6.59,105.22,0.805,0,0.6,0.15,0,10.52,10.03,0
REAL-FIELD-00843,A,CAT_797F_MANUAL,0,33.42,5.3,168.18,0.72,0.149,3.9,4.64,0,18.12,16.97,0
REAL-FIELD-00844,B,PALA_PH_4100XPC,0,1.73,7.64,77.74,0.934,0.28,7.5,5.74,0,999,998,0
REAL-FIELD-00845,B,PALA_PH_4100XPC,0,2.28,10.19,47.76,0.534,0.14,3.9,4,0,75.41,73.82,0
REAL-FIELD-00846,C,PALA_PH_4100XPC,0,3.73,2.95,9.55,0.936,0.326,8.7,6.3,3,9.22,8.08,0
REAL-FIELD-00847,E,KOMATSU_930E_AHS,1,27.51,6.28,144.32,0.235,0,8.6,0.15,0,18.89,16.98,0
REAL-FIELD-00848,D,CAMIONETA_4x4,0,29.58,6.52,36.86,0.282,0.058,1.9,4.32,0,4.49,2.52,1
REAL-FIELD-00849,A,CAT_797F_MANUAL,0,49.22,4.23,147.19,0.96,0.226,6.7,6.04,0,10.77,9.99,0
REAL-FIELD-00850,D,CAT_797F_MANUAL,0,38.98,3.28,143.47,0.342,0.213,4.5,3,0,13.25,10.97,0
REAL-FIELD-00851,E,KOMATSU_930E_AHS,1,33.36,7.04,14.47,0.97,0,4.4,0.15,3,1.56,1.48,1
REAL-FIELD-00852,E,KOMATSU_930E_AHS,1,35.7,6.16,65.97,0.98,0,2.2,0.15,0,6.65,6.6,0
REAL-FIELD-00853,C,CAT_797F_MANUAL,0,36.77,14.7,52.1,0.69,0.313,11.4,4.49,0,5.1,3.39,1
REAL-FIELD-00854,E,KOMATSU_930E_AHS,1,27.97,6.31,159.91,0.352,0,7.4,0.15,0,20.58,18.96,0
REAL-FIELD-00855,E,KOMATSU_930E_AHS,1,25.2,8.64,114.63,0.476,0,3.2,0.15,0,16.38,15.07,0
REAL-FIELD-00856,B,PALA_PH_4100XPC,0,1.55,12.73,186.15,0.868,0.143,1.2,2.57,0,999,998.24,0
REAL-FIELD-00857,A,CAT_797F_MANUAL,0,14.58,5.33,45.38,0.868,0.098,1.5,3.24,0,11.2,10.58,0
REAL-FIELD-00858,B,PALA_PH_4100XPC,0,3.87,12.01,153.35,0.604,0.093,3.3,4.88,0,142.65,141.38,0
REAL-FIELD-00859,D,PALA_PH_4100XPC,0,0.56,3.42,137.47,0.444,0.115,1.8,4.49,0,999,997.26,0
REAL-FIELD-00860,C,CAMIONETA_4x4,0,53.32,8.01,189.83,0.903,0.289,11.3,5.69,0,12.82,11.71,0
REAL-FIELD-00861,D,CAT_797F_MANUAL,0,27.07,14.96,119.57,0.371,0.195,1.5,3.04,0,15.9,13.74,0
REAL-FIELD-00862,A,CAT_797F_MANUAL,0,20.1,9.39,99.31,0.892,0.258,7.3,4.98,0,17.79,16.75,0
REAL-FIELD-00863,C,CAT_797F_MANUAL,0,46.38,4.96,137.09,0.964,0.355,11.6,4.77,0,10.64,9.49,0
REAL-FIELD-00864,E,KOMATSU_930E_AHS,1,28.56,5.86,21.81,0.711,0,4.6,0.15,3,2.75,2.03,1
REAL-FIELD-00865,E,KOMATSU_930E_AHS,1,20.78,9.31,29.08,0.421,0,5.9,0.15,3,5.04,3.59,1
REAL-FIELD-00866,C,CAT_797F_MANUAL,0,48.23,8.32,28.21,0.644,0.345,10.9,5.37,3,2.11,0.19,1
REAL-FIELD-00867,E,KOMATSU_930E_AHS,1,37.62,12.24,137.55,0.675,0,4,0.15,0,13.16,12.35,0
REAL-FIELD-00868,E,KOMATSU_930E_AHS,1,32.93,15.39,142.1,0.838,0,10.6,0.15,0,15.53,15.12,0
REAL-FIELD-00869,E,KOMATSU_930E_AHS,1,36,11.23,124.43,0.96,0,8.9,0.15,0,12.44,12.34,0
REAL-FIELD-00870,D,CAT_797F_MANUAL,0,33.3,4.16,160.24,0.408,0.227,6.8,2.79,0,17.32,15.16,0
REAL-FIELD-00871,E,KOMATSU_930E_AHS,1,31.65,10.37,146.17,0.737,0,11.1,0.15,0,16.63,15.97,0
REAL-FIELD-00872,C,CAT_797F_MANUAL,0,38.79,11.43,111.82,0.284,0.285,10.2,4.23,0,10.38,7.74,0
REAL-FIELD-00873,E,KOMATSU_930E_AHS,1,29.46,9.24,168.11,0.879,0,3.7,0.15,0,20.54,20.24,0
REAL-FIELD-00874,E,KOMATSU_930E_AHS,1,29.03,8.62,182.1,0.958,0,1.7,0.15,0,22.58,22.48,0
REAL-FIELD-00875,A,CAT_797F_MANUAL,0,30.51,13.21,165.49,0.726,0.093,2.7,3.88,0,19.53,18.57,0
REAL-FIELD-00876,C,PALA_PH_4100XPC,0,3.6,4.08,41.51,0.185,0.341,10.7,7.04,0,41.51,38.45,0
REAL-FIELD-00877,D,CAT_797F_MANUAL,0,15.3,8.74,23.54,0.33,0.21,10.3,4.93,2,5.54,3.24,1
REAL-FIELD-00878,E,KOMATSU_930E_AHS,1,23.48,9.54,186.44,0.328,0,8,0.15,0,28.59,26.91,0
REAL-FIELD-00879,C,PALA_PH_4100XPC,0,2.35,10.91,110.2,0.919,0.336,9.9,7.74,0,168.82,167.61,0
REAL-FIELD-00880,E,KOMATSU_930E_AHS,1,36.15,8.11,127.72,0.511,0,4.1,0.15,0,12.72,11.5,0
REAL-FIELD-00881,D,PALA_PH_4100XPC,0,3.88,8.21,132.83,0.426,0.179,4.9,5.66,0,123.24,121.27,0
REAL-FIELD-00882,A,CAMIONETA_4x4,0,41.51,8.75,44.62,0.613,0.156,3.3,5.6,0,3.87,2.43,1
REAL-FIELD-00883,A,CAT_797F_MANUAL,0,43.12,11.66,96.78,0.49,0.162,5.7,3.19,0,8.08,6.32,0
REAL-FIELD-00884,A,CAMIONETA_4x4,0,40.52,4.68,100.2,0.509,0.155,4,3.44,0,8.9,7.21,0
REAL-FIELD-00885,C,CAT_797F_MANUAL,0,49.87,10.5,139.35,0.856,0.305,10.3,6.84,0,10.06,8.78,0
REAL-FIELD-00886,D,CAT_797F_MANUAL,0,48.51,11.73,41.35,0.22,0.215,8.4,5.26,0,3.07,0.47,1
REAL-FIELD-00887,E,KOMATSU_930E_AHS,1,34,13.66,120.29,0.971,0,11.2,0.15,0,12.74,12.67,0
REAL-FIELD-00888,A,CAMIONETA_4x4,0,39.19,12.03,36.52,0.834,0.251,11,6.81,0,3.35,2.18,1
REAL-FIELD-00889,E,KOMATSU_930E_AHS,1,29.74,2.29,28.47,0.202,0,6.8,0.15,3,3.45,1.46,1
REAL-FIELD-00890,D,CAT_797F_MANUAL,0,20.34,4.5,167.79,0.404,0.235,5.5,3.05,0,29.7,27.51,0
REAL-FIELD-00891,D,CAT_797F_MANUAL,0,19.34,3.88,105.3,0.186,0.232,7.7,6,0,19.6,16.87,0
REAL-FIELD-00892,D,CAT_797F_MANUAL,0,20.62,3.15,47.37,0.151,0.174,8,5.14,0,8.27,5.63,0
REAL-FIELD-00893,E,KOMATSU_930E_AHS,1,22.9,9.57,23.48,0.304,0,11.4,0.15,3,3.69,1.95,1
REAL-FIELD-00894,A,CAT_797F_MANUAL,0,38.1,12.43,119.55,0.523,0.144,1.6,3.84,0,11.3,9.68,0
REAL-FIELD-00895,E,KOMATSU_930E_AHS,1,31.31,15.88,119.25,0.815,0,8.1,0.15,0,13.71,13.25,0
REAL-FIELD-00896,A,CAMIONETA_4x4,0,55.3,3.62,45.71,0.789,0.275,10.1,4.86,0,2.98,1.63,1
REAL-FIELD-00897,D,PALA_PH_4100XPC,0,1.6,4.37,89.24,0.354,0.175,1.1,4.86,0,999,996.86,0
REAL-FIELD-00898,A,CAMIONETA_4x4,0,34.02,9.97,80.61,0.593,0.236,4.6,6.29,0,8.53,6.8,0
REAL-FIELD-00899,A,CAT_797F_MANUAL,0,22.75,10.34,118.17,0.677,0.2,4.4,4.25,0,18.7,17.29,0
REAL-FIELD-00900,A,CAMIONETA_4x4,0,61.89,6.73,144.26,0.993,0.26,11.5,6.25,0,8.39,7.59,0
REAL-FIELD-00901,C,CAT_797F_MANUAL,0,35.37,14.67,68.33,0.528,0.365,11.8,6.46,0,6.95,4.68,0
REAL-FIELD-00902,E,KOMATSU_930E_AHS,1,37.25,13.14,146.22,0.186,0,4.8,0.15,0,14.13,12.1,0
REAL-FIELD-00903,A,CAT_797F_MANUAL,0,32.98,14.88,51.88,0.888,0.164,5.9,5.58,0,5.66,4.89,0
REAL-FIELD-00904,B,PALA_PH_4100XPC,0,1.78,12.33,141.82,0.585,0.194,3.6,3.06,0,999,997.38,0
REAL-FIELD-00905,E,KOMATSU_930E_AHS,1,36.28,2.58,151.38,0.276,0,10.9,0.15,0,15.02,13.21,0
REAL-FIELD-00906,E,KOMATSU_930E_AHS,1,28.67,7.79,73.67,0.51,0,0.7,0.15,0,9.25,8.02,0
REAL-FIELD-00907,A,CAT_797F_MANUAL,0,36.96,9.55,175.73,0.487,0.274,7,6.38,0,17.12,15.02,0
REAL-FIELD-00908,B,PALA_PH_4100XPC,0,2.94,3.24,141.04,0.617,0.238,5.1,4.72,0,172.7,171.03,0
REAL-FIELD-00909,E,KOMATSU_930E_AHS,1,32.27,8.63,115.21,0.881,0,5.4,0.15,0,12.85,12.55,0
REAL-FIELD-00910,D,CAT_797F_MANUAL,0,45.52,11.97,52.65,0.341,0.092,3.1,2.97,0,4.16,2.24,1
REAL-FIELD-00911,B,PALA_PH_4100XPC,0,1.98,2.64,44.95,0.857,0.191,1.9,5.73,0,81.73,80.8,0
REAL-FIELD-00912,C,CAT_797F_MANUAL,0,47.82,8.07,179.96,0.431,0.347,11.1,5.23,0,13.55,11.09,0
REAL-FIELD-00913,C,CAT_797F_MANUAL,0,40.42,3.03,191.3,0.939,0.312,8.6,6.95,0,17.04,15.95,0
REAL-FIELD-00914,D,CAT_797F_MANUAL,0,34.96,6.95,127.94,0.318,0.11,2.1,4.02,0,13.17,11.14,0
REAL-FIELD-00915,E,KOMATSU_930E_AHS,1,26.74,14.48,115.58,0.729,0,4.3,0.15,0,15.56,14.88,0
REAL-FIELD-00916,E,KOMATSU_930E_AHS,1,32.14,9.73,150.58,0.472,0,6.6,0.15,0,16.87,15.55,0
REAL-FIELD-00917,D,CAT_797F_MANUAL,0,47.29,3.3,75.03,0.198,0.118,5.1,3.59,0,5.71,3.35,1
REAL-FIELD-00918,A,CAT_797F_MANUAL,0,16.22,8.42,30.2,0.658,0.082,2.9,2.23,0,6.7,5.6,0
REAL-FIELD-00919,B,PALA_PH_4100XPC,0,1,10.85,40.91,0.659,0.241,10,6.48,0,999,997.42,0
REAL-FIELD-00920,D,CAT_797F_MANUAL,0,20.85,10.88,174.61,0.302,0.172,4.7,2.82,0,30.15,27.89,0
REAL-FIELD-00921,C,CAT_797F_MANUAL,0,25.96,11.46,46.71,0.584,0.325,11.7,6.95,0,6.48,4.46,0
REAL-FIELD-00922,C,CAT_797F_MANUAL,0,44.92,8.3,111.71,0.982,0.336,9.1,5.73,0,8.95,7.9,0
REAL-FIELD-00923,D,CAT_797F_MANUAL,0,24.97,15.09,60.66,0.273,0.207,2.6,3.89,0,8.75,6.31,0
REAL-FIELD-00924,E,KOMATSU_930E_AHS,1,21.99,6.85,159.48,0.798,0,2,0.15,0,26.11,25.6,0
REAL-FIELD-00925,A,CAT_797F_MANUAL,0,41.99,11.42,61.37,0.849,0.157,3.1,5.4,0,5.26,4.41,0
REAL-FIELD-00926,D,PALA_PH_4100XPC,0,3.19,11.07,161,0.23,0.24,8.9,5.6,0,181.69,179.04,0
REAL-FIELD-00927,A,CAMIONETA_4x4,0,35.79,5.33,34.47,0.691,0.27,10.1,3.74,0,3.47,1.89,1
REAL-FIELD-00928,A,CAT_797F_MANUAL,0,17.36,8.09,68.8,0.617,0.189,4.1,5.5,0,14.27,12.75,0
REAL-FIELD-00929,C,CAT_797F_MANUAL,0,49.2,9.95,128.49,0.915,0.309,8.2,6.65,0,9.4,8.26,0
REAL-FIELD-00930,A,CAMIONETA_4x4,0,41.5,10.75,29.11,0.707,0.108,4.1,2.38,0,2.53,1.47,1
REAL-FIELD-00931,A,CAT_797F_MANUAL,0,22.83,2.88,114.3,0.657,0.201,6.1,3.94,0,18.02,16.56,0
REAL-FIELD-00932,E,KOMATSU_930E_AHS,1,24.02,11.54,154,0.312,0,3.7,0.15,0,23.08,21.36,0
REAL-FIELD-00933,E,KOMATSU_930E_AHS,1,21.39,14.19,153.83,0.248,0,2.4,0.15,0,25.89,24.01,0
REAL-FIELD-00934,B,PALA_PH_4100XPC,0,3.11,5.4,70.98,0.552,0.109,3.2,2.44,0,82.16,80.71,0
REAL-FIELD-00935,D,CAT_797F_MANUAL,0,30.23,11.7,13.53,0.351,0.193,5,2.54,1,1.61,-0.59,1
REAL-FIELD-00936,E,KOMATSU_930E_AHS,1,27.79,3.5,60.58,0.458,0,4.8,0.15,0,7.85,6.49,0
REAL-FIELD-00937,C,CAT_797F_MANUAL,0,48.87,12.38,31.83,0.337,0.35,11.6,6.08,0,2.34,-0.37,1
REAL-FIELD-00938,D,CAMIONETA_4x4,0,26.32,5.28,46.39,0.186,0.195,8.6,3.9,0,6.35,3.73,1
REAL-FIELD-00939,B,CAT_797F_MANUAL,0,21.42,2.88,13.98,0.667,0.245,7.7,6.13,0,2.35,0.78,1
REAL-FIELD-00940,A,CAT_797F_MANUAL,0,34.95,11.5,70.07,0.682,0.104,1.2,3.2,0,7.22,6.11,0
REAL-FIELD-00941,C,CAMIONETA_4x4,0,29.29,9.03,96.48,0.193,0.287,11.9,6.15,0,11.86,8.98,0
REAL-FIELD-00942,C,CAT_797F_MANUAL,0,15.24,4.82,33.44,0.419,0.365,11.8,4.46,0,7.9,5.35,0
REAL-FIELD-00943,C,CAT_797F_MANUAL,0,19.69,14.03,48.6,0.409,0.283,9.3,4.98,0,8.89,6.56,0
REAL-FIELD-00944,D,CAMIONETA_4x4,0,40.74,13.77,72.19,0.24,0.116,2.4,5.57,0,6.38,4.13,0
REAL-FIELD-00945,B,PALA_PH_4100XPC,0,3.26,4.37,115.46,0.669,0.248,10.5,4,0,127.5,125.93,0
REAL-FIELD-00946,B,PALA_PH_4100XPC,0,1.45,8.08,105.74,0.454,0.226,7.8,4.34,0,999,996.96,0
REAL-FIELD-00947,D,PALA_PH_4100XPC,0,2.4,5.86,83.5,0.319,0.082,2.5,1.76,0,125.25,123.3,0
REAL-FIELD-00948,E,KOMATSU_930E_AHS,1,19.82,9.64,123.98,0.28,0,11.6,0.15,0,22.52,20.72,0
REAL-FIELD-00949,E,KOMATSU_930E_AHS,1,18.15,12.37,45.58,0.439,0,6.3,0.15,0,9.04,7.64,0
REAL-FIELD-00950,B,PALA_PH_4100XPC,0,1.08,8.55,42.2,0.971,0.233,7.5,6.6,0,999,998.23,0
REAL-FIELD-00951,A,CAT_797F_MANUAL,0,14.97,2.75,62.01,0.994,0.216,5.6,4.68,0,14.91,14.25,0
REAL-FIELD-00952,A,CAMIONETA_4x4,0,59.98,12.9,125.71,0.749,0.057,1.2,3.15,0,7.55,6.75,0
REAL-FIELD-00953,A,CAT_797F_MANUAL,0,34.78,3.43,150.14,0.808,0.239,5.4,3.42,0,15.54,14.34,0
REAL-FIELD-00954,D,CAT_797F_MANUAL,0,46.91,10.1,93.13,0.262,0.112,1.3,4,0,7.15,4.97,0
REAL-FIELD-00955,E,KOMATSU_930E_AHS,1,21.36,12.92,81.97,0.182,0,3.2,0.15,0,13.82,11.78,0
REAL-FIELD-00956,E,KOMATSU_930E_AHS,1,32.11,6.78,18.75,0.249,0,9.9,0.15,3,2.1,0.22,1
REAL-FIELD-00957,B,PALA_PH_4100XPC,0,3.02,4.39,183.26,0.899,0.182,4.7,5.24,0,218.46,217.66,0
REAL-FIELD-00958,D,CAT_797F_MANUAL,0,46.29,5.9,177.88,0.163,0.176,1.4,2.85,0,13.83,11.21,0
REAL-FIELD-00959,A,CAT_797F_MANUAL,0,43.23,8.48,38.11,0.979,0.185,6.7,5.08,0,3.17,2.56,1
REAL-FIELD-00960,E,KOMATSU_930E_AHS,1,19.8,15.38,78.37,0.518,0,8.5,0.15,0,14.25,13.04,0
REAL-FIELD-00961,D,CAT_797F_MANUAL,0,49.21,11.63,117.22,0.253,0.249,10,3.72,0,8.58,5.97,0
REAL-FIELD-00962,D,CAT_797F_MANUAL,0,15.44,3.28,181.99,0.151,0.235,10.6,3.32,0,42.43,39.6,0
REAL-FIELD-00963,A,CAT_797F_MANUAL,0,33.64,13.72,40.01,0.753,0.145,3.9,2.99,0,4.28,3.23,1
REAL-FIELD-00964,B,PALA_PH_4100XPC,0,1.04,8.64,95.81,0.546,0.258,9.6,3.5,0,999,997.09,0
REAL-FIELD-00965,D,CAT_797F_MANUAL,0,30.07,10.29,59.84,0.347,0.26,5.3,3.28,0,7.16,4.75,0
REAL-FIELD-00966,D,PALA_PH_4100XPC,0,0.76,10.87,73.75,0.229,0.117,0.9,3.28,0,999,996.72,0
REAL-FIELD-00967,E,KOMATSU_930E_AHS,1,25.31,14.18,76.37,0.625,0,3.2,0.15,0,10.86,9.92,0
REAL-FIELD-00968,A,CAMIONETA_4x4,0,25.59,10.71,84.23,0.9,0.263,10.4,6.39,0,11.85,10.81,0
REAL-FIELD-00969,B,PALA_PH_4100XPC,0,1.59,11.51,190.31,0.699,0.182,6.5,5.67,0,999,997.7,0
REAL-FIELD-00970,D,CAMIONETA_4x4,0,55.64,10.63,153.74,0.449,0.238,6.5,6.82,0,9.95,7.86,0
REAL-FIELD-00971,B,CAT_797F_MANUAL,0,38.09,12.16,16.69,0.952,0.189,1.7,2.49,1,1.58,0.89,1
REAL-FIELD-00972,E,KOMATSU_930E_AHS,1,29.53,11.48,155.91,0.602,0,1.6,0.15,0,19.01,18.02,0
REAL-FIELD-00973,E,KOMATSU_930E_AHS,1,18.56,8.63,47.94,0.739,0,1.7,0.15,0,9.3,8.65,0
REAL-FIELD-00974,A,CAT_797F_MANUAL,0,12.38,3.64,137.38,0.559,0.157,1.2,5.13,0,39.95,38.38,0
REAL-FIELD-00975,D,CAMIONETA_4x4,0,42.61,6.96,123.98,0.371,0.09,2.7,2.51,0,10.47,8.63,0
REAL-FIELD-00976,A,CAMIONETA_4x4,0,48.42,8.66,127.35,0.524,0.159,7.3,4.93,0,9.47,7.8,0
REAL-FIELD-00977,D,CAT_797F_MANUAL,0,15.03,5.84,102.59,0.234,0.104,4.2,3.24,0,24.57,22.34,0
REAL-FIELD-00978,A,CAT_797F_MANUAL,0,14.27,6.2,138.93,0.962,0.172,3.2,5.65,0,35.05,34.44,0
REAL-FIELD-00979,D,CAT_797F_MANUAL,0,41.66,4.39,8.66,0.339,0.12,1,3.05,0,0.75,-1.26,1
REAL-FIELD-00980,E,KOMATSU_930E_AHS,1,21.12,14,147.54,0.183,0,8.2,0.15,0,25.15,23.11,0
REAL-FIELD-00981,B,PALA_PH_4100XPC,0,3.91,7.71,106.87,0.491,0.233,9.6,5.5,0,98.4,96.43,0
REAL-FIELD-00982,E,KOMATSU_930E_AHS,1,26.37,15.02,68.46,0.32,0,10.8,0.15,0,9.35,7.65,0
REAL-FIELD-00983,E,KOMATSU_930E_AHS,1,24.45,10.9,192.4,0.675,0,5.1,0.15,0,28.33,27.52,0
REAL-FIELD-00984,E,KOMATSU_930E_AHS,1,26.36,2.03,95.49,0.252,0,6.7,0.15,0,13.04,11.17,0
REAL-FIELD-00985,D,CAMIONETA_4x4,0,46.54,11.55,34.86,0.31,0.207,8.1,4.14,0,2.7,0.35,1
REAL-FIELD-00986,E,KOMATSU_930E_AHS,1,32.75,9.66,133.97,0.335,0,1.3,0.15,0,14.73,13.07,0
REAL-FIELD-00987,D,CAT_797F_MANUAL,0,16.31,10.51,119.19,0.398,0.227,8.5,4.54,0,26.31,24.12,0
REAL-FIELD-00988,E,KOMATSU_930E_AHS,1,19.89,9.28,166.48,0.271,0,7.9,0.15,0,30.13,28.31,0
REAL-FIELD-00989,C,CAT_797F_MANUAL,0,26.43,15.65,178.03,0.513,0.34,10.5,6.61,0,24.25,22.01,0
REAL-FIELD-00990,D,CAMIONETA_4x4,0,40.01,5.22,53.56,0.227,0.259,9.8,5.82,0,4.82,2.11,1
REAL-FIELD-00991,B,PALA_PH_4100XPC,0,3.79,12.91,107.44,0.481,0.266,6.8,4.72,0,102.05,99.95,0
REAL-FIELD-00992,D,CAT_797F_MANUAL,0,28.11,4.67,97.07,0.175,0.251,7.3,4.32,0,12.43,9.61,0
REAL-FIELD-00993,E,KOMATSU_930E_AHS,1,30.29,7.36,26.3,0.798,0,7.7,0.15,2,3.13,2.62,1
REAL-FIELD-00994,A,CAT_797F_MANUAL,0,24.59,3.79,43.47,0.474,0.125,0.8,3.89,0,6.36,4.67,0
REAL-FIELD-00995,D,CAT_797F_MANUAL,0,44.52,6.47,112.03,0.219,0.191,7.3,4.26,0,9.06,6.53,0
REAL-FIELD-00996,E,KOMATSU_930E_AHS,1,29.69,12.17,3.5,0.724,0,4.6,0.15,2,0.42,-0.27,1
REAL-FIELD-00997,B,PALA_PH_4100XPC,0,3.61,12.43,93.52,0.512,0.224,3.6,3.34,0,93.26,91.37,0
REAL-FIELD-00998,E,KOMATSU_930E_AHS,1,26.56,6.68,13.93,0.505,0,7.4,0.15,1,1.89,0.65,1
REAL-FIELD-00999,D,PALA_PH_4100XPC,0,2.62,8.25,35.91,0.378,0.081,1.3,5.02,0,49.34,47.54,0
REAL-FIELD-01000,A,CAT_797F_MANUAL,0,46.94,9.74,36.81,0.914,0.185,3.5,5.78,0,2.82,2.05,1
REAL-FIELD-01001,E,KOMATSU_930E_AHS,1,32.6,8.51,93.93,0.389,0,2,0.15,0,10.37,8.84,0
REAL-FIELD-01002,A,CAT_797F_MANUAL,0,41.59,15.11,35.31,0.907,0.206,8,3.33,0,3.06,2.21,1
REAL-FIELD-01003,D,CAT_797F_MANUAL,0,48.97,10.05,109.09,0.306,0.17,0.7,4.11,0,8.02,5.78,0
REAL-FIELD-01004,D,CAT_797F_MANUAL,0,37.62,11.19,158.29,0.246,0.243,6.3,5.9,0,15.15,12.54,0
REAL-FIELD-01005,A,CAT_797F_MANUAL,0,28.1,12.53,93.43,0.469,0.194,8.4,4.56,0,11.97,10.06,0
REAL-FIELD-01006,D,CAMIONETA_4x4,0,51.21,9.64,129.79,0.352,0.077,1.6,3.64,0,9.12,7.27,0
REAL-FIELD-01007,E,KOMATSU_930E_AHS,1,21.41,14.23,113.16,0.663,0,4.4,0.15,0,19.03,18.19,0
REAL-FIELD-01008,C,CAT_797F_MANUAL,0,36.91,15.25,41.99,0.66,0.319,9.6,5.54,0,4.1,2.29,1
REAL-FIELD-01009,A,CAT_797F_MANUAL,0,34.92,2.86,39.93,0.932,0.263,5.9,6.26,0,4.12,3.16,1
REAL-FIELD-01010,B,PALA_PH_4100XPC,0,1.43,13.78,11.29,0.72,0.205,6.2,3.53,1,999,997.68,0
REAL-FIELD-01011,E,KOMATSU_930E_AHS,1,19.27,4.08,181.96,0.688,0,2.1,0.15,0,33.99,33.21,0
REAL-FIELD-01012,B,CAT_797F_MANUAL,0,46.56,6.87,21.42,0.6,0.079,2.5,2.65,0,1.66,0.42,1
REAL-FIELD-01013,E,KOMATSU_930E_AHS,1,31.47,15.2,118.15,0.186,0,2.5,0.15,0,13.52,11.48,0
REAL-FIELD-01014,B,PALA_PH_4100XPC,0,2.77,14.4,70.17,0.588,0.269,9,5.87,0,91.2,89.36,0
REAL-FIELD-01015,E,KOMATSU_930E_AHS,1,21.62,11.83,186.51,0.632,0,3.9,0.15,0,31.06,30.14,0
REAL-FIELD-01016,B,PALA_PH_4100XPC,0,1.26,3.04,187.39,0.935,0.042,1.1,1.39,0,999,998.71,0
REAL-FIELD-01017,B,PALA_PH_4100XPC,0,1.02,11.05,54.43,0.575,0.136,4.3,5.14,0,999,997.53,0
REAL-FIELD-01018,E,KOMATSU_930E_AHS,1,30.76,4.75,165.42,0.808,0,4.8,0.15,0,19.36,18.88,0
REAL-FIELD-01019,A,CAT_797F_MANUAL,0,34.36,3.65,78.85,0.642,0.195,3.3,6.11,0,8.26,6.78,0
REAL-FIELD-01020,B,PALA_PH_4100XPC,0,0.82,9.29,10.76,0.958,0.141,1.7,5.8,0,999,998.47,0
REAL-FIELD-01021,A,CAMIONETA_4x4,0,31.36,10.38,171.68,0.687,0.214,8.6,3.59,0,19.71,18.29,0
REAL-FIELD-01022,C,CAT_797F_MANUAL,0,28.05,12.66,126.43,0.205,0.297,9.3,5.58,0,16.23,13.35,0
REAL-FIELD-01023,A,CAT_797F_MANUAL,0,13.98,8.8,165.05,0.596,0.246,6,4.37,0,42.5,40.75,0
REAL-FIELD-01024,A,CAMIONETA_4x4,0,41.22,8.19,145.51,0.541,0.131,4.9,2.69,0,12.71,11.17,0
REAL-FIELD-01025,E,KOMATSU_930E_AHS,1,37.11,4.94,133.63,0.299,0,6.1,0.15,0,12.96,11.21,0
REAL-FIELD-01026,E,KOMATSU_930E_AHS,1,35.63,14.22,33.63,0.451,0,9.9,0.15,0,3.4,2.03,1
REAL-FIELD-01027,A,CAT_797F_MANUAL,0,22.11,12.68,85.76,0.837,0.222,6.4,2.95,0,13.96,12.89,0
REAL-FIELD-01028,A,CAT_797F_MANUAL,0,16.53,4.21,99.88,0.487,0.23,3.3,3.62,0,21.75,19.78,0
REAL-FIELD-01029,D,CAT_797F_MANUAL,0,30.79,12.9,162.72,0.391,0.156,6.7,2.49,0,19.03,17.04,0
REAL-FIELD-01030,E,KOMATSU_930E_AHS,1,18.49,6.92,174.6,0.508,0,7.4,0.15,0,33.99,32.76,0
REAL-FIELD-01031,D,CAMIONETA_4x4,0,38.8,3.72,184.2,0.446,0.261,7.7,3.14,0,17.09,14.92,0
REAL-FIELD-01032,D,CAMIONETA_4x4,0,60.91,13.49,18.72,0.241,0.242,5.6,5.72,3,1.11,-1.51,1
REAL-FIELD-01033,E,KOMATSU_930E_AHS,1,26.53,10.63,74.94,0.475,0,6.4,0.15,0,10.17,8.86,0
REAL-FIELD-01034,E,KOMATSU_930E_AHS,1,27.27,4.46,127.23,0.895,0,9.5,0.15,0,16.8,16.54,0
REAL-FIELD-01035,D,CAT_797F_MANUAL,0,37.09,10.9,99.75,0.269,0.254,9.6,4.81,0,9.68,7.09,0
REAL-FIELD-01036,A,CAMIONETA_4x4,0,39.33,9.57,52.14,0.62,0.208,10.1,3.38,0,4.77,3.2,1
REAL-FIELD-01037,E,KOMATSU_930E_AHS,1,31,6.35,166.28,0.774,0,5.4,0.15,0,19.31,18.74,0
REAL-FIELD-01038,E,KOMATSU_930E_AHS,1,37.89,15.83,117.23,0.983,0,7.5,0.15,0,11.14,11.1,0
REAL-FIELD-01039,E,KOMATSU_930E_AHS,1,35.7,8.25,5,0.261,0,2.3,0.15,0,0.5,-1.35,1
REAL-FIELD-01040,D,CAT_797F_MANUAL,0,28.99,10.37,60.14,0.152,0.222,4.1,2.85,0,7.47,4.68,0
REAL-FIELD-01041,A,CAT_797F_MANUAL,0,45.67,7.01,159.91,0.617,0.184,6.2,2.46,0,12.61,11.1,0
REAL-FIELD-01042,E,KOMATSU_930E_AHS,1,24.86,2.24,12.52,0.78,0,3.3,0.15,2,1.81,1.26,1
REAL-FIELD-01043,E,KOMATSU_930E_AHS,1,34.29,12.88,7.36,0.161,0,11.2,0.15,1,0.77,-1.33,1
REAL-FIELD-01044,A,CAT_797F_MANUAL,0,13.96,14.03,146.13,0.86,0.149,4.5,4.18,0,37.68,36.88,0
REAL-FIELD-01045,B,CAMIONETA_4x4,0,39.84,6.36,23.61,0.685,0.257,9.4,3.53,3,2.13,0.57,1
REAL-FIELD-01046,C,CAMIONETA_4x4,0,50.38,3.58,23.5,0.184,0.344,11.1,4.25,0,1.68,-1.39,1
REAL-FIELD-01047,D,CAT_797F_MANUAL,0,32.36,13.56,6.66,0.3,0.139,4.6,3.61,2,0.74,-1.43,1
REAL-FIELD-01048,E,KOMATSU_930E_AHS,1,21.91,4.47,9.56,0.55,0,2.4,0.15,3,1.57,0.45,1
REAL-FIELD-01049,E,KOMATSU_930E_AHS,1,35.83,12.68,75.91,0.712,0,11.3,0.15,0,7.63,6.91,0
REAL-FIELD-01050,D,CAT_797F_MANUAL,0,12.39,14.07,5.93,0.394,0.172,0.6,6.01,0,1.72,-0.31,1
REAL-FIELD-01051,E,KOMATSU_930E_AHS,1,20.4,2.15,14.31,0.465,0,2.1,0.15,0,2.53,1.19,1
REAL-FIELD-01052,E,KOMATSU_930E_AHS,1,24.89,15.06,94.45,0.58,0,8.1,0.15,0,13.66,12.61,0
REAL-FIELD-01053,B,PALA_PH_4100XPC,0,2.53,11,182.14,0.736,0.279,11.9,4.03,0,259.17,257.67,0
REAL-FIELD-01054,A,CAMIONETA_4x4,0,55.58,14.24,171.89,0.882,0.138,2.4,2.74,0,11.13,10.42,0
REAL-FIELD-01055,C,CAT_797F_MANUAL,0,30.52,11.73,123.25,0.522,0.291,7.3,5.25,0,14.54,12.47,0
REAL-FIELD-01056,A,CAT_797F_MANUAL,0,49.23,13.12,151.23,0.567,0.185,5.3,3.07,0,11.06,9.42,0
REAL-FIELD-01057,E,KOMATSU_930E_AHS,1,27.98,5.73,46.5,0.467,0,4.5,0.15,0,5.98,4.65,0
REAL-FIELD-01058,A,CAT_797F_MANUAL,0,48.1,11.43,111.85,0.649,0.116,4.1,2.34,0,8.37,7.14,0
REAL-FIELD-01059,E,KOMATSU_930E_AHS,1,37.38,5.62,38.47,0.32,0,5.6,0.15,0,3.7,2,1
REAL-FIELD-01060,B,PALA_PH_4100XPC,0,3.49,5.1,32.27,0.761,0.193,2.6,5.27,0,33.29,32.11,0
REAL-FIELD-01061,A,CAT_797F_MANUAL,0,30.75,11.72,113.4,0.45,0.245,8.5,4.4,0,13.28,11.17,0
REAL-FIELD-01062,C,CAMIONETA_4x4,0,35.06,13.77,155.01,0.291,0.331,9.1,7.27,0,15.92,13.15,0
REAL-FIELD-01063,C,CAT_797F_MANUAL,0,34.78,6.54,180.63,0.549,0.282,10,4.54,0,18.7,16.73,0
REAL-FIELD-01064,D,CAT_797F_MANUAL,0,12.23,7.51,108.87,0.386,0.13,1.8,2.56,0,32.05,30.12,0
REAL-FIELD-01065,E,KOMATSU_930E_AHS,1,30.22,12.57,37.29,0.897,0,0.6,0.15,0,4.44,4.18,0
REAL-FIELD-01066,C,CAMIONETA_4x4,0,41.77,11.97,30.97,0.209,0.29,11.9,5,0,2.67,-0.18,1
REAL-FIELD-01067,D,CAT_797F_MANUAL,0,13.56,14.8,70.89,0.279,0.184,1.9,5.95,0,18.82,16.47,0
REAL-FIELD-01068,A,CAT_797F_MANUAL,0,26.05,15.61,77.11,0.458,0.148,4.5,5.58,0,10.66,8.86,0
REAL-FIELD-01069,C,CAT_797F_MANUAL,0,41.92,12.56,126.62,0.399,0.295,6.9,6.56,0,10.87,8.48,0
REAL-FIELD-01070,D,CAMIONETA_4x4,0,62.88,10.93,170.78,0.339,0.21,4.2,4.71,0,9.78,7.5,0
REAL-FIELD-01071,C,CAMIONETA_4x4,0,56.1,12.18,70,0.697,0.368,11.1,5.75,0,4.49,2.63,1
REAL-FIELD-01072,D,CAT_797F_MANUAL,0,34.96,7.19,76.15,0.327,0.228,6.1,5.24,0,7.84,5.47,0
REAL-FIELD-01073,D,CAT_797F_MANUAL,0,42.82,2.86,56.59,0.354,0.192,8.5,5.32,0,4.76,2.57,1
REAL-FIELD-01074,C,CAT_797F_MANUAL,0,17.15,7.2,32.36,0.559,0.336,11.7,7.53,0,6.79,4.68,0
REAL-FIELD-01075,E,KOMATSU_930E_AHS,1,26.89,8.04,106.39,0.677,0,11.4,0.15,0,14.24,13.43,0
REAL-FIELD-01076,D,CAT_797F_MANUAL,0,18.3,13.57,71.94,0.421,0.202,8.4,4.94,0,14.15,12.1,0
REAL-FIELD-01077,E,KOMATSU_930E_AHS,1,27.95,6.95,7.45,0.781,0,5.2,0.15,2,0.96,0.41,1
REAL-FIELD-01078,D,CAT_797F_MANUAL,0,22.02,11.96,3.53,0.407,0.218,6.3,5.91,0,0.58,-1.56,1
REAL-FIELD-01079,A,CAT_797F_MANUAL,0,47.14,8.34,149.49,0.8,0.057,1.2,5.05,0,11.42,10.75,0
REAL-FIELD-01080,A,CAT_797F_MANUAL,0,33.01,14.55,89.57,0.895,0.171,4.8,4.37,0,9.77,8.99,0
REAL-FIELD-01081,E,KOMATSU_930E_AHS,1,29.31,14.24,155.23,0.539,0,3.2,0.15,0,19.07,17.92,0
REAL-FIELD-01082,C,CAT_797F_MANUAL,0,36.95,3.96,32.67,0.293,0.298,10.1,6.07,0,3.18,0.52,1
REAL-FIELD-01083,C,PALA_PH_4100XPC,0,2.47,2.28,88.97,0.967,0.3,9.3,6.84,0,129.67,128.69,0
REAL-FIELD-01084,B,PALA_PH_4100XPC,0,1.76,5.56,8.62,0.618,0.265,10.4,3.22,3,999,997.25,0
REAL-FIELD-01085,A,CAT_797F_MANUAL,0,29.6,13.99,181.96,0.723,0.099,0.6,1.99,0,22.13,21.14,0
REAL-FIELD-01086,E,KOMATSU_930E_AHS,1,33.93,10.83,118.54,0.906,0,3.6,0.15,0,12.58,12.34,0
REAL-FIELD-01087,A,CAT_797F_MANUAL,0,32.73,13.23,55.97,0.52,0.181,5.4,4.92,0,6.16,4.42,0
REAL-FIELD-01088,B,PALA_PH_4100XPC,0,2.44,12.64,85.39,0.615,0.221,5.4,4.35,0,125.99,124.36,0
REAL-FIELD-01089,A,CAT_797F_MANUAL,0,16.63,12.42,56.34,0.608,0.181,2.3,5.55,0,12.2,10.68,0
REAL-FIELD-01090,D,CAMIONETA_4x4,0,25.55,16,161.92,0.242,0.258,11.3,3.87,0,22.81,20.14,0
REAL-FIELD-01091,E,KOMATSU_930E_AHS,1,37.75,11.15,4,0.198,0,1.5,0.15,3,0.38,-1.62,1
REAL-FIELD-01092,E,KOMATSU_930E_AHS,1,30.81,11.16,49.68,0.305,0,3.3,0.15,0,5.8,4.06,0
REAL-FIELD-01093,E,KOMATSU_930E_AHS,1,18.49,8.21,50.04,0.579,0,6.4,0.15,0,9.74,8.69,0
REAL-FIELD-01094,C,CAMIONETA_4x4,0,48.13,12.19,45.09,0.792,0.289,11.9,5.07,0,3.37,1.98,1
REAL-FIELD-01095,E,KOMATSU_930E_AHS,1,29.58,9.64,169,0.496,0,7,0.15,0,20.57,19.31,0
REAL-FIELD-01096,D,CAMIONETA_4x4,0,46.27,12.85,131.48,0.449,0.154,2.9,5.07,0,10.23,8.39,0
REAL-FIELD-01097,B,PALA_PH_4100XPC,0,3.59,9,106.36,0.683,0.261,8.6,7.01,0,106.66,105.08,0
REAL-FIELD-01098,D,CAT_797F_MANUAL,0,44.68,8.02,134.97,0.434,0.266,11.3,4.89,0,10.87,8.66,0
REAL-FIELD-01099,A,CAT_797F_MANUAL,0,14.43,12.5,33.65,0.629,0.232,10.8,5.94,0,8.4,6.78,0
REAL-FIELD-01100,C,PALA_PH_4100XPC,0,2.48,7.01,173.69,0.362,0.325,9.3,4.94,0,252.13,249.56,0
REAL-FIELD-01101,A,CAMIONETA_4x4,0,29.04,13.19,160.63,0.763,0.128,2.9,4.32,0,19.91,18.93,0
REAL-FIELD-01102,A,CAMIONETA_4x4,0,42.07,4.6,133.27,0.527,0.214,8.7,6.4,0,11.4,9.58,0
REAL-FIELD-01103,A,CAT_797F_MANUAL,0,25.02,7.98,57.77,0.537,0.137,4.8,5.54,0,8.31,6.74,0
REAL-FIELD-01104,D,PALA_PH_4100XPC,0,2.88,11.88,4.31,0.442,0.277,8.1,5.77,0,5.39,3.16,1
REAL-FIELD-01105,A,CAT_797F_MANUAL,0,39.56,5.19,30.16,0.515,0.185,8.7,5.14,0,2.74,0.97,1
REAL-FIELD-01106,A,CAT_797F_MANUAL,0,23.27,3.59,137.27,0.498,0.119,4.4,3.26,0,21.24,19.63,0
REAL-FIELD-01107,E,KOMATSU_930E_AHS,1,29.96,14.7,67.65,0.666,0,10.2,0.15,0,8.13,7.3,0
REAL-FIELD-01108,E,KOMATSU_930E_AHS,1,36.24,14.36,7.93,0.152,0,6.3,0.15,1,0.79,-1.33,1
REAL-FIELD-01109,D,CAT_797F_MANUAL,0,39.51,9.84,139.99,0.415,0.238,11.9,6.07,0,12.76,10.58,0
REAL-FIELD-01110,D,CAMIONETA_4x4,0,49.03,7.45,115.23,0.438,0.058,1.4,1.92,0,8.46,6.88,0
REAL-FIELD-01111,A,CAT_797F_MANUAL,0,26.5,10.13,119.85,0.937,0.165,1.2,3.29,0,16.28,15.63,0
REAL-FIELD-01112,D,CAT_797F_MANUAL,0,22.96,3.88,62.96,0.371,0.22,5.1,4.83,0,9.87,7.64,0
REAL-FIELD-01113,D,CAT_797F_MANUAL,0,43.41,3.26,77.06,0.275,0.178,8.4,2.83,0,6.39,4.04,0
REAL-FIELD-01114,A,CAT_797F_MANUAL,0,35.58,12.18,55.23,0.958,0.108,0.7,3.62,0,5.59,5.16,0
REAL-FIELD-01115,B,PALA_PH_4100XPC,0,2.69,10.84,120.99,0.937,0.241,9.1,3.5,0,161.92,161.04,0
REAL-FIELD-01116,B,CAMIONETA_4x4,0,35.41,7.09,7.43,0.876,0.255,8.4,4.92,0,0.76,-0.32,1
REAL-FIELD-01117,A,CAMIONETA_4x4,0,34.6,9.18,191.46,0.737,0.148,1.2,3.4,0,19.92,18.82,0
REAL-FIELD-01118,E,KOMATSU_930E_AHS,1,22.47,6.28,66.28,0.612,0,4.3,0.15,0,10.62,9.65,0
REAL-FIELD-01119,A,CAT_797F_MANUAL,0,41.82,10.74,94.91,0.649,0.205,9.4,4.97,0,8.17,6.68,0
REAL-FIELD-01120,E,KOMATSU_930E_AHS,1,27.26,15.2,94.92,0.892,0,4.2,0.15,0,12.54,12.27,0
REAL-FIELD-01121,D,CAT_797F_MANUAL,0,22.79,11.9,18.85,0.371,0.117,4.5,4.73,0,2.98,1.06,1
REAL-FIELD-01122,E,KOMATSU_930E_AHS,1,20.83,10.54,178.67,0.375,0,6.1,0.15,0,30.88,29.32,0
REAL-FIELD-01123,E,KOMATSU_930E_AHS,1,19.16,13.39,71.95,0.948,0,0.8,0.15,0,13.52,13.39,0
REAL-FIELD-01124,A,CAT_797F_MANUAL,0,20.71,4.81,183.48,0.74,0.243,10.1,5.56,0,31.89,30.51,0
REAL-FIELD-01125,A,CAT_797F_MANUAL,0,13.85,4.89,39.13,0.475,0.128,4.6,3.85,0,10.17,8.47,0
REAL-FIELD-01126,A,CAT_797F_MANUAL,0,14.77,4.7,48.86,0.64,0.212,9.6,3.99,0,11.91,10.37,0
REAL-FIELD-01127,D,CAMIONETA_4x4,0,57.22,13.5,26.44,0.212,0.135,5.2,2.33,0,1.66,-0.72,1
REAL-FIELD-01128,D,CAT_797F_MANUAL,0,41.03,2.76,99.14,0.264,0.225,7,6.12,0,8.7,6.18,0
REAL-FIELD-01129,A,CAT_797F_MANUAL,0,47.75,8.57,180.58,0.507,0.28,6.7,4.59,0,13.61,11.54,0
REAL-FIELD-01130,A,CAT_797F_MANUAL,0,43.76,12.37,35.36,0.743,0.189,5.6,2.88,0,2.91,1.7,1
REAL-FIELD-01131,D,CAMIONETA_4x4,0,61.95,13.85,6,0.259,0.249,7.2,6.67,1,0.35,-2.25,1
REAL-FIELD-01132,D,CAT_797F_MANUAL,0,34.4,3.46,4.99,0.225,0.237,6.3,4.47,3,0.52,-2.13,1
REAL-FIELD-01133,E,KOMATSU_930E_AHS,1,26.15,9.81,61.05,0.923,0,9.7,0.15,0,8.4,8.21,0
REAL-FIELD-01134,D,CAT_797F_MANUAL,0,33.62,7.45,183.6,0.351,0.257,10.3,6.8,0,19.66,17.27,0
REAL-FIELD-01135,E,KOMATSU_930E_AHS,1,21.22,12.07,97.48,0.756,0,6.5,0.15,0,16.54,15.93,0
REAL-FIELD-01136,A,CAT_797F_MANUAL,0,32.9,13.88,34.01,0.543,0.13,4.2,5.78,0,3.72,2.19,1
REAL-FIELD-01137,B,PALA_PH_4100XPC,0,0.93,8.87,59.64,0.978,0.227,7.3,4.57,0,999,998.26,0
REAL-FIELD-01138,E,KOMATSU_930E_AHS,1,28.82,3.48,65.41,0.59,0,1.4,0.15,0,8.17,7.14,0
REAL-FIELD-01139,E,KOMATSU_930E_AHS,1,20.71,2.29,45.62,0.379,0,2.5,0.15,0,7.93,6.38,0
REAL-FIELD-01140,C,CAT_797F_MANUAL,0,47.24,13.04,37.64,0.733,0.313,11.4,3.98,0,2.87,1.26,1
REAL-FIELD-01141,E,KOMATSU_930E_AHS,1,25.89,13.81,114.6,0.644,0,1.4,0.15,0,15.94,15.05,0
REAL-FIELD-01142,B,PALA_PH_4100XPC,0,0.62,8.44,181.18,0.9,0.25,8.9,3.79,0,999,998,0
REAL-FIELD-01143,D,PALA_PH_4100XPC,0,0.71,7.48,76.14,0.152,0.078,3,4.13,0,999,996.65,0
REAL-FIELD-01144,B,CAT_797F_MANUAL,0,21.03,2.73,11.82,0.686,0.268,9.9,4.41,1,2.02,0.43,1
REAL-FIELD-01145,B,CAT_797F_MANUAL,0,27.08,14.49,6.76,0.743,0.251,6.5,4.78,2,0.9,-0.5,1
REAL-FIELD-01146,E,KOMATSU_930E_AHS,1,19.65,6.79,105.93,0.766,0,2.4,0.15,0,19.41,18.82,0
REAL-FIELD-01147,A,CAT_797F_MANUAL,0,35.2,13.08,60.26,0.957,0.111,4.4,4.99,0,6.16,5.72,0
REAL-FIELD-01148,A,CAT_797F_MANUAL,0,35.02,9.49,104.54,0.527,0.136,0.5,2.47,0,10.75,9.16,0
REAL-FIELD-01149,D,CAT_797F_MANUAL,0,44.67,11.72,12.59,0.409,0.255,8.9,6.54,2,1.01,-1.23,1
REAL-FIELD-01150,B,CAMIONETA_4x4,0,49.58,2.53,14.38,0.911,0.186,6.4,4.22,3,1.04,0.26,1
REAL-FIELD-01151,E,KOMATSU_930E_AHS,1,24.21,3.01,135.24,0.43,0,1,0.15,0,20.11,18.68,0
REAL-FIELD-01152,B,PALA_PH_4100XPC,0,0.37,15.77,43.5,1,0.182,3.4,4.42,0,999,998.45,0
REAL-FIELD-01153,B,PALA_PH_4100XPC,0,1.93,13.86,131.2,0.883,0.144,5.7,5.61,0,244.73,244.01,0
REAL-FIELD-01154,E,KOMATSU_930E_AHS,1,25.82,7.22,82.96,0.837,0,2.7,0.15,0,11.57,11.16,0
REAL-FIELD-01155,C,PALA_PH_4100XPC,0,0.1,4.99,189.03,0.458,0.309,10.6,3.65,0,999,996.72,0
REAL-FIELD-01156,B,PALA_PH_4100XPC,0,3.99,12.1,52.1,0.965,0.245,5,4.65,0,47.01,46.19,0
REAL-FIELD-01157,E,KOMATSU_930E_AHS,1,32.25,15.79,100.59,0.408,0,5.2,0.15,0,11.23,9.75,0
REAL-FIELD-01158,E,KOMATSU_930E_AHS,1,30.93,10.44,38.18,0.748,0,7.4,0.15,0,4.44,3.81,1
REAL-FIELD-01159,E,KOMATSU_930E_AHS,1,31.63,6.53,175.6,0.353,0,7.1,0.15,0,19.99,18.37,0
REAL-FIELD-01160,C,CAT_797F_MANUAL,0,48.47,16,6.87,0.906,0.328,9.5,6.74,0,0.51,-0.71,1
REAL-FIELD-01161,B,PALA_PH_4100XPC,0,3.81,10.45,96.99,0.78,0.071,0.8,4.53,0,91.64,90.88,0
REAL-FIELD-01162,E,KOMATSU_930E_AHS,1,26.72,6.12,171.9,0.403,0,4.6,0.15,0,23.16,21.67,0
REAL-FIELD-01163,E,KOMATSU_930E_AHS,1,25.53,4.49,36.03,0.18,0,4.7,0.15,0,5.08,3.03,1
REAL-FIELD-01164,B,CAT_797F_MANUAL,0,37.65,13.38,6.8,0.476,0.17,0.6,3.9,3,0.65,-1.17,1
REAL-FIELD-01165,C,CAT_797F_MANUAL,0,35.69,9.87,139.29,0.842,0.326,8.5,6.52,0,14.05,12.68,0
REAL-FIELD-01166,A,CAMIONETA_4x4,0,46.63,7.69,164.56,0.714,0.27,5.9,5.95,0,12.7,11.18,0
REAL-FIELD-01167,C,CAT_797F_MANUAL,0,34.76,8.06,125.33,0.755,0.286,7.5,4.85,0,12.98,11.51,0
REAL-FIELD-01168,E,KOMATSU_930E_AHS,1,21.48,3.97,113.85,0.244,0,8.9,0.15,0,19.08,17.19,0
REAL-FIELD-01169,D,CAT_797F_MANUAL,0,42.99,6.09,161.99,0.35,0.219,8.2,5.01,0,13.57,11.29,0
REAL-FIELD-01170,E,KOMATSU_930E_AHS,1,35.48,7.28,95.58,0.329,0,5.9,0.15,0,9.7,8.02,0
REAL-FIELD-01171,C,CAMIONETA_4x4,0,34.72,2.16,67.68,0.214,0.315,8.5,4.97,0,7.02,4.11,0
REAL-FIELD-01172,A,CAMIONETA_4x4,0,59.03,3.56,115.18,0.803,0.089,2.7,3.95,0,7.02,6.26,0
REAL-FIELD-01173,E,KOMATSU_930E_AHS,1,26.31,10.11,46.6,0.548,0,7.3,0.15,0,6.38,5.25,0
REAL-FIELD-01174,E,KOMATSU_930E_AHS,1,34.53,5.32,54.99,0.456,0,6.3,0.15,0,5.73,4.37,0
REAL-FIELD-01175,A,CAT_797F_MANUAL,0,33.26,5.73,45.67,0.489,0.173,5,3.56,0,4.94,3.14,1
REAL-FIELD-01176,C,CAT_797F_MANUAL,0,42.41,9.11,81.72,0.837,0.316,9.4,5.25,0,6.94,5.58,0
REAL-FIELD-01177,B,PALA_PH_4100XPC,0,2.58,14.63,29,0.535,0.268,10.9,7.03,0,40.47,38.5,0
REAL-FIELD-01178,D,CAMIONETA_4x4,0,62.91,7.2,135.49,0.307,0.171,1.7,3.56,0,7.75,5.5,0
REAL-FIELD-01179,E,KOMATSU_930E_AHS,1,23.55,8.04,122.52,0.904,0,2.7,0.15,0,18.73,18.49,0
REAL-FIELD-01180,A,CAT_797F_MANUAL,0,41.66,13.13,93.94,0.789,0.245,10.9,4.64,0,8.12,6.86,0
REAL-FIELD-01181,E,KOMATSU_930E_AHS,1,33.33,4.27,22.22,0.653,0,4.8,0.15,1,2.4,1.53,1
REAL-FIELD-01182,A,CAT_797F_MANUAL,0,21.04,6.27,63.17,0.505,0.117,5,4.21,0,10.81,9.22,0
REAL-FIELD-01183,B,CAMIONETA_4x4,0,51.49,11.88,17.68,0.477,0.193,6.2,5.5,0,1.24,-0.65,1
REAL-FIELD-01184,E,KOMATSU_930E_AHS,1,28.45,6.99,127.94,0.513,0,7,0.15,0,16.19,14.97,0
REAL-FIELD-01185,A,CAT_797F_MANUAL,0,40.23,9.84,59.93,0.664,0.155,6.7,4.09,0,5.36,4.06,0
REAL-FIELD-01186,E,KOMATSU_930E_AHS,1,20.28,7.24,27.7,0.315,0,4.2,0.15,3,4.92,3.21,1
REAL-FIELD-01187,D,CAMIONETA_4x4,0,53.23,4.23,98.28,0.197,0.085,2.8,1.5,0,6.65,4.39,0
REAL-FIELD-01188,C,CAT_797F_MANUAL,0,26.19,7.53,52.87,0.268,0.339,10.3,5.46,0,7.27,4.42,0
REAL-FIELD-01189,B,PALA_PH_4100XPC,0,2.67,5.51,112.04,0.879,0.114,1.6,2.04,0,151.07,150.43,0
REAL-FIELD-01190,D,CAMIONETA_4x4,0,32.06,5.85,186.02,0.158,0.136,4.7,3.63,0,20.89,18.38,0
REAL-FIELD-01191,C,CAT_797F_MANUAL,0,37.83,9.48,119.55,0.574,0.301,11.1,6.92,0,11.38,9.41,0
REAL-FIELD-01192,E,KOMATSU_930E_AHS,1,28.45,3.33,47,0.269,0,9.9,0.15,0,5.95,4.12,0
REAL-FIELD-01193,A,CAT_797F_MANUAL,0,34.11,5.46,189.77,0.498,0.15,6.5,5.98,0,20.03,18.33,0
REAL-FIELD-01194,C,CAMIONETA_4x4,0,59.07,6.34,14.1,0.667,0.352,10.5,4.52,3,0.86,-1.03,1
REAL-FIELD-01195,D,CAT_797F_MANUAL,0,48.18,15.91,90.16,0.417,0.216,3.4,5.84,0,6.74,4.63,0
REAL-FIELD-01196,A,CAT_797F_MANUAL,0,27.19,14.86,66.61,0.997,0.215,2.8,2.94,0,8.82,8.17,0
REAL-FIELD-01197,B,PALA_PH_4100XPC,0,2.77,12.02,8.07,0.961,0.226,8.2,3.85,0,10.49,9.71,0
REAL-FIELD-01198,E,KOMATSU_930E_AHS,1,24.07,8.16,63.25,0.699,0,11.1,0.15,0,9.46,8.71,0
REAL-FIELD-01199,E,KOMATSU_930E_AHS,1,27.9,5.54,13.88,0.31,0,10,0.15,0,1.79,0.07,1
REAL-FIELD-01200,A,CAT_797F_MANUAL,0,49.77,3.26,119.68,0.466,0.182,8.2,4.65,0,8.66,6.78,0
REAL-FIELD-01201,D,CAMIONETA_4x4,0,29.14,3.37,104.9,0.197,0.14,3.2,1.9,0,12.96,10.53,0
REAL-FIELD-01202,C,CAMIONETA_4x4,0,44.02,10.15,140.04,0.741,0.315,8.3,5.46,0,11.45,9.86,0
REAL-FIELD-01203,E,KOMATSU_930E_AHS,1,28.16,8.66,76.78,0.864,0,9.1,0.15,0,9.82,9.48,0
REAL-FIELD-01204,C,CAT_797F_MANUAL,0,41.35,5.42,173.92,0.512,0.322,8.8,5.08,0,15.14,12.95,0
REAL-FIELD-01205,A,CAT_797F_MANUAL,0,38.45,4.73,37.55,0.777,0.121,2.7,4.83,0,3.52,2.6,1
REAL-FIELD-01206,E,KOMATSU_930E_AHS,1,31.81,3.71,96.83,0.46,0,6.9,0.15,0,10.96,9.61,0
REAL-FIELD-01207,E,KOMATSU_930E_AHS,1,20.13,5.06,115.14,0.187,0,7.8,0.15,0,20.59,18.56,0
REAL-FIELD-01208,A,CAT_797F_MANUAL,0,44.81,4.77,133.91,0.78,0.207,2.3,3.87,0,10.76,9.59,0
REAL-FIELD-01209,D,CAT_797F_MANUAL,0,17.93,13.31,133.41,0.205,0.174,6.8,5.79,0,26.79,24.28,0
REAL-FIELD-01210,E,KOMATSU_930E_AHS,1,28.27,15.14,146.55,0.244,0,8.5,0.15,0,18.66,16.77,0
REAL-FIELD-01211,A,CAMIONETA_4x4,0,54.84,5.73,68.74,0.473,0.179,7.3,2.84,0,4.51,2.66,1
REAL-FIELD-01212,E,KOMATSU_930E_AHS,1,34.72,11.5,60.05,0.323,0,5.5,0.15,0,6.23,4.54,0
REAL-FIELD-01213,E,KOMATSU_930E_AHS,1,28.12,8.16,113.68,0.345,0,0.7,0.15,0,14.55,12.91,0
REAL-FIELD-01214,E,KOMATSU_930E_AHS,1,26.68,14.36,85.76,0.515,0,9.9,0.15,0,11.57,10.36,0
REAL-FIELD-01215,A,CAT_797F_MANUAL,0,39.34,10.12,136.97,0.704,0.168,3.8,3.93,0,12.53,11.29,0
REAL-FIELD-01216,A,CAMIONETA_4x4,0,40.68,7.92,78.18,0.81,0.132,4.8,2.44,0,6.92,6.05,0
REAL-FIELD-01217,E,KOMATSU_930E_AHS,1,37.43,2.11,148.14,0.443,0,9.2,0.15,0,14.25,12.86,0
REAL-FIELD-01218,A,CAT_797F_MANUAL,0,12.76,3.03,70.71,0.597,0.081,1.6,3.25,0,19.95,18.7,0
REAL-FIELD-01219,D,CAMIONETA_4x4,0,56.57,14.83,110.01,0.344,0.206,5.6,6.46,0,7,4.74,0
REAL-FIELD-01220,A,CAT_797F_MANUAL,0,26.82,12.85,148.36,0.57,0.06,1.5,1.28,0,19.91,18.66,0
REAL-FIELD-01221,C,PALA_PH_4100XPC,0,3.41,14.01,66.58,0.965,0.286,11,6.02,0,70.29,69.34,0
REAL-FIELD-01222,E,KOMATSU_930E_AHS,1,29.98,6.64,109.47,0.687,0,3.9,0.15,0,13.15,12.37,0
REAL-FIELD-01223,B,PALA_PH_4100XPC,0,1.72,5.22,90.51,0.584,0.226,7.3,3.61,0,999,997.28,0
REAL-FIELD-01224,C,CAT_797F_MANUAL,0,39.06,10.35,97.85,0.819,0.308,7.6,5.9,0,9.02,7.64,0
REAL-FIELD-01225,B,CAT_797F_MANUAL,0,23.51,15.11,8.49,0.617,0.208,8.3,6.08,3,1.3,-0.28,1
REAL-FIELD-01226,E,KOMATSU_930E_AHS,1,23.01,3.29,122.56,0.248,0,12,0.15,0,19.17,17.29,0
REAL-FIELD-01227,A,CAT_797F_MANUAL,0,45.81,10.79,68.37,0.605,0.123,0.9,3.7,0,5.37,4.01,0
REAL-FIELD-01228,E,KOMATSU_930E_AHS,1,29.87,11.83,30.64,0.777,0,5.8,0.15,0,3.69,3.13,1
REAL-FIELD-01229,D,CAT_797F_MANUAL,0,42.76,11.48,172.4,0.434,0.128,0.8,4.19,0,14.51,12.71,0
REAL-FIELD-01230,B,PALA_PH_4100XPC,0,0.35,4.71,70.65,0.945,0.167,6.5,3.09,0,999,998.36,0
REAL-FIELD-01231,C,CAT_797F_MANUAL,0,31.77,10.35,116.85,0.282,0.367,10.8,6.75,0,13.24,10.34,0
REAL-FIELD-01232,C,CAT_797F_MANUAL,0,20.84,12.18,87.5,0.544,0.377,11.5,4.64,0,15.12,12.85,0
REAL-FIELD-01233,A,CAT_797F_MANUAL,0,14.52,14.14,115.83,0.638,0.116,2.8,2.01,0,28.72,27.47,0
REAL-FIELD-01234,D,CAT_797F_MANUAL,0,40.16,4.03,105.59,0.278,0.082,2.6,1.55,0,9.47,7.42,0
REAL-FIELD-01235,A,CAT_797F_MANUAL,0,24.77,8.61,37.59,0.617,0.104,2.1,2.45,0,5.46,4.19,0
REAL-FIELD-01236,D,PALA_PH_4100XPC,0,0.13,13.85,22.19,0.406,0.089,2.6,4.54,1,999,997.25,0
REAL-FIELD-01237,A,CAT_797F_MANUAL,0,45,11.12,116,0.707,0.257,11.1,5.11,0,9.28,7.78,0
REAL-FIELD-01238,A,CAT_797F_MANUAL,0,27.73,12.53,88.56,0.57,0.233,10.5,5.51,0,11.5,9.73,0
REAL-FIELD-01239,C,CAT_797F_MANUAL,0,16.85,8.77,153.13,0.611,0.354,12,6.6,0,32.72,30.69,0
REAL-FIELD-01240,B,PALA_PH_4100XPC,0,2.17,6.95,39.99,0.818,0.16,2.7,3.52,0,66.34,65.4,0
REAL-FIELD-01241,E,KOMATSU_930E_AHS,1,18.96,15.42,46.69,0.494,0,8.6,0.15,0,8.87,7.6,0
REAL-FIELD-01242,E,KOMATSU_930E_AHS,1,29.03,15.41,10.48,0.926,0,10.7,0.15,2,1.3,1.12,1
REAL-FIELD-01243,E,KOMATSU_930E_AHS,1,37.62,15.54,122.76,0.182,0,0.6,0.15,0,11.75,9.7,0
REAL-FIELD-01244,D,CAT_797F_MANUAL,0,24.37,9.84,45.41,0.241,0.154,0.6,2.49,0,6.71,4.35,0
REAL-FIELD-01245,E,KOMATSU_930E_AHS,1,18.6,12.13,9.06,0.84,0,5.1,0.15,2,1.75,1.35,1
REAL-FIELD-01246,C,CAMIONETA_4x4,0,59.36,5.72,85.32,0.53,0.35,11.2,6.01,0,5.17,2.94,1
REAL-FIELD-01247,D,CAT_797F_MANUAL,0,45.12,4.3,80.1,0.154,0.142,4.8,2.54,0,6.39,3.85,1
REAL-FIELD-01248,B,CAT_797F_MANUAL,0,34.44,2.72,21.76,0.565,0.204,9,4.11,0,2.27,0.57,1
REAL-FIELD-01249,E,KOMATSU_930E_AHS,1,37.69,14.99,62.96,0.899,0,1.4,0.15,0,6.01,5.76,0
REAL-FIELD-01250,D,CAT_797F_MANUAL,0,25.03,3.27,17.06,0.203,0.197,4.7,4.73,2,2.45,-0.13,1
REAL-FIELD-01251,A,CAT_797F_MANUAL,0,17.29,5.29,163.98,0.502,0.082,1.8,4.53,0,34.14,32.65,0
REAL-FIELD-01252,E,KOMATSU_930E_AHS,1,35.51,5.1,68.49,0.938,0,11.5,0.15,0,6.94,6.78,0
REAL-FIELD-01253,C,CAT_797F_MANUAL,0,41.67,14.21,106.54,0.898,0.365,11.4,4.9,0,9.2,7.85,0
REAL-FIELD-01254,B,CAT_797F_MANUAL,0,42.14,3.2,14.97,0.927,0.116,3.9,4.82,1,1.28,0.75,1
REAL-FIELD-01255,E,KOMATSU_930E_AHS,1,30.12,8.05,116.3,0.905,0,6.8,0.15,0,13.9,13.66,0
REAL-FIELD-01256,E,KOMATSU_930E_AHS,1,27.17,13.05,26.89,0.785,0,0.6,0.15,0,3.56,3.02,1
REAL-FIELD-01257,D,PALA_PH_4100XPC,0,1.66,3.85,174.48,0.39,0.143,6.2,4.67,0,999,997.05,0
REAL-FIELD-01258,E,KOMATSU_930E_AHS,1,29.76,14.16,180.91,0.525,0,9.3,0.15,0,21.88,20.69,0
REAL-FIELD-01259,A,CAT_797F_MANUAL,0,19.41,14.55,123.99,0.811,0.126,4.2,4.42,0,23,22.15,0
REAL-FIELD-01260,D,CAT_797F_MANUAL,0,32,10.05,172.52,0.427,0.107,1.3,2.2,0,19.41,17.66,0
REAL-FIELD-01261,C,PALA_PH_4100XPC,0,1.76,4.76,180.91,0.448,0.282,7.9,4.9,0,999,996.77,0
REAL-FIELD-01262,D,CAMIONETA_4x4,0,36.34,8.9,67.77,0.366,0.117,0.7,4.31,0,6.71,4.77,0
REAL-FIELD-01263,E,KOMATSU_930E_AHS,1,33.69,3.72,53.06,0.909,0,6.1,0.15,0,5.67,5.44,0
REAL-FIELD-01264,D,CAMIONETA_4x4,0,50.92,11.26,16.03,0.23,0.207,7.5,4.13,3,1.13,-1.42,1
REAL-FIELD-01265,A,CAT_797F_MANUAL,0,22.12,13.33,84.43,0.778,0.197,6.3,5.28,0,13.74,12.59,0
REAL-FIELD-01266,E,KOMATSU_930E_AHS,1,28.01,12.55,94.03,0.856,0,10.3,0.15,0,12.09,11.73,0
REAL-FIELD-01267,E,KOMATSU_930E_AHS,1,24.08,15.48,176.88,0.529,0,6.7,0.15,0,26.44,25.26,0
REAL-FIELD-01268,A,CAMIONETA_4x4,0,30.99,5.71,58.13,0.55,0.179,6.4,3.42,0,6.75,5.09,0
REAL-FIELD-01269,E,KOMATSU_930E_AHS,1,21.51,2.96,96.79,0.262,0,6.3,0.15,0,16.2,14.35,0
REAL-FIELD-01270,C,CAT_797F_MANUAL,0,49.53,4.92,28.56,0.933,0.283,11.3,5.01,0,2.08,1.06,1
REAL-FIELD-01271,C,CAT_797F_MANUAL,0,39.95,8.87,164.72,0.836,0.287,8.1,5.94,0,14.84,13.57,0
REAL-FIELD-01272,E,KOMATSU_930E_AHS,1,36.89,10.74,10.65,0.24,0,0.5,0.15,3,1.04,-0.86,1
REAL-FIELD-01273,D,CAT_797F_MANUAL,0,20.75,3.8,31.54,0.352,0.16,5.5,3.49,0,5.47,3.37,1
REAL-FIELD-01274,C,CAT_797F_MANUAL,0,41.56,7.94,21.06,0.854,0.314,11.9,4.31,1,1.82,0.51,1
REAL-FIELD-01275,A,CAMIONETA_4x4,0,46.08,15.71,129.17,0.548,0.276,7.7,5.39,0,10.09,8.13,0
REAL-FIELD-01276,E,KOMATSU_930E_AHS,1,28.99,9.1,91.13,0.975,0,11.8,0.15,0,11.32,11.26,0
REAL-FIELD-01277,E,KOMATSU_930E_AHS,1,21.53,11.76,138.14,0.358,0,3.6,0.15,0,23.1,21.5,0
REAL-FIELD-01278,E,KOMATSU_930E_AHS,1,37.23,8.66,30.31,0.596,0,0.8,0.15,0,2.93,1.92,1
REAL-FIELD-01279,A,CAT_797F_MANUAL,0,38.42,13.4,82.42,0.524,0.201,5.7,5.71,0,7.72,5.93,0
REAL-FIELD-01280,A,CAT_797F_MANUAL,0,48.64,15.7,109.36,0.798,0.194,6.3,5.26,0,8.09,7,0
REAL-FIELD-01281,B,PALA_PH_4100XPC,0,2.84,13.76,166.97,0.836,0.182,5.5,4.93,0,211.65,210.69,0
REAL-FIELD-01282,A,CAT_797F_MANUAL,0,42.12,14.93,52.48,0.741,0.234,11,6.18,0,4.49,3.14,1
REAL-FIELD-01283,B,CAT_797F_MANUAL,0,28.7,7.5,15.96,0.761,0.095,3.2,1.66,0,2,1.12,1
REAL-FIELD-01284,C,CAT_797F_MANUAL,0,44.57,12.16,40.53,0.267,0.34,11.4,7.43,0,3.27,0.42,1
REAL-FIELD-01285,A,CAMIONETA_4x4,0,32.06,12.71,60.76,0.712,0.194,3,3.6,0,6.82,5.52,0
REAL-FIELD-01286,D,CAT_797F_MANUAL,0,16.59,11.07,104.12,0.363,0.084,1.7,4.88,0,22.59,20.75,0
REAL-FIELD-01287,C,CAT_797F_MANUAL,0,27.96,6.51,23.94,0.421,0.317,11.8,6.08,0,3.08,0.68,1
REAL-FIELD-01288,A,CAMIONETA_4x4,0,49.15,10.13,132.06,0.537,0.189,2.3,3.12,0,9.67,7.95,0
REAL-FIELD-01289,A,CAT_797F_MANUAL,0,41.91,12.15,62.67,0.602,0.163,6,4.52,0,5.38,3.9,1
REAL-FIELD-01290,B,PALA_PH_4100XPC,0,2.23,3.65,90.63,0.591,0.188,8.6,4.94,0,146.31,144.72,0
REAL-FIELD-01291,C,PALA_PH_4100XPC,0,0.22,12.04,122.17,0.687,0.287,7,5.97,0,999,997.36,0
REAL-FIELD-01292,D,CAT_797F_MANUAL,0,31.6,12.52,114.34,0.332,0.264,7.5,6.98,0,13.03,10.57,0
REAL-FIELD-01293,B,PALA_PH_4100XPC,0,1.4,14.21,63.24,0.569,0.242,7.1,6.69,0,999,997.2,0
REAL-FIELD-01294,A,CAT_797F_MANUAL,0,31.46,9.57,84.6,0.507,0.099,2.1,2.32,0,9.68,8.15,0
REAL-FIELD-01295,E,KOMATSU_930E_AHS,1,36.83,13.74,79.05,0.526,0,3,0.15,0,7.73,6.54,0
REAL-FIELD-01296,E,KOMATSU_930E_AHS,1,34.3,14.11,17.46,0.278,0,0.7,0.15,0,1.83,0.03,1
REAL-FIELD-01297,E,KOMATSU_930E_AHS,1,25.68,4.34,164.42,0.283,0,8.1,0.15,0,23.05,21.26,0
REAL-FIELD-01298,D,CAT_797F_MANUAL,0,43.54,12.51,30.66,0.38,0.239,5.6,4.98,0,2.54,0.27,1
REAL-FIELD-01299,D,CAT_797F_MANUAL,0,12.87,8.89,46.58,0.17,0.162,3.3,2.19,0,13.03,10.47,0
REAL-FIELD-01300,A,CAT_797F_MANUAL,0,41.35,6.3,101.42,0.65,0.206,9.7,4.37,0,8.83,7.34,0
REAL-FIELD-01301,E,KOMATSU_930E_AHS,1,26.41,10.33,43.71,0.552,0,2,0.15,0,5.96,4.84,0
REAL-FIELD-01302,D,CAT_797F_MANUAL,0,34.04,5.68,94.9,0.235,0.231,4.8,5.99,0,10.04,7.43,0
REAL-FIELD-01303,E,KOMATSU_930E_AHS,1,37.14,11.34,134.67,0.517,0,9.6,0.15,0,13.05,11.84,0
REAL-FIELD-01304,D,CAT_797F_MANUAL,0,44.18,3.78,149.21,0.307,0.176,7.6,3.84,0,12.16,9.9,0
REAL-FIELD-01305,E,KOMATSU_930E_AHS,1,30.77,2.95,73.36,0.807,0,3.9,0.15,0,8.58,8.1,0
REAL-FIELD-01306,C,PALA_PH_4100XPC,0,3.4,13.87,109.66,0.193,0.336,11.9,7.51,0,116.11,113.08,0
REAL-FIELD-01307,D,CAMIONETA_4x4,0,45.51,4.05,34.41,0.32,0.161,6,3.51,0,2.72,0.54,1
REAL-FIELD-01308,D,CAMIONETA_4x4,0,59.04,7.14,53.33,0.217,0.194,7.1,5.74,0,3.25,0.71,1
REAL-FIELD-01309,D,CAT_797F_MANUAL,0,44.62,2.24,188.88,0.182,0.224,7.7,5.66,0,15.24,12.52,0
REAL-FIELD-01310,E,KOMATSU_930E_AHS,1,28.38,2.95,139.55,0.243,0,1.7,0.15,0,17.7,15.81,0
REAL-FIELD-01311,E,KOMATSU_930E_AHS,1,26.82,3.99,90.58,0.898,0,7.3,0.15,0,12.16,11.9,0
REAL-FIELD-01312,E,KOMATSU_930E_AHS,1,18.38,7.79,123.56,0.312,0,2.7,0.15,0,24.2,22.48,0
REAL-FIELD-01313,D,PALA_PH_4100XPC,0,0.69,2.04,99.54,0.337,0.146,2.3,2.05,0,999,996.9,0
REAL-FIELD-01314,E,KOMATSU_930E_AHS,1,21.84,15.63,130.57,0.894,0,4.4,0.15,0,21.52,21.26,0
REAL-FIELD-01315,A,CAT_797F_MANUAL,0,27.85,9.85,132.5,0.498,0.168,6.1,5.16,0,17.13,15.37,0
REAL-FIELD-01316,A,CAT_797F_MANUAL,0,47.19,3.71,120.33,0.737,0.208,8.6,2.62,0,9.18,7.9,0
REAL-FIELD-01317,E,KOMATSU_930E_AHS,1,25.66,13.03,163.41,0.861,0,3.3,0.15,0,22.93,22.58,0
REAL-FIELD-01318,D,PALA_PH_4100XPC,0,0.39,6.18,175.85,0.288,0.134,1.5,3.64,0,999,996.82,0
REAL-FIELD-01319,E,KOMATSU_930E_AHS,1,27.42,10.2,105.15,0.544,0,2.9,0.15,0,13.81,12.67,0
REAL-FIELD-01320,E,KOMATSU_930E_AHS,1,32.64,5.16,137,0.959,0,1,0.15,0,15.11,15.01,0
REAL-FIELD-01321,C,CAMIONETA_4x4,0,27.93,7.4,117.52,0.548,0.332,10.3,5.9,0,15.15,13.02,0
REAL-FIELD-01322,C,PALA_PH_4100XPC,0,2.36,14.37,8.85,0.58,0.318,10.6,5.53,2,13.5,11.5,0
REAL-FIELD-01323,A,CAT_797F_MANUAL,0,17.86,4.39,155.59,0.54,0.171,8,2.82,0,31.36,29.7,0
REAL-FIELD-01324,D,CAT_797F_MANUAL,0,49.89,9.74,138.41,0.284,0.179,1.4,5.46,0,9.99,7.66,0
REAL-FIELD-01325,A,CAT_797F_MANUAL,0,36.68,11.96,135.2,0.526,0.135,4.1,2.07,0,13.27,11.68,0
REAL-FIELD-01326,D,PALA_PH_4100XPC,0,3.51,10.22,108.48,0.176,0.229,7.2,6.77,0,111.26,108.51,0
REAL-FIELD-01327,A,CAT_797F_MANUAL,0,39.61,7.35,154.6,0.891,0.146,1.8,4.9,0,14.05,13.34,0
REAL-FIELD-01328,E,KOMATSU_930E_AHS,1,24.3,10.53,159.28,0.972,0,0.9,0.15,0,23.6,23.53,0
REAL-FIELD-01329,E,KOMATSU_930E_AHS,1,34.03,3.94,138.51,0.622,0,1,0.15,0,14.65,13.7,0
REAL-FIELD-01330,B,PALA_PH_4100XPC,0,2.75,2.8,5.25,0.904,0.068,1.8,3.51,2,6.87,6.43,0
REAL-FIELD-01331,A,CAT_797F_MANUAL,0,37.01,8.74,108.98,0.459,0.226,5.5,3.14,0,10.6,8.57,0
REAL-FIELD-01332,D,CAMIONETA_4x4,0,32.95,2.44,188.6,0.256,0.162,2,3.9,0,20.61,18.26,0
REAL-FIELD-01333,A,CAT_797F_MANUAL,0,37.38,8.2,152.31,0.504,0.101,4.2,3.41,0,14.67,13.13,0
REAL-FIELD-01334,A,CAT_797F_MANUAL,0,37.15,11.37,73.35,0.924,0.191,9.2,2.56,0,7.11,6.35,0
REAL-FIELD-01335,E,KOMATSU_930E_AHS,1,19.89,4.71,183.65,0.44,0,5.2,0.15,0,33.24,31.84,0
REAL-FIELD-01336,E,KOMATSU_930E_AHS,1,18.06,3.42,11.41,0.823,0,4.5,0.15,3,2.27,1.83,1
REAL-FIELD-01337,E,KOMATSU_930E_AHS,1,36.6,6.33,87.07,0.175,0,5.5,0.15,0,8.56,6.5,0
REAL-FIELD-01338,A,CAT_797F_MANUAL,0,22.57,2.84,155.67,0.686,0.078,0.6,4.09,0,24.83,23.81,0
REAL-FIELD-01339,C,PALA_PH_4100XPC,0,1.32,4.57,34.29,0.315,0.284,11.9,3.46,0,999,996.44,0
REAL-FIELD-01340,A,CAMIONETA_4x4,0,53.56,3.45,131.69,0.997,0.225,5.6,4.24,0,8.85,8.17,0
REAL-FIELD-01341,E,KOMATSU_930E_AHS,1,31.64,8.5,91.72,0.234,0,9,0.15,0,10.44,8.52,0
REAL-FIELD-01342,A,CAT_797F_MANUAL,0,29.8,12.18,113.76,0.913,0.117,5,3.23,0,13.74,13.17,0
REAL-FIELD-01343,C,CAT_797F_MANUAL,0,24.66,3.32,187.14,0.355,0.321,9.4,6.22,0,27.32,24.74,0
REAL-FIELD-01344,A,CAT_797F_MANUAL,0,12.58,8.56,104.17,0.997,0.197,6.9,3.88,0,29.81,29.21,0
REAL-FIELD-01345,E,KOMATSU_930E_AHS,1,31.97,10.31,133.64,0.386,0,11.4,0.15,0,15.05,13.52,0
REAL-FIELD-01346,E,KOMATSU_930E_AHS,1,34.97,10.44,7.18,0.379,0,8.7,0.15,2,0.74,-0.81,1
REAL-FIELD-01347,A,CAT_797F_MANUAL,0,46.76,15.93,106.22,0.516,0.28,9.4,3.41,0,8.18,6.13,0
REAL-FIELD-01348,A,CAT_797F_MANUAL,0,46.71,9.16,173.64,0.6,0.274,5.7,5.51,0,13.38,11.56,0
REAL-FIELD-01349,D,PALA_PH_4100XPC,0,2.01,3.82,74.31,0.275,0.191,2.8,3.8,0,133.09,130.7,0
REAL-FIELD-01350,A,CAT_797F_MANUAL,0,26.16,13.05,49.75,0.461,0.15,3,2.58,0,6.85,5.05,0
REAL-FIELD-01351,A,CAT_797F_MANUAL,0,32.58,14.86,108.3,0.607,0.144,5.7,4.21,0,11.97,10.56,0
REAL-FIELD-01352,D,PALA_PH_4100XPC,0,1.63,9,132.24,0.3,0.173,4.9,2.61,0,999,996.73,0
REAL-FIELD-01353,A,CAMIONETA_4x4,0,26.36,5.91,148.63,0.648,0.112,1.2,5.21,0,20.3,19.08,0
REAL-FIELD-01354,B,CAT_797F_MANUAL,0,36.63,8.03,14.05,0.984,0.2,4.4,6.42,2,1.38,0.74,1
REAL-FIELD-01355,D,PALA_PH_4100XPC,0,3.95,9.43,87.33,0.175,0.146,3.8,4.21,0,79.59,77.09,0
REAL-FIELD-01356,E,KOMATSU_930E_AHS,1,32.8,11.79,25.44,0.295,0,8.9,0.15,0,2.79,1.03,1
REAL-FIELD-01357,E,KOMATSU_930E_AHS,1,25.92,6.63,181.65,0.775,0,6.9,0.15,0,25.23,24.67,0
REAL-FIELD-01358,A,CAT_797F_MANUAL,0,14.97,2.28,86.2,0.906,0.045,0.8,3.3,0,20.73,20.36,0
REAL-FIELD-01359,E,KOMATSU_930E_AHS,1,32.93,9.3,54.07,0.839,0,8.2,0.15,0,5.91,5.51,0
REAL-FIELD-01360,E,KOMATSU_930E_AHS,1,29.29,7.69,4.19,0.992,0,5,0.15,2,0.51,0.49,1
REAL-FIELD-01361,B,PALA_PH_4100XPC,0,0.8,15.98,93.64,0.744,0.094,1.7,5.2,0,999,998.08,0
REAL-FIELD-01362,C,CAT_797F_MANUAL,0,13.46,11.46,156.1,0.643,0.298,11,3.5,0,41.75,39.96,0
REAL-FIELD-01363,D,CAT_797F_MANUAL,0,22.13,6.29,188.36,0.298,0.265,11.9,6.55,0,30.64,28.09,0
REAL-FIELD-01364,A,CAT_797F_MANUAL,0,14.31,9.32,27.76,0.991,0.239,4.2,4.27,3,6.98,6.24,0
REAL-FIELD-01365,D,CAT_797F_MANUAL,0,43.22,8.15,81.26,0.425,0.278,11.6,5.24,0,6.77,4.5,0
REAL-FIELD-01366,E,KOMATSU_930E_AHS,1,27.66,10.3,3.81,0.228,0,6.5,0.15,2,0.5,-1.43,1
REAL-FIELD-01367,D,CAMIONETA_4x4,0,52.5,3.18,12.1,0.389,0.186,8.9,2.96,2,0.83,-1.26,1
REAL-FIELD-01368,E,KOMATSU_930E_AHS,1,21.13,15.32,4.24,0.225,0,4.3,0.15,3,0.72,-1.22,1
REAL-FIELD-01369,E,KOMATSU_930E_AHS,1,31.77,9.93,141.48,0.951,0,4.4,0.15,0,16.03,15.91,0
REAL-FIELD-01370,E,KOMATSU_930E_AHS,1,31.67,10.09,135.06,0.368,0,4.6,0.15,0,15.35,13.77,0
REAL-FIELD-01371,A,CAMIONETA_4x4,0,25.05,3.07,114.9,0.54,0.116,3.1,3.62,0,16.51,15.01,0
REAL-FIELD-01372,D,CAT_797F_MANUAL,0,35.72,13.21,58.23,0.402,0.231,8.4,3.38,0,5.87,3.68,1
REAL-FIELD-01373,E,KOMATSU_930E_AHS,1,26.18,7.52,52.68,0.775,0,2.6,0.15,0,7.24,6.68,0
REAL-FIELD-01374,A,CAMIONETA_4x4,0,38.88,13.68,28.96,0.814,0.241,9,5.3,1,2.68,1.49,1
REAL-FIELD-01375,D,CAMIONETA_4x4,0,53.85,11.35,113.24,0.218,0.188,4.7,5.83,0,7.57,5.05,0
REAL-FIELD-01376,A,CAT_797F_MANUAL,0,41.65,9.24,179.82,0.905,0.153,3.7,3.05,0,15.54,14.84,0
REAL-FIELD-01377,C,CAMIONETA_4x4,0,45.25,4.02,35.06,0.406,0.331,11.9,6.96,0,2.79,0.31,1
REAL-FIELD-01378,A,CAT_797F_MANUAL,0,39.01,12.57,64.21,0.528,0.157,6.5,5.24,0,5.93,4.28,0
REAL-FIELD-01379,E,KOMATSU_930E_AHS,1,27.49,7.58,104.99,0.166,0,9.7,0.15,0,13.75,11.66,0
REAL-FIELD-01380,C,CAT_797F_MANUAL,0,18.71,14.06,104.01,0.312,0.331,11.5,3.95,0,20.01,17.3,0
REAL-FIELD-01381,E,KOMATSU_930E_AHS,1,29.17,11.85,102.8,0.816,0,10.1,0.15,0,12.69,12.23,0
REAL-FIELD-01382,E,KOMATSU_930E_AHS,1,37.67,2.35,173.52,0.267,0,10.6,0.15,0,16.58,14.75,0
REAL-FIELD-01383,E,KOMATSU_930E_AHS,1,25.39,10.51,45.85,0.505,0,6.9,0.15,0,6.5,5.26,0
REAL-FIELD-01384,E,KOMATSU_930E_AHS,1,32.48,8.42,81.57,0.896,0,10.8,0.15,0,9.04,8.78,0
REAL-FIELD-01385,C,CAT_797F_MANUAL,0,17.92,8.58,186.93,0.411,0.311,9.3,6.28,0,37.55,35.14,0
REAL-FIELD-01386,C,CAT_797F_MANUAL,0,49.96,5.27,40.28,0.676,0.334,11.1,4.95,0,2.9,1.09,1
REAL-FIELD-01387,A,CAT_797F_MANUAL,0,30.55,8.29,98.14,0.489,0.097,2.1,4.24,0,11.56,9.99,0
REAL-FIELD-01388,E,KOMATSU_930E_AHS,1,30.72,3.6,124.05,0.398,0,11.3,0.15,0,14.54,13.04,0
REAL-FIELD-01389,E,KOMATSU_930E_AHS,1,19.27,11.54,156.43,0.395,0,7.7,0.15,0,29.22,27.71,0
REAL-FIELD-01390,D,CAT_797F_MANUAL,0,30.43,11.47,51.61,0.229,0.242,5.9,5.11,0,6.11,3.46,1
REAL-FIELD-01391,A,CAT_797F_MANUAL,0,27.65,10.5,97.64,0.846,0.167,4.9,6.05,0,12.71,11.82,0
REAL-FIELD-01392,B,CAMIONETA_4x4,0,39.31,8.95,22.11,0.913,0.252,9.4,5.71,0,2.02,1.05,1
REAL-FIELD-01393,D,CAT_797F_MANUAL,0,26.27,4.5,83.11,0.294,0.259,6.4,5.62,0,11.39,8.85,0
REAL-FIELD-01394,D,CAT_797F_MANUAL,0,46.55,13.98,157.25,0.315,0.255,5.2,4.55,0,12.16,9.68,0
REAL-FIELD-01395,C,PALA_PH_4100XPC,0,2.23,4.19,8.46,0.673,0.337,9.9,6.1,1,13.66,11.83,0
REAL-FIELD-01396,A,CAT_797F_MANUAL,0,23.81,4.62,141.67,0.654,0.048,1.5,3.38,0,21.42,20.41,0
REAL-FIELD-01397,C,CAMIONETA_4x4,0,28.6,10.16,26.74,0.971,0.337,10.8,7.34,0,3.37,2.29,1
REAL-FIELD-01398,E,KOMATSU_930E_AHS,1,28.56,4.22,149.35,0.973,0,7,0.15,0,18.83,18.76,0
REAL-FIELD-01399,B,PALA_PH_4100XPC,0,0.75,5.06,49.15,0.696,0.091,1,3.29,0,999,997.97,0
REAL-FIELD-01400,E,KOMATSU_930E_AHS,1,34.3,2.98,43,0.575,0,5.6,0.15,0,4.51,3.45,1
REAL-FIELD-01401,A,CAT_797F_MANUAL,0,24.03,12.78,156.35,0.654,0.255,6,6.22,0,23.42,21.79,0
REAL-FIELD-01402,E,KOMATSU_930E_AHS,1,29.85,5.64,47.19,0.787,0,1.7,0.15,0,5.69,5.16,0
REAL-FIELD-01403,E,KOMATSU_930E_AHS,1,18.6,8.27,65.59,0.435,0,9,0.15,0,12.69,11.28,0
REAL-FIELD-01404,E,KOMATSU_930E_AHS,1,28.85,7.24,163.07,0.458,0,7,0.15,0,20.35,19,0
REAL-FIELD-01405,E,KOMATSU_930E_AHS,1,30.5,15.47,61.87,0.911,0,8.4,0.15,0,7.3,7.08,0
REAL-FIELD-01406,A,CAT_797F_MANUAL,0,28.04,6.72,33.34,0.794,0.129,4.5,3.74,0,4.28,3.38,1
REAL-FIELD-01407,B,PALA_PH_4100XPC,0,3.73,10.42,121.97,0.985,0.159,5.2,3.07,0,117.72,117.21,0
REAL-FIELD-01408,C,CAT_797F_MANUAL,0,34.43,7.14,143.75,0.894,0.336,9.2,7.19,0,15.03,13.76,0
REAL-FIELD-01409,B,CAMIONETA_4x4,0,60.25,8.23,9.06,0.921,0.198,2.9,3.58,0,0.54,-0.25,1
REAL-FIELD-01410,E,KOMATSU_930E_AHS,1,36.73,6.58,148.67,0.379,0,3.6,0.15,0,14.57,13.02,0
REAL-FIELD-01411,C,CAT_797F_MANUAL,0,17.79,13.89,4.78,0.601,0.339,11.3,7.33,0,0.97,-1.04,1
REAL-FIELD-01412,A,CAT_797F_MANUAL,0,24.54,10.19,73.64,0.951,0.184,2.3,4.5,0,10.8,10.13,0
REAL-FIELD-01413,E,KOMATSU_930E_AHS,1,28.08,5.04,160.76,0.92,0,2.2,0.15,0,20.61,20.41,0
REAL-FIELD-01414,E,KOMATSU_930E_AHS,1,28.49,3.42,64.78,0.94,0,5.2,0.15,0,8.19,8.04,0
REAL-FIELD-01415,E,KOMATSU_930E_AHS,1,37.25,8.71,149.31,0.421,0,3.6,0.15,0,14.43,12.98,0
REAL-FIELD-01416,E,KOMATSU_930E_AHS,1,18.51,12.47,88.8,0.908,0,2.7,0.15,0,17.27,17.04,0
REAL-FIELD-01417,A,CAT_797F_MANUAL,0,30.76,12.65,112.61,0.68,0.176,5.8,4.43,0,13.18,11.85,0
REAL-FIELD-01418,D,PALA_PH_4100XPC,0,1.59,14.42,52.91,0.195,0.151,5.6,2.04,0,999,996.53,0
REAL-FIELD-01419,A,CAT_797F_MANUAL,0,30.42,8.01,120.06,0.846,0.196,5.7,3.69,0,14.21,13.24,0
REAL-FIELD-01420,C,CAMIONETA_4x4,0,55.98,2.75,130.56,0.631,0.313,9.5,7.58,0,8.4,6.54,0
REAL-FIELD-01421,E,KOMATSU_930E_AHS,1,18.44,12.67,81.42,0.477,0,0.5,0.15,0,15.9,14.59,0
REAL-FIELD-01422,A,CAMIONETA_4x4,0,49.4,15.88,76.57,0.7,0.057,1.4,1.94,0,5.58,4.66,0
REAL-FIELD-01423,B,PALA_PH_4100XPC,0,3.51,3.14,113.5,0.792,0.088,3.5,2.48,0,116.41,115.63,0
REAL-FIELD-01424,A,CAT_797F_MANUAL,0,35.47,2.22,88.91,0.767,0.261,9.8,5.76,0,9.02,7.65,0
REAL-FIELD-01425,A,CAMIONETA_4x4,0,62.11,10.49,173.75,0.703,0.138,0.9,4.99,0,10.07,8.91,0
REAL-FIELD-01426,E,KOMATSU_930E_AHS,1,23.34,10.17,152.57,0.681,0,5.5,0.15,0,23.53,22.73,0
REAL-FIELD-01427,D,PALA_PH_4100XPC,0,1.61,5.26,123.58,0.233,0.154,2.5,5.98,0,999,996.62,0
REAL-FIELD-01428,A,CAT_797F_MANUAL,0,32.07,15.53,66.74,0.699,0.12,2.2,5.43,0,7.49,6.38,0
REAL-FIELD-01429,A,CAT_797F_MANUAL,0,15.51,5.31,65.58,0.5,0.241,8.2,3.62,0,15.22,13.25,0
REAL-FIELD-01430,E,KOMATSU_930E_AHS,1,31.73,4.76,60.87,0.965,0,6.1,0.15,0,6.91,6.82,0
REAL-FIELD-01431,E,KOMATSU_930E_AHS,1,22.7,11.12,182.56,0.842,0,7.6,0.15,0,28.95,28.56,0
REAL-FIELD-01432,C,CAT_797F_MANUAL,0,15.47,11.95,46.46,0.211,0.38,11.9,4.61,0,10.81,7.7,0
REAL-FIELD-01433,C,CAMIONETA_4x4,0,36.99,7.39,104.67,0.473,0.323,8.4,5.7,0,10.19,7.9,0
REAL-FIELD-01434,E,KOMATSU_930E_AHS,1,23.9,2.28,28.42,0.943,0,1.1,0.15,2,4.28,4.14,0
REAL-FIELD-01435,C,CAMIONETA_4x4,0,35.84,2.35,105.87,0.871,0.286,8.9,6.16,0,10.63,9.45,0
REAL-FIELD-01436,A,CAT_797F_MANUAL,0,41.76,11.99,38.23,0.475,0.07,0.6,2.88,0,3.3,1.78,1
REAL-FIELD-01437,C,PALA_PH_4100XPC,0,1.56,5.42,50.45,0.406,0.307,8.1,4.65,0,999,996.59,0
REAL-FIELD-01438,E,KOMATSU_930E_AHS,1,21.76,11.58,70.75,0.936,0,8.3,0.15,0,11.7,11.54,0
REAL-FIELD-01439,E,KOMATSU_930E_AHS,1,21.26,2.31,59.79,0.362,0,9.6,0.15,0,10.12,8.52,0
REAL-FIELD-01440,A,CAMIONETA_4x4,0,40.39,5.22,41.26,0.687,0.205,8.4,4.94,0,3.68,2.28,1
REAL-FIELD-01441,D,CAMIONETA_4x4,0,55.59,3.53,106.18,0.182,0.217,7.4,4.84,0,6.88,4.18,0
REAL-FIELD-01442,B,PALA_PH_4100XPC,0,3.28,3.54,63.41,0.457,0.195,9.2,5.09,0,69.6,67.66,0
REAL-FIELD-01443,D,CAT_797F_MANUAL,0,24.43,12.86,126.58,0.237,0.169,6.8,2.52,0,18.65,16.24,0
REAL-FIELD-01444,D,PALA_PH_4100XPC,0,1.88,8.36,63.49,0.287,0.131,1,4.28,0,121.58,119.4,0
REAL-FIELD-01445,E,KOMATSU_930E_AHS,1,24.56,6.1,134.74,0.217,0,2.1,0.15,0,19.75,17.79,0
REAL-FIELD-01446,D,CAT_797F_MANUAL,0,24.35,5.78,29.48,0.449,0.1,2.8,5.22,1,4.36,2.68,1
REAL-FIELD-01447,A,CAT_797F_MANUAL,0,33.62,4.17,60.86,0.922,0.221,6.9,4.41,0,6.52,5.66,0
REAL-FIELD-01448,E,KOMATSU_930E_AHS,1,18.53,12.98,110.9,0.274,0,1.6,0.15,0,21.55,19.74,0
REAL-FIELD-01449,A,CAT_797F_MANUAL,0,41.22,4.82,96.56,0.882,0.106,0.9,2.96,0,8.43,7.82,0
REAL-FIELD-01450,E,KOMATSU_930E_AHS,1,36.11,2.12,88.63,0.473,0,11.6,0.15,0,8.84,7.52,0
REAL-FIELD-01451,D,CAT_797F_MANUAL,0,48.53,14.52,160.27,0.187,0.224,3.3,5.11,0,11.89,9.19,0
REAL-FIELD-01452,A,CAMIONETA_4x4,0,36.91,11.93,174.61,0.859,0.22,10.5,2.91,0,17.03,16.02,0
REAL-FIELD-01453,A,CAT_797F_MANUAL,0,40.53,4.51,36.81,0.795,0.152,7.2,4.81,0,3.27,2.3,1
REAL-FIELD-01454,B,CAT_797F_MANUAL,0,26.96,12.46,5.32,0.989,0.127,3.4,3.6,2,0.71,0.3,1
REAL-FIELD-01455,A,CAT_797F_MANUAL,0,37.85,3.86,184.73,0.595,0.24,10.9,6.05,0,17.57,15.84,0
REAL-FIELD-01456,D,CAMIONETA_4x4,0,58.75,12.96,184.91,0.319,0.2,7.4,4.62,0,11.33,9.03,0
REAL-FIELD-01457,E,KOMATSU_930E_AHS,1,23.16,5.8,41.5,0.323,0,7.6,0.15,0,6.45,4.76,0
REAL-FIELD-01458,C,CAMIONETA_4x4,0,32.51,12.6,126.52,0.572,0.32,11.4,6.26,0,14.01,11.98,0
REAL-FIELD-01459,A,CAT_797F_MANUAL,0,21.57,12.21,60.35,0.694,0.246,4.8,4.56,0,10.07,8.57,0
REAL-FIELD-01460,A,CAT_797F_MANUAL,0,22.51,2.59,187.31,0.746,0.19,1.8,2.85,0,29.96,28.76,0
REAL-FIELD-01461,A,CAT_797F_MANUAL,0,17.74,12,89.73,0.746,0.064,0.9,5.02,0,18.21,17.38,0
REAL-FIELD-01462,D,CAT_797F_MANUAL,0,35.19,12.07,180.64,0.319,0.275,10.6,4.02,0,18.48,15.95,0
REAL-FIELD-01463,C,CAT_797F_MANUAL,0,21.18,14.19,103.94,0.344,0.361,10.8,7.81,0,17.67,14.95,0
REAL-FIELD-01464,E,KOMATSU_930E_AHS,1,20.95,2.44,192.06,0.286,0,3.2,0.15,0,33,31.22,0
REAL-FIELD-01465,A,CAMIONETA_4x4,0,57.22,5.98,125.42,0.537,0.137,4.5,2.46,0,7.89,6.32,0
REAL-FIELD-01466,A,CAMIONETA_4x4,0,62.22,2.92,147.15,0.978,0.132,0.8,5.76,0,8.51,8.06,0
REAL-FIELD-01467,A,CAT_797F_MANUAL,0,25.4,14.19,164.73,0.819,0.163,5.8,3.66,0,23.35,22.41,0
REAL-FIELD-01468,A,CAMIONETA_4x4,0,36.3,4.73,152.81,0.869,0.147,6.9,2.73,0,15.15,14.38,0
REAL-FIELD-01469,B,PALA_PH_4100XPC,0,0.37,11.73,168.62,0.703,0.209,6.9,2.83,0,999,997.63,0
REAL-FIELD-01470,A,CAMIONETA_4x4,0,26.32,6.25,172.29,0.545,0.267,5.9,6.88,0,23.57,21.63,0
REAL-FIELD-01471,D,CAT_797F_MANUAL,0,35.82,15.25,131.98,0.256,0.162,4.1,3.94,0,13.26,10.91,0
REAL-FIELD-01472,E,KOMATSU_930E_AHS,1,36.04,12.63,33.02,0.278,0,5.6,0.15,0,3.3,1.5,1
REAL-FIELD-01473,A,CAT_797F_MANUAL,0,26.62,15.62,169.3,0.956,0.264,10.6,6.26,0,22.9,22,0
REAL-FIELD-01474,A,CAT_797F_MANUAL,0,36.57,15.08,156.98,0.906,0.21,9.1,4,0,15.45,14.58,0
REAL-FIELD-01475,A,CAMIONETA_4x4,0,40.81,7.24,53.87,0.588,0.166,3,3.47,0,4.75,3.22,1
REAL-FIELD-01476,C,CAT_797F_MANUAL,0,31.07,11.05,48.63,0.376,0.306,9.1,4.6,0,5.63,3.15,1
REAL-FIELD-01477,A,CAMIONETA_4x4,0,44.76,12.24,177.59,0.93,0.232,7.3,2.99,0,14.28,13.41,0
REAL-FIELD-01478,E,KOMATSU_930E_AHS,1,27.86,6.1,59.94,0.783,0,4.1,0.15,0,7.75,7.21,0
REAL-FIELD-01479,E,KOMATSU_930E_AHS,1,31.91,6.18,51.45,0.987,0,4.4,0.15,0,5.8,5.77,0
REAL-FIELD-01480,C,PALA_PH_4100XPC,0,3.53,14.97,19.06,0.811,0.286,7.9,5.14,1,19.44,18.11,0
REAL-FIELD-01481,E,KOMATSU_930E_AHS,1,29.7,13.91,130.96,0.916,0,4.8,0.15,0,15.87,15.66,0
REAL-FIELD-01482,A,CAT_797F_MANUAL,0,21.03,8.06,65.11,0.911,0.2,4.3,2.59,0,11.15,10.33,0
REAL-FIELD-01483,C,CAMIONETA_4x4,0,36.68,10.16,146.04,0.22,0.37,11.4,4.24,0,14.33,11.27,0
REAL-FIELD-01484,B,PALA_PH_4100XPC,0,1.81,8.68,8.11,0.654,0.186,7.9,3.45,0,16.13,14.71,0
REAL-FIELD-01485,A,CAT_797F_MANUAL,0,42.72,8.98,188.89,0.752,0.135,5.7,3.5,0,15.92,14.9,0
REAL-FIELD-01486,A,CAT_797F_MANUAL,0,37.67,2.85,159.2,0.71,0.192,5.7,3.25,0,15.21,13.91,0
REAL-FIELD-01487,D,CAMIONETA_4x4,0,31.04,8.58,14.83,0.197,0.149,4.7,2.6,3,1.72,-0.73,1
REAL-FIELD-01488,A,CAT_797F_MANUAL,0,19.46,14.23,150.47,0.467,0.073,1.6,3.41,0,27.84,26.29,0
REAL-FIELD-01489,C,PALA_PH_4100XPC,0,2.09,4.47,11.2,0.335,0.287,10.4,4.73,1,19.29,16.77,0
REAL-FIELD-01490,C,CAMIONETA_4x4,0,32.17,3.47,3.92,0.172,0.305,9.9,5.5,0,0.44,-2.55,1
REAL-FIELD-01491,D,CAT_797F_MANUAL,0,39.57,11.97,102.75,0.444,0.263,6,3.33,0,9.35,7.17,0
REAL-FIELD-01492,A,CAMIONETA_4x4,0,45.5,5.83,60.46,0.97,0.185,8.1,4.86,0,4.78,4.15,0
REAL-FIELD-01493,A,CAMIONETA_4x4,0,26.2,14.07,181.85,0.67,0.252,6.8,4.34,0,24.99,23.41,0
REAL-FIELD-01494,A,CAT_797F_MANUAL,0,22.32,6.42,139.19,0.484,0.074,2.5,1.59,0,22.45,20.94,0
REAL-FIELD-01495,C,CAMIONETA_4x4,0,41.17,15.29,158.81,0.241,0.365,12,6.43,0,13.89,10.9,0
REAL-FIELD-01496,C,CAT_797F_MANUAL,0,42.69,10.91,155.06,0.796,0.372,11.7,6.33,0,13.08,11.45,0
REAL-FIELD-01497,A,CAMIONETA_4x4,0,39.3,3.37,152.61,0.852,0.154,6.8,4.68,0,13.98,13.15,0
REAL-FIELD-01498,D,CAT_797F_MANUAL,0,26.53,9.24,17.15,0.285,0.163,2.4,4.95,1,2.33,0.05,1
REAL-FIELD-01499,E,KOMATSU_930E_AHS,1,28.78,11.98,58.61,0.593,0,11.2,0.15,0,7.33,6.31,0
REAL-FIELD-01500,C,CAT_797F_MANUAL,0,23.14,10.54,155.81,0.927,0.307,11,3.71,0,24.24,23.14,0
REAL-FIELD-01501,D,CAT_797F_MANUAL,0,41.98,12.14,6.18,0.212,0.125,3.6,3.1,1,0.53,-1.82,1
REAL-FIELD-01502,B,PALA_PH_4100XPC,0,2.9,8.74,146.58,0.499,0.086,2.4,5.09,0,181.96,180.45,0
REAL-FIELD-01503,C,CAT_797F_MANUAL,0,33.83,9.77,74.63,0.842,0.304,8.5,4.21,0,7.94,6.63,0
REAL-FIELD-01504,E,KOMATSU_930E_AHS,1,28.67,15.12,51.42,0.784,0,1.6,0.15,0,6.46,5.92,0
REAL-FIELD-01505,B,PALA_PH_4100XPC,0,1.93,12.07,73.26,0.528,0.259,7.9,3.96,0,136.65,134.69,0
REAL-FIELD-01506,A,CAMIONETA_4x4,0,28.02,4.42,83.36,0.56,0.265,9.7,4.93,0,10.71,8.82,0
REAL-FIELD-01507,C,CAMIONETA_4x4,0,42.03,11.16,189.49,0.66,0.31,11.9,7.51,0,16.23,14.45,0
REAL-FIELD-01508,A,CAMIONETA_4x4,0,25.95,4.26,175.01,0.729,0.243,8.9,3.38,0,24.28,22.87,0
REAL-FIELD-01509,E,KOMATSU_930E_AHS,1,32.34,14.77,3.06,0.181,0,1,0.15,0,0.34,-1.71,1
REAL-FIELD-01510,E,KOMATSU_930E_AHS,1,24.04,3.38,126.56,0.555,0,2.8,0.15,0,18.95,17.84,0
REAL-FIELD-01511,D,CAT_797F_MANUAL,0,20.27,2.82,139.89,0.269,0.24,8,5.3,0,24.84,22.29,0
REAL-FIELD-01512,B,PALA_PH_4100XPC,0,1.97,13.45,3.28,0.779,0.175,5,4.17,0,5.99,4.91,0
REAL-FIELD-01513,E,KOMATSU_930E_AHS,1,21.93,11.5,14.64,0.897,0,9.3,0.15,0,2.4,2.14,1
REAL-FIELD-01514,E,KOMATSU_930E_AHS,1,26.18,13.79,141.93,0.274,0,8.3,0.15,0,19.52,17.7,0
REAL-FIELD-01515,E,KOMATSU_930E_AHS,1,24.9,2.06,150.12,0.646,0,9.8,0.15,0,21.7,20.82,0
REAL-FIELD-01516,B,CAT_797F_MANUAL,0,19.02,9.57,17.69,0.926,0.254,6.4,3.93,3,3.35,2.4,1
REAL-FIELD-01517,B,CAT_797F_MANUAL,0,36.53,6.16,8.57,0.64,0.216,7,5.85,2,0.84,-0.71,1
REAL-FIELD-01518,E,KOMATSU_930E_AHS,1,21.49,5.82,141.98,0.837,0,9.2,0.15,0,23.78,23.37,0
REAL-FIELD-01519,E,KOMATSU_930E_AHS,1,19.69,15.88,92.81,0.998,0,11.6,0.15,0,16.97,16.96,0
REAL-FIELD-01520,B,PALA_PH_4100XPC,0,2.45,7.27,105.7,0.996,0.17,1.9,4.4,0,155.31,154.79,0
REAL-FIELD-01521,D,CAT_797F_MANUAL,0,32.58,13.06,88.22,0.246,0.136,2.8,2.33,0,9.75,7.46,0
REAL-FIELD-01522,A,CAT_797F_MANUAL,0,47.71,14.47,42.2,0.687,0.097,1.3,5.18,0,3.18,2.11,1
REAL-FIELD-01523,D,CAMIONETA_4x4,0,55.75,5.77,32.41,0.198,0.211,8.5,5.1,0,2.09,-0.55,1
REAL-FIELD-01524,A,CAT_797F_MANUAL,0,24.55,13.68,133.03,0.705,0.122,0.9,3.06,0,19.51,18.41,0
REAL-FIELD-01525,C,CAT_797F_MANUAL,0,34.53,7.77,176.07,0.477,0.296,10,5.91,0,18.36,16.16,0
REAL-FIELD-01526,B,CAT_797F_MANUAL,0,24.86,15.74,12.85,0.645,0.246,9.6,5.92,2,1.86,0.23,1
REAL-FIELD-01527,E,KOMATSU_930E_AHS,1,21.72,13.9,119.1,0.57,0,5.2,0.15,0,19.74,18.66,0
REAL-FIELD-01528,A,CAT_797F_MANUAL,0,18.39,8.26,151.66,0.458,0.256,9.1,3.33,0,29.69,27.57,0
REAL-FIELD-01529,B,CAT_797F_MANUAL,0,33.12,4.44,10.32,0.711,0.204,5.6,2.89,2,1.12,-0.21,1
REAL-FIELD-01530,D,PALA_PH_4100XPC,0,2.87,11.99,37.2,0.184,0.222,2.9,3.1,0,46.66,43.95,0
REAL-FIELD-01531,E,KOMATSU_930E_AHS,1,22.08,7.7,75.34,0.562,0,5.3,0.15,0,12.28,11.18,0
REAL-FIELD-01532,A,CAT_797F_MANUAL,0,12.28,10.42,44.1,0.471,0.243,10.1,5.22,0,12.93,10.88,0
REAL-FIELD-01533,B,CAMIONETA_4x4,0,59.75,11.5,7.94,0.674,0.103,3.9,4.78,0,0.48,-0.64,1
REAL-FIELD-01534,E,KOMATSU_930E_AHS,1,37.91,4.69,151.12,0.809,0,8.5,0.15,0,14.35,13.87,0
REAL-FIELD-01535,D,CAT_797F_MANUAL,0,16.88,5.32,152.51,0.377,0.136,4.2,4.5,0,32.53,30.56,0
REAL-FIELD-01536,A,CAMIONETA_4x4,0,27.68,12.55,181.48,0.704,0.256,10.2,5.9,0,23.6,22.09,0
REAL-FIELD-01537,A,CAT_797F_MANUAL,0,27.54,5.61,163.22,0.829,0.138,6.3,4.25,0,21.34,20.5,0
REAL-FIELD-01538,E,KOMATSU_930E_AHS,1,18.3,10.59,59.91,0.886,0,4.9,0.15,0,11.79,11.5,0
REAL-FIELD-01539,A,CAT_797F_MANUAL,0,36.37,6.53,63.03,0.551,0.069,1.5,1.39,0,6.24,4.91,0
REAL-FIELD-01540,C,CAMIONETA_4x4,0,34.51,10.61,51.36,0.734,0.36,11.5,5.53,0,5.36,3.62,1
REAL-FIELD-01541,E,KOMATSU_930E_AHS,1,37.41,10.08,161.04,0.695,0,9.5,0.15,0,15.5,14.74,0
REAL-FIELD-01542,E,KOMATSU_930E_AHS,1,36.65,14.5,122.43,0.247,0,7.9,0.15,0,12.03,10.15,0
REAL-FIELD-01543,A,CAT_797F_MANUAL,0,21.59,11.94,185.42,0.825,0.274,7.5,3.69,0,30.92,29.66,0
REAL-FIELD-01544,E,KOMATSU_930E_AHS,1,24.72,7.2,48.5,0.634,0,4,0.15,0,7.06,6.14,0
REAL-FIELD-01545,E,KOMATSU_930E_AHS,1,18.15,5.19,106.44,0.842,0,1.2,0.15,0,21.11,20.72,0
REAL-FIELD-01546,B,PALA_PH_4100XPC,0,1.37,10.22,125.14,0.764,0.148,0.9,4.02,0,999,997.97,0
REAL-FIELD-01547,A,CAT_797F_MANUAL,0,26.85,7.93,163.16,0.978,0.278,6.2,6.2,0,21.88,20.99,0
REAL-FIELD-01548,E,KOMATSU_930E_AHS,1,31.1,8.44,18.13,0.301,0,9.1,0.15,0,2.1,0.35,1
REAL-FIELD-01549,D,CAT_797F_MANUAL,0,34.77,6.73,52.87,0.437,0.181,4.6,5.13,0,5.47,3.52,1
REAL-FIELD-01550,A,CAT_797F_MANUAL,0,42.94,2.78,176.44,0.783,0.179,8.1,3.24,0,14.79,13.71,0
REAL-FIELD-01551,C,PALA_PH_4100XPC,0,3.45,5.75,191.58,0.341,0.301,11,4.57,0,199.91,197.36,0
REAL-FIELD-01552,A,CAT_797F_MANUAL,0,25.01,11.77,91.74,0.637,0.158,1.5,5.6,0,13.21,11.83,0
REAL-FIELD-01553,B,CAMIONETA_4x4,0,47.86,8.93,11.31,0.477,0.253,9.4,3.65,3,0.85,-1.22,1
REAL-FIELD-01554,D,CAT_797F_MANUAL,0,13.09,14.85,114.01,0.334,0.113,1.2,3.3,0,31.35,29.35,0
REAL-FIELD-01555,B,PALA_PH_4100XPC,0,0.86,14.74,147.08,0.588,0.078,2.6,1.57,0,999,997.74,0
REAL-FIELD-01556,D,CAT_797F_MANUAL,0,49.8,11.21,11.89,0.261,0.096,3.5,2.16,0,0.86,-1.28,1
REAL-FIELD-01557,A,CAT_797F_MANUAL,0,18.45,2.32,165.06,0.99,0.143,5.8,3.48,0,32.21,31.76,0
REAL-FIELD-01558,E,KOMATSU_930E_AHS,1,34.75,9,69.18,0.565,0,1.9,0.15,0,7.17,6.08,0
REAL-FIELD-01559,E,KOMATSU_930E_AHS,1,37.86,4.18,75.97,0.591,0,11.7,0.15,0,7.22,6.2,0
REAL-FIELD-01560,D,CAT_797F_MANUAL,0,15.26,6.43,187.88,0.416,0.214,7.2,4.62,0,44.32,42.22,0
REAL-FIELD-01561,E,KOMATSU_930E_AHS,1,29.11,13.36,183.42,0.781,0,8,0.15,0,22.68,22.13,0
REAL-FIELD-01562,C,CAT_797F_MANUAL,0,45.99,8.31,110.21,0.755,0.308,9.2,5.07,0,8.63,7.09,0
REAL-FIELD-01563,A,CAMIONETA_4x4,0,37.99,9.99,140.45,0.747,0.216,10.5,2.87,0,13.31,12.03,0
REAL-FIELD-01564,A,CAMIONETA_4x4,0,58.44,9.85,41.95,0.755,0.17,1.2,2.4,0,2.58,1.46,1
REAL-FIELD-01565,E,KOMATSU_930E_AHS,1,26.15,2.64,120.31,0.853,0,11.8,0.15,0,16.56,16.19,0
REAL-FIELD-01566,D,CAT_797F_MANUAL,0,32.9,10.48,162,0.195,0.266,9,5.53,0,17.73,14.92,0
REAL-FIELD-01567,E,KOMATSU_930E_AHS,1,33.19,4.43,164.44,0.243,0,11.7,0.15,0,17.84,15.95,0
REAL-FIELD-01568,E,KOMATSU_930E_AHS,1,29.79,14.3,106.12,0.552,0,6.3,0.15,0,12.82,11.7,0
REAL-FIELD-01569,E,KOMATSU_930E_AHS,1,36.63,7.45,105.08,0.948,0,0.7,0.15,0,10.33,10.2,0
REAL-FIELD-01570,A,CAT_797F_MANUAL,0,27.22,2.34,60.69,0.757,0.149,2.6,5.96,0,8.03,6.98,0
REAL-FIELD-01571,A,CAT_797F_MANUAL,0,12.79,3.64,167.45,0.844,0.166,3.8,3.69,0,47.13,46.24,0
REAL-FIELD-01572,C,CAT_797F_MANUAL,0,42.44,2.44,166.8,0.956,0.312,10.6,7.42,0,14.15,13.1,0
REAL-FIELD-01573,E,KOMATSU_930E_AHS,1,28.05,4.03,64.18,0.492,0,1.6,0.15,0,8.24,6.97,0
REAL-FIELD-01574,B,CAT_797F_MANUAL,0,14.61,14.57,10.12,0.744,0.144,2.1,3.42,3,2.49,1.42,1
REAL-FIELD-01575,A,CAT_797F_MANUAL,0,16.38,11.22,75.41,0.551,0.142,0.7,2.67,0,16.57,15.02,0
REAL-FIELD-01576,A,CAMIONETA_4x4,0,32.5,12.14,114.72,0.58,0.056,1.4,1.71,0,12.71,11.49,0
REAL-FIELD-01577,D,PALA_PH_4100XPC,0,0.3,12.85,43.1,0.179,0.165,3.1,3.03,0,999,996.45,0
REAL-FIELD-01578,A,CAMIONETA_4x4,0,26.85,15.55,150.95,0.648,0.229,4.7,6.14,0,20.24,18.67,0
REAL-FIELD-01579,D,PALA_PH_4100XPC,0,0.15,9.79,161.36,0.337,0.158,3.6,4.14,0,999,996.87,0
REAL-FIELD-01580,B,PALA_PH_4100XPC,0,3.83,6.59,42.06,0.465,0.235,7.1,6.13,0,39.53,37.49,0
REAL-FIELD-01581,C,CAMIONETA_4x4,0,45.4,7.45,96.72,0.655,0.349,10.1,4.32,0,7.67,5.76,0
REAL-FIELD-01582,E,KOMATSU_930E_AHS,1,26.76,9.3,83.51,0.189,0,11.4,0.15,0,11.23,9.2,0
REAL-FIELD-01583,E,KOMATSU_930E_AHS,1,30.5,7.34,171.36,0.858,0,5.9,0.15,0,20.23,19.88,0
REAL-FIELD-01584,E,KOMATSU_930E_AHS,1,22.66,15.18,95.27,0.657,0,3.5,0.15,0,15.14,14.28,0
REAL-FIELD-01585,E,KOMATSU_930E_AHS,1,19.54,14.52,76.2,0.872,0,3.8,0.15,0,14.04,13.72,0
REAL-FIELD-01586,E,KOMATSU_930E_AHS,1,20.95,13.31,12.26,0.983,0,4.2,0.15,3,2.11,2.07,1
REAL-FIELD-01587,A,CAT_797F_MANUAL,0,29.98,6.33,151.57,0.784,0.111,1.1,4.92,0,18.2,17.33,0
REAL-FIELD-01588,A,CAT_797F_MANUAL,0,38.69,13.54,95.09,0.779,0.094,1.6,4.39,0,8.85,8.02,0
REAL-FIELD-01589,E,KOMATSU_930E_AHS,1,36.07,14.56,66.66,0.49,0,10.7,0.15,0,6.65,5.38,0
REAL-FIELD-01590,A,CAT_797F_MANUAL,0,17.29,10.24,47.58,0.947,0.239,10.8,5.1,0,9.91,9.06,0
REAL-FIELD-01591,E,KOMATSU_930E_AHS,1,19.18,11,176.4,0.484,0,1,0.15,0,33.11,31.82,0
REAL-FIELD-01592,A,CAMIONETA_4x4,0,31.06,12.36,105.96,0.821,0.266,7.5,3.93,0,12.28,11.03,0
REAL-FIELD-01593,E,KOMATSU_930E_AHS,1,25.3,9.65,77.54,0.871,0,1.3,0.15,0,11.03,10.71,0
REAL-FIELD-01594,E,KOMATSU_930E_AHS,1,19.53,7.96,175.62,0.592,0,2.7,0.15,0,32.37,31.35,0
REAL-FIELD-01595,D,CAT_797F_MANUAL,0,18.45,4.71,100.09,0.249,0.253,7.1,6.23,0,19.53,16.89,0
REAL-FIELD-01596,A,CAT_797F_MANUAL,0,41.08,13.79,160.25,0.745,0.204,3.4,4.28,0,14.04,12.79,0
REAL-FIELD-01597,C,CAT_797F_MANUAL,0,25.5,9.64,153.71,0.286,0.327,12,4.66,0,21.7,18.93,0
REAL-FIELD-01598,E,KOMATSU_930E_AHS,1,28.91,2.7,16.36,0.235,0,7,0.15,3,2.04,0.13,1
REAL-FIELD-01599,A,CAT_797F_MANUAL,0,19.6,12.69,146.31,0.971,0.141,3.1,2.78,0,26.87,26.37,0
REAL-FIELD-01600,C,CAMIONETA_4x4,0,60.04,3.89,154.22,0.595,0.285,8.8,5.73,0,9.25,7.38,0
REAL-FIELD-01601,B,CAT_797F_MANUAL,0,12.67,14.78,16.36,0.458,0.188,8.9,3.53,3,4.65,2.73,1
REAL-FIELD-01602,B,PALA_PH_4100XPC,0,2.28,9.32,120.38,0.745,0.152,6.1,2.45,0,190.07,188.98,0
REAL-FIELD-01603,E,KOMATSU_930E_AHS,1,28.01,8.85,14.33,0.549,0,11.2,0.15,0,1.84,0.71,1
REAL-FIELD-01604,C,CAT_797F_MANUAL,0,45.24,5.34,166.73,0.815,0.323,8.6,7.14,0,13.27,11.84,0
REAL-FIELD-01605,E,KOMATSU_930E_AHS,1,34.29,3.16,127.7,0.629,0,4.8,0.15,0,13.41,12.48,0
REAL-FIELD-01606,E,KOMATSU_930E_AHS,1,21.35,8.66,33.87,0.996,0,5.2,0.15,0,5.71,5.7,0
REAL-FIELD-01607,A,CAMIONETA_4x4,0,51.38,6.21,45.12,0.7,0.231,8.1,3.94,0,3.16,1.72,1
REAL-FIELD-01608,A,CAT_797F_MANUAL,0,16.04,4.75,107.1,0.981,0.064,2.1,4.55,0,24.04,23.8,0
REAL-FIELD-01609,B,PALA_PH_4100XPC,0,1.7,13.33,54.3,0.876,0.19,8.7,5.61,0,999,998.12,0
REAL-FIELD-01610,E,KOMATSU_930E_AHS,1,34.64,9.96,142.98,0.805,0,4.3,0.15,0,14.86,14.37,0
REAL-FIELD-01611,D,CAT_797F_MANUAL,0,46.09,8.64,103.41,0.213,0.249,7.8,3.06,0,8.08,5.37,0
REAL-FIELD-01612,A,CAT_797F_MANUAL,0,16.49,6,133.31,0.713,0.195,4.5,4.59,0,29.1,27.8,0
REAL-FIELD-01613,E,KOMATSU_930E_AHS,1,26.45,6.73,157.39,0.467,0,1.1,0.15,0,21.42,20.09,0
REAL-FIELD-01614,A,CAT_797F_MANUAL,0,39.58,9.74,29.23,0.682,0.224,6.2,6,3,2.66,1.19,1
REAL-FIELD-01615,E,KOMATSU_930E_AHS,1,35.18,3.3,59.85,0.213,0,5.7,0.15,0,6.12,4.15,0
REAL-FIELD-01616,C,CAT_797F_MANUAL,0,27.14,5.9,150.71,0.329,0.324,8.5,4.41,0,19.99,17.34,0
REAL-FIELD-01617,D,CAT_797F_MANUAL,0,39.36,4.6,18.72,0.281,0.12,2.2,5.53,0,1.71,-0.45,1
REAL-FIELD-01618,A,CAMIONETA_4x4,0,45.68,12.48,188.41,0.946,0.042,0.6,2.57,0,14.85,14.59,0
REAL-FIELD-01619,A,CAT_797F_MANUAL,0,12.87,10.5,35.81,0.833,0.13,3.4,3.64,0,10.02,9.21,0
REAL-FIELD-01620,C,CAT_797F_MANUAL,0,25.53,15.16,104.45,0.656,0.304,10.1,6.5,0,14.73,12.96,0
REAL-FIELD-01621,C,CAT_797F_MANUAL,0,15.17,14.68,62.26,0.593,0.311,8.1,4.73,0,14.77,12.82,0
REAL-FIELD-01622,E,KOMATSU_930E_AHS,1,35.98,3.82,146.45,0.427,0,5.9,0.15,0,14.65,13.22,0
REAL-FIELD-01623,A,CAT_797F_MANUAL,0,26.8,4.83,72.3,0.839,0.227,8.2,6.75,0,9.71,8.63,0
REAL-FIELD-01624,A,CAT_797F_MANUAL,0,29.68,14.13,121.13,0.936,0.265,9.6,4.85,0,14.69,13.74,0
REAL-FIELD-01625,B,CAT_797F_MANUAL,0,16.72,14.36,4.36,0.652,0.224,10.3,5.8,0,0.94,-0.6,1
REAL-FIELD-01626,B,PALA_PH_4100XPC,0,0.3,6.59,120.29,0.919,0.139,1.9,2.43,0,999,998.38,0
REAL-FIELD-01627,D,PALA_PH_4100XPC,0,0.91,9.71,66.07,0.346,0.184,0.8,3.8,0,999,996.81,0
REAL-FIELD-01628,A,CAT_797F_MANUAL,0,43.61,8.17,87.6,0.915,0.209,9,5.87,0,7.23,6.39,0
REAL-FIELD-01629,D,CAT_797F_MANUAL,0,32.35,2.08,168.72,0.421,0.258,10.7,4.23,0,18.78,16.56,0
REAL-FIELD-01630,E,KOMATSU_930E_AHS,1,27.47,3.02,115.97,0.192,0,4.8,0.15,0,15.2,13.18,0
REAL-FIELD-01631,C,CAT_797F_MANUAL,0,24.92,6.24,95.41,0.294,0.285,7,3.72,0,13.78,11.16,0
REAL-FIELD-01632,D,CAT_797F_MANUAL,0,15.65,14.46,125.24,0.321,0.132,0.7,3.1,0,28.81,26.72,0
REAL-FIELD-01633,A,CAMIONETA_4x4,0,25.06,14.82,99.37,0.563,0.124,4.7,4.51,0,14.28,12.82,0
REAL-FIELD-01634,C,PALA_PH_4100XPC,0,3.49,15.3,53.18,0.91,0.332,9.2,5.41,0,54.86,53.64,0
REAL-FIELD-01635,D,CAT_797F_MANUAL,0,12.46,8.78,22.15,0.271,0.202,5.3,4.9,0,6.4,3.97,1
REAL-FIELD-01636,A,CAT_797F_MANUAL,0,27.31,14.73,189.62,0.724,0.21,8.3,5.1,0,25,23.68,0
REAL-FIELD-01637,C,CAT_797F_MANUAL,0,30.3,2.99,132.02,0.611,0.365,10.8,5.03,0,15.69,13.62,0
REAL-FIELD-01638,E,KOMATSU_930E_AHS,1,31.39,6.16,119.62,0.698,0,2.8,0.15,0,13.72,12.96,0
REAL-FIELD-01639,D,CAT_797F_MANUAL,0,17.35,8.88,65.53,0.311,0.227,6.7,3.48,0,13.6,11.2,0
REAL-FIELD-01640,E,KOMATSU_930E_AHS,1,26.69,6.49,116.08,0.529,0,11.6,0.15,0,15.66,14.48,0
REAL-FIELD-01641,C,CAT_797F_MANUAL,0,38.96,3.99,39.25,0.741,0.281,7.9,4.41,0,3.63,2.14,1
REAL-FIELD-01642,C,CAMIONETA_4x4,0,52.33,12.81,25.84,0.58,0.294,10.6,6.42,3,1.78,-0.15,1
REAL-FIELD-01643,A,CAT_797F_MANUAL,0,44.01,2.4,149.03,0.567,0.176,4.5,5.13,0,12.19,10.58,0
REAL-FIELD-01644,C,CAT_797F_MANUAL,0,47.76,14.64,123.9,0.454,0.296,11.4,3.51,0,9.34,7.09,0
REAL-FIELD-01645,B,CAT_797F_MANUAL,0,46.27,9.38,23.24,0.931,0.094,0.6,1.83,3,1.81,1.36,1
REAL-FIELD-01646,E,KOMATSU_930E_AHS,1,19.37,2.44,132.39,0.699,0,10.1,0.15,0,24.61,23.86,0
REAL-FIELD-01647,A,CAT_797F_MANUAL,0,24.92,6.59,117.67,0.947,0.156,5.6,5.24,0,17,16.4,0
REAL-FIELD-01648,E,KOMATSU_930E_AHS,1,37.54,10.09,161.8,0.467,0,3.4,0.15,0,15.52,14.19,0
REAL-FIELD-01649,A,CAT_797F_MANUAL,0,43.34,11.44,96.59,0.89,0.194,7.7,3.09,0,8.02,7.16,0
REAL-FIELD-01650,C,CAT_797F_MANUAL,0,22,7.91,179.66,0.586,0.3,8.8,5.2,0,29.4,27.46,0
REAL-FIELD-01651,E,KOMATSU_930E_AHS,1,25.63,6.13,15.97,0.551,0,0.7,0.15,3,2.24,1.12,1
REAL-FIELD-01652,C,CAT_797F_MANUAL,0,33.58,11.56,141.97,0.497,0.291,11.3,5.75,0,15.22,13.09,0
REAL-FIELD-01653,B,PALA_PH_4100XPC,0,0.03,7.76,142.15,0.485,0.264,6.7,3.2,0,999,996.92,0
REAL-FIELD-01654,E,KOMATSU_930E_AHS,1,18.03,5.89,15.22,0.304,0,0.6,0.15,0,3.04,1.3,1
REAL-FIELD-01655,E,KOMATSU_930E_AHS,1,18.15,5.84,58.05,0.317,0,6.7,0.15,0,11.51,9.8,0
REAL-FIELD-01656,A,CAT_797F_MANUAL,0,41.52,6.8,41.98,0.857,0.163,5.3,5.92,0,3.64,2.79,1
REAL-FIELD-01657,E,KOMATSU_930E_AHS,1,33.1,3.68,161.91,0.862,0,2.9,0.15,0,17.61,17.26,0
REAL-FIELD-01658,E,KOMATSU_930E_AHS,1,24.13,2.79,8.61,0.276,0,7.1,0.15,2,1.28,-0.53,1
REAL-FIELD-01659,E,KOMATSU_930E_AHS,1,32.8,9.77,128.56,0.208,0,7.8,0.15,0,14.11,12.13,0
REAL-FIELD-01660,D,CAT_797F_MANUAL,0,39.52,3.88,126.93,0.346,0.101,1,2.43,0,11.56,9.62,0
REAL-FIELD-01661,A,CAT_797F_MANUAL,0,32.03,9.88,26.14,0.581,0.064,1.3,2.13,1,2.94,1.7,1
REAL-FIELD-01662,A,CAT_797F_MANUAL,0,42.51,7.95,40,0.958,0.102,3.3,4.02,0,3.39,2.98,1
REAL-FIELD-01663,A,CAT_797F_MANUAL,0,44.49,6.3,117.6,0.702,0.118,2.5,4.34,0,9.52,8.42,0
REAL-FIELD-01664,C,PALA_PH_4100XPC,0,3.04,10.69,91.86,0.665,0.314,9.6,4.73,0,108.78,107,0
REAL-FIELD-01665,D,CAT_797F_MANUAL,0,32.11,8.54,8.09,0.204,0.121,2.9,2.6,1,0.91,-1.44,1
REAL-FIELD-01666,C,CAT_797F_MANUAL,0,22.08,4.99,190.54,0.807,0.293,10.7,5.85,0,31.07,29.71,0
REAL-FIELD-01667,B,PALA_PH_4100XPC,0,2.26,14.94,91.41,0.896,0.228,5,6.15,0,145.61,144.67,0
REAL-FIELD-01668,A,CAT_797F_MANUAL,0,26.16,10.77,134.18,0.679,0.147,6.8,2.58,0,18.47,17.23,0
REAL-FIELD-01669,B,CAMIONETA_4x4,0,41.03,12.89,24.74,0.627,0.121,1.1,2.05,1,2.17,0.87,1
REAL-FIELD-01670,C,CAMIONETA_4x4,0,28.16,8.31,150.76,0.989,0.327,8.9,7.77,0,19.27,18.26,0
REAL-FIELD-01671,A,CAT_797F_MANUAL,0,20.32,6.89,149.77,0.704,0.084,1.4,2.22,0,26.53,25.54,0
REAL-FIELD-01672,A,CAMIONETA_4x4,0,60.86,10.35,172.35,0.749,0.227,9.3,3.02,0,10.19,8.88,0
REAL-FIELD-01673,D,CAT_797F_MANUAL,0,25.36,3.57,78.36,0.189,0.187,8.9,5.73,0,11.12,8.53,0
REAL-FIELD-01674,E,KOMATSU_930E_AHS,1,29.1,9.52,134.17,0.483,0,6.6,0.15,0,16.6,15.31,0
REAL-FIELD-01675,C,CAT_797F_MANUAL,0,46.04,12.27,121.38,0.61,0.318,9.7,4.42,0,9.49,7.56,0
REAL-FIELD-01676,D,PALA_PH_4100XPC,0,2.81,14.05,67.52,0.275,0.227,7.3,3.29,0,86.5,84.01,0
REAL-FIELD-01677,E,KOMATSU_930E_AHS,1,19.78,13.71,76.87,0.785,0,7.8,0.15,0,13.99,13.45,0
REAL-FIELD-01678,E,KOMATSU_930E_AHS,1,29.2,15.35,56.08,0.313,0,6.4,0.15,0,6.91,5.19,0
REAL-FIELD-01679,A,CAT_797F_MANUAL,0,15.69,9.53,109.98,0.855,0.192,4.8,5.22,0,25.23,24.29,0
REAL-FIELD-01680,C,CAT_797F_MANUAL,0,15.11,5.15,87.87,0.371,0.294,10.2,5.08,0,20.94,18.49,0
REAL-FIELD-01681,E,KOMATSU_930E_AHS,1,32.12,10.18,85.05,0.45,0,4.1,0.15,0,9.53,8.15,0
REAL-FIELD-01682,B,CAMIONETA_4x4,0,42.04,13.95,3.63,0.813,0.228,9.1,3.48,0,0.31,-0.84,1
REAL-FIELD-01683,A,CAT_797F_MANUAL,0,35.09,6.11,165.63,0.722,0.109,2.4,3.63,0,16.99,15.97,0
REAL-FIELD-01684,B,PALA_PH_4100XPC,0,0.15,13.02,187.79,0.605,0.269,10.4,3.71,0,999,997.21,0
REAL-FIELD-01685,C,CAMIONETA_4x4,0,27.07,4.92,7.63,0.361,0.29,8.5,4.03,1,1.01,-1.46,1
REAL-FIELD-01686,A,CAT_797F_MANUAL,0,38.95,13.56,116.64,0.838,0.267,5.4,4.82,0,10.78,9.57,0
REAL-FIELD-01687,A,CAMIONETA_4x4,0,56.88,15.53,191.06,0.922,0.116,3.3,2.44,0,12.09,11.55,0
REAL-FIELD-01688,B,PALA_PH_4100XPC,0,1.58,9.92,67.86,0.491,0.222,7.2,6.22,0,999,997.06,0
REAL-FIELD-01689,A,CAMIONETA_4x4,0,51.41,2.97,31.41,0.508,0.275,7,3.8,0,2.2,0.15,1
REAL-FIELD-01690,B,PALA_PH_4100XPC,0,2.05,3.05,114.89,0.732,0.1,2.5,2.96,0,201.76,200.79,0
REAL-FIELD-01691,D,CAMIONETA_4x4,0,29.67,14.61,107.64,0.288,0.244,11,6.79,0,13.06,10.55,0
REAL-FIELD-01692,C,PALA_PH_4100XPC,0,0.21,14.33,72.3,0.652,0.284,8.2,5.36,0,999,997.28,0
REAL-FIELD-01693,C,CAT_797F_MANUAL,0,48.16,12.09,24.75,0.451,0.354,10.1,5.63,0,1.85,-0.58,1
REAL-FIELD-01694,B,PALA_PH_4100XPC,0,0.59,7.54,35.4,0.701,0.234,6.4,3.51,0,999,997.55,0
REAL-FIELD-01695,C,CAT_797F_MANUAL,0,25.39,5.9,133,0.926,0.324,8.7,5.94,0,18.86,17.7,0
REAL-FIELD-01696,A,CAT_797F_MANUAL,0,25.78,7.16,133.17,0.56,0.17,6.8,5.22,0,18.6,16.99,0
REAL-FIELD-01697,E,KOMATSU_930E_AHS,1,24.88,12.27,88.65,0.246,0,0.6,0.15,0,12.83,10.94,0
REAL-FIELD-01698,C,CAT_797F_MANUAL,0,17,9.04,109.22,0.433,0.303,9.3,6.7,0,23.13,20.8,0
REAL-FIELD-01699,A,CAT_797F_MANUAL,0,32.6,5.33,40.27,0.48,0.169,4.2,5.47,0,4.45,2.64,1
REAL-FIELD-01700,D,CAT_797F_MANUAL,0,21.11,12.57,110.39,0.361,0.222,5.9,5.57,0,18.83,16.57,0
REAL-FIELD-01701,E,KOMATSU_930E_AHS,1,23.67,15.73,124.72,0.66,0,4,0.15,0,18.97,18.12,0
REAL-FIELD-01702,D,PALA_PH_4100XPC,0,0.77,2.79,39.48,0.318,0.088,2.2,2.8,0,999,997.03,0
REAL-FIELD-01703,D,CAT_797F_MANUAL,0,19.68,13.19,62.63,0.341,0.27,10,4.35,0,11.46,9,0
REAL-FIELD-01704,D,CAT_797F_MANUAL,0,44.2,5.86,145.43,0.161,0.238,6.2,5.07,0,11.84,9.03,0
REAL-FIELD-01705,D,PALA_PH_4100XPC,0,2.73,9.12,153.2,0.193,0.158,1.1,2.52,0,202.02,199.53,0
REAL-FIELD-01706,D,CAT_797F_MANUAL,0,43.67,12.71,11.55,0.269,0.09,2.8,2.73,3,0.95,-1.15,1
REAL-FIELD-01707,D,CAMIONETA_4x4,0,46.01,12.72,180.43,0.36,0.238,9.7,3.77,0,14.12,11.81,0
REAL-FIELD-01708,D,CAT_797F_MANUAL,0,17.06,7.11,164.64,0.399,0.164,3.8,4.18,0,34.74,32.75,0
REAL-FIELD-01709,E,KOMATSU_930E_AHS,1,28.28,10.94,77.25,0.409,0,4.3,0.15,0,9.83,8.35,0
REAL-FIELD-01710,E,KOMATSU_930E_AHS,1,31.8,3.71,77.34,0.202,0,5.1,0.15,0,8.76,6.76,0
REAL-FIELD-01711,D,CAT_797F_MANUAL,0,48.51,12.14,182.16,0.244,0.131,0.9,2.38,0,13.52,11.24,0
REAL-FIELD-01712,C,PALA_PH_4100XPC,0,3.31,8.12,138.29,0.597,0.342,10,6.52,0,150.41,148.38,0
REAL-FIELD-01713,B,PALA_PH_4100XPC,0,1.37,9.57,94.54,0.616,0.278,7.8,5.72,0,999,997.21,0
REAL-FIELD-01714,E,KOMATSU_930E_AHS,1,22.97,11.42,104,0.264,0,1.4,0.15,0,16.3,14.46,0
REAL-FIELD-01715,D,PALA_PH_4100XPC,0,3.42,12.29,166.83,0.215,0.125,2.4,3.44,0,175.61,173.27,0
REAL-FIELD-01716,B,PALA_PH_4100XPC,0,1.03,11.11,70.15,0.768,0.167,7.4,5.88,0,999,997.92,0
REAL-FIELD-01717,C,CAMIONETA_4x4,0,43.13,7.69,149.03,0.954,0.322,9.5,6.04,0,12.44,11.36,0
REAL-FIELD-01718,D,CAMIONETA_4x4,0,44.57,4.71,24.79,0.362,0.265,10.4,3.55,3,2,-0.39,1
REAL-FIELD-01719,A,CAT_797F_MANUAL,0,34.09,15.67,129.06,0.788,0.225,9.2,4.04,0,13.63,12.42,0
REAL-FIELD-01720,E,KOMATSU_930E_AHS,1,23.68,13.64,40.07,0.918,0,2.4,0.15,0,6.09,5.88,0
REAL-FIELD-01721,E,KOMATSU_930E_AHS,1,33.35,7.37,40.21,0.257,0,4.7,0.15,0,4.34,2.48,1
REAL-FIELD-01722,C,CAT_797F_MANUAL,0,13.2,2.07,32.61,0.157,0.294,7,4.62,0,8.89,5.9,0
REAL-FIELD-01723,D,CAT_797F_MANUAL,0,45.38,14.53,107.42,0.443,0.122,0.8,3.7,0,8.52,6.76,0
REAL-FIELD-01724,A,CAMIONETA_4x4,0,32.66,12.16,126.17,0.598,0.188,7.7,4.65,0,13.91,12.34,0
REAL-FIELD-01725,B,PALA_PH_4100XPC,0,2.64,10.56,8.32,0.645,0.202,6,3.19,0,11.35,9.86,0
REAL-FIELD-01726,E,KOMATSU_930E_AHS,1,29.5,15.79,112.46,0.848,0,8,0.15,0,13.72,13.34,0
REAL-FIELD-01727,A,CAT_797F_MANUAL,0,41.87,15.25,31.24,0.764,0.154,5,5.44,0,2.69,1.64,1
REAL-FIELD-01728,D,CAMIONETA_4x4,0,47.07,2.51,158.35,0.304,0.2,5.9,5.85,0,12.11,9.77,0
REAL-FIELD-01729,E,KOMATSU_930E_AHS,1,35.04,8.14,80.42,0.447,0,11.4,0.15,0,8.26,6.88,0
REAL-FIELD-01730,A,CAMIONETA_4x4,0,52.05,11.68,78.96,0.769,0.255,7.1,4.84,0,5.46,4.12,0
REAL-FIELD-01731,E,KOMATSU_930E_AHS,1,36.4,3.8,106.81,0.606,0,10.4,0.15,0,10.56,9.58,0
REAL-FIELD-01732,E,KOMATSU_930E_AHS,1,27.5,8.4,36.69,0.547,0,9.8,0.15,0,4.8,3.67,1
REAL-FIELD-01733,D,PALA_PH_4100XPC,0,1.79,9.65,129.16,0.402,0.251,8.5,6.23,0,999,996.75,0
REAL-FIELD-01734,D,CAT_797F_MANUAL,0,17.05,3.92,81.55,0.41,0.207,3.3,3.51,0,17.22,15.12,0
REAL-FIELD-01735,E,KOMATSU_930E_AHS,1,24.45,11.25,137.44,0.277,0,5.5,0.15,0,20.24,18.43,0
REAL-FIELD-01736,A,CAMIONETA_4x4,0,29.43,11.64,123.71,0.944,0.198,7.6,2.61,0,15.13,14.4,0
REAL-FIELD-01737,D,CAT_797F_MANUAL,0,21.94,15.17,105.79,0.337,0.159,6.2,2.2,0,17.36,15.23,0
REAL-FIELD-01738,A,CAT_797F_MANUAL,0,13.2,3.06,173.1,0.472,0.246,5.9,5.82,0,47.21,45.15,0
REAL-FIELD-01739,D,CAT_797F_MANUAL,0,23.26,2.28,68.83,0.165,0.134,2,4.88,0,10.65,8.16,0
REAL-FIELD-01740,E,KOMATSU_930E_AHS,1,23.91,8.54,84.66,0.979,0,8.1,0.15,0,12.75,12.7,0
REAL-FIELD-01741,C,PALA_PH_4100XPC,0,3.53,9.68,10,0.777,0.285,10.6,6.41,2,10.2,8.79,0
REAL-FIELD-01742,A,CAT_797F_MANUAL,0,28.32,5.08,122.55,0.687,0.091,3.4,3.46,0,15.58,14.52,0
REAL-FIELD-01743,A,CAT_797F_MANUAL,0,48.99,7.53,124.16,0.656,0.224,11,3.78,0,9.12,7.59,0
REAL-FIELD-01744,D,PALA_PH_4100XPC,0,0.73,14.36,178.72,0.175,0.193,9,4.2,0,999,996.36,0
REAL-FIELD-01745,A,CAT_797F_MANUAL,0,19.3,6.85,68.07,0.77,0.256,10.9,4.96,0,12.7,11.36,0
REAL-FIELD-01746,A,CAT_797F_MANUAL,0,37.61,5.88,114.84,0.927,0.235,10.7,4.47,0,10.99,10.1,0
REAL-FIELD-01747,D,CAT_797F_MANUAL,0,48.23,3.34,3.36,0.377,0.098,1.9,4.03,2,0.25,-1.6,1
REAL-FIELD-01748,D,CAT_797F_MANUAL,0,23.08,14.35,20.97,0.419,0.155,4.3,5.16,2,3.27,1.35,1
REAL-FIELD-01749,A,CAMIONETA_4x4,0,52.07,12.98,84.18,0.771,0.278,11.1,6.96,0,5.82,4.41,0
REAL-FIELD-01750,E,KOMATSU_930E_AHS,1,26.49,6.84,165.99,0.196,0,6,0.15,0,22.56,20.55,0
REAL-FIELD-01751,E,KOMATSU_930E_AHS,1,19.52,10.96,12.59,0.299,0,2.2,0.15,0,2.32,0.57,1
REAL-FIELD-01752,B,PALA_PH_4100XPC,0,1.28,5.52,150.46,0.959,0.181,7.3,3.74,0,999,998.35,0
REAL-FIELD-01753,A,CAMIONETA_4x4,0,33.03,3.9,103.12,0.734,0.213,6.2,3.31,0,11.24,9.94,0
REAL-FIELD-01754,E,KOMATSU_930E_AHS,1,23.42,6.86,148.19,0.462,0,0.6,0.15,0,22.78,21.44,0
REAL-FIELD-01755,E,KOMATSU_930E_AHS,1,20.63,5.82,48.08,0.493,0,5.2,0.15,0,8.39,7.12,0
REAL-FIELD-01756,D,CAT_797F_MANUAL,0,38.34,6.57,117.7,0.334,0.173,6.7,3.8,0,11.05,8.87,0
REAL-FIELD-01757,E,KOMATSU_930E_AHS,1,31.02,12.91,65.1,0.302,0,7,0.15,0,7.56,5.82,0
REAL-FIELD-01758,E,KOMATSU_930E_AHS,1,22.26,4.94,65.88,0.462,0,11.8,0.15,0,10.65,9.3,0
REAL-FIELD-01759,A,CAT_797F_MANUAL,0,46.46,15.6,151.06,0.854,0.19,4.9,5.21,0,11.71,10.78,0
REAL-FIELD-01760,D,PALA_PH_4100XPC,0,0.48,9.05,138.65,0.311,0.21,9.4,3.6,0,999,996.65,0
REAL-FIELD-01761,D,CAMIONETA_4x4,0,45.23,6.35,31.6,0.402,0.154,2.1,2.11,0,2.52,0.56,1
REAL-FIELD-01762,E,KOMATSU_930E_AHS,1,18.4,10.2,155.73,0.419,0,4.9,0.15,0,30.47,29.02,0
REAL-FIELD-01763,D,CAMIONETA_4x4,0,60.79,14.18,82.89,0.367,0.207,4.3,4.76,0,4.91,2.71,1
REAL-FIELD-01764,B,PALA_PH_4100XPC,0,3.35,2,97.31,0.723,0.138,5.2,2.14,0,104.57,103.46,0
REAL-FIELD-01765,D,CAT_797F_MANUAL,0,27.47,8.24,86.12,0.429,0.175,8.3,3.12,0,11.29,9.34,0
REAL-FIELD-01766,E,KOMATSU_930E_AHS,1,18.41,5.78,184.27,0.394,0,9.8,0.15,0,36.03,34.52,0
REAL-FIELD-01767,D,PALA_PH_4100XPC,0,2.93,7.41,66.42,0.319,0.275,7,6.33,0,81.61,79.08,0
REAL-FIELD-01768,E,KOMATSU_930E_AHS,1,33.69,9.41,67.06,0.793,0,5.9,0.15,0,7.17,6.65,0
REAL-FIELD-01769,A,CAT_797F_MANUAL,0,42.4,8.46,45.57,0.889,0.251,5.4,3.72,0,3.87,2.84,1
REAL-FIELD-01770,A,CAT_797F_MANUAL,0,45.41,2.8,49.38,0.933,0.277,8,4.21,0,3.91,2.91,1
REAL-FIELD-01771,D,CAT_797F_MANUAL,0,41.17,5.64,186.88,0.186,0.102,3.6,2.88,0,16.34,14,0
REAL-FIELD-01772,C,CAT_797F_MANUAL,0,34.28,5.1,73.06,0.907,0.305,8.1,7.52,0,7.67,6.52,0
REAL-FIELD-01773,A,CAMIONETA_4x4,0,45.78,2.93,171.52,0.625,0.051,1,4.46,0,13.49,12.4,0
REAL-FIELD-01774,C,CAMIONETA_4x4,0,48.4,7.24,99.42,0.385,0.327,11.5,4.53,0,7.39,4.87,0
REAL-FIELD-01775,D,CAT_797F_MANUAL,0,22.74,12.1,147.74,0.216,0.261,9.6,6.64,0,23.39,20.65,0
REAL-FIELD-01776,E,KOMATSU_930E_AHS,1,20.43,2.14,56.82,0.324,0,6.4,0.15,0,10.01,8.32,0
REAL-FIELD-01777,D,CAT_797F_MANUAL,0,38.47,15.6,15.55,0.425,0.196,4.8,5.85,0,1.46,-0.57,1
REAL-FIELD-01778,C,CAT_797F_MANUAL,0,37.96,7.58,11.03,0.513,0.308,10.8,3.83,3,1.05,-1.09,1
REAL-FIELD-01779,D,CAT_797F_MANUAL,0,24.68,10.5,181.64,0.274,0.241,11,3.37,0,26.5,23.96,0
REAL-FIELD-01780,B,CAT_797F_MANUAL,0,19.48,8.13,9.91,0.831,0.23,8.1,4.11,0,1.83,0.72,1
REAL-FIELD-01781,E,KOMATSU_930E_AHS,1,22.21,10.83,53.44,0.663,0,2.7,0.15,0,8.66,7.82,0
REAL-FIELD-01782,E,KOMATSU_930E_AHS,1,32.08,3.1,131.96,0.785,0,0.6,0.15,0,14.81,14.27,0
REAL-FIELD-01783,D,CAMIONETA_4x4,0,28.34,2.81,145.43,0.436,0.093,2.5,4.15,0,18.47,16.78,0
REAL-FIELD-01784,D,PALA_PH_4100XPC,0,3.3,4.13,39.32,0.37,0.211,5.1,3.56,0,42.89,40.68,0
REAL-FIELD-01785,D,CAMIONETA_4x4,0,58.52,12.38,122.78,0.234,0.085,3,4.76,0,7.55,5.38,0
REAL-FIELD-01786,E,KOMATSU_930E_AHS,1,31.62,7.99,30.57,1,0,3.2,0.15,0,3.48,3.48,1
REAL-FIELD-01787,D,CAT_797F_MANUAL,0,20.95,7.4,24.12,0.314,0.11,1.8,2.75,2,4.14,2.09,1
REAL-FIELD-01788,D,CAT_797F_MANUAL,0,36.57,14.9,138.19,0.2,0.124,5.6,2.54,0,13.6,11.23,0
REAL-FIELD-01789,E,KOMATSU_930E_AHS,1,25.42,12.13,40.32,0.947,0,1.8,0.15,0,5.71,5.58,0
REAL-FIELD-01790,D,CAMIONETA_4x4,0,54.46,2.31,41.89,0.252,0.278,8,3.42,0,2.77,0.07,1
REAL-FIELD-01791,E,KOMATSU_930E_AHS,1,28.41,12.6,177.13,0.835,0,2.2,0.15,0,22.45,22.04,0
REAL-FIELD-01792,A,CAT_797F_MANUAL,0,32.56,13.99,134.84,0.505,0.144,3.5,3.75,0,14.91,13.24,0
REAL-FIELD-01793,A,CAT_797F_MANUAL,0,25.47,13.13,38.95,0.723,0.168,3.1,4.7,0,5.51,4.31,0
REAL-FIELD-01794,E,KOMATSU_930E_AHS,1,35.42,6.18,54.18,0.325,0,5.3,0.15,0,5.51,3.82,1
REAL-FIELD-01795,A,CAT_797F_MANUAL,0,18.67,4.33,156.49,0.778,0.216,2.8,4.26,0,30.17,28.97,0
REAL-FIELD-01796,C,CAMIONETA_4x4,0,30.4,10.88,166.12,0.989,0.317,12,3.79,0,19.67,18.69,0
REAL-FIELD-01797,B,PALA_PH_4100XPC,0,2.72,12.04,88.9,0.559,0.232,8.2,6.55,0,117.66,115.86,0
REAL-FIELD-01798,C,CAMIONETA_4x4,0,44.61,8,12.96,0.157,0.309,10.7,5.74,0,1.05,-1.98,1
REAL-FIELD-01799,B,PALA_PH_4100XPC,0,1.82,11.54,103.26,0.669,0.169,6.5,4.14,0,204.25,202.92,0
REAL-FIELD-01800,A,CAMIONETA_4x4,0,40.2,11.14,108.46,0.843,0.172,3.3,2.68,0,9.71,8.8,0
REAL-FIELD-01801,E,KOMATSU_930E_AHS,1,19.86,10.67,107.86,0.791,0,11.3,0.15,0,19.55,19.03,0
REAL-FIELD-01802,E,KOMATSU_930E_AHS,1,33.31,5.29,159.93,0.339,0,9.3,0.15,0,17.28,15.63,0
REAL-FIELD-01803,D,CAMIONETA_4x4,0,39.94,2.96,102.53,0.233,0.251,11,5.18,0,9.24,6.57,0
REAL-FIELD-01804,C,PALA_PH_4100XPC,0,2.01,4.36,33.34,0.588,0.321,11.6,4.78,0,59.71,57.72,0
REAL-FIELD-01805,C,PALA_PH_4100XPC,0,1.51,4.32,55.17,0.847,0.306,11.3,6.73,0,999,997.7,0
REAL-FIELD-01806,D,CAMIONETA_4x4,0,62.41,4.63,166.06,0.179,0.266,11,6.3,0,9.58,6.73,0
REAL-FIELD-01807,D,CAT_797F_MANUAL,0,28.48,10.05,97.9,0.432,0.125,2,5.35,0,12.38,10.58,0
REAL-FIELD-01808,A,CAT_797F_MANUAL,0,14.48,5.95,189.39,0.936,0.132,5.8,4.98,0,47.09,46.53,0
REAL-FIELD-01809,C,CAT_797F_MANUAL,0,17.77,2.11,166.12,0.711,0.371,11.4,8.11,0,33.65,31.81,0
REAL-FIELD-01810,B,CAMIONETA_4x4,0,35.46,9.35,24.56,0.77,0.177,4.4,5.94,2,2.49,1.38,1
REAL-FIELD-01811,C,CAMIONETA_4x4,0,28.11,7.45,20.02,0.945,0.299,7.7,4.56,3,2.56,1.53,1
REAL-FIELD-01812,E,KOMATSU_930E_AHS,1,28.88,14.16,105.54,0.956,0,5.1,0.15,0,13.16,13.05,0
REAL-FIELD-01813,E,KOMATSU_930E_AHS,1,35.65,14.71,85.53,0.256,0,4.5,0.15,0,8.64,6.78,0
REAL-FIELD-01814,E,KOMATSU_930E_AHS,1,30,10.84,13.76,0.663,0,4.5,0.15,3,1.65,0.81,1
REAL-FIELD-01815,E,KOMATSU_930E_AHS,1,25.3,12.81,105.68,0.657,0,11.5,0.15,0,15.04,14.18,0
REAL-FIELD-01816,E,KOMATSU_930E_AHS,1,23.14,5.03,75.11,0.948,0,5,0.15,0,11.69,11.56,0
REAL-FIELD-01817,B,PALA_PH_4100XPC,0,0.78,6.47,64.62,0.495,0.261,11.8,4.43,0,999,996.95,0
REAL-FIELD-01818,D,PALA_PH_4100XPC,0,2.51,2.13,150.19,0.371,0.227,6.4,5.93,0,215.41,213.16,0
REAL-FIELD-01819,E,KOMATSU_930E_AHS,1,35.58,2.34,112.35,0.232,0,6.4,0.15,0,11.37,9.45,0
REAL-FIELD-01820,C,CAT_797F_MANUAL,0,23.05,12.81,65.37,0.951,0.388,11.9,5.4,0,10.21,8.92,0
REAL-FIELD-01821,E,KOMATSU_930E_AHS,1,28.57,8.93,141.98,0.684,0,3.8,0.15,0,17.89,17.1,0
REAL-FIELD-01822,C,CAT_797F_MANUAL,0,23.67,11.1,120.61,0.301,0.34,10.2,7.62,0,18.34,15.57,0
REAL-FIELD-01823,B,CAT_797F_MANUAL,0,49.9,5.93,18.96,0.454,0.277,7.5,4.62,2,1.37,-0.83,1
REAL-FIELD-01824,B,CAT_797F_MANUAL,0,19.88,15.95,8.43,0.62,0.052,1.4,1.71,2,1.53,0.42,1
REAL-FIELD-01825,A,CAMIONETA_4x4,0,43.27,5.92,103.36,0.902,0.17,4,2.81,0,8.6,7.85,0
REAL-FIELD-01826,A,CAT_797F_MANUAL,0,27.41,7.56,51.93,0.681,0.226,3.6,5.86,0,6.82,5.34,0
REAL-FIELD-01827,A,CAT_797F_MANUAL,0,44.63,10.9,76.65,0.537,0.125,4.3,2.27,0,6.18,4.65,0
REAL-FIELD-01828,E,KOMATSU_930E_AHS,1,26.42,6.13,50.87,0.791,0,7.1,0.15,0,6.93,6.41,0
REAL-FIELD-01829,E,KOMATSU_930E_AHS,1,18.12,9.09,63.75,0.975,0,10.6,0.15,0,12.67,12.61,0
REAL-FIELD-01830,D,PALA_PH_4100XPC,0,3.01,4.79,12.83,0.236,0.181,7.9,6.11,0,15.34,12.89,0
REAL-FIELD-01831,B,CAT_797F_MANUAL,0,34.15,12.19,20.85,0.811,0.064,0.9,3.28,0,2.2,1.54,1
REAL-FIELD-01832,D,CAT_797F_MANUAL,0,35.96,6.3,31.23,0.229,0.128,5.8,2.81,0,3.13,0.82,1
REAL-FIELD-01833,A,CAT_797F_MANUAL,0,36.96,13.6,77.31,0.788,0.138,4,2.12,0,7.53,6.59,0
REAL-FIELD-01834,D,CAT_797F_MANUAL,0,23.21,11.23,113.97,0.393,0.233,9.8,3.72,0,17.68,15.46,0
REAL-FIELD-01835,C,CAT_797F_MANUAL,0,27.08,13.73,110.69,0.284,0.316,11.7,5.23,0,14.72,11.98,0
REAL-FIELD-01836,E,KOMATSU_930E_AHS,1,29.23,4.88,67.52,0.633,0,7,0.15,0,8.32,7.4,0
REAL-FIELD-01837,E,KOMATSU_930E_AHS,1,32.71,2.57,163.39,0.363,0,5.7,0.15,0,17.98,16.39,0
REAL-FIELD-01838,A,CAT_797F_MANUAL,0,33.87,6.03,55.81,0.515,0.145,0.9,4.89,0,5.93,4.28,0
REAL-FIELD-01839,E,KOMATSU_930E_AHS,1,37.04,11.22,61.06,0.498,0,1.5,0.15,0,5.93,4.68,0
REAL-FIELD-01840,D,CAMIONETA_4x4,0,51.44,10.76,87.45,0.234,0.134,5.3,3.58,0,6.12,3.8,1
REAL-FIELD-01841,A,CAMIONETA_4x4,0,32.19,3.38,185.14,0.568,0.227,6.1,6.46,0,20.71,18.95,0
REAL-FIELD-01842,E,KOMATSU_930E_AHS,1,26.84,9.8,149.31,0.237,0,7.3,0.15,0,20.03,18.12,0
REAL-FIELD-01843,C,CAT_797F_MANUAL,0,33.28,3.92,26.43,0.368,0.33,9.8,5.87,0,2.86,0.29,1
REAL-FIELD-01844,A,CAMIONETA_4x4,0,60.36,8.78,114.17,0.969,0.142,1.8,4.9,0,6.81,6.31,0
REAL-FIELD-01845,D,PALA_PH_4100XPC,0,1.34,11.6,127.34,0.234,0.138,2.6,4.05,0,999,996.67,0
REAL-FIELD-01846,C,CAT_797F_MANUAL,0,15.81,10.41,80.63,0.334,0.283,9.1,7.25,0,18.36,15.85,0
REAL-FIELD-01847,A,CAT_797F_MANUAL,0,34.29,2.92,61.39,0.979,0.11,2.4,3.87,0,6.45,6.07,0
REAL-FIELD-01848,E,KOMATSU_930E_AHS,1,23.73,4.78,8.35,0.156,0,10.9,0.15,0,1.27,-0.84,1
REAL-FIELD-01849,B,PALA_PH_4100XPC,0,3.79,11.76,140.98,0.519,0.257,5.3,3.11,0,133.91,131.94,0
REAL-FIELD-01850,B,CAT_797F_MANUAL,0,37.31,10.12,7.41,0.75,0.102,3.6,4.27,1,0.71,-0.22,1
REAL-FIELD-01851,E,KOMATSU_930E_AHS,1,21.81,7.28,11.45,0.395,0,9.3,0.15,0,1.89,0.38,1
REAL-FIELD-01852,A,CAT_797F_MANUAL,0,16.52,5.52,157.25,0.984,0.203,5.6,3.85,0,34.27,33.62,0
REAL-FIELD-01853,E,KOMATSU_930E_AHS,1,33.74,8.45,101.67,0.169,0,2.9,0.15,0,10.85,8.77,0
REAL-FIELD-01854,E,KOMATSU_930E_AHS,1,27.2,10.06,133.07,0.695,0,5.1,0.15,0,17.61,16.85,0
REAL-FIELD-01855,A,CAT_797F_MANUAL,0,34.94,6.17,58.81,0.66,0.149,1,4.01,0,6.06,4.76,0
REAL-FIELD-01856,B,PALA_PH_4100XPC,0,1.18,12.77,128.2,0.939,0.103,1.2,2.72,0,999,998.54,0
REAL-FIELD-01857,E,KOMATSU_930E_AHS,1,21.98,7.6,45.42,0.187,0,8.5,0.15,0,7.44,5.41,0
REAL-FIELD-01858,D,CAT_797F_MANUAL,0,30.3,11.08,34.72,0.26,0.188,1.5,5.3,0,4.13,1.72,1
REAL-FIELD-01859,B,PALA_PH_4100XPC,0,1.44,11.06,73.91,0.598,0.242,5.4,6.75,0,999,997.27,0
REAL-FIELD-01860,B,CAT_797F_MANUAL,0,47.51,11.89,9.02,0.675,0.061,2.1,4.32,3,0.68,-0.32,1
REAL-FIELD-01861,D,PALA_PH_4100XPC,0,1.06,12.87,74.49,0.392,0.17,5.3,3.99,0,999,996.97,0
REAL-FIELD-01862,A,CAT_797F_MANUAL,0,43.03,11.03,85.31,0.929,0.251,8,6.94,0,7.14,6.21,0
REAL-FIELD-01863,E,KOMATSU_930E_AHS,1,26.19,2.16,108.44,0.602,0,11.8,0.15,0,14.91,13.92,0
REAL-FIELD-01864,E,KOMATSU_930E_AHS,1,32.52,15.83,91.53,0.59,0,0.6,0.15,0,10.13,9.1,0
REAL-FIELD-01865,A,CAT_797F_MANUAL,0,17.4,8.49,163.8,0.639,0.108,2.4,4.27,0,33.89,32.66,0
REAL-FIELD-01866,D,CAMIONETA_4x4,0,41.18,3.06,46.62,0.168,0.06,1.4,1.12,0,4.08,1.82,1
REAL-FIELD-01867,B,CAT_797F_MANUAL,0,41.58,2.25,13.63,0.546,0.259,7.8,5.52,0,1.18,-0.73,1
REAL-FIELD-01868,D,CAT_797F_MANUAL,0,28.39,13.35,152.68,0.193,0.234,5,6.44,0,19.36,16.64,0
REAL-FIELD-01869,C,CAT_797F_MANUAL,0,26.13,4.59,70.05,0.829,0.323,10.4,5.17,0,9.65,8.25,0
REAL-FIELD-01870,A,CAMIONETA_4x4,0,26.11,2.93,66.38,0.815,0.209,6.6,6.15,0,9.15,8.06,0
REAL-FIELD-01871,E,KOMATSU_930E_AHS,1,26.27,4.93,88.1,0.542,0,6.8,0.15,0,12.07,10.92,0
REAL-FIELD-01872,E,KOMATSU_930E_AHS,1,27.99,13.97,13.59,0.609,0,9,0.15,3,1.75,0.77,1
REAL-FIELD-01873,C,CAMIONETA_4x4,0,26.41,5.6,65.49,0.73,0.314,8.6,6.24,0,8.93,7.31,0
REAL-FIELD-01874,E,KOMATSU_930E_AHS,1,36.42,5.76,135.22,0.639,0,7.5,0.15,0,13.37,12.47,0
REAL-FIELD-01875,E,KOMATSU_930E_AHS,1,23.5,2.12,98.49,0.982,0,11.1,0.15,0,15.09,15.04,0
REAL-FIELD-01876,C,CAT_797F_MANUAL,0,36.22,4.51,73.36,0.524,0.336,9.6,6.6,0,7.29,5.09,0
REAL-FIELD-01877,E,KOMATSU_930E_AHS,1,32.87,6.45,5.72,0.899,0,0.6,0.15,1,0.63,0.38,1
REAL-FIELD-01878,C,CAT_797F_MANUAL,0,29.21,13.92,144.6,0.982,0.338,10,5.03,0,17.82,16.76,0
REAL-FIELD-01879,A,CAT_797F_MANUAL,0,41.08,15.6,161.54,0.934,0.159,7.2,2.24,0,14.16,13.52,0
REAL-FIELD-01880,C,PALA_PH_4100XPC,0,2.23,10,53.32,0.879,0.35,10.7,7.55,0,86.08,84.73,0
REAL-FIELD-01881,B,PALA_PH_4100XPC,0,0.9,4.15,149.3,0.663,0.205,3.4,4.83,0,999,997.54,0
REAL-FIELD-01882,E,KOMATSU_930E_AHS,1,28.95,4.78,108.59,0.703,0,3.2,0.15,0,13.5,12.76,0
REAL-FIELD-01883,C,CAMIONETA_4x4,0,43.69,12.32,172.35,0.312,0.296,8.3,3.85,0,14.2,11.59,0
REAL-FIELD-01884,D,PALA_PH_4100XPC,0,3.67,11.75,56.3,0.369,0.162,4.2,5.57,0,55.23,53.17,0
REAL-FIELD-01885,C,CAT_797F_MANUAL,0,19.18,9.89,186.04,0.974,0.289,9.2,3.91,0,34.92,33.99,0
REAL-FIELD-01886,E,KOMATSU_930E_AHS,1,36.51,15.3,79.43,0.452,0,4.8,0.15,0,7.83,6.46,0
REAL-FIELD-01887,A,CAT_797F_MANUAL,0,30.67,7.41,102.47,0.675,0.125,1.4,5.61,0,12.03,10.84,0
REAL-FIELD-01888,E,KOMATSU_930E_AHS,1,22.31,2.92,132.01,0.543,0,3.2,0.15,0,21.3,20.16,0
REAL-FIELD-01889,D,CAT_797F_MANUAL,0,24.27,15.95,96.62,0.264,0.216,7.6,2.7,0,14.33,11.84,0
REAL-FIELD-01890,A,CAMIONETA_4x4,0,51.13,5.7,38.59,0.85,0.188,7.5,3.44,0,2.72,1.78,1
REAL-FIELD-01891,B,PALA_PH_4100XPC,0,1.68,12.38,76.68,0.606,0.207,2.9,5.51,0,999,997.39,0
REAL-FIELD-01892,B,PALA_PH_4100XPC,0,1.42,6.68,42.02,0.569,0.237,4.5,4.03,0,999,997.21,0
REAL-FIELD-01893,A,CAT_797F_MANUAL,0,28.45,2.79,71.78,0.94,0.166,5.8,5.11,0,9.08,8.43,0
REAL-FIELD-01894,D,CAMIONETA_4x4,0,39.12,8.99,135.73,0.371,0.157,5.4,5.75,0,12.49,10.45,0
REAL-FIELD-01895,B,PALA_PH_4100XPC,0,1.72,8.88,125.65,0.947,0.151,1.4,5.49,0,999,998.41,0
REAL-FIELD-01896,E,KOMATSU_930E_AHS,1,23.25,13.03,151.17,0.39,0,2.5,0.15,0,23.41,21.88,0
REAL-FIELD-01897,E,KOMATSU_930E_AHS,1,30.88,13.06,188.04,0.912,0,5,0.15,0,21.92,21.7,0
REAL-FIELD-01898,E,KOMATSU_930E_AHS,1,34.89,6.71,53.58,0.28,0,0.5,0.15,0,5.53,3.73,1
REAL-FIELD-01899,A,CAT_797F_MANUAL,0,18.26,11.88,40.21,0.553,0.103,3.7,3.18,0,7.93,6.5,0
REAL-FIELD-01900,E,KOMATSU_930E_AHS,1,19.23,13.99,50.89,0.45,0,3,0.15,0,9.53,8.15,0
REAL-FIELD-01901,B,PALA_PH_4100XPC,0,0.75,15.07,129.58,0.719,0.2,6.1,5.81,0,999,997.7,0
REAL-FIELD-01902,A,CAMIONETA_4x4,0,57.49,14.72,57.25,0.604,0.268,10.5,6.84,0,3.58,1.79,1
REAL-FIELD-01903,A,CAT_797F_MANUAL,0,20.57,8.9,180.35,0.733,0.167,6.7,3.1,0,31.56,30.39,0
REAL-FIELD-01904,B,PALA_PH_4100XPC,0,2.05,11.54,168.15,0.766,0.243,5.7,5.08,0,295.29,293.98,0
REAL-FIELD-01905,E,KOMATSU_930E_AHS,1,31.59,11.2,71.92,0.924,0,8.2,0.15,0,8.2,8.01,0
REAL-FIELD-01906,E,KOMATSU_930E_AHS,1,31.29,9.68,109.39,0.414,0,10.3,0.15,0,12.59,11.12,0
REAL-FIELD-01907,C,CAT_797F_MANUAL,0,19.18,12.37,47.02,0.187,0.286,6.6,5.88,0,8.83,5.94,0
REAL-FIELD-01908,C,PALA_PH_4100XPC,0,1.68,9.43,40.61,0.171,0.309,8.6,4.22,0,999,996,0
REAL-FIELD-01909,D,PALA_PH_4100XPC,0,2.34,3.45,78.75,0.208,0.208,4.8,6,0,121.15,118.55,0
REAL-FIELD-01910,A,CAT_797F_MANUAL,0,12.29,2.06,83.66,0.685,0.261,10,3.61,0,24.51,22.94,0
REAL-FIELD-01911,A,CAT_797F_MANUAL,0,23.87,15.23,116.85,0.806,0.248,5.7,3.76,0,17.62,16.39,0
REAL-FIELD-01912,E,KOMATSU_930E_AHS,1,21.13,12.9,41.27,0.276,0,5.8,0.15,0,7.03,5.22,0
REAL-FIELD-01913,C,CAT_797F_MANUAL,0,19.98,13.09,86.46,0.88,0.301,11.6,7.16,0,15.58,14.38,0
REAL-FIELD-01914,D,PALA_PH_4100XPC,0,3.67,9.34,171.39,0.169,0.115,0.9,3.82,0,168.12,165.7,0
REAL-FIELD-01915,C,CAT_797F_MANUAL,0,47.37,2.49,79.82,0.977,0.293,8.7,4.55,0,6.07,5.13,0
REAL-FIELD-01916,C,CAT_797F_MANUAL,0,25.53,12.64,175.76,0.923,0.31,11,5.45,0,24.78,23.66,0
REAL-FIELD-01917,B,PALA_PH_4100XPC,0,3,11.37,153.93,0.688,0.215,2.7,4.34,0,184.72,183.3,0
REAL-FIELD-01918,E,KOMATSU_930E_AHS,1,24.27,9.41,8.44,0.214,0,10.7,0.15,3,1.25,-0.72,1
REAL-FIELD-01919,E,KOMATSU_930E_AHS,1,36.93,4.16,164.16,0.291,0,9.1,0.15,0,16,14.23,0
REAL-FIELD-01920,E,KOMATSU_930E_AHS,1,30.51,8.36,100.53,0.196,0,6.3,0.15,0,11.86,9.85,0
REAL-FIELD-01921,D,CAT_797F_MANUAL,0,32.78,2.02,168.62,0.426,0.069,1.2,2.28,0,18.52,16.88,0
REAL-FIELD-01922,A,CAT_797F_MANUAL,0,39.8,14.74,157.34,0.967,0.269,7.6,5.83,0,14.23,13.34,0
REAL-FIELD-01923,A,CAT_797F_MANUAL,0,39.63,4.86,97.99,0.939,0.271,11.7,7.06,0,8.9,7.93,0
REAL-FIELD-01924,D,PALA_PH_4100XPC,0,2.97,6.15,185.69,0.375,0.089,1,1.87,0,225.08,223.25,0
REAL-FIELD-01925,D,CAT_797F_MANUAL,0,29.76,5.06,26.38,0.415,0.274,8.1,3.29,0,3.19,0.91,1
REAL-FIELD-01926,C,CAT_797F_MANUAL,0,28.08,15.12,9.91,0.441,0.299,10.7,3.53,0,1.27,-1.02,1
REAL-FIELD-01927,E,KOMATSU_930E_AHS,1,32.55,6.33,108.24,0.638,0,3.2,0.15,0,11.97,11.07,0
REAL-FIELD-01928,A,CAT_797F_MANUAL,0,13.45,3.6,113.5,0.8,0.076,3,2.55,0,30.38,29.65,0
REAL-FIELD-01929,A,CAT_797F_MANUAL,0,42.06,11.47,96.77,0.486,0.21,7.5,4.7,0,8.28,6.36,0
REAL-FIELD-01930,A,CAT_797F_MANUAL,0,19.23,13.13,149.74,0.615,0.232,4,4.48,0,28.03,26.37,0
REAL-FIELD-01931,A,CAMIONETA_4x4,0,53.26,15.32,86.23,0.661,0.279,7.5,5.62,0,5.83,4.15,0
REAL-FIELD-01932,A,CAMIONETA_4x4,0,62.47,13.44,54.98,0.612,0.092,1.9,3.37,0,3.17,1.92,1
REAL-FIELD-01933,A,CAT_797F_MANUAL,0,15.82,9.63,49.62,0.716,0.135,5,3.45,0,11.29,10.17,0
REAL-FIELD-01934,E,KOMATSU_930E_AHS,1,36.34,11.85,25.62,0.795,0,9.7,0.15,0,2.54,2.03,1
REAL-FIELD-01935,D,CAT_797F_MANUAL,0,16.21,11.79,140.84,0.168,0.171,3.6,5.1,0,31.28,28.69,0
REAL-FIELD-01936,B,PALA_PH_4100XPC,0,3.93,3.32,117.1,0.497,0.207,9.6,6.5,0,107.27,105.39,0
REAL-FIELD-01937,C,CAMIONETA_4x4,0,60.77,6.32,121.59,0.529,0.291,9.2,6.41,0,7.2,5.15,0
REAL-FIELD-01938,E,KOMATSU_930E_AHS,1,29.7,9.74,185.4,0.732,0,11,0.15,0,22.47,21.8,0
REAL-FIELD-01939,E,KOMATSU_930E_AHS,1,34.46,3.27,60.07,0.843,0,2.4,0.15,0,6.28,5.89,0
REAL-FIELD-01940,B,PALA_PH_4100XPC,0,1.59,5.19,44.59,0.642,0.225,4.9,3.81,0,999,997.43,0
REAL-FIELD-01941,E,KOMATSU_930E_AHS,1,33.87,12.49,117.85,0.493,0,11.2,0.15,0,12.53,11.26,0
REAL-FIELD-01942,D,PALA_PH_4100XPC,0,0.71,8.31,36.78,0.353,0.145,3.3,5.75,0,999,996.95,0
REAL-FIELD-01943,D,CAT_797F_MANUAL,0,28.56,12.01,118.83,0.181,0.256,10.5,4.14,0,14.98,12.16,0
REAL-FIELD-01944,E,KOMATSU_930E_AHS,1,20.17,15.72,176.26,0.268,0,6.3,0.15,0,31.46,29.63,0
REAL-FIELD-01945,B,PALA_PH_4100XPC,0,0.36,2.64,15.76,0.994,0.144,5.3,4.62,0,999,998.55,0
REAL-FIELD-01946,B,CAMIONETA_4x4,0,46.15,12.51,23.22,0.586,0.245,4.8,3.19,3,1.81,0.04,1
REAL-FIELD-01947,A,CAMIONETA_4x4,0,30.07,13.09,98.75,0.974,0.235,4.4,6.74,0,11.82,11.05,0
REAL-FIELD-01948,A,CAT_797F_MANUAL,0,22.78,10.98,121.71,0.568,0.241,9.6,4.77,0,19.23,17.43,0
REAL-FIELD-01949,C,CAT_797F_MANUAL,0,17.02,4.41,50.64,0.16,0.281,9.4,5.71,0,10.71,7.77,0
REAL-FIELD-01950,C,PALA_PH_4100XPC,0,0.21,6,148.09,0.811,0.307,10.8,3.76,0,999,997.61,0
REAL-FIELD-01951,E,KOMATSU_930E_AHS,1,21.56,5.42,73.57,0.932,0,7.2,0.15,0,12.28,12.11,0
REAL-FIELD-01952,A,CAT_797F_MANUAL,0,39.53,3.35,87.44,0.897,0.139,4.9,3.18,0,7.96,7.29,0
REAL-FIELD-01953,C,CAT_797F_MANUAL,0,48.3,13.32,12.11,0.16,0.328,9.5,5.06,0,0.9,-2.18,1
REAL-FIELD-01954,A,CAT_797F_MANUAL,0,32.5,4.69,143.05,0.929,0.062,1.2,1.9,0,15.85,15.49,0
REAL-FIELD-01955,E,KOMATSU_930E_AHS,1,31.75,10.32,44.14,0.416,0,6.8,0.15,0,5,3.54,1
REAL-FIELD-01956,B,CAMIONETA_4x4,0,45.68,12.85,13.54,0.53,0.147,2.3,5.54,2,1.07,-0.55,1
REAL-FIELD-01957,E,KOMATSU_930E_AHS,1,37.76,6.63,184.42,0.771,0,10.7,0.15,0,17.58,17.01,0
REAL-FIELD-01958,C,PALA_PH_4100XPC,0,0.63,3.23,89.55,0.253,0.314,10.1,7.03,0,999,996.19,0
REAL-FIELD-01959,A,CAT_797F_MANUAL,0,37.38,15.49,50.31,0.555,0.266,8.5,3.59,0,4.85,2.94,1
REAL-FIELD-01960,D,PALA_PH_4100XPC,0,1.62,14.36,98.7,0.351,0.248,8.8,3.65,0,999,996.63,0
REAL-FIELD-01961,C,CAT_797F_MANUAL,0,20.77,6.63,152.45,0.399,0.334,11.2,4.55,0,26.42,23.92,0
REAL-FIELD-01962,E,KOMATSU_930E_AHS,1,28.29,14.21,85.82,0.26,0,10.4,0.15,0,10.92,9.07,0
REAL-FIELD-01963,E,KOMATSU_930E_AHS,1,19.88,13.42,179.08,0.91,0,9.5,0.15,0,32.43,32.2,0
REAL-FIELD-01964,A,CAT_797F_MANUAL,0,24.08,7.82,100.07,0.835,0.136,4.4,5.56,0,14.96,14.14,0
REAL-FIELD-01965,B,CAT_797F_MANUAL,0,20.6,11.11,20.01,0.759,0.268,11.1,6.74,3,3.5,2.09,1
REAL-FIELD-01966,E,KOMATSU_930E_AHS,1,22.66,15.19,152.35,0.816,0,11.6,0.15,0,24.2,23.74,0
REAL-FIELD-01967,C,PALA_PH_4100XPC,0,0.66,15.69,172.81,0.979,0.299,9.6,4.73,0,999,998.05,0
REAL-FIELD-01968,C,PALA_PH_4100XPC,0,2.65,15.66,162.23,0.843,0.349,9.9,7.82,0,220.39,218.95,0
REAL-FIELD-01969,E,KOMATSU_930E_AHS,1,34,3.48,48.42,0.884,0,9.5,0.15,0,5.13,4.84,0
REAL-FIELD-01970,B,PALA_PH_4100XPC,0,0.83,9.82,105.51,0.654,0.27,10.6,5.85,0,999,997.32,0
REAL-FIELD-01971,B,PALA_PH_4100XPC,0,1.62,9.48,89.1,0.733,0.219,7.9,4.06,0,999,997.68,0
REAL-FIELD-01972,D,CAMIONETA_4x4,0,35.79,9.54,67.84,0.37,0.182,1.1,4.17,0,6.82,4.7,0
REAL-FIELD-01973,A,CAT_797F_MANUAL,0,37.89,15.45,116.73,0.61,0.161,2.1,4.29,0,11.09,9.63,0
REAL-FIELD-01974,D,CAT_797F_MANUAL,0,13.62,8.23,149.37,0.435,0.15,5.5,5.25,0,39.48,37.62,0
REAL-FIELD-01975,D,CAMIONETA_4x4,0,31.43,13.54,111.55,0.408,0.126,4.7,3.12,0,12.78,10.92,0
REAL-FIELD-01976,E,KOMATSU_930E_AHS,1,24.98,13.88,159.1,0.745,0,6.5,0.15,0,22.93,22.29,0
REAL-FIELD-01977,E,KOMATSU_930E_AHS,1,31.29,5.67,21.35,0.545,0,11,0.15,0,2.46,1.32,1
REAL-FIELD-01978,B,PALA_PH_4100XPC,0,0.48,11.74,140.54,0.991,0.201,4.6,3.29,0,999,998.37,0
REAL-FIELD-01979,E,KOMATSU_930E_AHS,1,18.14,9.22,19.82,0.767,0,5.1,0.15,1,3.93,3.35,1
REAL-FIELD-01980,A,CAT_797F_MANUAL,0,18,11.98,106.93,0.677,0.058,0.5,2.25,0,21.39,20.41,0
REAL-FIELD-01981,A,CAMIONETA_4x4,0,57.08,10.08,101.49,0.813,0.171,6.3,6.09,0,6.4,5.42,0
REAL-FIELD-01982,D,CAT_797F_MANUAL,0,46.18,4.31,12.19,0.259,0.254,10.2,3.07,1,0.95,-1.66,1
REAL-FIELD-01983,A,CAT_797F_MANUAL,0,25,6.67,142.28,0.979,0.12,1.9,3.44,0,20.49,20.08,0
REAL-FIELD-01984,C,CAMIONETA_4x4,0,60.67,12.52,72.27,0.4,0.332,9.4,5.43,0,4.29,1.79,1
REAL-FIELD-01985,A,CAMIONETA_4x4,0,30.53,12.88,26.63,0.503,0.161,1.4,4.29,0,3.14,1.41,1
REAL-FIELD-01986,C,PALA_PH_4100XPC,0,0.95,2.57,22.36,0.598,0.313,10.2,3.85,3,999,997.06,0
REAL-FIELD-01987,B,PALA_PH_4100XPC,0,3.84,3.76,168.14,0.539,0.099,1.5,3.97,0,157.63,156.18,0
REAL-FIELD-01988,A,CAT_797F_MANUAL,0,20.34,14.87,118.09,0.484,0.164,1.9,6.07,0,20.9,19.12,0
REAL-FIELD-01989,A,CAT_797F_MANUAL,0,20.76,7.14,141.62,0.939,0.268,7.1,6.89,0,24.56,23.6,0
REAL-FIELD-01990,A,CAT_797F_MANUAL,0,45.46,7.51,66.14,0.457,0.056,1.6,2.3,0,5.24,3.71,1
REAL-FIELD-01991,B,PALA_PH_4100XPC,0,3.12,3.11,87.04,0.778,0.136,3.7,2.02,0,100.43,99.47,0
REAL-FIELD-01992,A,CAT_797F_MANUAL,0,29.45,8.55,64.75,0.903,0.202,3,6.21,0,7.92,7.07,0
REAL-FIELD-01993,A,CAT_797F_MANUAL,0,32.69,11.45,93.17,0.735,0.196,9.1,3.56,0,10.26,9.01,0
REAL-FIELD-01994,A,CAT_797F_MANUAL,0,19.51,12.08,112.72,0.736,0.072,0.7,2.04,0,20.8,19.92,0
REAL-FIELD-01995,D,CAT_797F_MANUAL,0,35.18,13.02,119.55,0.184,0.126,3.8,5.33,0,12.23,9.81,0
REAL-FIELD-01996,D,CAMIONETA_4x4,0,37.4,11.25,92.17,0.24,0.133,5.8,5.55,0,8.87,6.57,0
REAL-FIELD-01997,A,CAT_797F_MANUAL,0,29.95,15.39,158.11,0.507,0.243,7.1,3.22,0,19,17.04,0
REAL-FIELD-01998,B,PALA_PH_4100XPC,0,3.21,5.79,105.87,0.623,0.238,9,3.1,0,118.73,117.07,0
REAL-FIELD-01999,A,CAT_797F_MANUAL,0,21.99,4.12,55.33,0.518,0.211,3.2,2.98,0,9.06,7.22,0
REAL-FIELD-02000,D,CAT_797F_MANUAL,0,41.72,9.89,71.72,0.222,0.179,7.3,5.12,0,6.19,3.71,1
REAL-FIELD-02001,D,CAT_797F_MANUAL,0,42.05,9.6,44.29,0.199,0.24,5.6,5.31,0,3.79,1.07,1
REAL-FIELD-02002,D,CAMIONETA_4x4,0,52.16,14.57,47.93,0.161,0.228,8.6,3.46,0,3.31,0.53,1
REAL-FIELD-02003,D,CAMIONETA_4x4,0,48.02,5.78,163.25,0.415,0.265,9.3,6.36,0,12.24,9.98,0
REAL-FIELD-02004,E,KOMATSU_930E_AHS,1,35.3,9.22,124.27,0.157,0,3.5,0.15,0,12.67,10.56,0
REAL-FIELD-02005,A,CAMIONETA_4x4,0,29.61,10.88,110.01,0.479,0.22,9.3,3.24,0,13.38,11.42,0
REAL-FIELD-02006,D,CAMIONETA_4x4,0,53.7,8.7,107.51,0.394,0.231,8.8,5.39,0,7.21,5,0
REAL-FIELD-02007,A,CAT_797F_MANUAL,0,34.75,8.24,77.89,0.479,0.179,6,3.59,0,8.07,6.23,0
REAL-FIELD-02008,A,CAT_797F_MANUAL,0,26.72,6.12,143.53,0.682,0.209,2.7,3.18,0,19.34,17.92,0
REAL-FIELD-02009,E,KOMATSU_930E_AHS,1,32.59,12.18,150.51,0.662,0,5.7,0.15,0,16.63,15.78,0
REAL-FIELD-02010,A,CAT_797F_MANUAL,0,33.69,15.58,162.84,0.667,0.192,6.4,5.47,0,17.4,15.99,0
REAL-FIELD-02011,E,KOMATSU_930E_AHS,1,33.57,8.56,182.79,0.818,0,11,0.15,0,19.6,19.14,0
REAL-FIELD-02012,A,CAT_797F_MANUAL,0,35.34,14.22,99.59,0.828,0.118,4,5.68,0,10.14,9.36,0
REAL-FIELD-02013,E,KOMATSU_930E_AHS,1,27.2,9.11,155.98,0.853,0,4.3,0.15,0,20.64,20.27,0
REAL-FIELD-02014,D,CAMIONETA_4x4,0,46.17,15.87,109.03,0.186,0.204,7.7,6.04,0,8.5,5.85,0
REAL-FIELD-02015,E,KOMATSU_930E_AHS,1,28.91,14.19,156.75,0.967,0,7.8,0.15,0,19.52,19.44,0
REAL-FIELD-02016,A,CAMIONETA_4x4,0,44.61,5.8,132.2,0.495,0.174,0.6,6.16,0,10.67,8.89,0
REAL-FIELD-02017,D,CAMIONETA_4x4,0,33.31,15.71,58.72,0.39,0.11,4.1,3.64,0,6.35,4.49,0
REAL-FIELD-02018,C,CAT_797F_MANUAL,0,42.51,11.63,9.33,0.834,0.342,11.1,7.56,0,0.79,-0.65,1
REAL-FIELD-02019,C,CAT_797F_MANUAL,0,36.08,6.44,39.05,0.429,0.311,7.8,5,0,3.9,1.54,1
REAL-FIELD-02020,E,KOMATSU_930E_AHS,1,19.86,15.37,38.84,0.854,0,5.1,0.15,0,7.04,6.68,0
REAL-FIELD-02021,B,PALA_PH_4100XPC,0,1.51,15.69,136.08,0.806,0.264,7.2,4.53,0,999,997.72,0
REAL-FIELD-02022,D,CAMIONETA_4x4,0,54.46,14.8,43.22,0.208,0.194,1.9,5.76,0,2.86,0.3,1
REAL-FIELD-02023,D,CAMIONETA_4x4,0,52.68,7.05,150.54,0.362,0.203,4.8,5.69,0,10.29,8.09,0
REAL-FIELD-02024,E,KOMATSU_930E_AHS,1,29.63,15.88,182.59,0.787,0,3.1,0.15,0,22.18,21.65,0
REAL-FIELD-02025,C,CAT_797F_MANUAL,0,24.21,9.08,79.81,0.892,0.291,8,4.3,0,11.87,10.73,0
REAL-FIELD-02026,A,CAT_797F_MANUAL,0,24.6,4.15,156.94,0.717,0.184,6.7,2.8,0,22.97,21.71,0
REAL-FIELD-02027,E,KOMATSU_930E_AHS,1,35.33,7.89,136.88,0.244,0,3.1,0.15,0,13.95,12.06,0
REAL-FIELD-02028,B,PALA_PH_4100XPC,0,0.2,4.09,86.22,0.78,0.095,2.7,2.21,0,999,998.17,0
REAL-FIELD-02029,E,KOMATSU_930E_AHS,1,34.09,10.37,144.4,0.686,0,7.3,0.15,0,15.25,14.46,0
REAL-FIELD-02030,C,PALA_PH_4100XPC,0,2.66,5.48,54.67,0.151,0.296,9.2,3.58,0,73.99,70.98,0
REAL-FIELD-02031,E,KOMATSU_930E_AHS,1,26.79,11.95,20.92,0.587,0,5.2,0.15,1,2.81,1.78,1
REAL-FIELD-02032,E,KOMATSU_930E_AHS,1,18.89,3.57,177.39,0.569,0,5.7,0.15,0,33.81,32.73,0
REAL-FIELD-02033,C,CAT_797F_MANUAL,0,28.51,14.8,124.52,0.194,0.315,10,5.05,0,15.72,12.76,0
REAL-FIELD-02034,C,CAT_797F_MANUAL,0,47.05,14.76,132.68,0.499,0.313,10.9,4.23,0,10.15,7.96,0
REAL-FIELD-02035,C,PALA_PH_4100XPC,0,1.41,9.19,154.82,0.514,0.289,8.7,5.98,0,999,996.92,0
REAL-FIELD-02036,E,KOMATSU_930E_AHS,1,33.17,4.5,90.9,0.388,0,6.9,0.15,0,9.87,8.34,0
REAL-FIELD-02037,E,KOMATSU_930E_AHS,1,32.26,3.39,50.71,0.497,0,9.9,0.15,0,5.66,4.4,0
REAL-FIELD-02038,D,CAT_797F_MANUAL,0,25.74,11.9,171.89,0.392,0.12,3.6,4.85,0,24.04,22.16,0
REAL-FIELD-02039,B,CAT_797F_MANUAL,0,43.6,2.04,23.29,0.581,0.159,4.8,5.13,3,1.92,0.4,1
REAL-FIELD-02040,A,CAT_797F_MANUAL,0,32.72,11.9,53.71,0.971,0.188,3.9,3.51,0,5.91,5.27,0
REAL-FIELD-02041,A,CAT_797F_MANUAL,0,37.04,6.07,40.75,0.646,0.137,2.3,5.08,0,3.96,2.66,1
REAL-FIELD-02042,B,PALA_PH_4100XPC,0,1.37,11.02,121.66,0.587,0.135,2.3,5.6,0,999,997.56,0
REAL-FIELD-02043,E,KOMATSU_930E_AHS,1,34.85,12.58,16.67,0.962,0,10.9,0.15,3,1.72,1.62,1
REAL-FIELD-02044,D,CAT_797F_MANUAL,0,27.4,5.15,167.06,0.241,0.107,1.5,3.22,0,21.95,19.73,0
REAL-FIELD-02045,A,CAT_797F_MANUAL,0,12.11,4.84,110.91,0.574,0.274,11.8,6.61,0,32.97,31.08,0
REAL-FIELD-02046,E,KOMATSU_930E_AHS,1,32.06,10.19,192.79,0.249,0,9.5,0.15,0,21.65,19.77,0
REAL-FIELD-02047,A,CAT_797F_MANUAL,0,45.08,2.87,149.15,0.832,0.135,1.9,4.14,0,11.91,11.08,0
REAL-FIELD-02048,A,CAT_797F_MANUAL,0,18.3,8.25,82.67,0.907,0.206,2.5,5.09,0,16.26,15.41,0
REAL-FIELD-02049,E,KOMATSU_930E_AHS,1,32,15.24,46.89,0.474,0,6.4,0.15,0,5.28,3.97,1
REAL-FIELD-02050,C,CAMIONETA_4x4,0,59.77,8.16,94.23,0.655,0.291,11,4.42,0,5.68,3.94,1
REAL-FIELD-02051,D,CAT_797F_MANUAL,0,20.12,12.57,103.42,0.342,0.224,4.6,4.09,0,18.5,16.18,0
REAL-FIELD-02052,A,CAT_797F_MANUAL,0,22.38,14.26,130.2,0.725,0.055,0.9,1.37,0,20.94,20.09,0
REAL-FIELD-02053,D,CAT_797F_MANUAL,0,14.69,14.73,188.62,0.155,0.224,10.7,6.28,0,46.22,43.44,0
REAL-FIELD-02054,D,CAT_797F_MANUAL,0,37.39,14.86,31.02,0.43,0.176,4.2,4.76,0,2.99,1.04,1
REAL-FIELD-02055,A,CAT_797F_MANUAL,0,14.78,13.85,47.18,0.715,0.249,4.7,5.31,0,11.49,10.03,0
REAL-FIELD-02056,C,PALA_PH_4100XPC,0,1.44,7.76,130.82,0.452,0.305,8.7,7.21,0,999,996.72,0
REAL-FIELD-02057,D,PALA_PH_4100XPC,0,1.44,7.41,102.39,0.152,0.169,6.1,3.93,0,999,996.37,0
REAL-FIELD-02058,A,CAT_797F_MANUAL,0,45.06,3.82,108.86,0.521,0.168,8,6.04,0,8.7,7,0
REAL-FIELD-02059,D,PALA_PH_4100XPC,0,1,9.81,117.75,0.312,0.278,10.7,6.21,0,999,996.45,0
REAL-FIELD-02060,A,CAT_797F_MANUAL,0,24.54,4.03,125.92,0.553,0.189,4.9,5.14,0,18.47,16.79,0
REAL-FIELD-02061,B,PALA_PH_4100XPC,0,0.01,6.96,186.94,0.946,0.124,0.6,4.25,0,999,998.49,0
REAL-FIELD-02062,D,PALA_PH_4100XPC,0,1.65,3.01,153.93,0.347,0.133,5,2.54,0,999,996.97,0
REAL-FIELD-02063,D,CAT_797F_MANUAL,0,28.92,15,22.82,0.281,0.187,3.2,5.99,0,2.84,0.48,1
REAL-FIELD-02064,E,KOMATSU_930E_AHS,1,26.09,11.42,67.61,0.66,0,11.5,0.15,0,9.33,8.48,0
REAL-FIELD-02065,B,PALA_PH_4100XPC,0,1.36,8.21,140.45,0.518,0.098,3.9,1.6,0,999,997.5,0
REAL-FIELD-02066,C,PALA_PH_4100XPC,0,2.51,15.03,150.68,0.811,0.295,9.9,5.45,0,216.11,214.75,0
REAL-FIELD-02067,D,PALA_PH_4100XPC,0,0.74,15.53,59.23,0.174,0.188,5.7,4.51,0,999,996.37,0
REAL-FIELD-02068,E,KOMATSU_930E_AHS,1,23.59,8.3,7.11,0.39,0,7.4,0.15,0,1.09,-0.43,1
REAL-FIELD-02069,C,CAT_797F_MANUAL,0,20.63,8.34,58.38,0.536,0.297,9.6,6.31,0,10.19,8.14,0
REAL-FIELD-02070,A,CAMIONETA_4x4,0,36.81,7.82,39.2,0.555,0.145,3.1,5.73,0,3.83,2.28,1
REAL-FIELD-02071,A,CAT_797F_MANUAL,0,24.4,4.15,132.4,0.563,0.154,4.8,5.77,0,19.53,17.98,0
REAL-FIELD-02072,D,CAT_797F_MANUAL,0,46.73,14.75,25.86,0.28,0.212,10.3,5.61,3,1.99,-0.45,1
REAL-FIELD-02073,E,KOMATSU_930E_AHS,1,29,6.56,102.92,0.291,0,8.7,0.15,0,12.78,11.01,0
REAL-FIELD-02074,A,CAT_797F_MANUAL,0,30.06,3.22,190.19,0.671,0.227,3.5,4,0,22.78,21.28,0
REAL-FIELD-02075,C,CAT_797F_MANUAL,0,24.66,7.09,135.11,0.259,0.293,11.1,7.08,0,19.72,16.99,0
REAL-FIELD-02076,A,CAMIONETA_4x4,0,44.79,15.48,105.71,0.896,0.228,6.8,2.9,0,8.5,7.56,0
REAL-FIELD-02077,C,CAT_797F_MANUAL,0,37.36,2.75,154.83,0.643,0.313,10.9,5.87,0,14.92,13.09,0
REAL-FIELD-02078,D,CAT_797F_MANUAL,0,28.78,10.81,5.12,0.394,0.145,4.2,2.22,0,0.64,-1.31,1
REAL-FIELD-02079,E,KOMATSU_930E_AHS,1,37.41,13.48,95.28,0.425,0,7.6,0.15,0,9.17,7.73,0
REAL-FIELD-02080,A,CAT_797F_MANUAL,0,20.11,12.22,122.07,0.834,0.242,7,6.26,0,21.85,20.71,0
REAL-FIELD-02081,E,KOMATSU_930E_AHS,1,36.35,2.8,134.68,0.954,0,2.9,0.15,0,13.34,13.22,0
REAL-FIELD-02082,A,CAT_797F_MANUAL,0,39.67,5.45,138.43,0.832,0.244,6.6,4.1,0,12.56,11.41,0
REAL-FIELD-02083,E,KOMATSU_930E_AHS,1,30.53,10.47,41.46,0.911,0,7.1,0.15,0,4.89,4.67,0
REAL-FIELD-02084,A,CAT_797F_MANUAL,0,34.07,12.33,106.42,0.974,0.164,1,4.48,0,11.24,10.68,0
REAL-FIELD-02085,A,CAMIONETA_4x4,0,35.51,13.42,192.58,0.605,0.177,7.5,2.64,0,19.52,18,0
REAL-FIELD-02086,C,CAT_797F_MANUAL,0,35.76,7.22,166.41,0.842,0.323,10.6,4.16,0,16.75,15.39,0
REAL-FIELD-02087,E,KOMATSU_930E_AHS,1,33.77,15.07,178.8,0.797,0,1.7,0.15,0,19.06,18.55,0
REAL-FIELD-02088,B,CAT_797F_MANUAL,0,34.88,11.35,12.36,0.626,0.25,11.1,5.05,0,1.28,-0.4,1
REAL-FIELD-02089,C,CAMIONETA_4x4,0,39.06,9.9,169.86,0.975,0.339,10.8,7.89,0,15.66,14.58,0
REAL-FIELD-02090,A,CAT_797F_MANUAL,0,18.17,7.03,78.45,0.983,0.209,10,5.63,0,15.54,14.87,0
REAL-FIELD-02091,E,KOMATSU_930E_AHS,1,35.14,10.82,166.65,0.303,0,1.8,0.15,0,17.07,15.33,0
REAL-FIELD-02092,D,CAMIONETA_4x4,0,56.34,12.45,51.44,0.332,0.172,4.3,2.41,0,3.29,1.1,1
REAL-FIELD-02093,A,CAT_797F_MANUAL,0,46.72,12.03,174.22,0.553,0.169,6.1,6.17,0,13.42,11.8,0
REAL-FIELD-02094,B,PALA_PH_4100XPC,0,0.84,14.29,153.01,0.876,0.251,9.3,5.84,0,999,997.94,0
REAL-FIELD-02095,D,CAT_797F_MANUAL,0,41.36,10.85,57.74,0.285,0.124,1.2,4.35,0,5.03,2.87,1
REAL-FIELD-02096,E,KOMATSU_930E_AHS,1,33.67,8.41,143.55,0.262,0,8.7,0.15,0,15.35,13.5,0
REAL-FIELD-02097,E,KOMATSU_930E_AHS,1,27.49,9.18,9.06,0.96,0,5.6,0.15,0,1.19,1.09,1
REAL-FIELD-02098,A,CAT_797F_MANUAL,0,25.49,9.64,100.09,0.494,0.114,1.7,5.57,0,14.14,12.53,0
REAL-FIELD-02099,D,CAT_797F_MANUAL,0,21.9,4.09,83.38,0.184,0.141,3,4.7,0,13.71,11.25,0
REAL-FIELD-02100,D,CAT_797F_MANUAL,0,45.78,4.06,72.15,0.205,0.208,4.6,2.71,0,5.67,3.06,1
REAL-FIELD-02101,E,KOMATSU_930E_AHS,1,35.28,2.54,103.12,0.493,0,3.7,0.15,0,10.52,9.25,0
REAL-FIELD-02102,B,PALA_PH_4100XPC,0,3.24,15.39,7.95,0.969,0.13,5.3,4.91,0,8.83,8.36,0
REAL-FIELD-02103,A,CAMIONETA_4x4,0,29.93,11.36,32.12,0.595,0.143,4.1,2.3,0,3.86,2.42,1
REAL-FIELD-02104,E,KOMATSU_930E_AHS,1,22.85,12.88,62.77,0.271,0,9.8,0.15,0,9.89,8.07,0
REAL-FIELD-02105,A,CAT_797F_MANUAL,0,35.38,12.1,129.16,0.586,0.11,0.5,1.86,0,13.14,11.78,0
REAL-FIELD-02106,D,CAMIONETA_4x4,0,47.03,3.6,86.33,0.439,0.13,5.9,2.8,0,6.61,4.82,0
REAL-FIELD-02107,D,CAT_797F_MANUAL,0,35.22,7.9,28.77,0.31,0.138,3.2,2.7,3,2.94,0.8,1
REAL-FIELD-02108,C,CAT_797F_MANUAL,0,41.33,9.51,57.06,0.683,0.335,11.6,3.86,0,4.97,3.17,1
REAL-FIELD-02109,A,CAMIONETA_4x4,0,40.61,5.38,146.19,0.637,0.224,9.4,6.31,0,12.96,11.38,0
REAL-FIELD-02110,B,CAT_797F_MANUAL,0,15.37,2.55,19.07,0.974,0.221,10.3,3.72,1,4.47,3.74,1
REAL-FIELD-02111,D,CAMIONETA_4x4,0,25.28,10.66,163.98,0.336,0.214,6.5,5.8,0,23.35,21.05,0
REAL-FIELD-02112,B,PALA_PH_4100XPC,0,3.08,9.41,118.61,0.96,0.174,2.2,3.58,0,138.64,138.02,0
REAL-FIELD-02113,E,KOMATSU_930E_AHS,1,30.06,2.12,54.25,0.182,0,7.9,0.15,0,6.5,4.46,0
REAL-FIELD-02114,D,CAMIONETA_4x4,0,36.2,15.96,61.56,0.29,0.161,1.5,3.49,0,6.12,3.86,1
REAL-FIELD-02115,E,KOMATSU_930E_AHS,1,23.68,2.92,90.54,0.208,0,8.2,0.15,0,13.76,11.78,0
REAL-FIELD-02116,C,CAT_797F_MANUAL,0,13.05,4.69,140.56,0.369,0.34,9.5,5.67,0,38.78,36.18,0
REAL-FIELD-02117,D,CAT_797F_MANUAL,0,35.88,3.9,171.61,0.426,0.202,7.8,4.42,0,17.22,15.18,0
REAL-FIELD-02118,D,CAT_797F_MANUAL,0,48.07,3.8,50.31,0.221,0.224,4.2,6.38,0,3.77,1.15,1
REAL-FIELD-02119,D,CAT_797F_MANUAL,0,27.7,2.52,90.96,0.215,0.162,3.3,4.09,0,11.82,9.37,0
REAL-FIELD-02120,A,CAT_797F_MANUAL,0,15.34,15.31,110.18,0.499,0.092,3.8,2.44,0,25.86,24.33,0
REAL-FIELD-02121,E,KOMATSU_930E_AHS,1,27.61,15.03,73.09,0.297,0,3.7,0.15,0,9.53,7.77,0
REAL-FIELD-02122,D,PALA_PH_4100XPC,0,0.48,3.2,44.43,0.185,0.103,1.8,4.81,0,999,996.65,0
REAL-FIELD-02123,E,KOMATSU_930E_AHS,1,19.23,4.49,56.52,0.465,0,10.2,0.15,0,10.58,9.24,0
REAL-FIELD-02124,C,PALA_PH_4100XPC,0,2.03,7.14,25.62,0.223,0.285,7.9,4.3,0,45.43,42.63,0
REAL-FIELD-02125,E,KOMATSU_930E_AHS,1,19.29,15.42,181.03,0.893,0,7.1,0.15,0,33.78,33.51,0
REAL-FIELD-02126,E,KOMATSU_930E_AHS,1,25.86,8.73,143.14,0.214,0,8,0.15,0,19.93,17.96,0
REAL-FIELD-02127,A,CAMIONETA_4x4,0,39.33,14.01,41.79,0.513,0.102,2.3,3.52,0,3.83,2.31,1
REAL-FIELD-02128,D,CAMIONETA_4x4,0,39.68,3.81,176.56,0.293,0.161,6.3,2.56,0,16.02,13.77,0
REAL-FIELD-02129,B,PALA_PH_4100XPC,0,1.13,9.42,92.87,0.593,0.18,5.5,2.91,0,999,997.44,0
REAL-FIELD-02130,A,CAT_797F_MANUAL,0,18.81,8.42,49.63,0.987,0.275,8.2,5.43,0,9.5,8.64,0
REAL-FIELD-02131,C,CAT_797F_MANUAL,0,19.2,13.61,27.63,0.583,0.32,11,5.63,3,5.18,3.18,1
REAL-FIELD-02132,B,PALA_PH_4100XPC,0,1.23,15.09,11.6,0.804,0.167,4.7,4.13,1,999,998.01,0
REAL-FIELD-02133,A,CAT_797F_MANUAL,0,34.9,3.87,94.06,0.988,0.196,8.6,3.45,0,9.7,9.08,0
REAL-FIELD-02134,B,PALA_PH_4100XPC,0,0.07,9.22,45.01,0.736,0.245,7.2,6.86,0,999,997.6,0
REAL-FIELD-02135,E,KOMATSU_930E_AHS,1,18.76,10.46,173.36,0.681,0,1,0.15,0,33.27,32.47,0
REAL-FIELD-02136,D,CAMIONETA_4x4,0,54.79,11.03,18.98,0.335,0.098,0.9,1.85,0,1.25,-0.71,1
REAL-FIELD-02137,E,KOMATSU_930E_AHS,1,19.74,8.99,66.92,0.739,0,1.1,0.15,0,12.2,11.55,0
REAL-FIELD-02138,A,CAT_797F_MANUAL,0,17.48,13.27,153.65,0.499,0.273,9.5,4.12,0,31.64,29.57,0
REAL-FIELD-02139,E,KOMATSU_930E_AHS,1,30.36,6.9,84.19,0.822,0,8.4,0.15,0,9.98,9.54,0
REAL-FIELD-02140,D,CAT_797F_MANUAL,0,45.65,11.59,111.79,0.287,0.223,8.2,6.07,0,8.82,6.37,0
REAL-FIELD-02141,A,CAMIONETA_4x4,0,43.47,3.19,162.13,0.666,0.071,2.6,1.75,0,13.43,12.38,0
REAL-FIELD-02142,C,CAT_797F_MANUAL,0,21.45,14.95,178.37,0.43,0.338,10.8,4.29,0,29.94,27.5,0
REAL-FIELD-02143,D,CAT_797F_MANUAL,0,22.07,7.73,109.84,0.212,0.258,5.9,5.52,0,17.92,15.18,0
REAL-FIELD-02144,E,KOMATSU_930E_AHS,1,26.16,8.59,118.72,0.492,0,11.2,0.15,0,16.34,15.07,0
REAL-FIELD-02145,D,CAT_797F_MANUAL,0,12.85,11.88,100.92,0.356,0.203,4.2,4.82,0,28.27,26.05,0
REAL-FIELD-02146,A,CAT_797F_MANUAL,0,25.06,4.81,86.15,0.513,0.127,1.7,5.24,0,12.38,10.78,0
REAL-FIELD-02147,A,CAT_797F_MANUAL,0,30.02,3.2,113.42,0.455,0.257,10.8,6.22,0,13.6,11.47,0
REAL-FIELD-02148,D,PALA_PH_4100XPC,0,1.74,10.65,93.36,0.335,0.178,2.8,3.93,0,999,996.8,0
REAL-FIELD-02149,C,PALA_PH_4100XPC,0,1.06,3.02,174.5,0.335,0.299,9.9,5.41,0,999,996.44,0
REAL-FIELD-02150,B,CAT_797F_MANUAL,0,36.36,3.27,15.46,0.458,0.169,7.8,5.26,3,1.53,-0.33,1
REAL-FIELD-02151,A,CAT_797F_MANUAL,0,49.87,9.32,158.98,0.633,0.202,3.7,6.19,0,11.48,9.96,0
REAL-FIELD-02152,C,PALA_PH_4100XPC,0,3.23,11.81,47.11,0.452,0.33,11.7,6.95,0,52.51,50.15,0
REAL-FIELD-02153,B,PALA_PH_4100XPC,0,0.65,2.4,116.92,0.702,0.266,6.7,5.58,0,999,997.46,0
REAL-FIELD-02154,A,CAT_797F_MANUAL,0,39.26,13.27,40.13,0.512,0.116,2,5.07,0,3.68,2.11,1
REAL-FIELD-02155,C,CAT_797F_MANUAL,0,29.69,4.06,138.18,0.906,0.326,11,6.93,0,16.75,15.54,0
REAL-FIELD-02156,A,CAT_797F_MANUAL,0,23.39,2.85,163.34,0.813,0.107,2.4,2.03,0,25.14,24.35,0
REAL-FIELD-02157,E,KOMATSU_930E_AHS,1,29.47,15.02,169.5,0.777,0,6.3,0.15,0,20.71,20.15,0
REAL-FIELD-02158,A,CAT_797F_MANUAL,0,31.4,4.43,177.46,0.69,0.28,10.3,5.56,0,20.35,18.74,0
REAL-FIELD-02159,E,KOMATSU_930E_AHS,1,30.55,7.76,164.28,0.884,0,10.7,0.15,0,19.36,19.07,0
REAL-FIELD-02160,B,PALA_PH_4100XPC,0,3.7,14.6,153.94,0.547,0.147,3.2,3.37,0,149.78,148.21,0
REAL-FIELD-02161,E,KOMATSU_930E_AHS,1,37.58,13.54,7.08,0.517,0,8.4,0.15,0,0.68,-0.53,1
REAL-FIELD-02162,B,CAMIONETA_4x4,0,32.47,9.28,24.64,0.881,0.202,4.7,4.67,0,2.73,1.83,1
REAL-FIELD-02163,A,CAT_797F_MANUAL,0,44.12,6.47,112.3,0.837,0.186,5.5,6.09,0,9.16,8.19,0
REAL-FIELD-02164,A,CAT_797F_MANUAL,0,27.02,6.03,99.1,0.723,0.12,2.1,3.71,0,13.2,12.15,0
REAL-FIELD-02165,D,CAT_797F_MANUAL,0,40.59,2.41,40.06,0.23,0.222,7.6,5.86,0,3.55,0.96,1
REAL-FIELD-02166,B,PALA_PH_4100XPC,0,2.56,8.03,172.45,0.775,0.108,0.5,2.34,0,242.51,241.62,0
REAL-FIELD-02167,C,CAT_797F_MANUAL,0,47.3,9.27,121.07,0.929,0.298,10.7,3.67,0,9.21,8.14,0
REAL-FIELD-02168,E,KOMATSU_930E_AHS,1,35.86,12.1,9.95,0.491,0,3.5,0.15,1,1,-0.27,1
REAL-FIELD-02169,A,CAT_797F_MANUAL,0,35.22,13.36,119.03,0.666,0.232,4.4,5.46,0,12.17,10.64,0
REAL-FIELD-02170,E,KOMATSU_930E_AHS,1,28.68,12.85,35.04,0.152,0,6.7,0.15,0,4.4,2.28,1
REAL-FIELD-02171,D,CAT_797F_MANUAL,0,23.27,14.16,21.5,0.251,0.279,9.1,6.44,1,3.33,0.62,1
REAL-FIELD-02172,A,CAT_797F_MANUAL,0,49.28,11.08,41.09,0.909,0.167,4.9,4.33,0,3,2.27,1
REAL-FIELD-02173,E,KOMATSU_930E_AHS,1,25.39,12.94,26.51,0.313,0,11,0.15,1,3.76,2.04,1
REAL-FIELD-02174,D,CAT_797F_MANUAL,0,44.6,4.73,75.59,0.242,0.115,4.8,1.67,0,6.1,3.86,1
REAL-FIELD-02175,E,KOMATSU_930E_AHS,1,26.5,4.36,60.74,0.269,0,5.5,0.15,0,8.25,6.42,0
REAL-FIELD-02176,E,KOMATSU_930E_AHS,1,24.44,2.34,125.56,0.491,0,7.7,0.15,0,18.49,17.22,0
REAL-FIELD-02177,E,KOMATSU_930E_AHS,1,31.53,12.76,11.43,0.278,0,3.2,0.15,0,1.31,-0.49,1
REAL-FIELD-02178,E,KOMATSU_930E_AHS,1,33.18,3.02,22.85,0.959,0,6.4,0.15,3,2.48,2.38,1
REAL-FIELD-02179,C,PALA_PH_4100XPC,0,2.37,4.86,13.98,0.861,0.324,11.3,5.76,1,21.24,19.92,0
REAL-FIELD-02180,A,CAT_797F_MANUAL,0,27.21,2.36,178.65,0.541,0.131,1.6,3.87,0,23.64,22.1,0
REAL-FIELD-02181,D,CAMIONETA_4x4,0,38.3,7.26,19.95,0.278,0.21,3.2,5.26,1,1.88,-0.56,1
REAL-FIELD-02182,E,KOMATSU_930E_AHS,1,24.41,5.03,153.05,0.206,0,9,0.15,0,22.57,20.58,0
REAL-FIELD-02183,E,KOMATSU_930E_AHS,1,32.58,13.48,114.58,0.63,0,8.4,0.15,0,12.66,11.74,0
REAL-FIELD-02184,C,CAT_797F_MANUAL,0,18.56,6.21,160.79,0.21,0.308,10.1,6.41,0,31.19,28.29,0
REAL-FIELD-02185,A,CAT_797F_MANUAL,0,49,9.8,85.87,0.624,0.229,8.8,5.47,0,6.31,4.68,0
REAL-FIELD-02186,E,KOMATSU_930E_AHS,1,37.46,4.57,35.46,0.594,0,5,0.15,0,3.41,2.4,1
REAL-FIELD-02187,D,CAMIONETA_4x4,0,30.59,15.96,58.11,0.435,0.125,3.8,4.67,0,6.84,5.05,0
REAL-FIELD-02188,D,CAT_797F_MANUAL,0,48.47,15.31,53.5,0.404,0.19,2.8,3.68,0,3.97,1.91,1
REAL-FIELD-02189,C,CAT_797F_MANUAL,0,13.56,15.75,136.9,0.956,0.281,8,6.43,0,36.35,35.4,0
REAL-FIELD-02190,D,CAT_797F_MANUAL,0,24.94,7.95,6.27,0.393,0.268,10.2,4.76,2,0.91,-1.41,1
REAL-FIELD-02191,A,CAT_797F_MANUAL,0,17.85,13.66,151.29,0.574,0.184,5.1,4.62,0,30.51,28.89,0
REAL-FIELD-02192,E,KOMATSU_930E_AHS,1,29.95,8.79,58.4,0.512,0,1.8,0.15,0,7.02,5.8,0
REAL-FIELD-02193,D,CAMIONETA_4x4,0,29.66,13.36,30.04,0.31,0.269,9.9,4.11,0,3.65,1.12,1
REAL-FIELD-02194,A,CAT_797F_MANUAL,0,20.24,2.81,191.93,0.88,0.142,3,3.65,0,34.14,33.41,0
REAL-FIELD-02195,E,KOMATSU_930E_AHS,1,29.14,3.36,125.09,0.924,0,7.8,0.15,0,15.45,15.26,0
REAL-FIELD-02196,E,KOMATSU_930E_AHS,1,25.62,9.59,113.64,0.349,0,4.9,0.15,0,15.97,14.34,0
REAL-FIELD-02197,A,CAMIONETA_4x4,0,31.29,6.13,181.75,0.927,0.116,4.1,2.31,0,20.91,20.38,0
REAL-FIELD-02198,D,CAT_797F_MANUAL,0,21.94,4.87,69.72,0.327,0.157,1.2,4.53,0,11.44,9.29,0
REAL-FIELD-02199,D,PALA_PH_4100XPC,0,2.02,9.58,50.44,0.256,0.09,3.5,5.11,0,89.89,87.76,0
REAL-FIELD-02200,A,CAT_797F_MANUAL,0,41.78,4.85,49.85,0.69,0.211,5.5,5.04,0,4.3,2.89,1
REAL-FIELD-02201,E,KOMATSU_930E_AHS,1,19.38,5.84,44.53,0.934,0,1.8,0.15,0,8.27,8.1,0
REAL-FIELD-02202,A,CAT_797F_MANUAL,0,32.81,3.18,56.34,0.487,0.144,3.9,4.92,0,6.18,4.47,0
REAL-FIELD-02203,E,KOMATSU_930E_AHS,1,34.97,14.1,168.41,0.709,0,0.9,0.15,0,17.34,16.61,0
REAL-FIELD-02204,D,CAT_797F_MANUAL,0,49.42,5.56,134.74,0.255,0.218,4.7,3.2,0,9.82,7.3,0
REAL-FIELD-02205,A,CAT_797F_MANUAL,0,45.81,9.39,117.9,0.712,0.271,7.4,3.77,0,9.27,7.74,0
REAL-FIELD-02206,B,PALA_PH_4100XPC,0,2.21,11.72,118.09,0.511,0.263,11.9,6.51,0,192.36,190.35,0
REAL-FIELD-02207,D,CAMIONETA_4x4,0,53.42,10.07,88.25,0.447,0.162,4.6,5.18,0,5.95,4.08,0
REAL-FIELD-02208,B,PALA_PH_4100XPC,0,2.25,9.92,116.72,0.843,0.166,7.2,4.38,0,186.75,185.86,0
REAL-FIELD-02209,C,CAT_797F_MANUAL,0,48.08,8.17,40.02,0.79,0.291,9.6,6.42,0,3,1.6,1
REAL-FIELD-02210,D,CAMIONETA_4x4,0,36.2,2.85,62.53,0.3,0.132,1.1,2.01,0,6.22,4.07,0
REAL-FIELD-02211,B,PALA_PH_4100XPC,0,1.64,13.59,74.39,0.821,0.209,3.9,5.6,0,999,997.93,0
REAL-FIELD-02212,E,KOMATSU_930E_AHS,1,33.25,13.65,21.94,0.178,0,2.4,0.15,1,2.38,0.32,1
REAL-FIELD-02213,E,KOMATSU_930E_AHS,1,20.78,5.29,93.17,0.62,0,11.7,0.15,0,16.14,15.19,0
REAL-FIELD-02214,A,CAT_797F_MANUAL,0,14.81,3.62,159.5,0.55,0.084,1.1,1.61,0,38.77,37.39,0
REAL-FIELD-02215,E,KOMATSU_930E_AHS,1,32.41,15.27,101.57,0.812,0,5.2,0.15,0,11.28,10.81,0
REAL-FIELD-02216,D,PALA_PH_4100XPC,0,2.88,12.71,16.9,0.293,0.277,8.4,7.23,0,21.12,18.52,0
REAL-FIELD-02217,E,KOMATSU_930E_AHS,1,32.4,13.32,187.31,0.877,0,10.4,0.15,0,20.81,20.5,0
REAL-FIELD-02218,A,CAT_797F_MANUAL,0,43.06,3.95,96.78,0.872,0.21,4.2,3.64,0,8.09,7.14,0
REAL-FIELD-02219,A,CAMIONETA_4x4,0,56.42,12.17,89.88,0.523,0.083,2.5,1.94,0,5.73,4.29,0
REAL-FIELD-02220,E,KOMATSU_930E_AHS,1,25.81,14.88,88.99,0.776,0,4.8,0.15,0,12.41,11.85,0
REAL-FIELD-02221,D,CAT_797F_MANUAL,0,23.63,14.1,56.82,0.235,0.14,1.8,2.32,0,8.66,6.33,0
REAL-FIELD-02222,E,KOMATSU_930E_AHS,1,19.69,8.15,43.2,0.619,0,10.9,0.15,0,7.9,6.95,0
REAL-FIELD-02223,D,PALA_PH_4100XPC,0,0.1,15.02,19.15,0.15,0.246,5.8,3.95,1,999,996.14,0
REAL-FIELD-02224,D,CAT_797F_MANUAL,0,43.06,13.88,75.42,0.325,0.125,5.3,3.36,0,6.31,4.25,0
REAL-FIELD-02225,A,CAT_797F_MANUAL,0,37.21,11.18,161.31,0.685,0.181,7,4.87,0,15.61,14.28,0
REAL-FIELD-02226,E,KOMATSU_930E_AHS,1,35.25,4.3,124.89,0.165,0,3.1,0.15,0,12.75,10.66,0
REAL-FIELD-02227,E,KOMATSU_930E_AHS,1,22.16,6.8,95.94,0.541,0,10.1,0.15,0,15.59,14.44,0
REAL-FIELD-02228,E,KOMATSU_930E_AHS,1,23.56,10.05,176.94,0.884,0,7.8,0.15,0,27.04,26.75,0
REAL-FIELD-02229,A,CAT_797F_MANUAL,0,22.75,5.72,41.3,0.913,0.086,3.3,1.51,0,6.54,6.06,0
REAL-FIELD-02230,A,CAT_797F_MANUAL,0,45.76,5.47,188.39,0.486,0.236,4.7,4.3,0,14.82,12.83,0
REAL-FIELD-02231,D,PALA_PH_4100XPC,0,3.75,3.15,155.14,0.332,0.062,0.7,3.68,0,148.93,147.07,0
REAL-FIELD-02232,A,CAT_797F_MANUAL,0,39.23,15.41,43.75,0.957,0.22,10.2,5.66,0,4.01,3.24,1
REAL-FIELD-02233,A,CAMIONETA_4x4,0,62.9,9.43,180.91,0.468,0.275,6,6.93,0,10.35,8.2,0
REAL-FIELD-02234,E,KOMATSU_930E_AHS,1,37.61,3.91,142.33,0.966,0,4.7,0.15,0,13.62,13.53,0
REAL-FIELD-02235,C,CAT_797F_MANUAL,0,15.66,15.57,20.49,0.572,0.288,7.8,3.63,1,4.71,2.78,1
REAL-FIELD-02236,D,CAT_797F_MANUAL,0,35.76,4.28,37.52,0.394,0.215,9.9,3.65,0,3.78,1.62,1
REAL-FIELD-02237,C,PALA_PH_4100XPC,0,2.03,2.09,78.69,0.858,0.373,11.2,5.45,0,139.55,138.08,0
REAL-FIELD-02238,A,CAMIONETA_4x4,0,31.15,4.72,47.35,0.902,0.228,5.8,5.47,0,5.47,4.54,0
REAL-FIELD-02239,E,KOMATSU_930E_AHS,1,35.22,5.43,165.95,0.444,0,5.7,0.15,0,16.96,15.57,0
REAL-FIELD-02240,A,CAMIONETA_4x4,0,59.45,10.11,101.03,0.872,0.234,9.1,5.97,0,6.12,5.1,0
REAL-FIELD-02241,E,KOMATSU_930E_AHS,1,33.72,14.5,171.51,0.944,0,5.7,0.15,0,18.31,18.17,0
REAL-FIELD-02242,D,CAT_797F_MANUAL,0,38.41,5.68,10.66,0.24,0.169,2.7,4.88,0,1,-1.41,1
REAL-FIELD-02243,A,CAT_797F_MANUAL,0,16.95,10.75,182.57,0.567,0.21,6.9,4.9,0,38.78,37.07,0
REAL-FIELD-02244,D,CAT_797F_MANUAL,0,46.33,6.88,117.29,0.235,0.249,9.9,3.31,0,9.11,6.45,0
REAL-FIELD-02245,A,CAT_797F_MANUAL,0,49.71,4.65,103.43,0.497,0.25,4.4,5.11,0,7.49,5.48,0
REAL-FIELD-02246,D,CAT_797F_MANUAL,0,23.83,14.99,116.64,0.324,0.212,9.2,5.76,0,17.62,15.29,0
REAL-FIELD-02247,C,CAT_797F_MANUAL,0,13.43,7.52,76.28,0.341,0.321,9.7,4.61,0,20.45,17.84,0
REAL-FIELD-02248,A,CAT_797F_MANUAL,0,20,11.29,189.85,0.647,0.248,10.3,6.48,0,34.17,32.54,0
REAL-FIELD-02249,A,CAMIONETA_4x4,0,61.48,14.14,40.79,0.555,0.128,2.1,5.16,0,2.39,0.89,1
REAL-FIELD-02250,A,CAT_797F_MANUAL,0,15.66,12.04,37.14,0.686,0.259,10,5,0,8.54,6.98,0
REAL-FIELD-02251,C,PALA_PH_4100XPC,0,2.26,7.14,14.78,0.511,0.354,11.2,5.78,3,23.54,21.26,0
REAL-FIELD-02252,B,CAT_797F_MANUAL,0,19.51,11.48,5.68,0.952,0.116,4.8,1.87,0,1.05,0.58,1
REAL-FIELD-02253,D,CAT_797F_MANUAL,0,45.62,15.38,61.54,0.228,0.233,7.1,3.84,0,4.86,2.23,1
REAL-FIELD-02254,A,CAT_797F_MANUAL,0,15.27,10.99,115.7,0.473,0.235,10.2,3.79,0,27.28,25.26,0
REAL-FIELD-02255,D,CAT_797F_MANUAL,0,30.39,4.78,88.73,0.162,0.116,1.7,1.77,0,10.51,8.07,0
REAL-FIELD-02256,E,KOMATSU_930E_AHS,1,34.44,5.68,34.84,0.251,0,2.3,0.15,0,3.64,1.77,1
REAL-FIELD-02257,D,CAT_797F_MANUAL,0,16.91,10.1,36.26,0.258,0.273,7.3,4.25,0,7.72,5.05,0
REAL-FIELD-02258,A,CAT_797F_MANUAL,0,30.43,14.24,132,0.769,0.182,4.5,3.81,0,15.62,14.5,0
REAL-FIELD-02259,C,CAMIONETA_4x4,0,38.61,8.87,151.14,0.935,0.346,10.8,6.36,0,14.09,12.89,0
REAL-FIELD-02260,E,KOMATSU_930E_AHS,1,20.8,8.33,179.11,0.828,0,3.6,0.15,0,31,30.57,0
REAL-FIELD-02261,A,CAT_797F_MANUAL,0,26.54,3.88,188.33,0.784,0.139,6.4,2.71,0,25.55,24.59,0
REAL-FIELD-02262,D,PALA_PH_4100XPC,0,2.37,8.17,148.23,0.327,0.266,8.7,4.5,0,225.16,222.68,0
REAL-FIELD-02263,C,CAT_797F_MANUAL,0,15.21,9.01,29.33,0.899,0.321,10.9,5.07,2,6.94,5.72,0
REAL-FIELD-02264,C,CAT_797F_MANUAL,0,49.16,9.51,190.42,0.27,0.281,10.5,3.33,0,13.94,11.27,0
REAL-FIELD-02265,A,CAT_797F_MANUAL,0,30.7,9.63,145.97,0.662,0.087,0.7,4.32,0,17.12,16.01,0
REAL-FIELD-02266,E,KOMATSU_930E_AHS,1,35.96,6.74,33.16,0.732,0,2.1,0.15,0,3.32,2.65,1
REAL-FIELD-02267,A,CAT_797F_MANUAL,0,23.56,12.69,72.85,0.512,0.227,8.1,4.41,0,11.13,9.23,0
REAL-FIELD-02268,D,PALA_PH_4100XPC,0,3.18,12.44,59.65,0.351,0.137,0.9,4.78,0,67.53,65.5,0
REAL-FIELD-02269,E,KOMATSU_930E_AHS,1,29.49,6.27,41.55,0.611,0,1.5,0.15,0,5.07,4.1,0
REAL-FIELD-02270,B,PALA_PH_4100XPC,0,2.5,8.74,95.42,0.814,0.099,2.2,4.6,0,137.4,136.64,0
REAL-FIELD-02271,A,CAT_797F_MANUAL,0,14.69,12.69,29.47,0.961,0.112,3.2,4.71,3,7.22,6.79,0
REAL-FIELD-02272,E,KOMATSU_930E_AHS,1,33.23,13.01,145.42,0.155,0,4,0.15,0,15.75,13.64,0
REAL-FIELD-02273,C,PALA_PH_4100XPC,0,1.29,2.95,177.66,0.529,0.319,9.3,5.61,0,999,996.87,0
REAL-FIELD-02274,E,KOMATSU_930E_AHS,1,36.79,9.2,29.6,0.903,0,11.3,0.15,0,2.9,2.66,1
REAL-FIELD-02275,A,CAT_797F_MANUAL,0,17.7,14.98,154.02,0.724,0.156,6.6,2.39,0,31.33,30.17,0
REAL-FIELD-02276,E,KOMATSU_930E_AHS,1,28.07,11.51,28.48,0.579,0,7.2,0.15,0,3.65,2.6,1
REAL-FIELD-02277,A,CAT_797F_MANUAL,0,13.53,10.64,36.65,0.752,0.138,5.8,3.24,0,9.75,8.72,0
REAL-FIELD-02278,A,CAT_797F_MANUAL,0,20.98,5.04,56.61,0.613,0.14,0.7,2.23,0,9.71,8.32,0
REAL-FIELD-02279,C,CAMIONETA_4x4,0,44.03,14.92,73.9,0.67,0.354,10.4,5.36,0,6.04,4.15,0
REAL-FIELD-02280,C,PALA_PH_4100XPC,0,2.73,5.34,122.9,0.503,0.285,9.3,4.74,0,162.07,159.97,0
REAL-FIELD-02281,A,CAMIONETA_4x4,0,55.93,10.97,93.04,0.594,0.214,8.7,4.31,0,5.99,4.33,0
REAL-FIELD-02282,A,CAT_797F_MANUAL,0,42.78,10.31,109.13,0.539,0.165,3.4,2.42,0,9.18,7.53,0
REAL-FIELD-02283,B,PALA_PH_4100XPC,0,1.68,13.09,123.32,0.645,0.099,2.9,3.25,0,999,997.82,0
REAL-FIELD-02284,D,CAT_797F_MANUAL,0,22.88,7.7,7.99,0.338,0.261,5.6,5.38,3,1.26,-1.18,1
REAL-FIELD-02285,A,CAT_797F_MANUAL,0,39.75,7.23,49.3,0.626,0.108,2.6,3.6,0,4.46,3.2,1
REAL-FIELD-02286,A,CAT_797F_MANUAL,0,42.47,5.71,78.27,0.892,0.157,6.4,2.75,0,6.63,5.89,0
REAL-FIELD-02287,A,CAMIONETA_4x4,0,62.78,15.64,192.37,0.802,0.271,8.4,4.01,0,11.03,9.72,0
REAL-FIELD-02288,C,CAT_797F_MANUAL,0,20.97,6.22,42.01,0.318,0.314,8.8,3.75,0,7.21,4.56,0
REAL-FIELD-02289,A,CAMIONETA_4x4,0,47.41,14.12,159.24,0.741,0.259,6,5.54,0,12.09,10.67,0
REAL-FIELD-02290,D,CAT_797F_MANUAL,0,14.96,2.1,72.84,0.299,0.236,8.4,6.42,0,17.53,15.07,0
REAL-FIELD-02291,A,CAMIONETA_4x4,0,26.91,9.47,179.73,0.654,0.173,7.5,5.04,0,24.04,22.66,0
REAL-FIELD-02292,A,CAT_797F_MANUAL,0,18.56,13.98,64.53,0.895,0.088,1.2,3.31,0,12.52,11.99,0
REAL-FIELD-02293,A,CAMIONETA_4x4,0,34.05,8.21,56.83,0.704,0.165,4,3.9,0,6.01,4.77,0
REAL-FIELD-02294,A,CAT_797F_MANUAL,0,25.69,10.86,133.88,0.725,0.092,3.7,4.21,0,18.76,17.8,0
REAL-FIELD-02295,C,PALA_PH_4100XPC,0,1.65,6.32,31.06,0.31,0.296,11.5,4.83,0,999,996.39,0
REAL-FIELD-02296,E,KOMATSU_930E_AHS,1,21.25,12.31,102.19,0.677,0,6.7,0.15,0,17.31,16.5,0
REAL-FIELD-02297,B,PALA_PH_4100XPC,0,1.2,12.81,102.43,0.534,0.264,11.3,3.66,0,999,997.04,0
REAL-FIELD-02298,B,CAT_797F_MANUAL,0,34.43,10.05,21.48,0.827,0.225,3.2,4.4,3,2.25,1.14,1
REAL-FIELD-02299,A,CAT_797F_MANUAL,0,17.95,9.02,91.48,0.792,0.106,2.3,5.4,0,18.35,17.51,0
REAL-FIELD-02300,C,PALA_PH_4100XPC,0,0.41,13.14,95.84,0.635,0.353,11.5,6.41,0,999,997.03,0
REAL-FIELD-02301,E,KOMATSU_930E_AHS,1,24.65,14.84,32.06,0.852,0,1.5,0.15,0,4.68,4.31,0
REAL-FIELD-02302,E,KOMATSU_930E_AHS,1,31.85,4.41,139.41,0.637,0,1.5,0.15,0,15.76,14.85,0
REAL-FIELD-02303,C,CAT_797F_MANUAL,0,19.65,7.12,17.25,0.265,0.282,11.2,5.17,1,3.16,0.48,1
REAL-FIELD-02304,E,KOMATSU_930E_AHS,1,30.27,5.19,96.18,0.262,0,2.2,0.15,0,11.44,9.59,0
REAL-FIELD-02305,D,CAT_797F_MANUAL,0,40.51,2.28,121.05,0.389,0.163,2.8,4.71,0,10.76,8.74,0
REAL-FIELD-02306,E,KOMATSU_930E_AHS,1,35.49,15.76,13.79,0.748,0,9.8,0.15,1,1.4,0.77,1
REAL-FIELD-02307,E,KOMATSU_930E_AHS,1,22.08,13.24,117.58,0.775,0,8.8,0.15,0,19.17,18.61,0
REAL-FIELD-02308,A,CAT_797F_MANUAL,0,36.39,10.09,70.03,0.626,0.223,4.6,3.94,0,6.93,5.33,0
REAL-FIELD-02309,A,CAMIONETA_4x4,0,37.74,15.4,61.67,0.454,0.224,5.4,6.55,0,5.88,3.84,1
REAL-FIELD-02310,B,PALA_PH_4100XPC,0,3.83,10.29,140.08,0.642,0.226,3.5,4.04,0,131.67,130.1,0
REAL-FIELD-02311,D,PALA_PH_4100XPC,0,0.91,15.69,99.24,0.174,0.138,0.8,4,0,999,996.52,0
REAL-FIELD-02312,E,KOMATSU_930E_AHS,1,30.28,7.56,74.87,0.187,0,11.2,0.15,0,8.9,6.87,0
REAL-FIELD-02313,E,KOMATSU_930E_AHS,1,23.13,13.98,39.5,0.957,0,7.9,0.15,0,6.15,6.04,0
REAL-FIELD-02314,D,CAT_797F_MANUAL,0,27,8.31,168.57,0.439,0.222,7.8,6.1,0,22.48,20.41,0
REAL-FIELD-02315,B,CAT_797F_MANUAL,0,12.53,3.98,20.54,0.742,0.173,3.5,3.56,1,5.9,4.74,0
REAL-FIELD-02316,A,CAT_797F_MANUAL,0,46.23,11.06,84.32,0.915,0.191,9.1,3.69,0,6.57,5.78,0
REAL-FIELD-02317,A,CAMIONETA_4x4,0,58.51,6.42,66.81,0.886,0.158,5,3.27,0,4.11,3.35,1
REAL-FIELD-02318,D,CAT_797F_MANUAL,0,25.87,12.88,23.19,0.291,0.206,5,5.93,2,3.23,0.84,1
REAL-FIELD-02319,E,KOMATSU_930E_AHS,1,24.09,11.54,152.06,0.435,0,4.1,0.15,0,22.72,21.31,0
REAL-FIELD-02320,D,CAMIONETA_4x4,0,46.81,14.83,12.28,0.15,0.245,8.2,5.78,0,0.94,-1.92,1
REAL-FIELD-02321,A,CAT_797F_MANUAL,0,39.58,9.17,103.7,0.724,0.173,2.2,5.35,0,9.43,8.22,0
REAL-FIELD-02322,D,CAT_797F_MANUAL,0,13.51,5.19,108.4,0.378,0.185,1.8,3.43,0,28.89,26.78,0
REAL-FIELD-02323,B,PALA_PH_4100XPC,0,3.64,9.07,54.48,0.762,0.182,7.8,4.51,0,53.88,52.74,0
REAL-FIELD-02324,D,CAT_797F_MANUAL,0,29.26,6.08,92.45,0.373,0.174,3.9,5.72,0,11.37,9.28,0
REAL-FIELD-02325,D,CAT_797F_MANUAL,0,21.87,4.04,129.92,0.25,0.222,4.1,3.71,0,21.39,18.85,0
REAL-FIELD-02326,C,PALA_PH_4100XPC,0,2.1,5.96,144.53,0.241,0.281,9.2,5.14,0,247.77,245.03,0
REAL-FIELD-02327,A,CAT_797F_MANUAL,0,41.57,4.73,147.78,0.991,0.14,5.5,3.43,0,12.8,12.36,0
REAL-FIELD-02328,E,KOMATSU_930E_AHS,1,37.31,9.34,44.93,0.878,0,3.8,0.15,0,4.34,4.04,0
REAL-FIELD-02329,E,KOMATSU_930E_AHS,1,20.03,8.88,70.92,0.562,0,0.6,0.15,0,12.75,11.66,0
REAL-FIELD-02330,D,CAMIONETA_4x4,0,33.13,4.14,96.65,0.206,0.167,3.5,2.96,0,10.5,8.01,0
REAL-FIELD-02331,A,CAT_797F_MANUAL,0,26.39,8.15,50.71,0.865,0.271,10.1,5.15,0,6.92,5.77,0
REAL-FIELD-02332,D,CAT_797F_MANUAL,0,41.86,14.33,123.62,0.264,0.2,9.3,3.11,0,10.63,8.19,0
REAL-FIELD-02333,D,PALA_PH_4100XPC,0,2.49,7.45,85.69,0.155,0.106,2.6,4.56,0,123.89,121.46,0
REAL-FIELD-02334,C,CAT_797F_MANUAL,0,34.96,8.85,158.85,0.682,0.282,8.6,6.24,0,16.36,14.72,0
REAL-FIELD-02335,A,CAMIONETA_4x4,0,60.34,2.39,45.48,0.598,0.143,3.6,2.02,0,2.71,1.28,1
REAL-FIELD-02336,C,PALA_PH_4100XPC,0,0.14,15.98,137.11,0.555,0.34,10.3,4.73,0,999,996.87,0
REAL-FIELD-02337,A,CAT_797F_MANUAL,0,12.02,11.87,87.19,0.889,0.082,1.8,2.01,0,26.11,25.59,0
REAL-FIELD-02338,C,CAT_797F_MANUAL,0,38.18,15.73,48.04,0.443,0.288,7.6,4.98,0,4.53,2.27,1
REAL-FIELD-02339,C,CAT_797F_MANUAL,0,17.7,12.52,41.71,0.775,0.301,10.2,5.57,0,8.48,7.01,0
REAL-FIELD-02340,D,CAT_797F_MANUAL,0,25.92,10.24,187.68,0.305,0.186,6.8,4.05,0,26.07,23.77,0
REAL-FIELD-02341,B,PALA_PH_4100XPC,0,1.13,11.41,121.78,0.998,0.212,3.4,5.69,0,999,998.36,0
REAL-FIELD-02342,D,PALA_PH_4100XPC,0,3.42,3.37,162.16,0.399,0.16,2.1,3.02,0,170.69,168.71,0
REAL-FIELD-02343,D,CAT_797F_MANUAL,0,34.72,10.62,65.06,0.233,0.241,8.2,4.13,0,6.75,4.11,0
REAL-FIELD-02344,A,CAT_797F_MANUAL,0,19.2,4.79,98.59,0.6,0.224,3,5.05,0,18.49,16.82,0
REAL-FIELD-02345,E,KOMATSU_930E_AHS,1,29.18,9.11,14.7,0.953,0,3.2,0.15,3,1.81,1.69,1
REAL-FIELD-02346,A,CAT_797F_MANUAL,0,49.43,8.5,170.48,0.782,0.229,9.6,3.19,0,12.42,11.19,0
REAL-FIELD-02347,E,KOMATSU_930E_AHS,1,25.15,13.16,114.12,0.942,0,11.4,0.15,0,16.34,16.2,0
REAL-FIELD-02348,D,CAT_797F_MANUAL,0,14.19,13.37,72.48,0.363,0.208,9.8,4.01,0,18.39,16.17,0
REAL-FIELD-02349,A,CAT_797F_MANUAL,0,31.79,14.09,101.75,0.509,0.278,8.9,5.75,0,11.52,9.46,0
REAL-FIELD-02350,D,CAT_797F_MANUAL,0,47.77,4.73,151.04,0.182,0.084,1.8,3.7,0,11.38,9.08,0
REAL-FIELD-02351,E,KOMATSU_930E_AHS,1,29.74,15.53,21.72,0.844,0,2.5,0.15,2,2.63,2.24,1
REAL-FIELD-02352,E,KOMATSU_930E_AHS,1,27.38,5.3,88.56,0.362,0,7.2,0.15,0,11.64,10.04,0
REAL-FIELD-02353,A,CAMIONETA_4x4,0,47.62,12.97,179.81,0.785,0.232,11.4,3.72,0,13.59,12.36,0
REAL-FIELD-02354,D,CAT_797F_MANUAL,0,30.6,8.53,16.18,0.21,0.267,10.3,3.78,0,1.9,-0.88,1
REAL-FIELD-02355,C,CAT_797F_MANUAL,0,44.33,5.12,155.67,0.714,0.35,10.2,6.17,0,12.64,10.88,0
REAL-FIELD-02356,A,CAT_797F_MANUAL,0,15.77,8.41,168.82,0.96,0.161,6.2,3.58,0,38.54,37.96,0
REAL-FIELD-02357,D,PALA_PH_4100XPC,0,3.83,10.39,192.17,0.241,0.146,4.7,4.24,0,180.63,178.29,0
REAL-FIELD-02358,A,CAT_797F_MANUAL,0,20.39,8.68,123.03,0.785,0.136,1.7,1.92,0,21.72,20.77,0
REAL-FIELD-02359,E,KOMATSU_930E_AHS,1,29.21,2.36,116.92,0.173,0,9.4,0.15,0,14.41,12.34,0
REAL-FIELD-02360,C,CAT_797F_MANUAL,0,40.66,13.6,76.81,0.729,0.291,10.2,4.82,0,6.8,5.25,0
REAL-FIELD-02361,E,KOMATSU_930E_AHS,1,37.84,5.96,136.26,0.459,0,10.8,0.15,0,12.96,11.61,0
REAL-FIELD-02362,B,PALA_PH_4100XPC,0,0.63,13.22,163.55,0.649,0.237,8,4.64,0,999,997.41,0
REAL-FIELD-02363,A,CAT_797F_MANUAL,0,24.28,13.13,186.54,0.603,0.179,5.6,3.86,0,27.66,26.13,0
REAL-FIELD-02364,E,KOMATSU_930E_AHS,1,29.69,6.77,180.2,0.692,0,10.2,0.15,0,21.85,21.08,0
REAL-FIELD-02365,C,CAT_797F_MANUAL,0,39.31,11.58,82.51,0.159,0.357,11.8,6.01,0,7.56,4.39,0
REAL-FIELD-02366,D,CAT_797F_MANUAL,0,13.72,12.32,129.9,0.341,0.214,4.4,3.36,0,34.08,31.79,0
REAL-FIELD-02367,A,CAT_797F_MANUAL,0,26.27,6.33,169.68,0.482,0.224,6.3,5.6,0,23.25,21.28,0
REAL-FIELD-02368,B,CAT_797F_MANUAL,0,16.51,15.63,6.92,0.592,0.23,8.5,4.52,3,1.51,-0.2,1
REAL-FIELD-02369,A,CAMIONETA_4x4,0,28.14,4.25,35.13,0.695,0.225,6,6.26,0,4.49,3.05,1
REAL-FIELD-02370,D,CAMIONETA_4x4,0,53.5,5.21,167.43,0.334,0.133,1,3,0,11.27,9.21,0
REAL-FIELD-02371,E,KOMATSU_930E_AHS,1,37.31,10.72,147.56,0.536,0,8.1,0.15,0,14.24,13.08,0
REAL-FIELD-02372,C,CAT_797F_MANUAL,0,48.82,3.5,172.47,0.161,0.341,9.6,6.51,0,12.72,9.6,0
REAL-FIELD-02373,E,KOMATSU_930E_AHS,1,24.12,7.71,56.13,0.447,0,8.3,0.15,0,8.38,7,0
REAL-FIELD-02374,D,CAT_797F_MANUAL,0,44.03,12.29,160.72,0.356,0.217,6.4,6.04,0,13.14,10.88,0
REAL-FIELD-02375,E,KOMATSU_930E_AHS,1,26.92,14.63,180.52,0.479,0,3.1,0.15,0,24.14,22.84,0
REAL-FIELD-02376,A,CAT_797F_MANUAL,0,27.01,13.31,97.79,0.567,0.242,4.3,3.69,0,13.03,11.22,0
REAL-FIELD-02377,A,CAT_797F_MANUAL,0,40.46,8.53,164.06,0.926,0.107,4.2,5.26,0,14.6,14.09,0
REAL-FIELD-02378,E,KOMATSU_930E_AHS,1,36.74,11.67,184.92,0.381,0,8.9,0.15,0,18.12,16.57,0
REAL-FIELD-02379,D,CAT_797F_MANUAL,0,42.13,9.26,182.05,0.26,0.16,3.7,4.74,0,15.56,13.23,0
REAL-FIELD-02380,A,CAMIONETA_4x4,0,27.97,7.6,143.11,0.596,0.164,3.8,5.78,0,18.42,16.92,0
REAL-FIELD-02381,C,PALA_PH_4100XPC,0,0.08,12.07,160.24,0.814,0.291,11.8,4.99,0,999,997.66,0
REAL-FIELD-02382,E,KOMATSU_930E_AHS,1,22.17,12.89,109.98,0.99,0,11.6,0.15,0,17.86,17.84,0
REAL-FIELD-02383,D,CAT_797F_MANUAL,0,28.32,15.39,78.26,0.29,0.18,0.7,4.49,0,9.95,7.63,0
REAL-FIELD-02384,A,CAT_797F_MANUAL,0,37.63,11.93,79.19,0.795,0.179,5,2.99,0,7.58,6.53,0
REAL-FIELD-02385,D,PALA_PH_4100XPC,0,3.1,7.94,107.12,0.276,0.206,8.2,4.34,0,124.4,121.97,0
REAL-FIELD-02386,C,CAMIONETA_4x4,0,34.3,8.02,26.51,0.441,0.299,11.1,7.17,0,2.78,0.49,1
REAL-FIELD-02387,D,CAT_797F_MANUAL,0,43.71,15.59,151.41,0.26,0.127,1.9,5.49,0,12.47,10.24,0
REAL-FIELD-02388,A,CAT_797F_MANUAL,0,43.23,2.63,25.47,0.473,0.223,3.1,6.52,2,2.12,0.13,1
REAL-FIELD-02389,A,CAT_797F_MANUAL,0,17.26,8.17,158.21,0.638,0.146,2.7,3.75,0,33,31.66,0
REAL-FIELD-02390,D,CAMIONETA_4x4,0,47.23,13.99,42.13,0.386,0.184,2.5,5.25,0,3.21,1.12,1
REAL-FIELD-02391,C,PALA_PH_4100XPC,0,2.22,8.67,77.85,0.718,0.308,8,6.06,0,126.24,124.61,0
REAL-FIELD-02392,A,CAMIONETA_4x4,0,57.23,4.71,64.97,0.634,0.101,0.7,2.22,0,4.09,2.87,1
REAL-FIELD-02393,D,CAMIONETA_4x4,0,44.4,9.02,151.44,0.347,0.112,2.9,4.74,0,12.28,10.31,0
REAL-FIELD-02394,D,CAT_797F_MANUAL,0,37.91,4.89,173.79,0.211,0.118,0.9,5.18,0,16.5,14.17,0
REAL-FIELD-02395,A,CAT_797F_MANUAL,0,36.75,8.9,82.96,0.55,0.148,0.9,3.4,0,8.13,6.56,0
REAL-FIELD-02396,A,CAT_797F_MANUAL,0,43.22,14.73,140.88,0.998,0.199,2.6,6.1,0,11.73,11.13,0
REAL-FIELD-02397,A,CAT_797F_MANUAL,0,37.85,6.04,148.73,0.719,0.106,0.6,3.66,0,14.15,13.13,0
REAL-FIELD-02398,A,CAT_797F_MANUAL,0,38.49,3.75,190.52,0.527,0.12,1,5.19,0,17.82,16.28,0
REAL-FIELD-02399,A,CAT_797F_MANUAL,0,24.13,15.97,177.36,0.596,0.142,0.9,5.47,0,26.46,25.02,0
REAL-FIELD-02400,D,PALA_PH_4100XPC,0,0.59,10.17,80.88,0.404,0.26,6.7,3.43,0,999,996.73,0
REAL-FIELD-02401,B,PALA_PH_4100XPC,0,1.22,12.76,77.45,0.784,0.223,9.4,4.01,0,999,997.79,0
REAL-FIELD-02402,C,CAT_797F_MANUAL,0,48.73,3.79,149.92,0.92,0.325,9.2,4.37,0,11.08,9.91,0
REAL-FIELD-02403,C,CAT_797F_MANUAL,0,13.38,7.91,131.89,0.31,0.287,11.5,3.75,0,35.49,32.9,0
REAL-FIELD-02404,A,CAMIONETA_4x4,0,40.26,15.98,102.1,0.511,0.082,1.5,4.35,0,9.13,7.66,0
REAL-FIELD-02405,D,CAMIONETA_4x4,0,26.57,4.57,29.43,0.382,0.081,2.3,3.41,3,3.99,2.2,1
REAL-FIELD-02406,B,PALA_PH_4100XPC,0,2.23,14.69,180.22,0.984,0.068,0.7,2.89,0,290.94,290.7,0
REAL-FIELD-02407,C,CAT_797F_MANUAL,0,21.97,3.58,22.69,0.911,0.346,10.2,6.65,2,3.72,2.46,1
REAL-FIELD-02408,B,PALA_PH_4100XPC,0,2.74,14.54,15.69,0.778,0.237,4.8,6.33,3,20.61,19.34,0
REAL-FIELD-02409,A,CAMIONETA_4x4,0,29.53,14.73,173.25,0.63,0.167,6.4,5.45,0,21.12,19.69,0
REAL-FIELD-02410,C,CAT_797F_MANUAL,0,13.58,7.89,190.12,0.392,0.383,12,8.19,0,50.4,47.73,0
REAL-FIELD-02411,E,KOMATSU_930E_AHS,1,34.23,4.05,67.8,0.33,0,7.4,0.15,0,7.13,5.46,0
REAL-FIELD-02412,C,PALA_PH_4100XPC,0,3.13,12.46,84.65,0.814,0.299,8.5,5.64,0,97.36,96,0
REAL-FIELD-02413,A,CAT_797F_MANUAL,0,16.41,8.19,91.42,0.614,0.086,0.7,2.23,0,20.06,18.84,0
REAL-FIELD-02414,E,KOMATSU_930E_AHS,1,25.69,11.04,23.54,0.56,0,4.8,0.15,0,3.3,2.2,1
REAL-FIELD-02415,B,PALA_PH_4100XPC,0,1.6,14.58,24.84,0.808,0.188,8.8,5.25,2,999,997.96,0
REAL-FIELD-02416,D,CAT_797F_MANUAL,0,26.5,3.78,31.32,0.265,0.258,8.9,7.08,0,4.25,1.64,1
REAL-FIELD-02417,E,KOMATSU_930E_AHS,1,37.34,6.27,106.11,0.846,0,5.7,0.15,0,10.23,9.85,0
REAL-FIELD-02418,A,CAMIONETA_4x4,0,48.27,7.99,54.8,0.797,0.191,8.5,2.88,0,4.09,3.01,1
REAL-FIELD-02419,B,CAT_797F_MANUAL,0,44.62,15.34,8.81,0.9,0.159,7.2,5.34,2,0.71,-0.02,1
REAL-FIELD-02420,D,CAT_797F_MANUAL,0,46.43,5.69,123.56,0.342,0.104,1.3,4.16,0,9.58,7.62,0
REAL-FIELD-02421,A,CAT_797F_MANUAL,0,16.11,13.61,80.76,0.676,0.169,3.4,3.98,0,18.05,16.73,0
REAL-FIELD-02422,A,CAT_797F_MANUAL,0,18.14,6.16,150.03,0.963,0.209,6.6,3.25,0,29.77,29.05,0
REAL-FIELD-02423,C,CAT_797F_MANUAL,0,22.22,4.75,22.83,0.869,0.367,11.1,7.54,0,3.7,2.27,1
REAL-FIELD-02424,D,CAMIONETA_4x4,0,37.57,14.79,38.71,0.406,0.164,4.9,5.61,0,3.71,1.73,1
REAL-FIELD-02425,A,CAT_797F_MANUAL,0,32.92,15.94,57.77,0.959,0.186,3.3,4.16,0,6.32,5.66,0
REAL-FIELD-02426,E,KOMATSU_930E_AHS,1,26.05,14.37,100.82,0.366,0,5.6,0.15,0,13.93,12.34,0
REAL-FIELD-02427,E,KOMATSU_930E_AHS,1,27.01,3.38,119.75,0.963,0,10.5,0.15,0,15.96,15.87,0
REAL-FIELD-02428,A,CAT_797F_MANUAL,0,42.73,5.17,32.19,0.99,0.235,5.9,6.53,0,2.71,1.98,1
REAL-FIELD-02429,E,KOMATSU_930E_AHS,1,23.19,14.29,150.25,0.946,0,10.9,0.15,0,23.32,23.18,0
REAL-FIELD-02430,D,CAMIONETA_4x4,0,62.4,8.44,169.47,0.208,0.109,0.8,4.2,0,9.78,7.47,0
REAL-FIELD-02431,E,KOMATSU_930E_AHS,1,28.32,2.99,65.1,0.732,0,5.9,0.15,0,8.28,7.61,0
REAL-FIELD-02432,E,KOMATSU_930E_AHS,1,27.26,3.25,133.47,0.515,0,6.1,0.15,0,17.63,16.42,0
REAL-FIELD-02433,E,KOMATSU_930E_AHS,1,23.96,6.53,163,0.405,0,6,0.15,0,24.49,23,0
REAL-FIELD-02434,E,KOMATSU_930E_AHS,1,33.61,12.98,36.37,0.596,0,1.7,0.15,0,3.9,2.89,1
REAL-FIELD-02435,E,KOMATSU_930E_AHS,1,24.98,10.26,134.64,0.992,0,3.1,0.15,0,19.4,19.38,0
REAL-FIELD-02436,E,KOMATSU_930E_AHS,1,36.54,7.27,125.74,0.488,0,8.7,0.15,0,12.39,11.11,0
REAL-FIELD-02437,D,CAT_797F_MANUAL,0,37.12,13.01,49.41,0.377,0.097,2.8,2.24,0,4.79,2.94,1
REAL-FIELD-02438,A,CAT_797F_MANUAL,0,29.05,6.71,107.97,0.711,0.246,7.6,5.3,0,13.38,11.92,0
REAL-FIELD-02439,E,KOMATSU_930E_AHS,1,32.29,14.17,47.75,0.993,0,11.6,0.15,0,5.32,5.3,0
REAL-FIELD-02440,B,PALA_PH_4100XPC,0,1.34,14.28,185.6,0.551,0.234,10.5,4.85,0,999,997.18,0
REAL-FIELD-02441,A,CAT_797F_MANUAL,0,47.07,14.6,119.46,0.796,0.269,7.9,4.32,0,9.14,7.82,0
REAL-FIELD-02442,E,KOMATSU_930E_AHS,1,29.62,2.07,66.28,0.799,0,2,0.15,0,8.06,7.56,0
REAL-FIELD-02443,C,CAT_797F_MANUAL,0,13.43,2.45,73.89,0.7,0.295,11.5,6.1,0,19.81,18.17,0
REAL-FIELD-02444,B,PALA_PH_4100XPC,0,0.65,12.07,25.85,0.925,0.18,5.7,3.52,0,999,998.27,0
REAL-FIELD-02445,A,CAT_797F_MANUAL,0,13.95,13.79,67.04,0.501,0.174,8,5.67,0,17.3,15.53,0
REAL-FIELD-02446,D,CAMIONETA_4x4,0,58.84,5.05,41.07,0.395,0.177,3.2,3.07,0,2.51,0.47,1
REAL-FIELD-02447,E,KOMATSU_930E_AHS,1,24.45,13.75,179.44,0.234,0,3,0.15,0,26.42,24.51,0
REAL-FIELD-02448,C,CAT_797F_MANUAL,0,14.94,8.29,30.78,0.777,0.314,10.8,6.55,0,7.42,5.92,0
REAL-FIELD-02449,A,CAT_797F_MANUAL,0,46.83,4.92,164.42,0.746,0.226,3.7,5.93,0,12.64,11.33,0
REAL-FIELD-02450,E,KOMATSU_930E_AHS,1,25.71,15.79,100.84,0.754,0,1.3,0.15,0,14.12,13.5,0
REAL-FIELD-02451,D,CAT_797F_MANUAL,0,29.56,8.84,180.02,0.202,0.267,11.1,3.68,0,21.92,19.12,0
REAL-FIELD-02452,E,KOMATSU_930E_AHS,1,25.54,10.85,19.19,0.891,0,9.3,0.15,0,2.7,2.43,1
REAL-FIELD-02453,D,CAT_797F_MANUAL,0,46.74,4.16,44.59,0.327,0.21,7.9,6.57,0,3.43,1.12,1
REAL-FIELD-02454,E,KOMATSU_930E_AHS,1,28.6,7.27,55.79,0.853,0,8.8,0.15,0,7.02,6.65,0
REAL-FIELD-02455,E,KOMATSU_930E_AHS,1,36.87,10.18,99.54,0.243,0,10.5,0.15,0,9.72,7.83,0
REAL-FIELD-02456,A,CAMIONETA_4x4,0,50,13.29,161.1,0.76,0.138,5.5,3.44,0,11.6,10.59,0
REAL-FIELD-02457,D,PALA_PH_4100XPC,0,0.87,10.62,80.83,0.283,0.27,10.9,5.08,0,999,996.4,0
REAL-FIELD-02458,B,PALA_PH_4100XPC,0,1.18,9.03,83.57,0.92,0.136,5.9,3.47,0,999,998.39,0
REAL-FIELD-02459,E,KOMATSU_930E_AHS,1,30.87,8.51,80.03,0.212,0,5.5,0.15,0,9.33,7.36,0
REAL-FIELD-02460,A,CAT_797F_MANUAL,0,33.93,12.68,173.12,0.916,0.174,7.5,3.53,0,18.37,17.64,0
REAL-FIELD-02461,E,KOMATSU_930E_AHS,1,33.47,9.42,176.38,0.287,0,3,0.15,0,18.97,17.19,0
REAL-FIELD-02462,A,CAMIONETA_4x4,0,61.74,3.71,178.38,0.482,0.253,11.8,4.18,0,10.4,8.35,0
REAL-FIELD-02463,A,CAT_797F_MANUAL,0,38.04,15.49,101.28,0.667,0.137,5.2,2.17,0,9.58,8.34,0
REAL-FIELD-02464,D,CAMIONETA_4x4,0,52.01,6.42,78.6,0.294,0.134,0.9,2.88,0,5.44,3.27,1
REAL-FIELD-02465,C,CAT_797F_MANUAL,0,39.48,7.08,99.68,0.826,0.317,8.9,7.64,0,9.09,7.7,0
REAL-FIELD-02466,A,CAT_797F_MANUAL,0,43.46,8.82,139.36,0.593,0.145,6.7,2.31,0,11.54,10.09,0
REAL-FIELD-02467,B,CAT_797F_MANUAL,0,40.88,10,17.68,0.942,0.11,4.9,4.41,2,1.56,1.08,1
REAL-FIELD-02468,D,PALA_PH_4100XPC,0,3.28,10.36,147.96,0.194,0.262,10.6,6.57,0,162.4,159.6,0
REAL-FIELD-02469,A,CAMIONETA_4x4,0,50.36,10.68,117.76,0.569,0.206,3.7,6.44,0,8.42,6.72,0
REAL-FIELD-02470,A,CAT_797F_MANUAL,0,41.66,14.84,84.65,0.62,0.223,5.4,3.63,0,7.31,5.69,0
REAL-FIELD-02471,D,CAT_797F_MANUAL,0,27.55,8.54,111.25,0.43,0.268,7.6,5.82,0,14.54,12.31,0
REAL-FIELD-02472,B,CAT_797F_MANUAL,0,26,14.97,17.3,0.487,0.261,6.8,5.56,2,2.4,0.33,1
REAL-FIELD-02473,E,KOMATSU_930E_AHS,1,24.95,8.58,139.14,0.377,0,3.9,0.15,0,20.08,18.52,0
REAL-FIELD-02474,C,CAT_797F_MANUAL,0,48.54,4.45,44.88,0.818,0.318,9.1,5.18,0,3.33,1.92,1
REAL-FIELD-02475,A,CAT_797F_MANUAL,0,26.13,11.6,125.17,0.498,0.267,9.1,4.37,0,17.25,15.19,0
REAL-FIELD-02476,D,CAMIONETA_4x4,0,61.5,5.78,26.67,0.448,0.266,8.7,5.81,1,1.56,-0.62,1
REAL-FIELD-02477,A,CAT_797F_MANUAL,0,45.92,13.29,69.25,0.792,0.126,4.6,2.45,0,5.43,4.53,0
REAL-FIELD-02478,A,CAT_797F_MANUAL,0,25.96,8.23,98.36,0.892,0.228,7.3,4.99,0,13.64,12.69,0
REAL-FIELD-02479,D,CAMIONETA_4x4,0,25.94,14.05,28.22,0.322,0.184,7.9,3.63,2,3.92,1.67,1
REAL-FIELD-02480,E,KOMATSU_930E_AHS,1,20.85,15.23,111.39,0.48,0,6.4,0.15,0,19.23,17.93,0
REAL-FIELD-02481,C,CAT_797F_MANUAL,0,30.27,11.98,189.43,0.633,0.285,9.4,4.65,0,22.53,20.76,0
REAL-FIELD-02482,E,KOMATSU_930E_AHS,1,22.74,8.53,34.38,0.876,0,5.6,0.15,0,5.44,5.13,0
REAL-FIELD-02483,A,CAT_797F_MANUAL,0,37.84,10.82,154.67,0.799,0.265,6.8,6.64,0,14.71,13.41,0
REAL-FIELD-02484,A,CAT_797F_MANUAL,0,26.61,12.71,94.66,0.955,0.218,3.3,6.68,0,12.81,12.04,0
REAL-FIELD-02485,D,CAT_797F_MANUAL,0,39.1,15.71,180.07,0.393,0.243,5,4.98,0,16.58,14.33,0
REAL-FIELD-02486,A,CAMIONETA_4x4,0,31.76,7.72,104.83,0.687,0.26,11.6,6.95,0,11.88,10.32,0
REAL-FIELD-02487,E,KOMATSU_930E_AHS,1,37.18,7.91,148.69,0.586,0,2.2,0.15,0,14.4,13.36,0
REAL-FIELD-02488,B,PALA_PH_4100XPC,0,3.36,11.97,68.33,0.471,0.131,4.3,2.15,0,73.21,71.49,0
REAL-FIELD-02489,D,PALA_PH_4100XPC,0,1.48,7.75,98.2,0.158,0.217,9.2,6.36,0,999,996.24,0
REAL-FIELD-02490,A,CAT_797F_MANUAL,0,38.39,13.25,25.14,0.842,0.173,7.2,3.29,1,2.36,1.45,1
REAL-FIELD-02491,A,CAT_797F_MANUAL,0,42.48,2.17,190.64,0.85,0.133,2.2,2.15,0,16.16,15.39,0
REAL-FIELD-02492,D,CAMIONETA_4x4,0,30.32,5.08,182.04,0.163,0.189,6.8,5.98,0,21.61,18.95,0
REAL-FIELD-02493,A,CAT_797F_MANUAL,0,13.42,3.75,27.87,0.962,0.236,5.4,5.05,0,7.48,6.68,0
REAL-FIELD-02494,D,PALA_PH_4100XPC,0,3.85,7.54,66.09,0.338,0.243,8.5,3.35,0,61.8,59.42,0
REAL-FIELD-02495,B,CAT_797F_MANUAL,0,16.75,7.8,16.94,0.864,0.184,6.8,2.4,0,3.64,2.75,1
REAL-FIELD-02496,B,PALA_PH_4100XPC,0,0.18,11.82,43.8,0.728,0.205,3.4,6.21,0,999,997.7,0
REAL-FIELD-02497,D,CAT_797F_MANUAL,0,15.91,3.96,23.72,0.305,0.196,9.4,4.31,1,5.37,3.04,1
REAL-FIELD-02498,C,CAT_797F_MANUAL,0,15.46,12.48,133.07,0.525,0.318,9.4,6.78,0,30.99,28.85,0
REAL-FIELD-02499,E,KOMATSU_930E_AHS,1,35.66,13.55,99.88,0.567,0,10.4,0.15,0,10.08,9,0
REAL-FIELD-02500,A,CAT_797F_MANUAL,0,13.01,10.12,141.87,0.87,0.161,7.3,4.94,0,39.26,38.45,0
REAL-FIELD-02501,E,KOMATSU_930E_AHS,1,26.32,15.81,116.19,0.411,0,11.9,0.15,0,15.89,14.42,0
REAL-FIELD-02502,A,CAT_797F_MANUAL,0,25.26,7.44,118.83,0.706,0.136,5.7,5.55,0,16.94,15.8,0
REAL-FIELD-02503,C,CAT_797F_MANUAL,0,18.19,10.47,179.43,0.47,0.345,10.9,7.7,0,35.51,33.15,0
REAL-FIELD-02504,A,CAT_797F_MANUAL,0,39.57,10.58,55.87,0.993,0.092,2.3,2.6,0,5.08,4.79,0
REAL-FIELD-02505,E,KOMATSU_930E_AHS,1,29.97,2.66,93.3,0.587,0,4.3,0.15,0,11.21,10.18,0
REAL-FIELD-02506,E,KOMATSU_930E_AHS,1,34.91,8.53,163.27,0.761,0,1.4,0.15,0,16.84,16.24,0
REAL-FIELD-02507,E,KOMATSU_930E_AHS,1,22.31,13.97,10.26,0.815,0,2.7,0.15,0,1.66,1.2,1
REAL-FIELD-02508,E,KOMATSU_930E_AHS,1,20.52,14.85,43.05,0.273,0,10.6,0.15,0,7.55,5.73,0
REAL-FIELD-02509,E,KOMATSU_930E_AHS,1,24.5,5.65,189.73,0.174,0,0.5,0.15,0,27.88,25.82,0
REAL-FIELD-02510,D,CAMIONETA_4x4,0,30.81,3.32,191.61,0.198,0.206,5.2,4.19,0,22.39,19.77,0
REAL-FIELD-02511,B,PALA_PH_4100XPC,0,1.86,12.63,90.81,0.603,0.181,2.6,4.08,0,175.76,174.22,0
REAL-FIELD-02512,A,CAMIONETA_4x4,0,58.06,10.05,97.29,0.828,0.212,4.1,3.29,0,6.03,4.96,0
REAL-FIELD-02513,E,KOMATSU_930E_AHS,1,25.75,14.64,116.7,0.894,0,0.6,0.15,0,16.32,16.06,0
REAL-FIELD-02514,E,KOMATSU_930E_AHS,1,35.25,8.13,162.72,0.846,0,11.1,0.15,0,16.62,16.24,0
REAL-FIELD-02515,C,CAT_797F_MANUAL,0,20.46,13.19,123.41,0.301,0.344,9.5,7.75,0,21.71,18.93,0
REAL-FIELD-02516,D,CAT_797F_MANUAL,0,29.33,11.49,185.39,0.252,0.139,2.8,3.45,0,22.75,20.46,0
REAL-FIELD-02517,E,KOMATSU_930E_AHS,1,28.64,4.87,115.31,0.468,0,11.1,0.15,0,14.49,13.16,0
REAL-FIELD-02518,B,CAT_797F_MANUAL,0,37.4,9.02,4.15,0.603,0.209,10.1,6.18,3,0.4,-1.22,1
REAL-FIELD-02519,D,CAT_797F_MANUAL,0,43.76,2.6,127.13,0.21,0.275,11.3,3.3,0,10.46,7.66,0
REAL-FIELD-02520,C,CAT_797F_MANUAL,0,43.42,13.22,49.11,0.753,0.299,11.3,6.2,0,4.07,2.56,1
REAL-FIELD-02521,E,KOMATSU_930E_AHS,1,18.94,8.36,175.1,0.69,0,3.1,0.15,0,33.28,32.51,0
REAL-FIELD-02522,E,KOMATSU_930E_AHS,1,27.47,15,27.89,0.262,0,2.5,0.15,1,3.66,1.82,1
REAL-FIELD-02523,A,CAMIONETA_4x4,0,42.87,8.05,190.3,0.655,0.113,3.8,4.81,0,15.98,14.78,0
REAL-FIELD-02524,D,CAT_797F_MANUAL,0,29.75,4.99,39.83,0.389,0.163,6.8,2.34,0,4.82,2.8,1
REAL-FIELD-02525,C,CAMIONETA_4x4,0,46.24,9.38,165.48,0.388,0.303,11.8,4,0,12.88,10.44,0
REAL-FIELD-02526,C,CAT_797F_MANUAL,0,17.27,6.03,111.2,0.766,0.349,11.3,4.58,0,23.18,21.55,0
REAL-FIELD-02527,B,PALA_PH_4100XPC,0,0.6,14.62,65.87,0.839,0.234,8.8,3.62,0,999,997.9,0
REAL-FIELD-02528,E,KOMATSU_930E_AHS,1,33.27,12.18,190.64,0.738,0,5.6,0.15,0,20.63,19.97,0
REAL-FIELD-02529,D,CAMIONETA_4x4,0,25.05,6.88,169.69,0.297,0.247,7.1,4.56,0,24.39,21.89,0
REAL-FIELD-02530,A,CAMIONETA_4x4,0,60.95,2.4,62.56,0.94,0.274,5.7,5.58,0,3.7,2.73,1
REAL-FIELD-02531,B,CAT_797F_MANUAL,0,26.44,11.21,15.58,0.52,0.153,2,5.21,1,2.12,0.46,1
REAL-FIELD-02532,D,CAT_797F_MANUAL,0,24.61,6.64,101.13,0.364,0.188,5.7,4.84,0,14.79,12.64,0
REAL-FIELD-02533,A,CAT_797F_MANUAL,0,22.89,5.09,164.01,0.802,0.154,3.2,3.48,0,25.79,24.83,0
REAL-FIELD-02534,A,CAT_797F_MANUAL,0,48.3,6.24,97.5,0.826,0.248,10.8,6.74,0,7.27,6.09,0
REAL-FIELD-02535,E,KOMATSU_930E_AHS,1,24.95,6.61,121.97,0.155,0,9.9,0.15,0,17.6,15.49,0
REAL-FIELD-02536,A,CAT_797F_MANUAL,0,33.09,10.92,181.2,0.458,0.105,4.1,3.01,0,19.71,18.04,0
REAL-FIELD-02537,E,KOMATSU_930E_AHS,1,29.48,14.42,62.66,0.373,0,8.7,0.15,0,7.65,6.08,0
REAL-FIELD-02538,A,CAT_797F_MANUAL,0,20.49,10.58,83.14,0.629,0.175,1.4,5.01,0,14.61,13.16,0
REAL-FIELD-02539,E,KOMATSU_930E_AHS,1,32.86,8.15,63.16,0.263,0,5,0.15,0,6.92,5.08,0
REAL-FIELD-02540,B,PALA_PH_4100XPC,0,3.62,3.75,154.98,0.668,0.249,4.9,5.65,0,154.12,152.54,0
REAL-FIELD-02541,D,CAT_797F_MANUAL,0,43.52,14.23,39.22,0.399,0.259,10.9,6,0,3.24,0.96,1
REAL-FIELD-02542,E,KOMATSU_930E_AHS,1,27.62,10.83,96.09,0.639,0,5.9,0.15,0,12.52,11.62,0
REAL-FIELD-02543,B,PALA_PH_4100XPC,0,3.63,2.88,179.72,0.957,0.18,8.2,5.88,0,178.23,177.58,0
REAL-FIELD-02544,E,KOMATSU_930E_AHS,1,18.92,4.52,131.29,0.609,0,9.6,0.15,0,24.98,24,0
REAL-FIELD-02545,E,KOMATSU_930E_AHS,1,19.75,11.87,171.01,0.812,0,8.5,0.15,0,31.17,30.7,0
REAL-FIELD-02546,C,CAT_797F_MANUAL,0,41.76,9.68,73.8,0.815,0.295,11.5,6.5,0,6.36,5.01,0
REAL-FIELD-02547,A,CAT_797F_MANUAL,0,48.43,11.6,125.11,0.844,0.13,4.6,2.67,0,9.3,8.52,0
REAL-FIELD-02548,B,PALA_PH_4100XPC,0,2.72,8,53.3,0.662,0.145,4.1,5.26,0,70.54,69.26,0
REAL-FIELD-02549,D,CAT_797F_MANUAL,0,35.48,7.09,92.85,0.388,0.256,6.5,6.05,0,9.42,7.12,0
REAL-FIELD-02550,B,PALA_PH_4100XPC,0,3.51,8.38,183.85,0.456,0.196,8.4,6.42,0,188.56,186.61,0
REAL-FIELD-02551,A,CAT_797F_MANUAL,0,23.43,12.65,105.51,0.456,0.272,6.7,3.96,0,16.21,14.03,0
REAL-FIELD-02552,E,KOMATSU_930E_AHS,1,22.64,6.91,7.89,0.537,0,6.4,0.15,3,1.25,0.09,1
REAL-FIELD-02553,E,KOMATSU_930E_AHS,1,32.42,7.06,34.33,0.657,0,11.5,0.15,0,3.81,2.95,1
REAL-FIELD-02554,E,KOMATSU_930E_AHS,1,30.22,4.56,181.54,0.942,0,11.3,0.15,0,21.63,21.48,0
REAL-FIELD-02555,B,CAMIONETA_4x4,0,33.29,14,11.87,0.602,0.125,5.5,2.95,3,1.28,-0.09,1
REAL-FIELD-02556,E,KOMATSU_930E_AHS,1,27.48,12.62,36.81,0.876,0,1,0.15,0,4.82,4.51,0
REAL-FIELD-02557,A,CAT_797F_MANUAL,0,40.51,6.07,40.44,0.814,0.264,9.2,5.69,0,3.59,2.33,1
REAL-FIELD-02558,A,CAT_797F_MANUAL,0,49.34,7.5,56.55,0.845,0.114,2.2,3.32,0,4.13,3.4,1
REAL-FIELD-02559,E,KOMATSU_930E_AHS,1,36.4,6.01,79.12,0.468,0,4,0.15,0,7.83,6.5,0
REAL-FIELD-02560,E,KOMATSU_930E_AHS,1,18.33,8.81,154.15,0.269,0,8.1,0.15,0,30.27,28.44,0
REAL-FIELD-02561,D,CAT_797F_MANUAL,0,45.74,7.69,82.55,0.236,0.187,5.5,4.1,0,6.5,4.03,0
REAL-FIELD-02562,E,KOMATSU_930E_AHS,1,32.69,4.21,29.43,0.76,0,3,0.15,0,3.24,2.64,1
REAL-FIELD-02563,E,KOMATSU_930E_AHS,1,18.92,12.44,94.84,0.495,0,5.5,0.15,0,18.05,16.79,0
REAL-FIELD-02564,C,CAT_797F_MANUAL,0,45,13.74,172.33,0.535,0.3,8.2,4.52,0,13.79,11.73,0
REAL-FIELD-02565,A,CAT_797F_MANUAL,0,38.99,15.79,120.7,0.864,0.176,4.9,4.57,0,11.14,10.27,0
REAL-FIELD-02566,C,CAMIONETA_4x4,0,31.85,7.34,137.99,0.936,0.323,9.4,6.78,0,15.6,14.47,0
REAL-FIELD-02567,C,CAT_797F_MANUAL,0,37.93,4.18,114.3,0.953,0.346,11.7,5.21,0,10.85,9.69,0
REAL-FIELD-02568,B,PALA_PH_4100XPC,0,0.9,4.91,6.69,0.632,0.238,6.6,5.93,1,999,997.37,0
REAL-FIELD-02569,A,CAT_797F_MANUAL,0,12.92,4.42,101.73,0.897,0.247,10.1,6.86,0,28.35,27.35,0
REAL-FIELD-02570,A,CAT_797F_MANUAL,0,33.47,3.43,135.21,0.584,0.237,3.7,3.18,0,14.54,12.79,0
REAL-FIELD-02571,D,PALA_PH_4100XPC,0,3.08,9.24,56.57,0.415,0.239,4,5.58,0,66.12,63.94,0
REAL-FIELD-02572,D,CAMIONETA_4x4,0,48.35,4.47,83.04,0.158,0.203,5.6,5,0,6.18,3.47,1
REAL-FIELD-02573,C,CAT_797F_MANUAL,0,40.43,7.56,163.9,0.651,0.282,7.7,4.6,0,14.59,12.87,0
REAL-FIELD-02574,D,CAT_797F_MANUAL,0,48.94,14.59,36.46,0.329,0.144,0.9,5.67,0,2.68,0.57,1
REAL-FIELD-02575,D,CAT_797F_MANUAL,0,30.66,12.97,169.64,0.359,0.219,3.8,2.97,0,19.92,17.66,0
REAL-FIELD-02576,C,CAT_797F_MANUAL,0,31,10.88,53.17,0.71,0.353,10.3,6.53,0,6.17,4.39,0
REAL-FIELD-02577,A,CAT_797F_MANUAL,0,30.39,9.8,147.83,0.896,0.133,2.2,2.29,0,17.51,16.85,0
REAL-FIELD-02578,A,CAMIONETA_4x4,0,32.47,15.63,67.43,0.493,0.265,9.6,6.54,0,7.48,5.42,0
REAL-FIELD-02579,A,CAMIONETA_4x4,0,34.28,7.59,101.38,0.714,0.222,8,6.12,0,10.65,9.27,0
REAL-FIELD-02580,B,CAMIONETA_4x4,0,37.38,13.09,19.93,0.995,0.242,6.7,4.73,1,1.92,1.18,1
REAL-FIELD-02581,D,CAT_797F_MANUAL,0,39.6,8.74,184,0.196,0.213,10.5,5.3,0,16.73,14.08,0
REAL-FIELD-02582,A,CAMIONETA_4x4,0,26.9,6.42,102.9,0.717,0.09,3.5,4.55,0,13.77,12.79,0
REAL-FIELD-02583,A,CAT_797F_MANUAL,0,27.74,8.4,87.76,0.967,0.125,4.8,4.58,0,11.39,10.93,0
REAL-FIELD-02584,D,CAMIONETA_4x4,0,45.98,7.02,78.71,0.254,0.199,5.4,4.57,0,6.16,3.7,1
REAL-FIELD-02585,A,CAT_797F_MANUAL,0,16.89,11.1,142.91,0.461,0.257,11.4,5.18,0,30.46,28.34,0
REAL-FIELD-02586,E,KOMATSU_930E_AHS,1,37.9,12.43,64.11,0.603,0,4.6,0.15,0,6.09,5.1,0
REAL-FIELD-02587,E,KOMATSU_930E_AHS,1,28.6,2.73,42.35,0.299,0,3.4,0.15,0,5.33,3.58,1
REAL-FIELD-02588,A,CAMIONETA_4x4,0,46.36,6.4,148.52,0.672,0.203,9.4,4.54,0,11.53,10.1,0
REAL-FIELD-02589,E,KOMATSU_930E_AHS,1,30.1,9.65,94.8,0.588,0,9.6,0.15,0,11.34,10.31,0
REAL-FIELD-02590,A,CAT_797F_MANUAL,0,32.47,10.57,60.15,0.507,0.151,5.3,5.73,0,6.67,4.98,0
REAL-FIELD-02591,D,CAMIONETA_4x4,0,61.7,10.85,153.24,0.298,0.273,6.5,6.54,0,8.94,6.37,0
REAL-FIELD-02592,C,CAT_797F_MANUAL,0,46.76,5.52,57.45,0.597,0.313,9.3,7.17,0,4.42,2.47,1
REAL-FIELD-02593,C,CAT_797F_MANUAL,0,34.51,14.23,133.57,0.163,0.289,11,4.44,0,13.93,10.97,0
REAL-FIELD-02594,C,PALA_PH_4100XPC,0,2.95,4.28,25.8,0.93,0.305,9.1,6.58,1,31.48,30.39,0
REAL-FIELD-02595,E,KOMATSU_930E_AHS,1,24.97,3.87,159.43,0.66,0,6.8,0.15,0,22.99,22.14,0
REAL-FIELD-02596,E,KOMATSU_930E_AHS,1,31.69,5.62,122.97,0.347,0,3.1,0.15,0,13.97,12.34,0
REAL-FIELD-02597,C,CAT_797F_MANUAL,0,28.19,12.14,141.37,0.302,0.285,10,5.5,0,18.05,15.45,0
REAL-FIELD-02598,A,CAMIONETA_4x4,0,25.85,9.24,73.34,0.987,0.175,5.5,5.34,0,10.21,9.65,0
REAL-FIELD-02599,D,CAMIONETA_4x4,0,47.63,3.79,96.81,0.374,0.147,5.8,3.83,0,7.32,5.31,0
REAL-FIELD-02600,D,PALA_PH_4100XPC,0,1.2,15.9,64.02,0.217,0.196,4.3,5.73,0,999,996.45,0
REAL-FIELD-02601,A,CAT_797F_MANUAL,0,33.94,8.57,142.92,0.486,0.155,2.7,5.88,0,15.16,13.41,0
REAL-FIELD-02602,C,CAT_797F_MANUAL,0,30.46,4.14,118.5,0.857,0.316,9.3,4.32,0,14.01,12.7,0
REAL-FIELD-02603,C,CAT_797F_MANUAL,0,43.74,12.83,128.98,0.578,0.33,9,7.04,0,10.62,8.57,0
REAL-FIELD-02604,A,CAT_797F_MANUAL,0,21.83,15.69,170.1,0.86,0.146,3.1,4.29,0,28.05,27.26,0
REAL-FIELD-02605,A,CAT_797F_MANUAL,0,38.57,6.76,80.35,0.971,0.218,7.7,5.56,0,7.5,6.77,0
REAL-FIELD-02606,D,CAT_797F_MANUAL,0,18.45,5.93,150.72,0.411,0.236,6.6,6.81,0,29.41,27.23,0
REAL-FIELD-02607,E,KOMATSU_930E_AHS,1,34.57,3.79,49.19,0.623,0,11.9,0.15,0,5.12,4.18,0
REAL-FIELD-02608,A,CAT_797F_MANUAL,0,23.12,10.57,128.31,0.531,0.09,2.1,4.17,0,19.98,18.54,0
REAL-FIELD-02609,D,CAT_797F_MANUAL,0,49.62,2.37,111.19,0.351,0.12,2,3.43,0,8.07,6.09,0
REAL-FIELD-02610,B,CAT_797F_MANUAL,0,33.68,8.4,13.06,0.694,0.167,4.3,2.92,3,1.4,0.13,1
REAL-FIELD-02611,E,KOMATSU_930E_AHS,1,37.83,7.87,4.3,0.231,0,3,0.15,2,0.41,-1.51,1
REAL-FIELD-02612,D,CAT_797F_MANUAL,0,13.79,13.13,61.21,0.298,0.157,3.3,3.39,0,15.98,13.75,0
REAL-FIELD-02613,D,CAT_797F_MANUAL,0,23.04,12.51,143.05,0.4,0.22,6.3,2.81,0,22.35,20.19,0
REAL-FIELD-02614,E,KOMATSU_930E_AHS,1,29.15,13,98.78,0.445,0,11.8,0.15,0,12.2,10.81,0
REAL-FIELD-02615,B,PALA_PH_4100XPC,0,1.7,4.19,134.4,0.585,0.116,3,2.13,0,999,997.61,0
REAL-FIELD-02616,A,CAMIONETA_4x4,0,55.81,9.61,164.97,0.785,0.203,4.8,6.1,0,10.64,9.49,0
REAL-FIELD-02617,D,CAT_797F_MANUAL,0,20.22,9.61,62.03,0.394,0.13,2.4,4.87,0,11.04,9.13,0
REAL-FIELD-02618,E,KOMATSU_930E_AHS,1,20.47,8,77.25,0.47,0,6.7,0.15,0,13.59,12.26,0
REAL-FIELD-02619,E,KOMATSU_930E_AHS,1,28.44,2.51,79.82,0.33,0,4.8,0.15,0,10.1,8.43,0
REAL-FIELD-02620,C,CAT_797F_MANUAL,0,30.32,12.21,57.89,0.197,0.285,11.2,7.11,0,6.87,4.01,0
REAL-FIELD-02621,A,CAT_797F_MANUAL,0,28.79,12.55,38.41,0.483,0.209,9,4.87,0,4.8,2.88,1
REAL-FIELD-02622,A,CAMIONETA_4x4,0,26.4,11.71,129.94,0.988,0.146,5,3.51,0,17.72,17.25,0
REAL-FIELD-02623,B,PALA_PH_4100XPC,0,3.53,12.36,70.8,0.473,0.155,0.7,3.42,0,72.2,70.42,0
REAL-FIELD-02624,A,CAT_797F_MANUAL,0,22.06,12.39,176.78,0.564,0.121,3.4,3.14,0,28.85,27.4,0
REAL-FIELD-02625,B,PALA_PH_4100XPC,0,1.99,10.02,7,0.464,0.23,3.3,5.36,3,12.66,10.63,0
REAL-FIELD-02626,E,KOMATSU_930E_AHS,1,37.99,11.95,106.34,0.477,0,9.2,0.15,0,10.08,8.77,0
REAL-FIELD-02627,D,CAT_797F_MANUAL,0,24.94,8.96,35.77,0.312,0.12,0.9,2.39,0,5.16,3.08,1
REAL-FIELD-02628,E,KOMATSU_930E_AHS,1,26.22,2.31,27.18,0.997,0,3.3,0.15,3,3.73,3.72,1
REAL-FIELD-02629,B,PALA_PH_4100XPC,0,1.34,14.55,95.9,0.845,0.076,2.9,3.46,0,999,998.38,0
REAL-FIELD-02630,C,CAMIONETA_4x4,0,28.83,15.71,101.74,0.541,0.296,9.9,5.94,0,12.7,10.66,0
REAL-FIELD-02631,A,CAMIONETA_4x4,0,62.29,11.26,30.93,0.794,0.071,1.4,4.14,0,1.79,1.06,1
REAL-FIELD-02632,C,CAMIONETA_4x4,0,40.2,7.54,185.18,0.337,0.309,10.5,4.12,0,16.58,14,0
REAL-FIELD-02633,C,PALA_PH_4100XPC,0,3.43,5.05,74.19,0.7,0.359,10.8,4.27,0,77.87,76.04,0
REAL-FIELD-02634,D,CAT_797F_MANUAL,0,48,6.03,19.98,0.2,0.145,1,5.19,0,1.5,-0.94,1
REAL-FIELD-02635,E,KOMATSU_930E_AHS,1,22.95,2.21,114.1,0.945,0,11.4,0.15,0,17.9,17.76,0
REAL-FIELD-02636,E,KOMATSU_930E_AHS,1,21.38,4.3,107.66,0.505,0,9.8,0.15,0,18.13,16.89,0
REAL-FIELD-02637,A,CAT_797F_MANUAL,0,24.52,2.18,90.06,0.871,0.275,9,5.65,0,13.22,12.07,0
REAL-FIELD-02638,C,CAT_797F_MANUAL,0,48.99,15.77,10.28,0.673,0.325,10,6.93,3,0.76,-1.03,1
REAL-FIELD-02639,A,CAMIONETA_4x4,0,51.12,10.21,37.28,0.846,0.255,7.7,5.24,0,2.63,1.48,1
REAL-FIELD-02640,B,PALA_PH_4100XPC,0,3.64,9.26,42.1,0.561,0.181,4.5,3.24,0,41.64,40,0
REAL-FIELD-02641,D,CAT_797F_MANUAL,0,35.48,5.85,122.92,0.329,0.108,3.9,2.42,0,12.47,10.47,0
REAL-FIELD-02642,E,KOMATSU_930E_AHS,1,26.56,5.7,188.54,0.974,0,1.8,0.15,0,25.56,25.49,0
REAL-FIELD-02643,A,CAT_797F_MANUAL,0,46.38,3.28,96.27,0.705,0.217,8.9,6.19,0,7.47,6.08,0
REAL-FIELD-02644,E,KOMATSU_930E_AHS,1,25.79,13.63,60.27,0.912,0,8.5,0.15,0,8.41,8.19,0
REAL-FIELD-02645,A,CAT_797F_MANUAL,0,13.97,8.87,124.26,0.586,0.194,4.9,3.21,0,32.02,30.4,0
REAL-FIELD-02646,E,KOMATSU_930E_AHS,1,26.93,8.47,116.92,0.641,0,4.8,0.15,0,15.63,14.73,0
REAL-FIELD-02647,E,KOMATSU_930E_AHS,1,25.82,7.04,126.74,0.641,0,9,0.15,0,17.67,16.77,0
REAL-FIELD-02648,B,PALA_PH_4100XPC,0,2.46,3.61,191.5,0.739,0.199,9.7,4.02,0,280.24,278.99,0
REAL-FIELD-02649,A,CAT_797F_MANUAL,0,45.65,13.21,175.85,0.492,0.137,5.3,3.75,0,13.87,12.19,0
REAL-FIELD-02650,C,CAMIONETA_4x4,0,48.78,8.5,114.63,0.614,0.287,11.4,5.95,0,8.46,6.63,0
REAL-FIELD-02651,D,CAT_797F_MANUAL,0,14.01,4.13,164.22,0.337,0.059,1.9,1.81,0,42.2,40.37,0
REAL-FIELD-02652,B,PALA_PH_4100XPC,0,0.65,14.91,91.7,0.947,0.275,6.2,6.12,0,999,998.04,0
REAL-FIELD-02653,A,CAT_797F_MANUAL,0,18.92,3.19,123.47,0.699,0.176,6.9,2.91,0,23.49,22.21,0
REAL-FIELD-02654,D,CAT_797F_MANUAL,0,19.25,8.35,142.46,0.309,0.267,11.9,6.48,0,26.64,24.11,0
REAL-FIELD-02655,A,CAT_797F_MANUAL,0,29.87,15.49,124.62,0.697,0.086,2.3,5.31,0,15.02,14,0
REAL-FIELD-02656,A,CAMIONETA_4x4,0,48.62,4.6,48.74,0.569,0.248,8.1,4.74,0,3.61,1.79,1
REAL-FIELD-02657,E,KOMATSU_930E_AHS,1,32.96,4.99,72.06,0.881,0,9.1,0.15,0,7.87,7.57,0
REAL-FIELD-02658,A,CAMIONETA_4x4,0,43.1,13.98,191.08,0.661,0.135,0.8,3.03,0,15.96,14.71,0
REAL-FIELD-02659,D,CAMIONETA_4x4,0,52.9,15.61,20.98,0.352,0.208,5.9,3.8,1,1.43,-0.81,1
REAL-FIELD-02660,C,CAT_797F_MANUAL,0,15.68,12.89,7.6,0.462,0.331,11.5,6.15,0,1.74,-0.6,1
REAL-FIELD-02661,C,CAT_797F_MANUAL,0,14.03,8.15,150.43,0.852,0.304,11.6,5.43,0,38.6,37.32,0
REAL-FIELD-02662,E,KOMATSU_930E_AHS,1,33.69,11.16,109.22,0.263,0,4.2,0.15,0,11.67,9.83,0
REAL-FIELD-02663,E,KOMATSU_930E_AHS,1,30.59,8.32,53.98,0.489,0,5.4,0.15,0,6.35,5.07,0
REAL-FIELD-02664,A,CAT_797F_MANUAL,0,46.35,7.25,131.34,1,0.215,4.4,6.54,0,10.2,9.56,0
REAL-FIELD-02665,D,CAMIONETA_4x4,0,29.17,14.59,64.02,0.163,0.206,4.8,3.53,0,7.9,5.19,0
REAL-FIELD-02666,E,KOMATSU_930E_AHS,1,37.16,4.05,27.11,0.796,0,11.9,0.15,2,2.63,2.12,1
REAL-FIELD-02667,E,KOMATSU_930E_AHS,1,31.1,14.43,150.2,0.335,0,5,0.15,0,17.39,15.73,0
REAL-FIELD-02668,A,CAMIONETA_4x4,0,51.15,5.78,33.68,0.655,0.155,1.8,5.11,0,2.37,1.04,1
REAL-FIELD-02669,B,PALA_PH_4100XPC,0,1.93,4.87,98.93,0.572,0.241,4.8,4.24,0,184.53,182.74,0
REAL-FIELD-02670,E,KOMATSU_930E_AHS,1,33.24,11.39,63.54,0.215,0,6.2,0.15,0,6.88,4.92,0
REAL-FIELD-02671,B,CAT_797F_MANUAL,0,22.33,11.3,16.14,0.878,0.247,10.3,4.35,3,2.6,1.55,1
REAL-FIELD-02672,C,PALA_PH_4100XPC,0,2.32,4.72,43.12,0.193,0.325,10.3,5.91,0,66.91,63.92,0
REAL-FIELD-02673,E,KOMATSU_930E_AHS,1,33.78,4.55,129.19,0.934,0,3.4,0.15,0,13.77,13.6,0
REAL-FIELD-02674,E,KOMATSU_930E_AHS,1,31.41,10.9,19.23,0.244,0,1.9,0.15,3,2.2,0.31,1
REAL-FIELD-02675,A,CAT_797F_MANUAL,0,28.03,9.93,192.64,0.573,0.177,6.5,5.56,0,24.74,23.14,0
REAL-FIELD-02676,E,KOMATSU_930E_AHS,1,26.63,2.37,44.24,0.787,0,11,0.15,0,5.98,5.45,0
REAL-FIELD-02677,A,CAT_797F_MANUAL,0,37.61,5.94,134.23,0.988,0.17,2,3.35,0,12.85,12.31,0
REAL-FIELD-02678,A,CAT_797F_MANUAL,0,29.39,6.9,80.7,0.635,0.101,2.6,2.2,0,9.88,8.66,0
REAL-FIELD-02679,C,CAT_797F_MANUAL,0,24.56,14.38,165.86,0.373,0.289,9.4,3.6,0,24.31,21.88,0
REAL-FIELD-02680,C,CAT_797F_MANUAL,0,21.54,6.01,143.66,0.39,0.282,9.1,6.14,0,24.01,21.64,0
REAL-FIELD-02681,E,KOMATSU_930E_AHS,1,29.63,8.83,185.71,0.833,0,5.3,0.15,0,22.56,22.14,0
REAL-FIELD-02682,D,CAT_797F_MANUAL,0,48.99,4.01,8.63,0.244,0.15,1.8,2.35,0,0.63,-1.71,1
REAL-FIELD-02683,A,CAT_797F_MANUAL,0,34.97,6.69,40.49,0.742,0.233,4.3,5.45,0,4.17,2.83,1
REAL-FIELD-02684,E,KOMATSU_930E_AHS,1,18.58,5.2,66.57,0.775,0,10.2,0.15,0,12.9,12.34,0
REAL-FIELD-02685,C,CAT_797F_MANUAL,0,12.22,9.84,158.79,0.698,0.368,10.9,6.97,0,46.78,44.92,0
REAL-FIELD-02686,A,CAT_797F_MANUAL,0,25.99,13.39,39.38,0.924,0.214,8.7,5.29,0,5.45,4.62,0
REAL-FIELD-02687,E,KOMATSU_930E_AHS,1,26.1,5.75,59.36,0.335,0,2.1,0.15,0,8.19,6.53,0
REAL-FIELD-02688,A,CAMIONETA_4x4,0,46.03,15.18,73.69,0.672,0.237,11.2,6.6,0,5.76,4.23,0
REAL-FIELD-02689,E,KOMATSU_930E_AHS,1,19.71,7.66,27.54,0.26,0,0.8,0.15,1,5.03,3.18,1
REAL-FIELD-02690,C,CAT_797F_MANUAL,0,19.05,15.51,73.64,0.445,0.29,11.6,5.42,0,13.92,11.66,0
REAL-FIELD-02691,E,KOMATSU_930E_AHS,1,21.57,7.91,145.05,0.569,0,10,0.15,0,24.21,23.13,0
REAL-FIELD-02692,D,CAT_797F_MANUAL,0,28.66,10.78,169.94,0.2,0.163,0.6,3.22,0,21.35,18.86,0
REAL-FIELD-02693,C,CAT_797F_MANUAL,0,14.4,10.67,64.72,0.824,0.301,8.9,6.64,0,16.18,14.84,0
REAL-FIELD-02694,E,KOMATSU_930E_AHS,1,22.17,3.57,49.93,0.492,0,1.4,0.15,0,8.11,6.84,0
REAL-FIELD-02695,D,CAT_797F_MANUAL,0,44.12,13.04,189.3,0.295,0.263,5.5,4.87,0,15.45,12.9,0
REAL-FIELD-02696,E,KOMATSU_930E_AHS,1,24.61,8.15,145.72,0.166,0,11.6,0.15,0,21.32,19.24,0
REAL-FIELD-02697,E,KOMATSU_930E_AHS,1,23.02,15.52,106.26,0.499,0,8.9,0.15,0,16.62,15.37,0
REAL-FIELD-02698,D,CAMIONETA_4x4,0,59.27,12.54,7.25,0.298,0.274,8,5.8,1,0.44,-2.14,1
REAL-FIELD-02699,E,KOMATSU_930E_AHS,1,22.92,7.9,190.07,0.241,0,9.5,0.15,0,29.85,27.95,0
REAL-FIELD-02700,C,CAT_797F_MANUAL,0,14.96,13.72,86.79,0.424,0.293,10.3,4.58,0,20.89,18.57,0
REAL-FIELD-02701,D,CAMIONETA_4x4,0,26.6,11.93,159.17,0.388,0.135,4.3,4.12,0,21.54,19.6,0
REAL-FIELD-02702,C,PALA_PH_4100XPC,0,2.69,4.6,84.65,0.229,0.312,9.3,5.68,0,113.29,110.43,0
REAL-FIELD-02703,B,PALA_PH_4100XPC,0,1.24,13.77,58.14,0.741,0.119,2.7,1.83,0,999,998,0
REAL-FIELD-02704,C,CAMIONETA_4x4,0,52.37,4.25,171.62,0.751,0.296,11.7,3.63,0,11.8,10.29,0
REAL-FIELD-02705,A,CAT_797F_MANUAL,0,29.64,3.91,28.01,0.954,0.272,10.8,4.27,0,3.4,2.47,1
REAL-FIELD-02706,A,CAT_797F_MANUAL,0,27.58,12.49,154.82,0.725,0.223,8.4,3.81,0,20.21,18.85,0
REAL-FIELD-02707,D,CAT_797F_MANUAL,0,39.39,2.18,5.45,0.379,0.258,7.3,5.93,0,0.5,-1.83,1
REAL-FIELD-02708,A,CAMIONETA_4x4,0,46.26,4.41,70.6,0.883,0.252,10.5,3.59,0,5.49,4.44,0
REAL-FIELD-02709,C,CAT_797F_MANUAL,0,35.88,10.81,131.29,0.633,0.346,10,6.27,0,13.17,11.21,0
REAL-FIELD-02710,D,CAT_797F_MANUAL,0,35.85,12.96,113.23,0.35,0.072,2.6,4.57,0,11.37,9.53,0
REAL-FIELD-02711,E,KOMATSU_930E_AHS,1,25.69,5.49,77.86,0.176,0,1.4,0.15,0,10.91,8.85,0
REAL-FIELD-02712,A,CAMIONETA_4x4,0,41.88,7.87,54.46,0.942,0.211,9.7,5.07,0,4.68,3.9,1
REAL-FIELD-02713,A,CAT_797F_MANUAL,0,32.64,8.77,127.8,0.652,0.146,1.2,4.34,0,14.1,12.79,0
REAL-FIELD-02714,C,PALA_PH_4100XPC,0,3.58,2.88,85.51,0.957,0.369,11.6,4.72,0,85.99,84.78,0
REAL-FIELD-02715,E,KOMATSU_930E_AHS,1,33.63,9.4,66.75,0.779,0,6,0.15,0,7.15,6.6,0
REAL-FIELD-02716,E,KOMATSU_930E_AHS,1,35.43,3.56,5.47,0.794,0,2.6,0.15,1,0.56,0.05,1
REAL-FIELD-02717,A,CAMIONETA_4x4,0,30.66,8.85,136.97,0.509,0.095,3.3,3.76,0,16.08,14.57,0
REAL-FIELD-02718,E,KOMATSU_930E_AHS,1,37.4,3.99,6.89,0.686,0,4.6,0.15,2,0.66,-0.12,1
REAL-FIELD-02719,A,CAT_797F_MANUAL,0,46.39,9.48,57.5,0.856,0.101,2.2,4.53,0,4.46,3.8,1
REAL-FIELD-02720,A,CAMIONETA_4x4,0,52.66,14.96,119.33,0.613,0.196,7.1,4.5,0,8.16,6.6,0
REAL-FIELD-02721,A,CAT_797F_MANUAL,0,29.31,2.02,176.7,0.953,0.162,3.3,4.8,0,21.7,21.1,0
REAL-FIELD-02722,C,CAT_797F_MANUAL,0,44.74,4.66,109.11,0.314,0.308,8.8,4.64,0,8.78,6.14,0
REAL-FIELD-02723,E,KOMATSU_930E_AHS,1,28.31,14.43,164.99,0.703,0,11.6,0.15,0,20.98,20.24,0
REAL-FIELD-02724,E,KOMATSU_930E_AHS,1,32.87,14.27,142.66,0.855,0,8.5,0.15,0,15.62,15.26,0
REAL-FIELD-02725,B,CAT_797F_MANUAL,0,30.39,2.47,5.76,0.717,0.265,7.8,3.85,2,0.68,-0.82,1
REAL-FIELD-02726,E,KOMATSU_930E_AHS,1,35.62,7.06,167.34,0.363,0,11.6,0.15,0,16.91,15.32,0
REAL-FIELD-02727,A,CAMIONETA_4x4,0,52.13,9.85,32.69,0.899,0.179,8.1,2.41,0,2.26,1.47,1
REAL-FIELD-02728,E,KOMATSU_930E_AHS,1,27.01,14.02,73.43,0.99,0,3.5,0.15,0,9.79,9.76,0
REAL-FIELD-02729,A,CAT_797F_MANUAL,0,19.99,7.8,164.3,0.452,0.269,6.8,3.89,0,29.59,27.41,0
REAL-FIELD-02730,A,CAMIONETA_4x4,0,46.29,2.54,130.49,0.925,0.185,1.9,2.38,0,10.15,9.41,0
REAL-FIELD-02731,E,KOMATSU_930E_AHS,1,33.71,12.06,97.55,0.816,0,2.4,0.15,0,10.42,9.96,0
REAL-FIELD-02732,A,CAT_797F_MANUAL,0,37.6,13.38,127.03,0.501,0.078,0.5,2.14,0,12.16,10.68,0
REAL-FIELD-02733,B,PALA_PH_4100XPC,0,1.24,4.61,20.76,0.472,0.193,5.6,4.48,3,999,997.1,0
REAL-FIELD-02734,D,CAT_797F_MANUAL,0,41.83,13.51,3.11,0.25,0.186,2.9,6.15,3,0.27,-2.16,1
REAL-FIELD-02735,A,CAMIONETA_4x4,0,27.77,11.13,96.3,0.554,0.22,10.6,5.66,0,12.48,10.7,0
REAL-FIELD-02736,C,CAT_797F_MANUAL,0,38.7,3.95,159.7,0.872,0.29,8.3,6.31,0,14.86,13.67,0
REAL-FIELD-02737,E,KOMATSU_930E_AHS,1,34.37,12.43,83.5,0.61,0,11.8,0.15,0,8.75,7.78,0
REAL-FIELD-02738,D,CAT_797F_MANUAL,0,12.73,6.99,192.64,0.44,0.149,2.5,4.4,0,54.48,52.63,0
REAL-FIELD-02739,D,CAMIONETA_4x4,0,42.66,13.74,125.38,0.368,0.276,8.6,6.04,0,10.58,8.17,0
REAL-FIELD-02740,E,KOMATSU_930E_AHS,1,28.09,7.67,140.93,0.555,0,9.8,0.15,0,18.06,16.95,0
REAL-FIELD-02741,E,KOMATSU_930E_AHS,1,24.32,15.09,30.83,0.333,0,5,0.15,0,4.56,2.89,1
REAL-FIELD-02742,C,PALA_PH_4100XPC,0,3.72,4.84,143.87,0.27,0.356,11.8,6.59,0,139.23,136.34,0
REAL-FIELD-02743,D,CAT_797F_MANUAL,0,30.14,9.48,166.84,0.307,0.241,5.5,5.61,0,19.93,17.47,0
REAL-FIELD-02744,D,CAMIONETA_4x4,0,32.82,7.87,19.06,0.21,0.226,9.6,3.72,3,2.09,-0.56,1
REAL-FIELD-02745,E,KOMATSU_930E_AHS,1,27.38,8.44,10.69,0.204,0,2.7,0.15,0,1.41,-0.58,1
REAL-FIELD-02746,D,CAT_797F_MANUAL,0,45.29,15.62,52.78,0.233,0.177,6.3,5.89,0,4.2,1.75,1
REAL-FIELD-02747,A,CAT_797F_MANUAL,0,33.33,3.97,187.33,0.611,0.149,6.7,2.02,0,20.23,18.81,0
REAL-FIELD-02748,D,CAMIONETA_4x4,0,37.54,12.21,141.16,0.261,0.238,4.2,5.8,0,13.54,10.98,0
REAL-FIELD-02749,D,CAMIONETA_4x4,0,52.46,6.56,94.17,0.429,0.08,2.5,2.96,0,6.46,4.79,0
REAL-FIELD-02750,A,CAT_797F_MANUAL,0,46.33,2.26,108.98,0.852,0.249,5.2,5.8,0,8.47,7.35,0
REAL-FIELD-02751,D,CAT_797F_MANUAL,0,18.84,2.65,46.23,0.201,0.157,3.6,3.17,0,8.83,6.36,0
REAL-FIELD-02752,E,KOMATSU_930E_AHS,1,27.22,10.05,138,0.434,0,5.9,0.15,0,18.25,16.84,0
REAL-FIELD-02753,D,PALA_PH_4100XPC,0,3.39,15.14,49.18,0.405,0.135,4.8,5.03,0,52.23,50.34,0
REAL-FIELD-02754,E,KOMATSU_930E_AHS,1,35.02,8.54,141.05,0.686,0,7.9,0.15,0,14.5,13.72,0
REAL-FIELD-02755,E,KOMATSU_930E_AHS,1,27.7,4.55,92.74,0.525,0,0.8,0.15,0,12.05,10.86,0
REAL-FIELD-02756,E,KOMATSU_930E_AHS,1,37,5.8,137.9,0.72,0,8.5,0.15,0,13.42,12.72,0
REAL-FIELD-02757,A,CAT_797F_MANUAL,0,13.97,2.29,167.64,0.659,0.122,4.9,5.21,0,43.2,41.98,0
REAL-FIELD-02758,D,CAT_797F_MANUAL,0,18.48,10.67,113.76,0.246,0.216,6.4,4.06,0,22.16,19.63,0
REAL-FIELD-02759,E,KOMATSU_930E_AHS,1,21.91,12.64,66.29,0.694,0,10.1,0.15,0,10.89,10.12,0
REAL-FIELD-02760,D,PALA_PH_4100XPC,0,3.9,5.91,22.48,0.379,0.226,4,6.27,1,20.75,18.52,0
REAL-FIELD-02761,E,KOMATSU_930E_AHS,1,30.16,3.79,26.92,0.808,0,8.7,0.15,1,3.21,2.73,1
REAL-FIELD-02762,E,KOMATSU_930E_AHS,1,33.14,9.9,69.89,0.886,0,7.4,0.15,0,7.59,7.3,0
REAL-FIELD-02763,D,CAT_797F_MANUAL,0,47.19,9.04,47.29,0.445,0.188,1.4,3.73,0,3.61,1.66,1
REAL-FIELD-02764,B,CAT_797F_MANUAL,0,27.56,6.21,11.95,0.649,0.151,6.2,5.11,0,1.56,0.23,1
REAL-FIELD-02765,B,CAT_797F_MANUAL,0,34.57,7.47,4.92,0.579,0.17,4.9,4.5,0,0.51,-1.05,1
REAL-FIELD-02766,D,CAMIONETA_4x4,0,50.7,11.62,170.77,0.382,0.13,5.1,4.52,0,12.13,10.2,0
REAL-FIELD-02767,B,PALA_PH_4100XPC,0,1.37,13.25,126.74,0.602,0.177,6.3,3.21,0,999,997.47,0
REAL-FIELD-02768,E,KOMATSU_930E_AHS,1,32.37,13.56,141.11,0.255,0,9.2,0.15,0,15.69,13.83,0
REAL-FIELD-02769,A,CAMIONETA_4x4,0,58.12,12.76,73.03,0.794,0.218,6,6.1,0,4.52,3.35,1
REAL-FIELD-02770,E,KOMATSU_930E_AHS,1,20.08,11.21,89.17,0.263,0,3.6,0.15,0,15.99,14.15,0
REAL-FIELD-02771,E,KOMATSU_930E_AHS,1,21.38,3.92,174.23,0.948,0,10.9,0.15,0,29.34,29.21,0
REAL-FIELD-02772,B,PALA_PH_4100XPC,0,3.08,15.58,67.1,0.714,0.066,1.6,4.26,0,78.43,77.52,0
REAL-FIELD-02773,A,CAMIONETA_4x4,0,50.39,10.02,164.24,0.805,0.174,2.6,5.5,0,11.73,10.72,0
REAL-FIELD-02774,C,CAT_797F_MANUAL,0,46.35,10.98,123.32,0.228,0.337,10.7,6.67,0,9.58,6.64,0
REAL-FIELD-02775,B,CAMIONETA_4x4,0,27.98,7.15,3.99,0.648,0.199,5,6.19,0,0.51,-0.97,1
REAL-FIELD-02776,A,CAT_797F_MANUAL,0,12.14,4.8,174.25,0.516,0.277,8.6,4.72,0,51.67,49.63,0
REAL-FIELD-02777,C,PALA_PH_4100XPC,0,3.62,14.2,103.86,0.838,0.316,8.4,5.93,0,103.29,101.94,0
REAL-FIELD-02778,C,PALA_PH_4100XPC,0,0.22,5.26,52.38,0.41,0.331,9.9,7.67,0,999,996.53,0
REAL-FIELD-02779,D,CAT_797F_MANUAL,0,25.06,10.2,140.91,0.241,0.154,2.7,2.39,0,20.24,17.88,0
REAL-FIELD-02780,E,KOMATSU_930E_AHS,1,19.21,9.75,37.75,0.58,0,11,0.15,0,7.07,6.02,0
REAL-FIELD-02781,E,KOMATSU_930E_AHS,1,21.99,15.68,54.39,0.386,0,11.8,0.15,0,8.9,7.36,0
REAL-FIELD-02782,A,CAMIONETA_4x4,0,31.42,4.59,78.08,0.508,0.234,5.5,4.17,0,8.95,7.02,0
REAL-FIELD-02783,D,CAT_797F_MANUAL,0,37.25,8.75,79.21,0.269,0.173,3.2,2.58,0,7.66,5.31,0
REAL-FIELD-02784,C,CAT_797F_MANUAL,0,47.67,5.58,121.9,0.442,0.326,9.5,6.75,0,9.21,6.84,0
REAL-FIELD-02785,A,CAT_797F_MANUAL,0,41,2.86,177.83,0.465,0.079,0.9,1.43,0,15.61,14.04,0
REAL-FIELD-02786,E,KOMATSU_930E_AHS,1,35.61,2.45,22.27,0.285,0,2.7,0.15,3,2.25,0.46,1
REAL-FIELD-02787,E,KOMATSU_930E_AHS,1,22.58,12.33,190.07,0.642,0,2.3,0.15,0,30.3,29.4,0
REAL-FIELD-02788,D,CAT_797F_MANUAL,0,22.32,5.97,116.23,0.218,0.039,0.9,3.5,0,18.75,16.68,0
REAL-FIELD-02789,E,KOMATSU_930E_AHS,1,20.97,6.02,85.93,0.376,0,8.1,0.15,0,14.75,13.19,0
REAL-FIELD-02790,A,CAT_797F_MANUAL,0,43.59,15.47,62.81,0.474,0.252,5.6,4.06,0,5.19,3.12,1
REAL-FIELD-02791,A,CAT_797F_MANUAL,0,32.12,15,179.48,0.689,0.182,7.3,2.78,0,20.12,18.8,0
REAL-FIELD-02792,C,CAT_797F_MANUAL,0,46.1,4.38,188.59,0.762,0.292,9.6,6.52,0,14.73,13.26,0
REAL-FIELD-02793,C,CAMIONETA_4x4,0,34.3,2.29,171.46,0.354,0.338,10.7,6.77,0,18,15.37,0
REAL-FIELD-02794,D,CAMIONETA_4x4,0,49.55,6.09,118.12,0.377,0.209,5.4,3.12,0,8.58,6.4,0
REAL-FIELD-02795,A,CAT_797F_MANUAL,0,41.8,2.97,146.25,0.717,0.121,2.2,3.42,0,12.6,11.53,0
REAL-FIELD-02796,E,KOMATSU_930E_AHS,1,28.52,3.43,77.07,0.377,0,3.8,0.15,0,9.73,8.17,0
REAL-FIELD-02797,A,CAMIONETA_4x4,0,47.31,4.72,38.51,0.457,0.122,2.1,5.63,0,2.93,1.21,1
REAL-FIELD-02798,C,CAT_797F_MANUAL,0,24.09,12.01,42.13,0.154,0.282,11.9,5.65,0,6.3,3.34,1
REAL-FIELD-02799,C,PALA_PH_4100XPC,0,2.49,6.12,10.33,0.734,0.335,11.3,7.38,3,14.93,13.26,0
REAL-FIELD-02800,B,PALA_PH_4100XPC,0,2.37,7.93,138.76,0.815,0.187,5.4,4.91,0,210.77,209.75,0
REAL-FIELD-02801,D,PALA_PH_4100XPC,0,2.82,7.76,18.23,0.203,0.234,5.9,4.09,0,23.27,20.58,0
REAL-FIELD-02802,B,PALA_PH_4100XPC,0,0.15,8.46,30.95,0.504,0.189,2,5.1,0,999,997.19,0
REAL-FIELD-02803,E,KOMATSU_930E_AHS,1,19.91,5.19,117.3,0.152,0,10.5,0.15,0,21.21,19.09,0
REAL-FIELD-02804,A,CAT_797F_MANUAL,0,15.02,9.82,59.23,0.859,0.192,6.9,4.56,0,14.2,13.27,0
REAL-FIELD-02805,A,CAT_797F_MANUAL,0,40.5,7.16,56.26,0.651,0.181,2.5,4.55,0,5,3.58,1
REAL-FIELD-02806,C,PALA_PH_4100XPC,0,1.34,7.24,35.38,0.973,0.304,10.2,6.16,0,999,998.02,0
REAL-FIELD-02807,E,KOMATSU_930E_AHS,1,27.2,9.61,9.84,0.408,0,4.3,0.15,1,1.3,-0.18,1
REAL-FIELD-02808,B,PALA_PH_4100XPC,0,3.35,3.4,3.15,0.578,0.197,2.5,5.51,1,3.39,1.74,1
REAL-FIELD-02809,C,PALA_PH_4100XPC,0,2.85,12.9,28.76,0.612,0.316,8.7,7.33,3,36.33,34.41,0
REAL-FIELD-02810,C,CAT_797F_MANUAL,0,43.62,14.57,91.85,0.518,0.351,10.9,5.5,0,7.58,5.32,0
REAL-FIELD-02811,A,CAT_797F_MANUAL,0,22.19,5.26,185.8,0.594,0.185,4.3,5.35,0,30.14,28.57,0
REAL-FIELD-02812,A,CAT_797F_MANUAL,0,41.12,2.81,127.81,0.543,0.266,7.6,6.17,0,11.19,9.25,0
REAL-FIELD-02813,A,CAT_797F_MANUAL,0,47.51,14.27,57.94,0.929,0.224,10.1,4.28,0,4.39,3.54,1
REAL-FIELD-02814,A,CAT_797F_MANUAL,0,24.67,13.3,168.94,0.949,0.248,7.8,5.38,0,24.65,23.78,0
REAL-FIELD-02815,A,CAT_797F_MANUAL,0,30.92,12.52,39.66,0.985,0.223,9.5,4.51,0,4.62,3.91,1
REAL-FIELD-02816,E,KOMATSU_930E_AHS,1,33.84,10.92,30.55,0.881,0,7.5,0.15,0,3.25,2.95,1
REAL-FIELD-02817,E,KOMATSU_930E_AHS,1,30.28,3.72,30.49,0.466,0,6.2,0.15,0,3.62,2.28,1
REAL-FIELD-02818,C,CAT_797F_MANUAL,0,34.12,8.39,36.01,0.272,0.342,10.2,4.68,0,3.8,0.95,1
REAL-FIELD-02819,E,KOMATSU_930E_AHS,1,32.03,13.35,86.53,0.319,0,5.8,0.15,0,9.73,8.03,0
REAL-FIELD-02820,A,CAT_797F_MANUAL,0,48.66,14.07,101.1,0.806,0.207,4.1,4.3,0,7.48,6.37,0
REAL-FIELD-02821,B,PALA_PH_4100XPC,0,0.5,4.77,189.14,0.597,0.26,5.7,3.87,0,999,997.21,0
REAL-FIELD-02822,B,PALA_PH_4100XPC,0,3.18,5.65,16.04,0.637,0.188,8.8,4.69,1,18.16,16.69,0
REAL-FIELD-02823,A,CAMIONETA_4x4,0,25.01,14.85,166.22,0.984,0.213,2.8,4.24,0,23.93,23.25,0
REAL-FIELD-02824,A,CAT_797F_MANUAL,0,29.75,12.53,118.24,0.467,0.155,1.2,4.43,0,14.31,12.51,0
REAL-FIELD-02825,D,CAMIONETA_4x4,0,37.61,15.66,34.13,0.423,0.168,5.7,3.52,0,3.27,1.32,1
REAL-FIELD-02826,C,CAMIONETA_4x4,0,25.58,4.51,27.76,0.901,0.303,7.9,4.67,2,3.91,2.75,1
REAL-FIELD-02827,E,KOMATSU_930E_AHS,1,32.9,9.19,168.19,0.272,0,0.5,0.15,0,18.4,16.58,0
REAL-FIELD-02828,A,CAT_797F_MANUAL,0,16.68,4.74,85.59,0.525,0.124,2.2,2.54,0,18.47,16.91,0
REAL-FIELD-02829,C,CAT_797F_MANUAL,0,49.16,14.09,137.78,0.662,0.338,10.7,5.61,0,10.09,8.23,0
REAL-FIELD-02830,D,PALA_PH_4100XPC,0,2.34,14.71,186.53,0.166,0.279,9.9,5.74,0,286.97,284.05,0
REAL-FIELD-02831,E,KOMATSU_930E_AHS,1,27.36,3.95,143.02,0.69,0,0.6,0.15,0,18.82,18.05,0
REAL-FIELD-02832,D,CAT_797F_MANUAL,0,49.39,4.64,188.27,0.261,0.11,2.8,5.01,0,13.72,11.54,0
REAL-FIELD-02833,C,CAMIONETA_4x4,0,55.67,10.31,189.13,0.843,0.336,10.9,4.72,0,12.23,10.83,0
REAL-FIELD-02834,E,KOMATSU_930E_AHS,1,29.63,13.53,191.89,0.177,0,11.2,0.15,0,23.31,21.25,0
REAL-FIELD-02835,C,CAMIONETA_4x4,0,31.74,15.75,44.41,0.664,0.286,7.2,7.25,0,5.04,3.34,1
REAL-FIELD-02836,C,CAT_797F_MANUAL,0,38.03,9.9,61.34,0.912,0.292,10.6,5.93,0,5.81,4.71,0
REAL-FIELD-02837,B,PALA_PH_4100XPC,0,2.46,4.45,166.55,0.737,0.107,1.7,1.72,0,243.73,242.75,0
REAL-FIELD-02838,C,CAT_797F_MANUAL,0,35.27,13.73,65.63,0.818,0.284,6.9,5.9,0,6.7,5.39,0
REAL-FIELD-02839,C,CAMIONETA_4x4,0,30.79,2.32,5.12,0.994,0.311,11,6.31,0,0.6,-0.35,1
REAL-FIELD-02840,A,CAMIONETA_4x4,0,55.5,14.71,81.89,0.582,0.165,0.6,4.92,0,5.31,3.77,1
REAL-FIELD-02841,D,CAT_797F_MANUAL,0,43.39,4.93,158.61,0.295,0.208,3.2,5.8,0,13.16,10.77,0
REAL-FIELD-02842,A,CAMIONETA_4x4,0,33.26,15.89,144.42,0.627,0.135,2.6,4.94,0,15.63,14.29,0
REAL-FIELD-02843,C,CAMIONETA_4x4,0,37.57,12.41,165.87,0.583,0.289,7.8,3.47,0,15.89,13.98,0
REAL-FIELD-02844,E,KOMATSU_930E_AHS,1,35.99,12.79,59.67,0.545,0,7.7,0.15,0,5.97,4.83,0
REAL-FIELD-02845,E,KOMATSU_930E_AHS,1,30.05,15.18,123.91,0.772,0,8.9,0.15,0,14.84,14.27,0
REAL-FIELD-02846,D,PALA_PH_4100XPC,0,3.29,13.27,176.56,0.288,0.081,2.9,4.09,0,193.2,191.18,0
REAL-FIELD-02847,E,KOMATSU_930E_AHS,1,36.61,7.6,142.28,0.453,0,2.1,0.15,0,13.99,12.62,0
REAL-FIELD-02848,E,KOMATSU_930E_AHS,1,21.54,5.73,10.43,0.306,0,5.3,0.15,0,1.74,0.01,1
REAL-FIELD-02849,A,CAT_797F_MANUAL,0,24.11,5.8,91.92,0.628,0.149,4.4,4.89,0,13.73,12.35,0
REAL-FIELD-02850,A,CAT_797F_MANUAL,0,42.52,14.95,89.52,0.757,0.059,1.3,3.19,0,7.58,6.8,0
REAL-FIELD-02851,D,PALA_PH_4100XPC,0,2.78,6.25,114.11,0.276,0.203,5.3,4.53,0,147.77,145.35,0
REAL-FIELD-02852,D,CAT_797F_MANUAL,0,47.79,6.59,28.06,0.418,0.236,4.4,4.67,3,2.11,-0.05,1
REAL-FIELD-02853,E,KOMATSU_930E_AHS,1,28.06,9.47,87.64,0.66,0,10.5,0.15,0,11.24,10.39,0
REAL-FIELD-02854,B,PALA_PH_4100XPC,0,3.88,4.96,27.21,0.554,0.184,3.7,2.62,2,25.25,23.58,0
REAL-FIELD-02855,E,KOMATSU_930E_AHS,1,24.88,14.32,161.76,0.86,0,9.3,0.15,0,23.41,23.06,0
REAL-FIELD-02856,D,PALA_PH_4100XPC,0,3.09,8.02,120.89,0.161,0.131,2.7,2.03,0,140.84,138.35,0
REAL-FIELD-02857,C,CAMIONETA_4x4,0,42.95,4.02,186.3,0.618,0.305,7.4,5.09,0,15.62,13.75,0
REAL-FIELD-02858,D,CAT_797F_MANUAL,0,28.62,13.97,36.78,0.326,0.126,5.6,4.8,0,4.63,2.57,1
REAL-FIELD-02859,A,CAT_797F_MANUAL,0,21.81,12.39,129.12,0.915,0.232,6.9,4.72,0,21.31,20.4,0
REAL-FIELD-02860,C,CAMIONETA_4x4,0,53.38,12.56,147.57,0.163,0.364,11.8,6.31,0,9.95,6.77,0
REAL-FIELD-02861,E,KOMATSU_930E_AHS,1,21.16,5.17,3.52,0.263,0,8.3,0.15,3,0.6,-1.24,1
REAL-FIELD-02862,E,KOMATSU_930E_AHS,1,19.03,5.48,87.16,0.983,0,8.1,0.15,0,16.49,16.45,0
REAL-FIELD-02863,E,KOMATSU_930E_AHS,1,24.13,12.47,130.34,0.423,0,9.2,0.15,0,19.45,18.01,0
REAL-FIELD-02864,E,KOMATSU_930E_AHS,1,32.91,4.16,68.15,0.915,0,8.2,0.15,0,7.45,7.24,0
REAL-FIELD-02865,A,CAT_797F_MANUAL,0,42.55,13.82,46.96,0.464,0.141,1.8,3.17,0,3.97,2.21,1
REAL-FIELD-02866,E,KOMATSU_930E_AHS,1,18.99,5.02,7.1,0.683,0,7.6,0.15,0,1.35,0.56,1
REAL-FIELD-02867,D,CAMIONETA_4x4,0,25.17,13.88,61.75,0.26,0.172,6.2,2.96,0,8.83,6.46,0
REAL-FIELD-02868,E,KOMATSU_930E_AHS,1,18.26,6.83,128.04,0.234,0,1.6,0.15,0,25.24,23.32,0
REAL-FIELD-02869,B,PALA_PH_4100XPC,0,0.01,14.37,22.55,0.545,0.268,7.7,6.97,3,999,997.06,0
REAL-FIELD-02870,B,CAT_797F_MANUAL,0,44.64,11.33,10.69,0.586,0.156,1.5,2.23,0,0.86,-0.64,1
REAL-FIELD-02871,D,CAT_797F_MANUAL,0,30.82,12.37,61.06,0.179,0.218,9.4,5.85,0,7.13,4.42,0
REAL-FIELD-02872,E,KOMATSU_930E_AHS,1,25.93,5.06,7.64,0.539,0,6.1,0.15,3,1.06,-0.09,1
REAL-FIELD-02873,A,CAT_797F_MANUAL,0,24.63,14.86,33.71,0.995,0.035,0.8,3.16,0,4.93,4.81,0
REAL-FIELD-02874,D,CAT_797F_MANUAL,0,18.69,5.79,160.47,0.334,0.224,8.2,3.88,0,30.91,28.57,0
REAL-FIELD-02875,C,CAT_797F_MANUAL,0,48.41,3.18,117.04,0.214,0.303,8.5,4.86,0,8.7,5.83,0
REAL-FIELD-02876,D,CAT_797F_MANUAL,0,43.71,3.34,107.57,0.328,0.27,8.1,4.7,0,8.86,6.37,0
REAL-FIELD-02877,E,KOMATSU_930E_AHS,1,22.79,8.54,147.11,0.837,0,10.6,0.15,0,23.24,22.83,0
REAL-FIELD-02878,C,PALA_PH_4100XPC,0,3.96,8.88,34.26,0.268,0.286,10.4,4.74,0,31.15,28.46,0
REAL-FIELD-02879,E,KOMATSU_930E_AHS,1,36.95,2.56,180.14,0.765,0,6.2,0.15,0,17.55,16.96,0
REAL-FIELD-02880,E,KOMATSU_930E_AHS,1,30.36,12.16,69.06,0.56,0,7.2,0.15,0,8.19,7.09,0
REAL-FIELD-02881,A,CAMIONETA_4x4,0,31.06,15.01,89.12,0.462,0.212,6.4,6.2,0,10.33,8.35,0
REAL-FIELD-02882,A,CAT_797F_MANUAL,0,49.13,4.87,116.7,0.557,0.155,5.3,2.43,0,8.55,6.98,0
REAL-FIELD-02883,A,CAT_797F_MANUAL,0,46.59,9.83,191.53,0.858,0.268,11.4,3.77,0,14.8,13.64,0
REAL-FIELD-02884,E,KOMATSU_930E_AHS,1,23.54,15.08,36.47,0.978,0,10,0.15,0,5.58,5.52,0
REAL-FIELD-02885,E,KOMATSU_930E_AHS,1,20.38,5.87,45.13,0.16,0,6.8,0.15,0,7.97,5.87,0
REAL-FIELD-02886,C,CAT_797F_MANUAL,0,13.46,13.17,122.67,0.454,0.3,7.4,5.9,0,32.81,30.54,0
REAL-FIELD-02887,D,PALA_PH_4100XPC,0,1.77,8.36,60.69,0.361,0.17,4,5.46,0,999,996.89,0
REAL-FIELD-02888,C,PALA_PH_4100XPC,0,1.96,12.55,178.42,0.916,0.336,9.5,4.22,0,327.71,326.49,0
REAL-FIELD-02889,E,KOMATSU_930E_AHS,1,24.48,14.91,107.63,0.544,0,1.5,0.15,0,15.83,14.69,0
REAL-FIELD-02890,D,CAT_797F_MANUAL,0,21.75,7.7,136.98,0.178,0.061,1.3,4.83,0,22.67,20.43,0
REAL-FIELD-02891,E,KOMATSU_930E_AHS,1,22.57,15.76,128.21,0.495,0,1.3,0.15,0,20.45,19.19,0
REAL-FIELD-02892,D,PALA_PH_4100XPC,0,2.52,15,129.68,0.422,0.225,8.5,5.89,0,185.26,183.14,0
REAL-FIELD-02893,E,KOMATSU_930E_AHS,1,19.77,11.03,56.23,0.231,0,8.6,0.15,0,10.24,8.32,0
REAL-FIELD-02894,D,CAT_797F_MANUAL,0,13.26,11.54,81.52,0.265,0.185,8,3.14,0,22.13,19.74,0
REAL-FIELD-02895,C,CAMIONETA_4x4,0,45.61,5.84,86.45,0.748,0.339,10.4,5.99,0,6.82,5.17,0
REAL-FIELD-02896,C,CAMIONETA_4x4,0,34.21,7.25,168.92,0.377,0.288,11.4,4.4,0,17.78,15.36,0
REAL-FIELD-02897,A,CAT_797F_MANUAL,0,41.1,12.57,104.9,0.82,0.106,4.2,4.57,0,9.19,8.42,0
REAL-FIELD-02898,A,CAMIONETA_4x4,0,40.39,14.24,117.34,0.615,0.229,7.1,5.79,0,10.46,8.81,0
REAL-FIELD-02899,C,CAMIONETA_4x4,0,48.78,12.28,76.34,0.484,0.364,10.6,6.03,0,5.63,3.25,1
REAL-FIELD-02900,A,CAMIONETA_4x4,0,60.85,4.08,79.53,0.919,0.143,3.1,2.38,0,4.71,4.08,0
REAL-FIELD-02901,E,KOMATSU_930E_AHS,1,26.51,4.56,73.23,0.916,0,7.2,0.15,0,9.94,9.73,0
REAL-FIELD-02902,E,KOMATSU_930E_AHS,1,29.55,8.76,102.18,0.545,0,3.9,0.15,0,12.45,11.31,0
REAL-FIELD-02903,C,CAMIONETA_4x4,0,34.63,15.68,73.42,0.761,0.3,7.7,6.06,0,7.63,6.13,0
REAL-FIELD-02904,A,CAT_797F_MANUAL,0,12.37,14.09,69.28,0.805,0.18,3.8,5.68,0,20.16,19.13,0
REAL-FIELD-02905,C,CAT_797F_MANUAL,0,36.97,13.86,145.93,0.969,0.335,9.3,4.34,0,14.21,13.13,0
REAL-FIELD-02906,D,CAT_797F_MANUAL,0,17.85,13.88,72.87,0.334,0.198,2.3,5.96,0,14.7,12.44,0
REAL-FIELD-02907,E,KOMATSU_930E_AHS,1,31.93,8.81,131.73,0.971,0,9.4,0.15,0,14.85,14.78,0
REAL-FIELD-02908,E,KOMATSU_930E_AHS,1,23.59,6.19,155.1,0.917,0,7.7,0.15,0,23.67,23.46,0
REAL-FIELD-02909,E,KOMATSU_930E_AHS,1,34.68,10.38,120.26,0.981,0,7,0.15,0,12.48,12.43,0
REAL-FIELD-02910,E,KOMATSU_930E_AHS,1,34.51,11.44,138.34,0.434,0,3.1,0.15,0,14.43,13.02,0
REAL-FIELD-02911,A,CAT_797F_MANUAL,0,44.52,15.78,110.35,0.81,0.21,6.9,2.81,0,8.92,7.82,0
REAL-FIELD-02912,C,CAT_797F_MANUAL,0,49.73,15.05,17.14,0.828,0.357,11.2,5.64,0,1.24,-0.26,1
REAL-FIELD-02913,E,KOMATSU_930E_AHS,1,27.05,4.29,166.47,0.436,0,6.9,0.15,0,22.15,20.74,0
REAL-FIELD-02914,E,KOMATSU_930E_AHS,1,29.11,5.24,77.19,0.705,0,9.1,0.15,0,9.55,8.81,0
REAL-FIELD-02915,D,CAT_797F_MANUAL,0,19.44,11.86,71.84,0.374,0.128,5,4.95,0,13.3,11.35,0
REAL-FIELD-02916,A,CAT_797F_MANUAL,0,31.11,12.42,74.6,0.873,0.225,6.5,6.36,0,8.63,7.64,0
REAL-FIELD-02917,E,KOMATSU_930E_AHS,1,34.4,2.69,133.15,0.162,0,10.3,0.15,0,13.93,11.84,0
REAL-FIELD-02918,A,CAT_797F_MANUAL,0,21.86,4.4,71.79,0.959,0.156,3.9,2.1,0,11.82,11.25,0
REAL-FIELD-02919,E,KOMATSU_930E_AHS,1,21.29,12.79,60.32,0.174,0,9.7,0.15,0,10.2,8.13,0
REAL-FIELD-02920,C,CAT_797F_MANUAL,0,39.06,9.47,105.47,0.803,0.284,7.4,3.6,0,9.72,8.38,0
REAL-FIELD-02921,B,PALA_PH_4100XPC,0,3.15,2.14,157.91,0.991,0.171,8,3.86,0,180.47,179.93,0
REAL-FIELD-02922,D,CAT_797F_MANUAL,0,48.78,12.31,45.93,0.226,0.151,5.6,5.62,0,3.39,1,1
REAL-FIELD-02923,E,KOMATSU_930E_AHS,1,34.28,7.07,23.74,0.964,0,7.2,0.15,2,2.49,2.4,1
REAL-FIELD-02924,E,KOMATSU_930E_AHS,1,33.45,11.44,157.28,0.394,0,6.4,0.15,0,16.93,15.42,0
REAL-FIELD-02925,B,CAMIONETA_4x4,0,40.77,15.97,10.94,0.619,0.163,4.9,2.68,3,0.97,-0.47,1
REAL-FIELD-02926,C,CAMIONETA_4x4,0,30.07,13.53,155.52,0.631,0.304,9.7,6.67,0,18.62,16.79,0
REAL-FIELD-02927,E,KOMATSU_930E_AHS,1,30.62,3.44,184.41,0.352,0,9.1,0.15,0,21.68,20.06,0
REAL-FIELD-02928,D,CAT_797F_MANUAL,0,16.89,4.52,90.67,0.424,0.221,3,3.59,0,19.33,17.23,0
REAL-FIELD-02929,D,CAT_797F_MANUAL,0,43.58,2.72,63.98,0.344,0.172,1,5.45,0,5.29,3.13,1
REAL-FIELD-02930,E,KOMATSU_930E_AHS,1,23.99,9.11,113.29,0.261,0,10,0.15,0,17,15.15,0
REAL-FIELD-02931,D,PALA_PH_4100XPC,0,3.21,15.76,134.22,0.205,0.262,10.8,5.74,0,150.53,147.76,0
REAL-FIELD-02932,E,KOMATSU_930E_AHS,1,37.23,4.49,50.92,0.944,0,5.4,0.15,0,4.92,4.78,0
REAL-FIELD-02933,B,CAT_797F_MANUAL,0,45.84,13.4,19.85,0.835,0.19,9.2,6.37,0,1.56,0.58,1
REAL-FIELD-02934,A,CAT_797F_MANUAL,0,33.81,11.25,171.91,0.757,0.166,1.4,3.95,0,18.3,17.19,0
REAL-FIELD-02935,E,KOMATSU_930E_AHS,1,30.29,5.97,73.77,0.47,0,6,0.15,0,8.77,7.44,0
REAL-FIELD-02936,E,KOMATSU_930E_AHS,1,21.07,3.18,179.35,0.549,0,5.4,0.15,0,30.64,29.51,0
REAL-FIELD-02937,B,CAT_797F_MANUAL,0,17.43,15.67,24.43,0.551,0.255,7.4,4.99,3,5.05,3.16,1
REAL-FIELD-02938,B,CAT_797F_MANUAL,0,43,12.69,12.94,0.778,0.113,1.8,1.64,2,1.08,0.19,1
REAL-FIELD-02939,E,KOMATSU_930E_AHS,1,28.29,9.3,124.16,0.703,0,1.1,0.15,0,15.8,15.06,0
REAL-FIELD-02940,C,PALA_PH_4100XPC,0,1.65,4.56,180.69,0.764,0.286,10.1,5.63,0,999,997.55,0
REAL-FIELD-02941,E,KOMATSU_930E_AHS,1,20.03,10.37,107.16,0.505,0,1.8,0.15,0,19.26,18.02,0
REAL-FIELD-02942,E,KOMATSU_930E_AHS,1,24.38,2.4,170.57,0.356,0,5.9,0.15,0,25.19,23.58,0
REAL-FIELD-02943,E,KOMATSU_930E_AHS,1,24.49,12.36,100.86,0.788,0,1.4,0.15,0,14.83,14.3,0
REAL-FIELD-02944,A,CAT_797F_MANUAL,0,46.03,13.49,112.41,0.678,0.17,4.4,3.88,0,8.79,7.48,0
REAL-FIELD-02945,D,PALA_PH_4100XPC,0,0.99,6.22,94.91,0.195,0.184,6.7,3.12,0,999,996.44,0
REAL-FIELD-02946,A,CAT_797F_MANUAL,0,36.2,9.26,165.46,0.647,0.149,5.8,3.13,0,16.45,15.12,0
REAL-FIELD-02947,E,KOMATSU_930E_AHS,1,30.79,7.53,37.87,0.525,0,6.3,0.15,0,4.43,3.24,1
REAL-FIELD-02948,E,KOMATSU_930E_AHS,1,31.36,4.59,124.73,0.558,0,7.9,0.15,0,14.32,13.22,0
REAL-FIELD-02949,C,PALA_PH_4100XPC,0,0.34,8.72,52.3,0.224,0.291,12,4.11,0,999,996.19,0
REAL-FIELD-02950,D,CAT_797F_MANUAL,0,32.69,13.61,136.37,0.312,0.257,5.3,3.48,0,15.02,12.53,0
REAL-FIELD-02951,A,CAMIONETA_4x4,0,59.02,8.95,171.41,0.782,0.156,6.7,5.99,0,10.46,9.45,0
REAL-FIELD-02952,A,CAMIONETA_4x4,0,35.57,15.72,54.74,0.639,0.208,7.8,4.23,0,5.54,4.01,0
REAL-FIELD-02953,D,CAT_797F_MANUAL,0,36.08,8.27,61.24,0.283,0.199,3.5,4.84,0,6.11,3.72,1
REAL-FIELD-02954,C,CAT_797F_MANUAL,0,49.16,5.73,181.9,0.839,0.325,8.5,3.86,0,13.32,11.94,0
REAL-FIELD-02955,E,KOMATSU_930E_AHS,1,29.38,11.4,58.05,0.273,0,7.3,0.15,0,7.11,5.29,0
REAL-FIELD-02956,D,CAMIONETA_4x4,0,33,15.93,97.57,0.419,0.202,9.8,2.78,0,10.64,8.58,0
REAL-FIELD-02957,E,KOMATSU_930E_AHS,1,25.67,5.44,82.2,0.695,0,6.9,0.15,0,11.53,10.77,0
REAL-FIELD-02958,C,CAMIONETA_4x4,0,48.81,15.25,143.04,0.258,0.334,10.9,6.9,0,10.55,7.69,0
REAL-FIELD-02959,C,CAT_797F_MANUAL,0,17.63,4.41,50.6,0.392,0.334,11.4,3.86,0,10.33,7.81,0
REAL-FIELD-02960,A,CAMIONETA_4x4,0,25.34,5.75,91.9,0.773,0.125,3.2,4.39,0,13.06,12.12,0
REAL-FIELD-02961,C,CAMIONETA_4x4,0,61.49,10,14.98,0.472,0.321,10.7,5.28,2,0.88,-1.4,1
REAL-FIELD-02962,D,CAT_797F_MANUAL,0,47.83,10.72,180.56,0.289,0.204,3.2,3.08,0,13.59,11.2,0
REAL-FIELD-02963,B,CAMIONETA_4x4,0,57.19,6.56,15.43,0.595,0.098,1.3,3.86,1,0.97,-0.34,1
REAL-FIELD-02964,D,CAT_797F_MANUAL,0,18.57,13.53,141.31,0.418,0.209,3.8,3.26,0,27.39,25.31,0
REAL-FIELD-02965,A,CAT_797F_MANUAL,0,38.43,7.41,76.55,0.535,0.224,9.5,6.14,0,7.17,5.34,0
REAL-FIELD-02966,B,CAMIONETA_4x4,0,53.88,7.36,8.25,0.869,0.131,0.9,4.2,2,0.55,-0.17,1
REAL-FIELD-02967,A,CAT_797F_MANUAL,0,45.36,8.12,99.09,0.746,0.263,9.5,4.97,0,7.86,6.44,0
REAL-FIELD-02968,A,CAT_797F_MANUAL,0,45.41,10.58,66.62,0.683,0.122,4.4,5.71,0,5.28,4.12,0
REAL-FIELD-02969,A,CAMIONETA_4x4,0,30.29,12.48,108.14,0.485,0.275,6.8,5.95,0,12.85,10.74,0
REAL-FIELD-02970,A,CAT_797F_MANUAL,0,34.87,4.95,77.84,0.482,0.136,1.9,2.76,0,8.04,6.34,0
REAL-FIELD-02971,E,KOMATSU_930E_AHS,1,35.02,15.36,177.04,0.77,0,10.1,0.15,0,18.2,17.62,0
REAL-FIELD-02972,A,CAMIONETA_4x4,0,47.88,14.96,191.74,0.604,0.132,4.2,4.04,0,14.42,13.03,0
REAL-FIELD-02973,D,CAT_797F_MANUAL,0,13.81,14.42,164.36,0.262,0.261,6.2,6.08,0,42.85,40.22,0
REAL-FIELD-02974,D,CAT_797F_MANUAL,0,41.86,2.15,148.05,0.43,0.135,1.6,2.12,0,12.73,10.9,0
REAL-FIELD-02975,A,CAT_797F_MANUAL,0,16.81,6.75,76.55,0.918,0.249,9.4,3.89,0,16.39,15.44,0
REAL-FIELD-02976,A,CAT_797F_MANUAL,0,14.61,4.03,30.87,0.684,0.116,5.1,3.85,0,7.61,6.47,0
REAL-FIELD-02977,E,KOMATSU_930E_AHS,1,30.45,8.57,33.99,0.581,0,6.7,0.15,0,4.02,2.97,1
REAL-FIELD-02978,A,CAMIONETA_4x4,0,26.74,7.27,133.63,0.814,0.2,2.4,6.36,0,17.99,16.92,0
REAL-FIELD-02979,E,KOMATSU_930E_AHS,1,35.9,2.4,166.03,0.936,0,5.2,0.15,0,16.65,16.49,0
REAL-FIELD-02980,A,CAMIONETA_4x4,0,57.28,11.1,70.72,0.717,0.256,8.1,3.31,0,4.44,2.96,1
REAL-FIELD-02981,A,CAT_797F_MANUAL,0,38.7,3.62,129.98,0.807,0.175,5.8,5.08,0,12.09,11.08,0
REAL-FIELD-02982,E,KOMATSU_930E_AHS,1,26.21,9.85,103.04,0.27,0,3.9,0.15,0,14.15,12.32,0
REAL-FIELD-02983,D,CAT_797F_MANUAL,0,20.22,15.93,43.39,0.422,0.178,4,3.28,0,7.73,5.75,0
REAL-FIELD-02984,C,CAT_797F_MANUAL,0,41.25,8.67,118.16,0.633,0.3,7.3,3.95,0,10.31,8.49,0
REAL-FIELD-02985,E,KOMATSU_930E_AHS,1,34.9,15.44,178.36,0.742,0,8.2,0.15,0,18.4,17.76,0
REAL-FIELD-02986,E,KOMATSU_930E_AHS,1,20.26,7.55,87.03,0.694,0,9.6,0.15,0,15.46,14.7,0
REAL-FIELD-02987,C,CAT_797F_MANUAL,0,35.48,6.16,78.75,0.377,0.3,8.4,5.24,0,7.99,5.53,0
REAL-FIELD-02988,A,CAT_797F_MANUAL,0,29.25,6.8,56.17,0.572,0.137,1.6,3.25,0,6.91,5.43,0
REAL-FIELD-02989,A,CAT_797F_MANUAL,0,18.32,14.52,143.31,0.774,0.276,6.5,6.12,0,28.16,26.77,0
REAL-FIELD-02990,E,KOMATSU_930E_AHS,1,22.35,10.36,67.07,0.698,0,10.6,0.15,0,10.8,10.04,0
REAL-FIELD-02991,B,PALA_PH_4100XPC,0,3.51,11.27,149.55,0.987,0.206,6.3,2.87,0,153.38,152.73,0
REAL-FIELD-02992,A,CAT_797F_MANUAL,0,45.54,12.49,105.32,0.788,0.114,1,4.36,0,8.33,7.46,0
REAL-FIELD-02993,E,KOMATSU_930E_AHS,1,29.95,3.25,45.84,0.933,0,3.1,0.15,0,5.51,5.34,0
REAL-FIELD-02994,E,KOMATSU_930E_AHS,1,36.02,2.86,145,0.748,0,7.2,0.15,0,14.49,13.86,0
REAL-FIELD-02995,B,PALA_PH_4100XPC,0,0.2,3.24,98.27,0.821,0.226,6,4.62,0,999,997.87,0
REAL-FIELD-02996,E,KOMATSU_930E_AHS,1,32.5,3.6,18.94,0.893,0,1.8,0.15,0,2.1,1.83,1
REAL-FIELD-02997,A,CAT_797F_MANUAL,0,49.6,4.74,148.61,0.891,0.208,3,5.74,0,10.79,9.89,0
REAL-FIELD-02998,A,CAMIONETA_4x4,0,34.42,7.87,185.54,0.649,0.213,4.3,5.47,0,19.41,17.89,0
REAL-FIELD-02999,D,CAT_797F_MANUAL,0,42.27,14.47,49.61,0.397,0.233,9.6,5.83,0,4.23,2.02,1
REAL-FIELD-03000,B,CAT_797F_MANUAL,0,27.38,2.52,14.88,0.746,0.133,6.1,3.24,0,1.96,0.93,1
REAL-FIELD-03001,E,KOMATSU_930E_AHS,1,28.71,14.76,167.48,0.984,0,10.1,0.15,0,21,20.96,0
REAL-FIELD-03002,D,CAT_797F_MANUAL,0,47.93,5.61,19.81,0.365,0.186,4.8,2.56,3,1.49,-0.66,1
REAL-FIELD-03003,A,CAT_797F_MANUAL,0,45.3,6.02,189.85,0.889,0.176,6.7,5.23,0,15.09,14.28,0
REAL-FIELD-03004,E,KOMATSU_930E_AHS,1,27.9,8.54,36.56,0.85,0,1.5,0.15,0,4.72,4.34,0
REAL-FIELD-03005,E,KOMATSU_930E_AHS,1,22.85,2.95,32.38,0.306,0,9.6,0.15,0,5.1,3.36,1
REAL-FIELD-03006,B,PALA_PH_4100XPC,0,3.38,5.59,186.27,0.594,0.096,3.9,4.28,0,198.39,197.09,0
REAL-FIELD-03007,A,CAMIONETA_4x4,0,39.41,12.53,70.23,0.916,0.176,2.9,4.69,0,6.42,5.68,0
REAL-FIELD-03008,D,PALA_PH_4100XPC,0,1.47,15.11,167.64,0.42,0.129,2.5,3.73,0,999,997.16,0
REAL-FIELD-03009,A,CAT_797F_MANUAL,0,19.28,3.7,34.94,0.636,0.076,0.6,2.72,0,6.52,5.38,0
REAL-FIELD-03010,A,CAMIONETA_4x4,0,37.98,2.09,35.43,0.677,0.166,4.2,4.44,0,3.36,2.05,1
REAL-FIELD-03011,E,KOMATSU_930E_AHS,1,28.24,12.46,15.77,0.782,0,1.8,0.15,2,2.01,1.46,1
REAL-FIELD-03012,E,KOMATSU_930E_AHS,1,36.2,9.34,135.91,0.335,0,4.1,0.15,0,13.52,11.86,0
REAL-FIELD-03013,E,KOMATSU_930E_AHS,1,31.59,7.95,149.49,0.659,0,4.3,0.15,0,17.04,16.19,0
REAL-FIELD-03014,D,CAT_797F_MANUAL,0,44.85,3.88,189.79,0.215,0.185,5,4.59,0,15.23,12.71,0
REAL-FIELD-03015,A,CAT_797F_MANUAL,0,31.6,15.82,78.16,0.921,0.161,4.7,5.33,0,8.9,8.22,0
REAL-FIELD-03016,E,KOMATSU_930E_AHS,1,25.04,12.39,50.95,0.929,0,6.3,0.15,0,7.33,7.15,0
REAL-FIELD-03017,D,PALA_PH_4100XPC,0,2.65,8.82,117.58,0.275,0.274,6.8,4.55,0,159.73,157.1,0
REAL-FIELD-03018,B,PALA_PH_4100XPC,0,3.39,12.13,27.76,0.483,0.222,7.9,5.78,0,29.48,27.52,0
REAL-FIELD-03019,A,CAT_797F_MANUAL,0,35.81,12.02,82.44,0.904,0.243,11.1,6.1,0,8.29,7.32,0
REAL-FIELD-03020,D,CAMIONETA_4x4,0,61.27,11.39,51.82,0.212,0.087,0.8,3.03,0,3.04,0.81,1
REAL-FIELD-03021,E,KOMATSU_930E_AHS,1,19.99,8.61,97.29,0.552,0,3.3,0.15,0,17.52,16.4,0
REAL-FIELD-03022,C,CAMIONETA_4x4,0,51.38,14.21,149.3,0.268,0.287,8.2,7.27,0,10.46,7.77,0
REAL-FIELD-03023,B,PALA_PH_4100XPC,0,1.71,11.21,71.7,0.478,0.191,7.7,2.75,0,999,997.12,0
REAL-FIELD-03024,D,CAMIONETA_4x4,0,53.08,7.01,157,0.401,0.185,7.4,2.63,0,10.65,8.6,0
REAL-FIELD-03025,E,KOMATSU_930E_AHS,1,34.4,7.27,138.99,0.76,0,6.7,0.15,0,14.55,13.95,0
REAL-FIELD-03026,B,CAMIONETA_4x4,0,35.19,9.24,24.93,0.737,0.117,0.8,2.14,0,2.55,1.54,1
REAL-FIELD-03027,E,KOMATSU_930E_AHS,1,18.32,14.26,46.9,0.357,0,7.4,0.15,0,9.22,7.61,0
REAL-FIELD-03028,B,PALA_PH_4100XPC,0,2.57,12.09,43.71,0.65,0.187,3.1,2.92,0,61.23,59.79,0
REAL-FIELD-03029,E,KOMATSU_930E_AHS,1,36.91,6.76,97.9,0.832,0,1.6,0.15,0,9.55,9.13,0
REAL-FIELD-03030,D,CAT_797F_MANUAL,0,23.24,2.85,52.04,0.306,0.198,6.5,5.86,0,8.06,5.73,0
REAL-FIELD-03031,C,CAT_797F_MANUAL,0,47.55,4.5,105.62,0.796,0.366,11.5,7.34,0,8,6.39,0
REAL-FIELD-03032,E,KOMATSU_930E_AHS,1,25.3,15.32,92.56,0.968,0,2.5,0.15,0,13.17,13.09,0
REAL-FIELD-03033,E,KOMATSU_930E_AHS,1,28.03,3.8,63.26,0.297,0,2,0.15,0,8.12,6.36,0
REAL-FIELD-03034,A,CAMIONETA_4x4,0,31.46,6.9,102.23,0.782,0.103,0.7,2.17,0,11.7,10.85,0
REAL-FIELD-03035,D,CAMIONETA_4x4,0,48.48,2.66,140.23,0.327,0.268,10.5,6.32,0,10.41,7.92,0
REAL-FIELD-03036,C,CAT_797F_MANUAL,0,13.84,8.48,150.95,0.351,0.291,10.5,7.31,0,39.26,36.76,0
REAL-FIELD-03037,E,KOMATSU_930E_AHS,1,24.62,3.89,29.74,0.694,0,6.9,0.15,3,4.35,3.58,1
REAL-FIELD-03038,C,CAT_797F_MANUAL,0,21.88,15.86,22.17,0.647,0.286,8,6.32,3,3.65,1.91,1
REAL-FIELD-03039,D,PALA_PH_4100XPC,0,3.21,6.45,46.48,0.373,0.17,1.6,5.68,0,52.13,50.05,0
REAL-FIELD-03040,E,KOMATSU_930E_AHS,1,19.6,13.96,77.89,0.909,0,11.8,0.15,0,14.31,14.08,0
REAL-FIELD-03041,E,KOMATSU_930E_AHS,1,25.5,15.63,81.4,0.902,0,4.2,0.15,0,11.49,11.24,0
REAL-FIELD-03042,E,KOMATSU_930E_AHS,1,25.91,8.84,37.35,0.468,0,11.4,0.15,0,5.19,3.86,1
REAL-FIELD-03043,D,CAMIONETA_4x4,0,35.28,4.81,75.08,0.364,0.225,8.8,4.73,0,7.66,5.4,0
REAL-FIELD-03044,D,CAT_797F_MANUAL,0,39.54,11.21,63.7,0.208,0.089,1,4.47,0,5.8,3.55,1
REAL-FIELD-03045,A,CAT_797F_MANUAL,0,13.87,2.17,184.3,0.462,0.1,0.6,2.34,0,47.84,46.2,0
REAL-FIELD-03046,E,KOMATSU_930E_AHS,1,25.68,13.95,34.03,0.337,0,5.6,0.15,0,4.77,3.11,1
REAL-FIELD-03047,D,CAT_797F_MANUAL,0,17.2,13.97,62.64,0.336,0.243,6.7,3.28,0,13.11,10.72,0
REAL-FIELD-03048,C,PALA_PH_4100XPC,0,0.52,3.46,78.57,0.964,0.331,11.1,6.43,0,999,997.92,0
REAL-FIELD-03049,D,CAT_797F_MANUAL,0,44.11,15.87,145.53,0.406,0.148,5.6,3.66,0,11.88,9.95,0
REAL-FIELD-03050,E,KOMATSU_930E_AHS,1,35.44,13.39,191.18,0.742,0,10.5,0.15,0,19.42,18.78,0
REAL-FIELD-03051,A,CAMIONETA_4x4,0,29.82,5.85,114,0.5,0.209,6.5,5.61,0,13.76,11.88,0
REAL-FIELD-03052,C,PALA_PH_4100XPC,0,3.2,3.41,4.41,0.338,0.342,10.6,7.8,2,4.96,2.28,1
REAL-FIELD-03053,E,KOMATSU_930E_AHS,1,18.56,2.55,4.69,0.297,0,5.9,0.15,3,0.91,-0.85,1
REAL-FIELD-03054,A,CAMIONETA_4x4,0,41.54,12.25,68.9,0.764,0.231,8.3,6.65,0,5.97,4.69,0
REAL-FIELD-03055,A,CAT_797F_MANUAL,0,49.14,3.71,73.87,0.582,0.1,2.8,3.86,0,5.41,4.07,0
REAL-FIELD-03056,D,CAT_797F_MANUAL,0,19.29,11.09,58.9,0.335,0.175,3.8,4.7,0,10.99,8.8,0
REAL-FIELD-03057,C,PALA_PH_4100XPC,0,1.1,8.97,130.1,0.854,0.354,10.4,7.26,0,999,997.57,0
REAL-FIELD-03058,E,KOMATSU_930E_AHS,1,28.75,9.73,8.56,0.169,0,6,0.15,2,1.07,-1.01,1
REAL-FIELD-03059,E,KOMATSU_930E_AHS,1,23.21,10.7,168.82,0.87,0,8.3,0.15,0,26.18,25.86,0
REAL-FIELD-03060,C,CAT_797F_MANUAL,0,23.23,13.73,88.42,0.988,0.359,11.8,7.48,0,13.7,12.59,0
REAL-FIELD-03061,E,KOMATSU_930E_AHS,1,31.63,14.12,25.56,0.594,0,5.6,0.15,3,2.91,1.9,1
REAL-FIELD-03062,C,CAT_797F_MANUAL,0,27.18,2.33,63.27,0.942,0.331,11.7,4.45,0,8.38,7.24,0
REAL-FIELD-03063,E,KOMATSU_930E_AHS,1,28.97,3.61,46.2,0.725,0,11.5,0.15,0,5.74,5.05,0
REAL-FIELD-03064,E,KOMATSU_930E_AHS,1,31.94,12.73,31.52,0.359,0,2.8,0.15,0,3.55,1.95,1
REAL-FIELD-03065,C,PALA_PH_4100XPC,0,1.51,14.26,187.93,0.987,0.286,7.3,6.84,0,999,998.11,0
REAL-FIELD-03066,D,CAT_797F_MANUAL,0,46.34,15.33,122.83,0.355,0.237,10.8,3.76,0,9.54,7.22,0
REAL-FIELD-03067,C,PALA_PH_4100XPC,0,2.12,12.4,14.43,0.704,0.304,8.3,5.29,0,24.5,22.85,0
REAL-FIELD-03068,E,KOMATSU_930E_AHS,1,21.45,11.77,6.09,0.293,0,4.5,0.15,1,1.02,-0.75,1
REAL-FIELD-03069,D,CAMIONETA_4x4,0,58.81,12.55,102.57,0.192,0.15,4.3,2.35,0,6.28,3.81,1
REAL-FIELD-03070,C,PALA_PH_4100XPC,0,3.99,11.29,116.26,0.562,0.353,11.8,7.35,0,104.9,102.75,0
REAL-FIELD-03071,E,KOMATSU_930E_AHS,1,34.95,5.32,80.37,0.308,0,6.8,0.15,0,8.28,6.55,0
REAL-FIELD-03072,B,CAT_797F_MANUAL,0,30.87,8.14,23.39,0.482,0.145,5.3,5.37,0,2.73,1,1
REAL-FIELD-03073,E,KOMATSU_930E_AHS,1,29.6,8.02,52.78,0.157,0,4.8,0.15,0,6.42,4.31,0
REAL-FIELD-03074,E,KOMATSU_930E_AHS,1,33.99,4.75,79.84,0.976,0,10.6,0.15,0,8.46,8.4,0
REAL-FIELD-03075,E,KOMATSU_930E_AHS,1,22.36,13.77,75.56,0.666,0,5,0.15,0,12.17,11.34,0
REAL-FIELD-03076,B,CAMIONETA_4x4,0,46.76,6.5,24.84,0.97,0.097,0.7,4.42,1,1.91,1.54,1
REAL-FIELD-03077,A,CAMIONETA_4x4,0,60.8,14.85,174.74,0.931,0.046,0.5,1.02,0,10.35,10.04,0
REAL-FIELD-03078,A,CAT_797F_MANUAL,0,39.53,12.79,89.59,0.784,0.044,1,0.95,0,8.16,7.49,0
REAL-FIELD-03079,C,CAT_797F_MANUAL,0,37.59,8.62,55.92,0.658,0.299,8.8,3.6,0,5.36,3.61,1
REAL-FIELD-03080,A,CAT_797F_MANUAL,0,22.72,11.43,85.96,0.673,0.242,5.3,4.01,0,13.62,12.08,0
REAL-FIELD-03081,A,CAT_797F_MANUAL,0,35.26,14,51.31,0.564,0.188,1.3,5.09,0,5.24,3.59,1
REAL-FIELD-03082,A,CAT_797F_MANUAL,0,43.35,6.59,170.65,0.68,0.239,5.2,3.98,0,14.17,12.65,0
REAL-FIELD-03083,C,CAT_797F_MANUAL,0,48.57,13.23,146.33,0.374,0.31,11.8,4.47,0,10.85,8.36,0
REAL-FIELD-03084,D,CAT_797F_MANUAL,0,45.85,10.23,124.03,0.43,0.232,8.3,5.38,0,9.74,7.62,0
REAL-FIELD-03085,D,CAMIONETA_4x4,0,43.97,6.74,28.42,0.312,0.272,9.5,3.8,0,2.33,-0.21,1
REAL-FIELD-03086,B,PALA_PH_4100XPC,0,0.69,12.82,78.55,0.916,0.249,5.1,4.81,0,999,998.04,0
REAL-FIELD-03087,D,CAT_797F_MANUAL,0,25.78,11.14,119.43,0.218,0.052,0.6,1.52,0,16.68,14.57,0
REAL-FIELD-03088,E,KOMATSU_930E_AHS,1,19.92,10.34,94.31,0.423,0,4.5,0.15,0,17.04,15.6,0
REAL-FIELD-03089,E,KOMATSU_930E_AHS,1,26.48,11.64,191.5,0.255,0,1.3,0.15,0,26.03,24.17,0
REAL-FIELD-03090,E,KOMATSU_930E_AHS,1,19.66,6.03,87.76,0.708,0,1,0.15,0,16.07,15.34,0
REAL-FIELD-03091,E,KOMATSU_930E_AHS,1,34.12,12.01,158.71,0.368,0,6.1,0.15,0,16.75,15.17,0
REAL-FIELD-03092,E,KOMATSU_930E_AHS,1,21.63,15.01,62.49,0.786,0,0.8,0.15,0,10.4,9.86,0
REAL-FIELD-03093,C,PALA_PH_4100XPC,0,1.97,4.8,4.79,0.618,0.312,8.4,6.28,2,8.75,6.86,0
REAL-FIELD-03094,C,PALA_PH_4100XPC,0,1.4,11.93,175.77,0.388,0.32,10.1,4.97,0,999,996.51,0
REAL-FIELD-03095,B,CAT_797F_MANUAL,0,19.85,15.38,10.63,0.608,0.16,4.3,5.38,0,1.93,0.47,1
REAL-FIELD-03096,D,CAT_797F_MANUAL,0,42.29,3.96,82.76,0.25,0.271,8.3,3.94,0,7.05,4.36,0
REAL-FIELD-03097,E,KOMATSU_930E_AHS,1,35.46,11.57,104.03,0.657,0,6.5,0.15,0,10.56,9.7,0
REAL-FIELD-03098,B,CAMIONETA_4x4,0,49.58,2.33,15.07,0.461,0.105,1.8,2.37,0,1.09,-0.57,1
REAL-FIELD-03099,E,KOMATSU_930E_AHS,1,30.25,5.33,105.87,0.21,0,9.4,0.15,0,12.6,10.62,0
REAL-FIELD-03100,C,CAMIONETA_4x4,0,57.98,10.4,141.85,0.874,0.33,9.8,4.81,0,8.81,7.51,0
REAL-FIELD-03101,C,CAT_797F_MANUAL,0,35.76,11.42,11.97,0.768,0.31,8,3.92,0,1.21,-0.3,1
REAL-FIELD-03102,E,KOMATSU_930E_AHS,1,31.62,15.49,77.74,0.588,0,3.6,0.15,0,8.85,7.82,0
REAL-FIELD-03103,C,CAT_797F_MANUAL,0,38.98,8.88,174.59,0.952,0.302,8.8,7.04,0,16.12,15.09,0
REAL-FIELD-03104,D,CAT_797F_MANUAL,0,34.47,7.76,132.01,0.154,0.168,1.5,5.16,0,13.79,11.17,0
REAL-FIELD-03105,B,PALA_PH_4100XPC,0,0.5,7.51,192.6,0.522,0.185,8.5,4.83,0,999,997.25,0
REAL-FIELD-03106,E,KOMATSU_930E_AHS,1,35.91,6.76,160.19,0.796,0,10.4,0.15,0,16.06,15.55,0
REAL-FIELD-03107,A,CAT_797F_MANUAL,0,26.32,8.13,116.83,0.624,0.087,0.7,5,0,15.98,14.78,0
REAL-FIELD-03108,A,CAMIONETA_4x4,0,45.21,5.06,144.84,0.608,0.172,5.7,6.1,0,11.53,10.03,0
REAL-FIELD-03109,C,CAMIONETA_4x4,0,62.84,15.78,142.16,0.971,0.355,10.1,6.12,0,8.14,7,0
REAL-FIELD-03110,D,PALA_PH_4100XPC,0,1.4,11.05,168.54,0.444,0.097,1.1,5.39,0,999,997.32,0
REAL-FIELD-03111,D,CAT_797F_MANUAL,0,22.41,8.78,9.6,0.355,0.194,5.2,5.56,3,1.54,-0.65,1
REAL-FIELD-03112,D,CAT_797F_MANUAL,0,44.76,12.91,134.41,0.282,0.203,7.5,4.88,0,10.81,8.41,0
REAL-FIELD-03113,B,CAMIONETA_4x4,0,38.07,13.8,8.31,0.911,0.143,3.6,5.61,0,0.79,0.14,1
REAL-FIELD-03114,A,CAT_797F_MANUAL,0,26.22,8.85,109.86,0.894,0.096,2.2,3.97,0,15.08,14.53,0
REAL-FIELD-03115,A,CAT_797F_MANUAL,0,48.92,5.94,141.4,0.614,0.159,5.9,3.48,0,10.41,8.97,0
REAL-FIELD-03116,D,CAT_797F_MANUAL,0,36.21,3.92,143.14,0.268,0.075,2.7,3.52,0,14.23,12.18,0
REAL-FIELD-03117,D,PALA_PH_4100XPC,0,0.42,2.52,29.02,0.227,0.142,4.9,4.55,2,999,996.64,0
REAL-FIELD-03118,D,CAT_797F_MANUAL,0,27.42,14.55,49.51,0.428,0.261,8.7,3.36,0,6.5,4.29,0
REAL-FIELD-03119,C,CAMIONETA_4x4,0,49.15,2.32,166.38,0.487,0.31,10.6,6.32,0,12.19,9.98,0
REAL-FIELD-03120,B,PALA_PH_4100XPC,0,2.53,5.36,37.83,0.685,0.083,0.7,5.02,0,53.83,52.79,0
REAL-FIELD-03121,C,PALA_PH_4100XPC,0,3.08,3.59,22.26,0.607,0.33,10.7,6.3,3,26.02,24.05,0
REAL-FIELD-03122,D,CAT_797F_MANUAL,0,42.33,8.31,176.61,0.414,0.148,5.4,2.28,0,15.02,13.11,0
REAL-FIELD-03123,A,CAT_797F_MANUAL,0,27.35,9.62,173.47,0.753,0.139,2.4,3.53,0,22.83,21.8,0
REAL-FIELD-03124,E,KOMATSU_930E_AHS,1,29.69,7.84,29,0.157,0,4,0.15,3,3.52,1.41,1
REAL-FIELD-03125,E,KOMATSU_930E_AHS,1,29.15,10.37,86.57,0.597,0,0.6,0.15,0,10.69,9.68,0
REAL-FIELD-03126,A,CAMIONETA_4x4,0,40.16,8.32,95.68,0.764,0.242,10.2,6.21,0,8.58,7.26,0
REAL-FIELD-03127,C,CAT_797F_MANUAL,0,42.92,15.82,108.27,0.753,0.282,11.2,6.95,0,9.08,7.62,0
REAL-FIELD-03128,D,CAT_797F_MANUAL,0,48.13,10.45,27.25,0.357,0.097,2.5,2.56,0,2.04,0.14,1
REAL-FIELD-03129,C,PALA_PH_4100XPC,0,2.91,8.67,93.12,0.79,0.317,10,5.87,0,115.2,113.72,0
REAL-FIELD-03130,D,CAT_797F_MANUAL,0,31.93,4.03,87.67,0.338,0.221,5.6,3.43,0,9.88,7.56,0
REAL-FIELD-03131,B,PALA_PH_4100XPC,0,1.05,10.45,31.48,0.536,0.175,7.3,4.64,0,999,997.32,0
REAL-FIELD-03132,E,KOMATSU_930E_AHS,1,27.96,11.05,161.95,0.489,0,9.3,0.15,0,20.85,19.57,0
REAL-FIELD-03133,B,PALA_PH_4100XPC,0,0.77,4.52,114.56,0.895,0.166,1.8,3.55,0,999,998.24,0
REAL-FIELD-03134,E,KOMATSU_930E_AHS,1,37.7,5.23,3.93,0.5,0,5.2,0.15,2,0.38,-0.87,1
REAL-FIELD-03135,C,PALA_PH_4100XPC,0,2.04,15.24,183.1,0.51,0.31,10.9,4.09,0,323.12,320.96,0
REAL-FIELD-03136,E,KOMATSU_930E_AHS,1,23.02,10.21,170.13,0.952,0,3.4,0.15,0,26.61,26.49,0
REAL-FIELD-03137,A,CAT_797F_MANUAL,0,46.96,4.11,104.91,0.844,0.271,11.5,5.75,0,8.04,6.84,0
REAL-FIELD-03138,E,KOMATSU_930E_AHS,1,28.87,7.96,92.61,0.741,0,7.6,0.15,0,11.55,10.9,0
REAL-FIELD-03139,A,CAMIONETA_4x4,0,42.07,4.58,142.56,0.459,0.143,1.3,2.47,0,12.2,10.42,0
REAL-FIELD-03140,A,CAMIONETA_4x4,0,42.13,6.75,154.9,0.651,0.063,1.2,3.63,0,13.24,12.18,0
REAL-FIELD-03141,E,KOMATSU_930E_AHS,1,35.48,7.67,62.56,0.833,0,4.1,0.15,0,6.35,5.93,0
REAL-FIELD-03142,D,CAMIONETA_4x4,0,58.24,10.25,56.21,0.318,0.215,2.9,4.26,0,3.47,1.12,1
REAL-FIELD-03143,E,KOMATSU_930E_AHS,1,37.03,4.99,190.03,0.322,0,12,0.15,0,18.47,16.77,0
REAL-FIELD-03144,A,CAT_797F_MANUAL,0,44.37,9.22,169.13,0.656,0.043,1,3.73,0,13.72,12.73,0
REAL-FIELD-03145,A,CAT_797F_MANUAL,0,12.65,7.08,42.31,0.57,0.23,11.3,5.01,0,12.04,10.28,0
REAL-FIELD-03146,A,CAT_797F_MANUAL,0,26.5,13.42,118.7,0.656,0.117,4.1,2.01,0,16.13,14.92,0
REAL-FIELD-03147,A,CAMIONETA_4x4,0,42.27,4.63,95.82,0.939,0.2,5,4.92,0,8.16,7.41,0
REAL-FIELD-03148,A,CAMIONETA_4x4,0,30.45,9.82,131.36,0.455,0.249,6.6,6.02,0,15.53,13.42,0
REAL-FIELD-03149,C,CAT_797F_MANUAL,0,17.87,11.49,111.75,0.929,0.345,11.9,3.99,0,22.51,21.3,0
REAL-FIELD-03150,D,CAT_797F_MANUAL,0,48.86,14.39,161.06,0.293,0.214,7.3,5.67,0,11.87,9.46,0
REAL-FIELD-03151,B,PALA_PH_4100XPC,0,1.73,2.04,29.84,0.88,0.258,6.7,6.32,3,999,997.93,0
REAL-FIELD-03152,D,CAT_797F_MANUAL,0,25.31,7.3,67.75,0.314,0.242,6.7,3.16,0,9.64,7.2,0
REAL-FIELD-03153,C,CAT_797F_MANUAL,0,28.73,10.84,111.81,0.292,0.326,10.6,4.47,0,14.01,11.26,0
REAL-FIELD-03154,A,CAT_797F_MANUAL,0,48.44,9.04,146.29,0.521,0.195,3.5,5.66,0,10.87,9.09,0
REAL-FIELD-03155,A,CAMIONETA_4x4,0,60.22,9.39,112.51,0.914,0.243,9,6.4,0,6.73,5.79,0
REAL-FIELD-03156,A,CAT_797F_MANUAL,0,18.04,10.96,71.54,0.687,0.155,1,3.45,0,14.28,13.03,0
REAL-FIELD-03157,D,CAT_797F_MANUAL,0,16.17,5.72,185.82,0.257,0.096,2,1.95,0,41.37,39.22,0
REAL-FIELD-03158,D,CAT_797F_MANUAL,0,37.85,8.13,157.3,0.411,0.22,8.3,3.05,0,14.96,12.83,0
REAL-FIELD-03159,E,KOMATSU_930E_AHS,1,29.55,7.21,53.66,0.156,0,1.5,0.15,0,6.54,4.43,0
REAL-FIELD-03160,A,CAT_797F_MANUAL,0,34.31,2.79,148.11,0.517,0.067,0.6,2.7,0,15.54,14.13,0
REAL-FIELD-03161,E,KOMATSU_930E_AHS,1,19.15,4.56,32.11,0.648,0,4.3,0.15,0,6.04,5.16,0
REAL-FIELD-03162,A,CAMIONETA_4x4,0,54.59,11.46,161.63,0.713,0.142,5.2,2.79,0,10.66,9.52,0
REAL-FIELD-03163,A,CAT_797F_MANUAL,0,33.71,9.86,91.22,0.862,0.259,6.9,3.31,0,9.74,8.62,0
REAL-FIELD-03164,E,KOMATSU_930E_AHS,1,28.19,6.79,18.31,0.957,0,8.3,0.15,0,2.34,2.23,1
REAL-FIELD-03165,D,CAT_797F_MANUAL,0,38.7,5.59,170.12,0.163,0.114,2,4.16,0,15.83,13.4,0
REAL-FIELD-03166,C,CAT_797F_MANUAL,0,15.45,15.93,19.97,0.856,0.3,10.9,5.92,3,4.65,3.39,1
REAL-FIELD-03167,A,CAMIONETA_4x4,0,35.82,8.79,41.48,0.972,0.169,2.5,4.72,0,4.17,3.59,1
REAL-FIELD-03168,E,KOMATSU_930E_AHS,1,25.69,11.42,157.1,0.58,0,4.8,0.15,0,22.01,20.96,0
REAL-FIELD-03169,A,CAT_797F_MANUAL,0,45.18,6.39,28.15,0.495,0.166,6.6,2.5,0,2.24,0.48,1
REAL-FIELD-03170,A,CAMIONETA_4x4,0,40.49,7.23,163.01,0.544,0.246,11.1,3.5,0,14.49,12.61,0
REAL-FIELD-03171,B,CAMIONETA_4x4,0,53.19,4.41,4.18,0.484,0.141,5.3,4.85,1,0.28,-1.43,1
REAL-FIELD-03172,D,CAT_797F_MANUAL,0,36.35,15.94,184.77,0.441,0.245,7.2,6.03,0,18.3,16.17,0
REAL-FIELD-03173,C,CAMIONETA_4x4,0,47.35,7.66,40.66,0.212,0.316,9.1,5.11,0,3.09,0.17,1
REAL-FIELD-03174,E,KOMATSU_930E_AHS,1,33.9,10.31,65.46,0.342,0,8.7,0.15,0,6.95,5.31,0
REAL-FIELD-03175,D,CAT_797F_MANUAL,0,21.44,12.74,16.17,0.434,0.247,4.8,4.78,2,2.72,0.56,1
REAL-FIELD-03176,A,CAT_797F_MANUAL,0,24.8,12.93,87.24,0.938,0.246,11.8,6.11,0,12.66,11.77,0
REAL-FIELD-03177,A,CAT_797F_MANUAL,0,38.35,15.48,110.16,0.772,0.278,8.6,4.99,0,10.34,8.94,0
REAL-FIELD-03178,C,CAT_797F_MANUAL,0,13.17,14.27,72.26,0.271,0.333,9.2,6.52,0,19.75,16.93,0
REAL-FIELD-03179,D,CAT_797F_MANUAL,0,40.39,4.65,54.92,0.364,0.207,3.3,4.59,0,4.9,2.69,1
REAL-FIELD-03180,E,KOMATSU_930E_AHS,1,18.15,14.29,142.92,0.969,0,5.3,0.15,0,28.35,28.27,0
REAL-FIELD-03181,E,KOMATSU_930E_AHS,1,29.17,12.22,156.04,0.238,0,6.6,0.15,0,19.26,17.36,0
REAL-FIELD-03182,B,PALA_PH_4100XPC,0,3.11,9.24,14.39,0.491,0.253,10.9,6.61,3,16.66,14.63,0
REAL-FIELD-03183,D,CAT_797F_MANUAL,0,33.43,7.21,23.61,0.272,0.187,2.6,5.54,3,2.54,0.16,1
REAL-FIELD-03184,C,PALA_PH_4100XPC,0,1.83,3.82,140.54,0.855,0.295,11.2,6.38,0,276.47,275.22,0
REAL-FIELD-03185,E,KOMATSU_930E_AHS,1,24.37,10.88,66.89,0.705,0,5.5,0.15,0,9.88,9.14,0
REAL-FIELD-03186,A,CAMIONETA_4x4,0,44.9,5.22,27.59,0.892,0.106,4.5,5.36,0,2.21,1.62,1
REAL-FIELD-03187,E,KOMATSU_930E_AHS,1,33.05,6.39,72.26,0.877,0,3.6,0.15,0,7.87,7.56,0
REAL-FIELD-03188,D,CAT_797F_MANUAL,0,40.98,15.13,54.11,0.257,0.216,8.3,5.25,0,4.75,2.24,1
REAL-FIELD-03189,B,PALA_PH_4100XPC,0,0.92,8.56,87.28,0.568,0.132,4,2.44,0,999,997.52,0
REAL-FIELD-03190,C,CAMIONETA_4x4,0,59.63,15.15,38,0.676,0.329,11.4,7.47,0,2.29,0.49,1
REAL-FIELD-03191,C,CAT_797F_MANUAL,0,48.33,14.61,103.83,0.563,0.312,11.7,5.89,0,7.73,5.7,0
REAL-FIELD-03192,E,KOMATSU_930E_AHS,1,27.21,6.73,108.6,0.742,0,1.3,0.15,0,14.37,13.72,0
REAL-FIELD-03193,E,KOMATSU_930E_AHS,1,33,10.89,169.65,0.522,0,10.8,0.15,0,18.51,17.32,0
REAL-FIELD-03194,E,KOMATSU_930E_AHS,1,36.03,9.44,126.22,0.719,0,6.1,0.15,0,12.61,11.91,0
REAL-FIELD-03195,B,PALA_PH_4100XPC,0,1.61,7.95,130.55,0.705,0.108,4,1.66,0,999,997.94,0
REAL-FIELD-03196,C,CAT_797F_MANUAL,0,18.43,12.94,147.15,0.287,0.309,9.9,7.19,0,28.74,26.03,0
REAL-FIELD-03197,B,PALA_PH_4100XPC,0,0.12,15.47,136.46,0.54,0.266,10.3,3.92,0,999,997.05,0
REAL-FIELD-03198,E,KOMATSU_930E_AHS,1,32.85,9.17,148.76,0.588,0,3.8,0.15,0,16.3,15.27,0
REAL-FIELD-03199,E,KOMATSU_930E_AHS,1,23.05,14.05,192.31,0.267,0,1.8,0.15,0,30.04,28.21,0
REAL-FIELD-03200,C,CAT_797F_MANUAL,0,47.58,13.31,8.8,0.541,0.321,8.3,5.14,0,0.67,-1.44,1
REAL-FIELD-03201,A,CAMIONETA_4x4,0,52.21,10.62,38.13,0.578,0.119,1.3,4.44,0,2.63,1.22,1
REAL-FIELD-03202,D,CAMIONETA_4x4,0,26.17,15.75,6.49,0.35,0.191,1.9,5.59,2,0.89,-1.31,1
REAL-FIELD-03203,D,PALA_PH_4100XPC,0,2.98,9.41,173.57,0.29,0.264,8.4,6.17,0,209.68,207.11,0
REAL-FIELD-03204,A,CAMIONETA_4x4,0,33.49,15.04,49.13,0.814,0.215,10.4,3.53,0,5.28,4.17,0
REAL-FIELD-03205,E,KOMATSU_930E_AHS,1,18.52,14.55,113.63,0.16,0,3.1,0.15,0,22.09,19.99,0
REAL-FIELD-03206,D,CAMIONETA_4x4,0,46.51,14.51,186.46,0.282,0.185,1.6,5.61,0,14.43,12.08,0
REAL-FIELD-03207,D,CAMIONETA_4x4,0,33.93,3.83,36.09,0.322,0.225,7.6,6.66,0,3.83,1.46,1
REAL-FIELD-03208,E,KOMATSU_930E_AHS,1,36.63,10.18,144.48,0.291,0,3.7,0.15,0,14.2,12.43,0
REAL-FIELD-03209,B,PALA_PH_4100XPC,0,2.9,5.5,25.86,0.993,0.1,0.7,5.04,0,32.1,31.78,0
REAL-FIELD-03210,B,PALA_PH_4100XPC,0,1.97,9.88,158.71,0.969,0.059,0.5,3.2,0,290.03,289.78,0
REAL-FIELD-03211,E,KOMATSU_930E_AHS,1,35.04,3.2,65.02,0.742,0,1.8,0.15,0,6.68,6.04,0
REAL-FIELD-03212,E,KOMATSU_930E_AHS,1,31.19,7.78,151.59,0.74,0,6,0.15,0,17.5,16.85,0
REAL-FIELD-03213,B,CAMIONETA_4x4,0,62.93,5.75,14.22,0.701,0.225,9.8,5.61,1,0.81,-0.61,1
REAL-FIELD-03214,A,CAMIONETA_4x4,0,38.88,2.18,66.82,0.476,0.27,8.4,6.38,0,6.19,4.07,0
REAL-FIELD-03215,E,KOMATSU_930E_AHS,1,37.49,6.94,79.65,0.217,0,10.8,0.15,0,7.65,5.69,0
REAL-FIELD-03216,A,CAT_797F_MANUAL,0,48.12,2.81,119.35,0.697,0.213,5.8,3.56,0,8.93,7.53,0
REAL-FIELD-03217,D,PALA_PH_4100XPC,0,1.64,15.08,145.25,0.34,0.161,6.3,2.72,0,999,996.87,0
REAL-FIELD-03218,B,PALA_PH_4100XPC,0,1.93,8.9,79.47,0.966,0.228,8.8,4.22,0,148.23,147.46,0
REAL-FIELD-03219,D,PALA_PH_4100XPC,0,3.7,2.28,120.59,0.41,0.2,8.8,4.75,0,117.33,115.26,0
REAL-FIELD-03220,A,CAMIONETA_4x4,0,39.24,15.71,135.52,0.79,0.157,6.9,4.37,0,12.43,11.43,0
REAL-FIELD-03221,E,KOMATSU_930E_AHS,1,31.18,10.55,117.49,0.491,0,7.8,0.15,0,13.57,12.3,0
REAL-FIELD-03222,E,KOMATSU_930E_AHS,1,20.72,10.71,64.51,0.269,0,10.5,0.15,0,11.21,9.38,0
REAL-FIELD-03223,C,CAMIONETA_4x4,0,50.69,15.06,71.31,0.691,0.308,8.5,6.46,0,5.06,3.36,1
REAL-FIELD-03224,E,KOMATSU_930E_AHS,1,37.21,14.97,9.48,0.395,0,4.8,0.15,0,0.92,-0.59,1
REAL-FIELD-03225,D,PALA_PH_4100XPC,0,2.1,8.64,78.76,0.386,0.253,5.2,6.54,0,135.02,132.73,0
REAL-FIELD-03226,D,CAT_797F_MANUAL,0,16.16,11.96,185.23,0.229,0.259,5.8,7.08,0,41.26,38.56,0
REAL-FIELD-03227,D,CAMIONETA_4x4,0,47.06,5.54,126.68,0.357,0.216,5.6,2.9,0,9.69,7.43,0
REAL-FIELD-03228,A,CAT_797F_MANUAL,0,37.56,6.94,28.33,0.629,0.27,8.9,4.46,3,2.72,0.98,1
REAL-FIELD-03229,E,KOMATSU_930E_AHS,1,30.22,4.08,178.74,0.882,0,5.8,0.15,0,21.29,20.99,0
REAL-FIELD-03230,C,CAMIONETA_4x4,0,55.3,10.85,50.52,0.937,0.304,9,4.56,0,3.29,2.22,1
REAL-FIELD-03231,E,KOMATSU_930E_AHS,1,37.28,15.21,89.18,0.18,0,8.8,0.15,0,8.61,6.56,0
REAL-FIELD-03232,E,KOMATSU_930E_AHS,1,26.14,14.67,81.51,0.441,0,7.5,0.15,0,11.23,9.83,0
REAL-FIELD-03233,A,CAT_797F_MANUAL,0,41.83,6.41,110.95,0.603,0.253,5.1,4.18,0,9.55,7.8,0
REAL-FIELD-03234,C,CAMIONETA_4x4,0,35.37,13.88,13.95,0.761,0.295,9.6,5.23,0,1.42,-0.06,1
REAL-FIELD-03235,D,CAT_797F_MANUAL,0,17.15,6.45,170.54,0.233,0.24,7.1,6.06,0,35.8,33.16,0
REAL-FIELD-03236,C,CAT_797F_MANUAL,0,22.6,6.3,44.84,0.323,0.288,8.6,5.71,0,7.14,4.58,0
REAL-FIELD-03237,D,CAT_797F_MANUAL,0,27.19,4.9,94.66,0.204,0.261,8.8,6.34,0,12.53,9.76,0
REAL-FIELD-03238,E,KOMATSU_930E_AHS,1,26,5.98,24.94,0.903,0,8.9,0.15,1,3.45,3.21,1
REAL-FIELD-03239,C,CAT_797F_MANUAL,0,34.7,9.49,55.76,0.171,0.325,8.8,4.59,0,5.78,2.73,1
REAL-FIELD-03240,B,PALA_PH_4100XPC,0,3.12,7.73,25.42,0.68,0.142,1.3,4.19,2,29.33,28.1,0
REAL-FIELD-03241,E,KOMATSU_930E_AHS,1,25.9,8.33,186.07,0.784,0,8,0.15,0,25.86,25.32,0
REAL-FIELD-03242,E,KOMATSU_930E_AHS,1,28.2,7.29,135.64,0.398,0,6.1,0.15,0,17.32,15.82,0
REAL-FIELD-03243,D,CAMIONETA_4x4,0,39.77,2.53,49.41,0.218,0.183,7.5,4.16,0,4.47,1.97,1
REAL-FIELD-03244,E,KOMATSU_930E_AHS,1,28.65,8.15,192.64,0.802,0,3.8,0.15,0,24.21,23.72,0
REAL-FIELD-03245,A,CAT_797F_MANUAL,0,27.6,4.59,85.97,0.786,0.182,8.8,3.96,0,11.21,10.13,0
REAL-FIELD-03246,C,CAT_797F_MANUAL,0,44.16,10.55,36.48,0.874,0.317,10.7,5.73,0,2.97,1.7,1
REAL-FIELD-03247,A,CAT_797F_MANUAL,0,21.96,14.83,46.87,0.895,0.045,0.7,2.47,0,7.68,7.28,0
REAL-FIELD-03248,C,CAMIONETA_4x4,0,26.75,7.54,127.64,0.931,0.369,11.2,6.01,0,17.18,15.9,0
REAL-FIELD-03249,C,CAT_797F_MANUAL,0,29.53,6.81,40.33,0.426,0.37,11.3,6.5,0,4.92,2.38,1
REAL-FIELD-03250,E,KOMATSU_930E_AHS,1,27.84,3.63,39.37,0.688,0,10.9,0.15,0,5.09,4.31,0
REAL-FIELD-03251,D,PALA_PH_4100XPC,0,1.15,13.01,11.01,0.309,0.078,2.5,3.43,1,999,997.04,0
REAL-FIELD-03252,D,CAT_797F_MANUAL,0,42.63,8.3,136.39,0.424,0.176,4.5,3.63,0,11.52,9.55,0
REAL-FIELD-03253,A,CAMIONETA_4x4,0,30.97,15.72,77.1,0.609,0.159,6,3.71,0,8.96,7.51,0
REAL-FIELD-03254,C,CAT_797F_MANUAL,0,25,12.48,76.04,0.918,0.328,10.7,4.11,0,10.95,9.76,0
REAL-FIELD-03255,A,CAT_797F_MANUAL,0,16.1,14.17,169.46,0.781,0.25,9.5,5.64,0,37.89,36.59,0
REAL-FIELD-03256,A,CAT_797F_MANUAL,0,14.14,14.13,101.6,0.568,0.12,3.4,2.24,0,25.87,24.43,0
REAL-FIELD-03257,A,CAMIONETA_4x4,0,54.45,6.21,93.5,0.936,0.218,4.7,3.93,0,6.18,5.37,0
REAL-FIELD-03258,A,CAMIONETA_4x4,0,54.75,14.11,143.45,0.819,0.092,0.8,3.19,0,9.43,8.7,0
REAL-FIELD-03259,A,CAT_797F_MANUAL,0,25.98,7.74,43.69,0.555,0.249,7.6,3.44,0,6.05,4.19,0
REAL-FIELD-03260,C,PALA_PH_4100XPC,0,1.28,6.71,94.79,0.667,0.307,8.2,3.83,0,999,997.25,0
REAL-FIELD-03261,A,CAT_797F_MANUAL,0,35.29,7.39,27.51,0.65,0.11,3.6,5.31,2,2.81,1.6,1
REAL-FIELD-03262,A,CAT_797F_MANUAL,0,48.48,14.79,123.31,0.892,0.136,0.8,3.56,0,9.16,8.48,0
REAL-FIELD-03263,E,KOMATSU_930E_AHS,1,20.47,13.73,10.27,0.71,0,4.9,0.15,1,1.81,1.08,1
REAL-FIELD-03264,E,KOMATSU_930E_AHS,1,30.09,2.39,53.37,0.749,0,2.6,0.15,0,6.39,5.76,0
REAL-FIELD-03265,A,CAMIONETA_4x4,0,55.42,11.09,36.21,0.693,0.21,3.4,5.77,0,2.35,0.95,1
REAL-FIELD-03266,A,CAT_797F_MANUAL,0,30.34,13.96,177.79,0.653,0.193,7.8,3.04,0,21.1,19.65,0
REAL-FIELD-03267,E,KOMATSU_930E_AHS,1,24.14,13.35,37.82,0.331,0,9.6,0.15,0,5.64,3.97,1
REAL-FIELD-03268,B,CAT_797F_MANUAL,0,13.96,15.35,3.22,0.96,0.2,5.1,4.71,0,0.83,0.13,1
REAL-FIELD-03269,C,CAT_797F_MANUAL,0,44.4,13.8,20.06,0.246,0.341,11.8,5.47,2,1.63,-1.28,1
REAL-FIELD-03270,E,KOMATSU_930E_AHS,1,36.27,6.97,37.92,0.778,0,9.6,0.15,0,3.76,3.2,1
REAL-FIELD-03271,E,KOMATSU_930E_AHS,1,37.79,9.57,32.84,0.762,0,5.7,0.15,0,3.13,2.54,1
REAL-FIELD-03272,E,KOMATSU_930E_AHS,1,37.36,3.13,112.02,0.658,0,3,0.15,0,10.79,9.93,0
REAL-FIELD-03273,E,KOMATSU_930E_AHS,1,24.03,8.35,43.7,0.708,0,7.2,0.15,0,6.55,5.82,0
REAL-FIELD-03274,D,PALA_PH_4100XPC,0,0.27,12.49,107.33,0.223,0.176,2.4,5.93,0,999,996.53,0
REAL-FIELD-03275,A,CAT_797F_MANUAL,0,35.24,9.64,169.38,0.891,0.245,10.5,3.79,0,17.3,16.29,0
REAL-FIELD-03276,E,KOMATSU_930E_AHS,1,26.21,2.52,78.34,0.303,0,7.9,0.15,0,10.76,9.02,0
REAL-FIELD-03277,A,CAT_797F_MANUAL,0,45.24,2.13,105.48,0.478,0.243,6,3.4,0,8.39,6.36,0
REAL-FIELD-03278,A,CAT_797F_MANUAL,0,29.2,5.61,149.8,0.51,0.177,8.2,6.22,0,18.47,16.71,0
REAL-FIELD-03279,C,CAMIONETA_4x4,0,39.17,7.7,155.71,0.203,0.285,11,4.17,0,14.31,11.46,0
REAL-FIELD-03280,B,PALA_PH_4100XPC,0,2.92,2.09,84.3,0.903,0.065,1,2.19,0,103.93,103.49,0
REAL-FIELD-03281,E,KOMATSU_930E_AHS,1,20.4,12.3,169.15,0.609,0,6.8,0.15,0,29.85,28.87,0
REAL-FIELD-03282,B,PALA_PH_4100XPC,0,1.09,4.3,55.39,0.569,0.142,1.6,2.32,0,999,997.5,0
REAL-FIELD-03283,E,KOMATSU_930E_AHS,1,28.86,4.35,84.25,0.58,0,8.1,0.15,0,10.51,9.46,0
REAL-FIELD-03284,C,CAMIONETA_4x4,0,39.29,10.08,83.19,0.535,0.323,9.7,6.35,0,7.62,5.49,0
REAL-FIELD-03285,E,KOMATSU_930E_AHS,1,24.5,5.23,17.32,0.384,0,12,0.15,1,2.54,1,1
REAL-FIELD-03286,A,CAMIONETA_4x4,0,31.36,8.27,70.99,0.652,0.153,2,5.18,0,8.15,6.82,0
REAL-FIELD-03287,E,KOMATSU_930E_AHS,1,24.58,10.22,117.64,0.394,0,5.8,0.15,0,17.23,15.72,0
REAL-FIELD-03288,D,CAT_797F_MANUAL,0,29.42,9.51,100.52,0.38,0.116,0.8,2.92,0,12.3,10.4,0
REAL-FIELD-03289,E,KOMATSU_930E_AHS,1,32.71,11.93,26.98,0.833,0,10.2,0.15,2,2.97,2.55,1
REAL-FIELD-03290,B,PALA_PH_4100XPC,0,2.48,12.21,29.56,0.666,0.176,0.5,2.85,3,42.91,41.55,0
REAL-FIELD-03291,D,PALA_PH_4100XPC,0,3.16,2.08,26.5,0.335,0.134,3.2,1.86,3,30.19,28.13,0
REAL-FIELD-03292,E,KOMATSU_930E_AHS,1,33.24,12.19,68.17,0.797,0,7.7,0.15,0,7.38,6.87,0
REAL-FIELD-03293,C,PALA_PH_4100XPC,0,2.85,11.08,91.32,0.431,0.309,9.7,7.58,0,115.35,113,0
REAL-FIELD-03294,E,KOMATSU_930E_AHS,1,37.34,14.24,30.88,0.878,0,3.5,0.15,0,2.98,2.68,1
REAL-FIELD-03295,E,KOMATSU_930E_AHS,1,25.77,8.16,81.89,0.397,0,9.1,0.15,0,11.44,9.93,0
REAL-FIELD-03296,C,CAT_797F_MANUAL,0,23.34,9.26,93.3,0.794,0.314,9.7,4.73,0,14.39,12.93,0
REAL-FIELD-03297,A,CAMIONETA_4x4,0,27.13,14.49,76.35,0.472,0.275,11.8,4.32,0,10.13,7.98,0
REAL-FIELD-03298,E,KOMATSU_930E_AHS,1,30.16,9.34,180.75,0.192,0,0.6,0.15,0,21.57,19.55,0
REAL-FIELD-03299,E,KOMATSU_930E_AHS,1,23.01,7.03,45.25,0.277,0,9.8,0.15,0,7.08,5.27,0
REAL-FIELD-03300,D,CAT_797F_MANUAL,0,17.72,6.5,62.38,0.195,0.078,0.6,3.07,0,12.67,10.42,0
REAL-FIELD-03301,D,CAT_797F_MANUAL,0,18.59,11.91,104.45,0.172,0.146,5.9,3.78,0,20.23,17.72,0
REAL-FIELD-03302,D,CAT_797F_MANUAL,0,30.55,12.76,168.57,0.154,0.206,2.9,5.89,0,19.86,17.13,0
REAL-FIELD-03303,A,CAMIONETA_4x4,0,38.49,11.84,60.01,0.733,0.103,3.6,3.67,0,5.61,4.63,0
REAL-FIELD-03304,E,KOMATSU_930E_AHS,1,37.38,15.72,141.47,0.774,0,7.2,0.15,0,13.62,13.06,0
REAL-FIELD-03305,D,CAT_797F_MANUAL,0,26.02,11.4,156.47,0.212,0.232,4.2,6.78,0,21.65,18.98,0
REAL-FIELD-03306,C,CAMIONETA_4x4,0,47.08,14.45,33.11,0.3,0.281,10.5,4.42,0,2.53,-0.06,1
REAL-FIELD-03307,B,PALA_PH_4100XPC,0,0.33,5.66,96.02,0.508,0.222,8.5,2.78,0,999,997.1,0
REAL-FIELD-03308,B,PALA_PH_4100XPC,0,3.7,2.81,35.84,0.904,0.115,1.2,3.21,0,34.87,34.28,0
REAL-FIELD-03309,D,PALA_PH_4100XPC,0,1.98,4.16,78.86,0.32,0.092,2.8,3.67,0,143.38,141.4,0
REAL-FIELD-03310,A,CAMIONETA_4x4,0,59.23,8.24,26.15,0.499,0.155,6.6,3.03,2,1.59,-0.13,1
REAL-FIELD-03311,D,CAT_797F_MANUAL,0,46.16,8.54,49.53,0.285,0.172,7.8,4.85,0,3.86,1.56,1
REAL-FIELD-03312,D,CAT_797F_MANUAL,0,17.59,5.76,141.26,0.238,0.223,10.3,4.73,0,28.91,26.34,0
REAL-FIELD-03313,E,KOMATSU_930E_AHS,1,31.63,12.03,13.4,0.216,0,7.4,0.15,0,1.53,-0.43,1
REAL-FIELD-03314,E,KOMATSU_930E_AHS,1,29.16,9.29,50.76,0.307,0,7.4,0.15,0,6.27,4.54,0
REAL-FIELD-03315,C,CAT_797F_MANUAL,0,43.7,13.38,20.49,0.59,0.305,10.7,7.24,2,1.69,-0.25,1
REAL-FIELD-03316,E,KOMATSU_930E_AHS,1,24.73,9.6,31.66,0.993,0,3.9,0.15,0,4.61,4.59,0
REAL-FIELD-03317,B,CAT_797F_MANUAL,0,42.29,10.32,8.44,0.925,0.109,1.5,3.7,1,0.72,0.21,1
REAL-FIELD-03318,E,KOMATSU_930E_AHS,1,37.12,12.75,133.51,0.692,0,4.9,0.15,0,12.95,12.18,0
REAL-FIELD-03319,A,CAMIONETA_4x4,0,27.08,13.35,62.43,0.537,0.251,7.8,6.86,0,8.3,6.39,0
REAL-FIELD-03320,E,KOMATSU_930E_AHS,1,29.52,15.48,68.53,0.319,0,8.8,0.15,0,8.36,6.66,0
REAL-FIELD-03321,E,KOMATSU_930E_AHS,1,27.07,15.32,79.93,0.451,0,8.8,0.15,0,10.63,9.26,0
REAL-FIELD-03322,E,KOMATSU_930E_AHS,1,21.12,11.67,30.83,0.51,0,3.8,0.15,0,5.26,4.04,0
REAL-FIELD-03323,C,CAT_797F_MANUAL,0,20.58,6.56,123.25,0.282,0.301,9.6,4.04,0,21.56,18.86,0
REAL-FIELD-03324,E,KOMATSU_930E_AHS,1,27.76,6.76,131.95,0.863,0,7,0.15,0,17.11,16.77,0
REAL-FIELD-03325,D,CAT_797F_MANUAL,0,36.01,9.34,66.85,0.257,0.093,1.3,2.66,0,6.68,4.54,0
REAL-FIELD-03326,C,PALA_PH_4100XPC,0,0.44,2.07,71.98,0.433,0.331,11,6.7,0,999,996.59,0
REAL-FIELD-03327,A,CAT_797F_MANUAL,0,37.25,14.45,35.32,0.634,0.2,4.6,5.99,0,3.41,1.9,1
REAL-FIELD-03328,E,KOMATSU_930E_AHS,1,21.5,11.05,15.41,0.37,0,1,0.15,1,2.58,1.01,1
REAL-FIELD-03329,E,KOMATSU_930E_AHS,1,33.71,9.18,7.84,0.687,0,4.6,0.15,2,0.84,0.06,1
REAL-FIELD-03330,A,CAMIONETA_4x4,0,53.8,8.58,43.81,0.684,0.264,9.6,6.28,0,2.93,1.35,1
REAL-FIELD-03331,E,KOMATSU_930E_AHS,1,32.74,3.74,131.34,0.821,0,8.2,0.15,0,14.44,13.99,0
REAL-FIELD-03332,C,CAMIONETA_4x4,0,57.29,15.93,127.11,0.928,0.292,11.4,4.48,0,7.99,6.93,0
REAL-FIELD-03333,A,CAT_797F_MANUAL,0,38.91,15.96,142.12,0.828,0.205,6.8,5.36,0,13.15,12.1,0
REAL-FIELD-03334,C,CAT_797F_MANUAL,0,12.35,11.01,103.93,0.332,0.333,9.8,5.52,0,30.3,27.63,0
REAL-FIELD-03335,A,CAT_797F_MANUAL,0,35.9,12.07,166.71,0.711,0.278,6.5,5.03,0,16.72,15.16,0
REAL-FIELD-03336,E,KOMATSU_930E_AHS,1,35.94,13.02,129.04,0.176,0,11.8,0.15,0,12.93,10.87,0
REAL-FIELD-03337,E,KOMATSU_930E_AHS,1,19.41,15.14,134.37,0.753,0,9.3,0.15,0,24.92,24.3,0
REAL-FIELD-03338,A,CAT_797F_MANUAL,0,46.05,15.93,175.54,0.476,0.275,8.6,3.71,0,13.72,11.58,0
REAL-FIELD-03339,A,CAT_797F_MANUAL,0,21.82,8.36,38.51,0.965,0.212,7.1,3.76,0,6.35,5.63,0
REAL-FIELD-03340,A,CAT_797F_MANUAL,0,33.2,10.46,103.06,0.817,0.184,6.9,5.94,0,11.18,10.17,0
REAL-FIELD-03341,B,PALA_PH_4100XPC,0,2.95,11.4,24.29,0.634,0.239,7.1,4.98,1,29.64,28.01,0
REAL-FIELD-03342,C,CAT_797F_MANUAL,0,25.19,10.88,157.16,0.556,0.362,11.5,7.36,0,22.46,20.26,0
REAL-FIELD-03343,E,KOMATSU_930E_AHS,1,22.49,8.2,117.02,0.749,0,5.8,0.15,0,18.73,18.1,0
REAL-FIELD-03344,E,KOMATSU_930E_AHS,1,21.07,13.76,75.29,0.224,0,2.6,0.15,0,12.86,10.92,0
REAL-FIELD-03345,D,CAMIONETA_4x4,0,50,11.06,20.98,0.276,0.17,7.9,4.34,2,1.51,-0.81,1
REAL-FIELD-03346,E,KOMATSU_930E_AHS,1,36.63,3.18,160.64,0.463,0,1.2,0.15,0,15.79,14.45,0
REAL-FIELD-03347,E,KOMATSU_930E_AHS,1,26.39,3.12,125.95,0.703,0,11.7,0.15,0,17.18,16.44,0
REAL-FIELD-03348,D,CAT_797F_MANUAL,0,12.93,8.41,33.43,0.178,0.157,3,3.73,0,9.31,6.78,0
REAL-FIELD-03349,D,PALA_PH_4100XPC,0,0.85,8.1,177.87,0.279,0.25,6.8,5.16,0,999,996.45,0
REAL-FIELD-03350,E,KOMATSU_930E_AHS,1,34.65,14.96,67.84,0.374,0,11.4,0.15,0,7.05,5.48,0
REAL-FIELD-03351,E,KOMATSU_930E_AHS,1,28.23,9.22,169.23,0.227,0,6.3,0.15,0,21.58,19.65,0
REAL-FIELD-03352,E,KOMATSU_930E_AHS,1,26.4,6.21,86.63,0.602,0,0.5,0.15,0,11.81,10.82,0
REAL-FIELD-03353,E,KOMATSU_930E_AHS,1,30.45,10.92,190.66,0.671,0,9.9,0.15,0,22.54,21.72,0
REAL-FIELD-03354,A,CAMIONETA_4x4,0,29.9,12.17,89.11,0.571,0.166,2.4,5.44,0,10.73,9.16,0
REAL-FIELD-03355,A,CAT_797F_MANUAL,0,16.29,12.58,49.99,0.763,0.202,4.1,3.35,0,11.05,9.85,0
REAL-FIELD-03356,E,KOMATSU_930E_AHS,1,36.93,11.02,33.06,0.255,0,0.9,0.15,0,3.22,1.36,1
REAL-FIELD-03357,A,CAMIONETA_4x4,0,36.89,14.76,192.16,0.481,0.067,2.2,1.48,0,18.75,17.25,0
REAL-FIELD-03358,D,CAMIONETA_4x4,0,50.68,5.08,23.52,0.448,0.09,2,1.82,2,1.67,0.02,1
REAL-FIELD-03359,A,CAT_797F_MANUAL,0,22.21,4,76.8,0.715,0.148,1.1,2.87,0,12.45,11.29,0
REAL-FIELD-03360,D,CAT_797F_MANUAL,0,23.26,4.2,134.22,0.442,0.229,5.7,6.6,0,20.77,18.69,0
REAL-FIELD-03361,A,CAT_797F_MANUAL,0,27.72,9.58,97.99,0.809,0.258,6.6,4.22,0,12.73,11.48,0
REAL-FIELD-03362,C,CAT_797F_MANUAL,0,15.05,2.39,119.55,0.965,0.298,7.1,4.92,0,28.6,27.62,0
REAL-FIELD-03363,A,CAMIONETA_4x4,0,36.1,15.45,165.42,0.911,0.238,6.6,6.31,0,16.5,15.56,0
REAL-FIELD-03364,A,CAT_797F_MANUAL,0,18.35,14.05,144.79,0.933,0.123,2.9,4.79,0,28.41,27.87,0
REAL-FIELD-03365,E,KOMATSU_930E_AHS,1,25.97,14.89,156.09,0.63,0,6.4,0.15,0,21.64,20.72,0
REAL-FIELD-03366,E,KOMATSU_930E_AHS,1,31.4,8.86,166.11,0.301,0,7.2,0.15,0,19.04,17.29,0
REAL-FIELD-03367,C,CAT_797F_MANUAL,0,16,5.68,138.36,0.412,0.312,9.7,3.83,0,31.13,28.72,0
REAL-FIELD-03368,E,KOMATSU_930E_AHS,1,34.79,2.79,133.63,0.8,0,8.4,0.15,0,13.83,13.33,0
REAL-FIELD-03369,C,CAT_797F_MANUAL,0,35.1,11.33,9.14,0.459,0.352,12,5.07,2,0.94,-1.47,1
REAL-FIELD-03370,E,KOMATSU_930E_AHS,1,21.65,13.13,81.83,0.758,0,3.8,0.15,0,13.61,13,0
REAL-FIELD-03371,B,CAT_797F_MANUAL,0,13.41,6.88,15.29,0.857,0.201,2.5,3.1,1,4.1,3.14,1
REAL-FIELD-03372,E,KOMATSU_930E_AHS,1,23.62,5.8,112.18,0.44,0,3.2,0.15,0,17.1,15.7,0
REAL-FIELD-03373,D,CAT_797F_MANUAL,0,45.46,6.1,187.16,0.153,0.201,5.8,3.23,0,14.82,12.1,0
REAL-FIELD-03374,D,PALA_PH_4100XPC,0,3.05,14.68,136.39,0.197,0.055,1.9,2.43,0,160.98,158.81,0
REAL-FIELD-03375,C,CAT_797F_MANUAL,0,19.69,8.65,6.73,0.438,0.305,8.6,3.76,0,1.23,-1.09,1
REAL-FIELD-03376,E,KOMATSU_930E_AHS,1,29.88,5.35,106.86,0.547,0,11.9,0.15,0,12.87,11.74,0
REAL-FIELD-03377,E,KOMATSU_930E_AHS,1,22.38,7.93,29.94,0.928,0,1.9,0.15,0,4.82,4.64,0
REAL-FIELD-03378,D,CAT_797F_MANUAL,0,46.46,9.59,35.09,0.344,0.084,1.3,2.15,0,2.72,0.83,1
REAL-FIELD-03379,B,CAT_797F_MANUAL,0,23.87,3.7,23.3,0.953,0.059,1.3,2.38,0,3.51,3.22,1
REAL-FIELD-03380,A,CAT_797F_MANUAL,0,13.1,5.38,53.44,0.562,0.249,10.4,5.52,0,14.69,12.85,0
REAL-FIELD-03381,A,CAT_797F_MANUAL,0,41.37,5.93,94.75,0.687,0.249,11.8,3.88,0,8.25,6.72,0
REAL-FIELD-03382,E,KOMATSU_930E_AHS,1,36.29,9.95,93.79,0.295,0,5.9,0.15,0,9.3,7.54,0
REAL-FIELD-03383,D,PALA_PH_4100XPC,0,3.14,9.02,83.89,0.39,0.121,1.9,3.8,0,96.18,94.29,0
REAL-FIELD-03384,C,CAMIONETA_4x4,0,44.95,14.56,103.65,0.831,0.348,10.7,5.9,0,8.3,6.83,0
REAL-FIELD-03385,B,PALA_PH_4100XPC,0,0.17,6.01,104.83,0.88,0.239,3.9,5.77,0,999,997.98,0
REAL-FIELD-03386,E,KOMATSU_930E_AHS,1,24.57,2.48,170.97,0.451,0,2.3,0.15,0,25.05,23.68,0
REAL-FIELD-03387,E,KOMATSU_930E_AHS,1,34.88,12.13,167.95,0.359,0,5.7,0.15,0,17.33,15.73,0
REAL-FIELD-03388,C,PALA_PH_4100XPC,0,0.24,10.14,29.12,0.314,0.335,10.2,6.87,1,999,996.28,0
REAL-FIELD-03389,D,CAT_797F_MANUAL,0,19.67,6.78,24.07,0.245,0.168,6.5,4.72,2,4.41,2.02,1
REAL-FIELD-03390,D,PALA_PH_4100XPC,0,3.13,15.51,184.2,0.222,0.172,6.9,5.29,0,211.86,209.4,0
REAL-FIELD-03391,A,CAMIONETA_4x4,0,27.02,13.28,180.35,0.694,0.226,5.4,5.74,0,24.03,22.59,0
REAL-FIELD-03392,E,KOMATSU_930E_AHS,1,20.97,6.8,5.22,0.527,0,3.1,0.15,2,0.9,-0.28,1
REAL-FIELD-03393,D,CAT_797F_MANUAL,0,43.63,9.59,49.11,0.187,0.129,0.6,2.15,0,4.05,1.63,1
REAL-FIELD-03394,D,CAT_797F_MANUAL,0,40.84,11.16,189.46,0.23,0.169,7.7,4.74,0,16.7,14.27,0
REAL-FIELD-03395,E,KOMATSU_930E_AHS,1,19.7,12.68,104.2,0.402,0,3.4,0.15,0,19.04,17.54,0
REAL-FIELD-03396,E,KOMATSU_930E_AHS,1,36.31,7.52,72.88,0.204,0,1,0.15,0,7.23,5.24,0
REAL-FIELD-03397,A,CAT_797F_MANUAL,0,34.85,2.6,111.64,0.702,0.279,7.5,4.3,0,11.53,9.95,0
REAL-FIELD-03398,C,CAT_797F_MANUAL,0,47.19,12.13,190.31,0.491,0.281,8.7,6.83,0,14.52,12.4,0
REAL-FIELD-03399,D,PALA_PH_4100XPC,0,2.94,11.1,161.32,0.231,0.228,8.6,4.22,0,197.53,194.92,0
REAL-FIELD-03400,E,KOMATSU_930E_AHS,1,30.02,2.87,173.41,0.38,0,7.7,0.15,0,20.8,19.25,0
REAL-FIELD-03401,B,PALA_PH_4100XPC,0,2.7,15.21,118.8,0.829,0.274,8,3.57,0,158.4,157.15,0
REAL-FIELD-03402,A,CAT_797F_MANUAL,0,30.53,13.48,155.27,0.681,0.243,9.2,6.04,0,18.31,16.78,0
REAL-FIELD-03403,D,CAT_797F_MANUAL,0,34.05,9.99,132.48,0.273,0.276,8.1,4.18,0,14.01,11.36,0
REAL-FIELD-03404,D,CAMIONETA_4x4,0,47.27,5.76,133,0.24,0.122,1.1,5.36,0,10.13,7.86,0
REAL-FIELD-03405,C,CAMIONETA_4x4,0,39.69,3.09,12.16,0.186,0.334,9.6,3.94,3,1.1,-1.94,1
REAL-FIELD-03406,E,KOMATSU_930E_AHS,1,21.24,2.18,58.85,0.219,0,7.2,0.15,0,9.97,8.02,0
REAL-FIELD-03407,D,CAMIONETA_4x4,0,51.19,8.56,94.62,0.427,0.226,7.3,3.51,0,6.65,4.54,0
REAL-FIELD-03408,A,CAMIONETA_4x4,0,52.1,11.27,43.32,0.478,0.183,0.9,3.47,0,2.99,1.14,1
REAL-FIELD-03409,A,CAMIONETA_4x4,0,59.55,13.47,48.13,0.724,0.205,4.1,3.91,0,2.91,1.61,1
REAL-FIELD-03410,E,KOMATSU_930E_AHS,1,28.93,9.23,89.48,0.369,0,6.9,0.15,0,11.13,9.55,0
REAL-FIELD-03411,A,CAT_797F_MANUAL,0,36.84,9.07,133.74,0.734,0.204,5.3,2.79,0,13.07,11.79,0
REAL-FIELD-03412,E,KOMATSU_930E_AHS,1,25.86,14.66,172.03,0.227,0,4.3,0.15,0,23.95,22.02,0
REAL-FIELD-03413,A,CAT_797F_MANUAL,0,38.81,10.95,28.37,0.755,0.088,1.9,1.8,3,2.63,1.75,1
REAL-FIELD-03414,A,CAMIONETA_4x4,0,51,15.36,27.29,0.847,0.205,9.5,2.66,0,1.93,0.93,1
REAL-FIELD-03415,E,KOMATSU_930E_AHS,1,27.92,2.11,137.38,0.743,0,4.5,0.15,0,17.71,17.07,0
REAL-FIELD-03416,E,KOMATSU_930E_AHS,1,32.1,14.34,64.65,0.512,0,4.3,0.15,0,7.25,6.03,0
REAL-FIELD-03417,B,PALA_PH_4100XPC,0,0.89,7.68,43.22,0.963,0.277,10.9,6.24,0,999,998.08,0
REAL-FIELD-03418,A,CAT_797F_MANUAL,0,24.83,3.59,37.06,0.712,0.195,9.5,4.3,0,5.37,4.07,0
REAL-FIELD-03419,E,KOMATSU_930E_AHS,1,22.84,13.27,64,0.895,0,11.5,0.15,0,10.09,9.83,0
REAL-FIELD-03420,E,KOMATSU_930E_AHS,1,34.66,3.69,192.68,0.95,0,9.6,0.15,0,20.01,19.89,0
REAL-FIELD-03421,D,CAT_797F_MANUAL,0,27.71,6.71,151.07,0.191,0.155,6.4,3.9,0,19.63,17.14,0
REAL-FIELD-03422,E,KOMATSU_930E_AHS,1,36.32,14.08,168.79,0.736,0,3.8,0.15,0,16.73,16.07,0
REAL-FIELD-03423,D,PALA_PH_4100XPC,0,0.25,7.36,160.5,0.189,0.273,11,3.62,0,999,996.15,0
REAL-FIELD-03424,C,CAT_797F_MANUAL,0,36.31,9.27,23.01,0.538,0.283,10,5.62,3,2.28,0.28,1
REAL-FIELD-03425,D,CAMIONETA_4x4,0,47.58,10.28,140.89,0.151,0.119,4.3,2.3,0,10.66,8.18,0
REAL-FIELD-03426,E,KOMATSU_930E_AHS,1,28.81,14.79,104.72,0.472,0,11.2,0.15,0,13.09,11.77,0
REAL-FIELD-03427,E,KOMATSU_930E_AHS,1,29.85,4.33,121.99,0.533,0,3.9,0.15,0,14.71,13.54,0
REAL-FIELD-03428,D,CAMIONETA_4x4,0,26.03,8.25,13.08,0.286,0.215,8.5,6.42,1,1.81,-0.62,1
REAL-FIELD-03429,A,CAMIONETA_4x4,0,62.08,13.56,174.88,0.921,0.153,1.6,2.29,0,10.14,9.48,0
REAL-FIELD-03430,D,CAT_797F_MANUAL,0,13.84,11.77,172.96,0.364,0.226,9.7,5.63,0,44.99,42.72,0
REAL-FIELD-03431,A,CAT_797F_MANUAL,0,34.32,8.63,167.27,0.711,0.238,10.9,6.07,0,17.55,16.11,0
REAL-FIELD-03432,A,CAT_797F_MANUAL,0,47.67,4.07,105.33,0.631,0.104,4,2.29,0,7.95,6.72,0
REAL-FIELD-03433,A,CAT_797F_MANUAL,0,26.02,10.55,181.13,0.753,0.134,6,3.99,0,25.06,24.04,0
REAL-FIELD-03434,A,CAMIONETA_4x4,0,28.82,9.89,79.35,0.655,0.158,1.2,4.66,0,9.91,8.57,0
REAL-FIELD-03435,A,CAMIONETA_4x4,0,41.79,8.11,130.75,0.549,0.165,2.7,2.24,0,11.26,9.64,0
REAL-FIELD-03436,A,CAMIONETA_4x4,0,26.02,14.58,186.92,0.955,0.137,2.3,4.9,0,25.86,25.34,0
REAL-FIELD-03437,D,CAMIONETA_4x4,0,44.35,13.15,170.76,0.313,0.082,3.3,4.47,0,13.86,11.9,0
REAL-FIELD-03438,E,KOMATSU_930E_AHS,1,36.73,15.51,109.27,0.441,0,8.8,0.15,0,10.71,9.31,0
REAL-FIELD-03439,A,CAT_797F_MANUAL,0,48.03,4.29,98.79,0.72,0.185,1.9,3.96,0,7.4,6.14,0
REAL-FIELD-03440,D,PALA_PH_4100XPC,0,3.64,12.3,114.57,0.222,0.26,8.4,3.33,0,113.31,110.58,0
REAL-FIELD-03441,E,KOMATSU_930E_AHS,1,32.91,10.4,156.02,0.514,0,1.5,0.15,0,17.07,15.86,0
REAL-FIELD-03442,A,CAT_797F_MANUAL,0,45.9,8.33,120.87,0.519,0.183,8,4.46,0,9.48,7.73,0
REAL-FIELD-03443,C,CAT_797F_MANUAL,0,14.82,11.54,28.23,0.849,0.35,11.4,5.77,2,6.86,5.43,0
REAL-FIELD-03444,D,CAMIONETA_4x4,0,46.74,13.06,171.49,0.275,0.18,7.4,3.6,0,13.21,10.86,0
REAL-FIELD-03445,A,CAT_797F_MANUAL,0,31.16,6.85,44.66,0.965,0.187,6.7,2.85,0,5.16,4.51,0
REAL-FIELD-03446,E,KOMATSU_930E_AHS,1,23.43,2.72,12.56,0.737,0,3,0.15,1,1.93,1.27,1
REAL-FIELD-03447,E,KOMATSU_930E_AHS,1,31.22,14.69,183.76,0.881,0,7.7,0.15,0,21.19,20.89,0
REAL-FIELD-03448,A,CAT_797F_MANUAL,0,17.6,5.67,45.53,0.928,0.253,10.3,4.53,0,9.31,8.37,0
REAL-FIELD-03449,B,PALA_PH_4100XPC,0,3.39,8.4,23.64,0.523,0.185,7.5,2.37,1,25.1,23.35,0
REAL-FIELD-03450,B,PALA_PH_4100XPC,0,2.82,5.7,104.18,0.482,0.224,5.5,5.43,0,133,131.03,0
REAL-FIELD-03451,A,CAT_797F_MANUAL,0,34.92,4.81,95.42,0.743,0.143,2.9,4.27,0,9.84,8.77,0
REAL-FIELD-03452,A,CAT_797F_MANUAL,0,19.56,15.4,142.7,0.679,0.244,5.5,4.19,0,26.26,24.73,0
REAL-FIELD-03453,E,KOMATSU_930E_AHS,1,22.07,10.31,113.48,0.813,0,8.4,0.15,0,18.51,18.04,0
REAL-FIELD-03454,D,CAT_797F_MANUAL,0,37.89,9.64,147.78,0.245,0.116,2.3,4.54,0,14.04,11.8,0
REAL-FIELD-03455,B,PALA_PH_4100XPC,0,3.32,9.53,49.13,0.639,0.202,8.5,3.55,0,53.27,51.76,0
REAL-FIELD-03456,A,CAT_797F_MANUAL,0,21.3,11.01,165.05,0.452,0.245,11.9,4.47,0,27.9,25.8,0
REAL-FIELD-03457,E,KOMATSU_930E_AHS,1,26.06,14.32,183.95,0.155,0,2.7,0.15,0,25.41,23.3,0
REAL-FIELD-03458,B,PALA_PH_4100XPC,0,0.42,14.5,116.13,0.662,0.28,6.5,7.04,0,999,997.32,0
REAL-FIELD-03459,A,CAT_797F_MANUAL,0,23.72,5.15,103.75,0.526,0.086,2,2.88,0,15.75,14.31,0
REAL-FIELD-03460,D,CAMIONETA_4x4,0,30,3.93,54.12,0.195,0.243,4.5,6.64,0,6.49,3.75,1
REAL-FIELD-03461,D,CAT_797F_MANUAL,0,12.51,10.88,34.51,0.354,0.219,8.6,4.32,0,9.93,7.66,0
REAL-FIELD-03462,D,PALA_PH_4100XPC,0,2.28,15.85,85.22,0.448,0.25,11.8,5.62,0,134.56,132.43,0
REAL-FIELD-03463,C,CAT_797F_MANUAL,0,20.13,4.02,66.69,0.684,0.285,10,7.03,0,11.93,10.28,0
REAL-FIELD-03464,A,CAT_797F_MANUAL,0,17.42,9.57,145.23,0.842,0.205,9,4.51,0,30.01,29,0
REAL-FIELD-03465,C,CAT_797F_MANUAL,0,48.7,5.72,114.94,0.903,0.297,9.4,5.04,0,8.5,7.37,0
REAL-FIELD-03466,D,CAT_797F_MANUAL,0,43.02,13.41,168.98,0.268,0.195,9.3,5.98,0,14.14,11.73,0
REAL-FIELD-03467,D,CAT_797F_MANUAL,0,30.37,15.32,162.51,0.324,0.2,7.4,4.52,0,19.26,16.97,0
REAL-FIELD-03468,E,KOMATSU_930E_AHS,1,32.29,15.77,21.5,0.293,0,6.6,0.15,3,2.4,0.63,1
REAL-FIELD-03469,E,KOMATSU_930E_AHS,1,27.97,5.72,76.02,0.757,0,6.3,0.15,0,9.78,9.17,0
REAL-FIELD-03470,D,PALA_PH_4100XPC,0,2.17,9.25,145.88,0.408,0.201,9.8,5.19,0,242.01,239.93,0
REAL-FIELD-03471,B,PALA_PH_4100XPC,0,1.67,3.59,128.09,0.751,0.217,4.3,3.85,0,999,997.73,0
REAL-FIELD-03472,D,CAT_797F_MANUAL,0,33.45,11.34,147.51,0.252,0.185,2.5,4.75,0,15.88,13.46,0
REAL-FIELD-03473,A,CAT_797F_MANUAL,0,31.17,5.11,161.77,0.523,0.24,7.9,5.48,0,18.68,16.77,0
REAL-FIELD-03474,D,CAT_797F_MANUAL,0,32.58,12,80.64,0.424,0.169,5.7,4.14,0,8.91,6.96,0
REAL-FIELD-03475,E,KOMATSU_930E_AHS,1,33.96,15.08,110.59,0.986,0,6.4,0.15,0,11.72,11.68,0
REAL-FIELD-03476,C,PALA_PH_4100XPC,0,1.05,4.72,29.63,0.33,0.285,8.6,7.16,2,999,996.47,0
REAL-FIELD-03477,B,PALA_PH_4100XPC,0,3.68,9.39,154.74,0.651,0.101,2.5,2.07,0,151.38,150.2,0
REAL-FIELD-03478,A,CAMIONETA_4x4,0,42.81,8.86,34.35,0.674,0.254,4.8,6.38,0,2.89,1.31,1
REAL-FIELD-03479,D,CAT_797F_MANUAL,0,18.83,5.72,64.28,0.351,0.169,3.1,5.05,0,12.29,10.16,0
REAL-FIELD-03480,E,KOMATSU_930E_AHS,1,37.18,10.98,59.74,0.514,0,9.7,0.15,0,5.78,4.57,0
REAL-FIELD-03481,A,CAMIONETA_4x4,0,33.16,4.26,25.1,0.708,0.252,5.1,5.02,0,2.72,1.23,1
REAL-FIELD-03482,A,CAT_797F_MANUAL,0,33.49,13.11,126.17,0.588,0.131,0.7,4.4,0,13.56,12.14,0
REAL-FIELD-03483,B,PALA_PH_4100XPC,0,0.67,7.29,85.9,0.607,0.183,8.4,3.78,0,999,997.47,0
REAL-FIELD-03484,E,KOMATSU_930E_AHS,1,24.08,13.38,24.91,0.685,0,6.6,0.15,0,3.72,2.93,1
REAL-FIELD-03485,D,PALA_PH_4100XPC,0,0.48,9.57,55.35,0.153,0.243,6.3,5.21,0,999,996.15,0
REAL-FIELD-03486,A,CAMIONETA_4x4,0,54.03,5.94,182.63,0.793,0.209,5.6,2.99,0,12.17,11.03,0
REAL-FIELD-03487,E,KOMATSU_930E_AHS,1,18.54,6.37,159.37,0.262,0,1.1,0.15,0,30.95,29.1,0
REAL-FIELD-03488,B,CAT_797F_MANUAL,0,26.83,9.37,22.76,0.792,0.072,2,1.67,1,3.05,2.31,1
REAL-FIELD-03489,C,PALA_PH_4100XPC,0,2.53,3.15,103.38,0.978,0.285,9.1,3.94,0,147.1,146.19,0
REAL-FIELD-03490,D,CAT_797F_MANUAL,0,34.71,8.56,130.74,0.367,0.23,9,6.47,0,13.56,11.29,0
REAL-FIELD-03491,C,CAMIONETA_4x4,0,32.76,3.65,19.74,0.42,0.3,8.7,6.14,0,2.17,-0.18,1
REAL-FIELD-03492,A,CAT_797F_MANUAL,0,40.45,14.59,144.6,0.651,0.248,5.9,4.49,0,12.87,11.25,0
REAL-FIELD-03493,D,CAT_797F_MANUAL,0,18.02,3.75,71.62,0.191,0.198,1.9,3.98,0,14.31,11.69,0
REAL-FIELD-03494,A,CAT_797F_MANUAL,0,39.51,9.47,113.6,0.736,0.174,2,5.45,0,10.35,9.17,0
REAL-FIELD-03495,D,PALA_PH_4100XPC,0,0.72,14.53,191.79,0.403,0.241,11.4,6.23,0,999,996.78,0
REAL-FIELD-03496,E,KOMATSU_930E_AHS,1,33.4,13.53,192.08,0.79,0,5.1,0.15,0,20.7,20.18,0
REAL-FIELD-03497,E,KOMATSU_930E_AHS,1,20.54,11.39,58.85,0.356,0,7.2,0.15,0,10.31,8.7,0
REAL-FIELD-03498,D,CAT_797F_MANUAL,0,33.18,14.63,17.93,0.292,0.202,8.7,6.46,1,1.95,-0.43,1
REAL-FIELD-03499,B,CAT_797F_MANUAL,0,12.61,15.5,21.26,0.923,0.202,5.2,5.74,1,6.07,5.27,0
REAL-FIELD-03500,C,CAT_797F_MANUAL,0,23.22,15.16,55.85,0.407,0.324,11.5,6.8,0,8.66,6.21,0
REAL-FIELD-03501,A,CAT_797F_MANUAL,0,27.45,14.76,78.14,0.909,0.165,2.8,3.27,0,10.25,9.53,0
REAL-FIELD-03502,A,CAT_797F_MANUAL,0,43.02,13.58,113.95,0.829,0.132,1.5,3.19,0,9.54,8.72,0
REAL-FIELD-03503,B,PALA_PH_4100XPC,0,3.23,2.43,127.84,0.569,0.134,1.7,5.31,0,142.48,141,0
REAL-FIELD-03504,A,CAT_797F_MANUAL,0,18.81,9.04,170.31,0.674,0.278,7.7,4.12,0,32.6,30.95,0
REAL-FIELD-03505,D,CAT_797F_MANUAL,0,26.74,12.81,166.82,0.293,0.189,8.2,5.45,0,22.46,20.13,0
REAL-FIELD-03506,E,KOMATSU_930E_AHS,1,30.6,3.84,147.31,0.98,0,6.2,0.15,0,17.33,17.28,0
REAL-FIELD-03507,A,CAT_797F_MANUAL,0,49.65,12.28,116.69,0.64,0.272,6.2,7.08,0,8.46,6.74,0
REAL-FIELD-03508,C,CAT_797F_MANUAL,0,16.32,13.98,11.43,0.305,0.284,8.7,6.33,0,2.52,-0.07,1
REAL-FIELD-03509,E,KOMATSU_930E_AHS,1,18.8,10.63,96.45,0.499,0,4.2,0.15,0,18.47,17.22,0
REAL-FIELD-03510,E,KOMATSU_930E_AHS,1,21.48,2.4,132.92,0.377,0,2.7,0.15,0,22.28,20.72,0
REAL-FIELD-03511,C,CAMIONETA_4x4,0,61.84,13.08,172.07,0.759,0.298,11,4.07,0,10.02,8.52,0
REAL-FIELD-03512,D,CAT_797F_MANUAL,0,13.79,5.95,57.13,0.259,0.152,1.8,2.05,0,14.91,12.6,0
REAL-FIELD-03513,C,CAT_797F_MANUAL,0,30.65,7.74,15.63,0.763,0.304,11.6,6.42,1,1.84,0.34,1
REAL-FIELD-03514,C,CAMIONETA_4x4,0,50.53,2.5,83.59,0.616,0.298,9.8,6.58,0,5.96,4.11,0
REAL-FIELD-03515,E,KOMATSU_930E_AHS,1,20.89,2.9,32.36,0.546,0,9.7,0.15,0,5.58,4.44,0
REAL-FIELD-03516,A,CAT_797F_MANUAL,0,34.83,11.01,118.43,0.794,0.153,4.3,3.21,0,12.24,11.27,0
REAL-FIELD-03517,E,KOMATSU_930E_AHS,1,31.84,2.71,105.12,0.382,0,2.8,0.15,0,11.89,10.34,0
REAL-FIELD-03518,E,KOMATSU_930E_AHS,1,35.89,8.9,16.64,0.6,0,8.7,0.15,3,1.67,0.67,1
REAL-FIELD-03519,A,CAT_797F_MANUAL,0,34.59,8.98,92.49,0.682,0.209,4.5,4.65,0,9.63,8.21,0
REAL-FIELD-03520,A,CAMIONETA_4x4,0,61.82,2.34,119.21,0.899,0.104,1.9,5.02,0,6.94,6.38,0
REAL-FIELD-03521,D,CAMIONETA_4x4,0,26.08,10.97,109.27,0.159,0.158,4.5,2.12,0,15.08,12.5,0
REAL-FIELD-03522,E,KOMATSU_930E_AHS,1,27.17,6.32,100.8,0.704,0,11.9,0.15,0,13.36,12.62,0
REAL-FIELD-03523,E,KOMATSU_930E_AHS,1,33.1,12.33,68.64,0.566,0,1.1,0.15,0,7.47,6.38,0
REAL-FIELD-03524,B,CAT_797F_MANUAL,0,22.9,11.88,5.3,0.649,0.173,2.2,2.56,2,0.83,-0.57,1
REAL-FIELD-03525,D,CAT_797F_MANUAL,0,25.16,9.98,121.52,0.243,0.146,6.3,3.97,0,17.39,15.06,0
REAL-FIELD-03526,B,PALA_PH_4100XPC,0,3.07,5.1,95.67,0.944,0.07,2.4,1.97,0,112.19,111.84,0
REAL-FIELD-03527,A,CAMIONETA_4x4,0,61.12,6.81,54.2,0.893,0.237,6.7,3.97,0,3.19,2.21,1
REAL-FIELD-03528,C,PALA_PH_4100XPC,0,2.7,6.52,122.49,0.976,0.3,10.4,4.66,0,163.32,162.36,0
REAL-FIELD-03529,E,KOMATSU_930E_AHS,1,35.51,3.95,185.87,0.953,0,0.8,0.15,0,18.84,18.72,0
REAL-FIELD-03530,C,CAMIONETA_4x4,0,29.72,11.59,47.9,0.589,0.305,8.8,6.03,0,5.8,3.86,1
REAL-FIELD-03531,C,CAT_797F_MANUAL,0,32.44,15.57,78.11,0.392,0.309,9.7,4.56,0,8.67,6.22,0
REAL-FIELD-03532,B,PALA_PH_4100XPC,0,3.14,12.02,58.8,0.884,0.148,5.5,3.74,0,67.41,66.68,0
REAL-FIELD-03533,E,KOMATSU_930E_AHS,1,37.3,4.42,179.69,0.991,0,1.2,0.15,0,17.34,17.32,0
REAL-FIELD-03534,D,CAT_797F_MANUAL,0,15.07,5.46,161.61,0.208,0.163,3,4.68,0,38.61,36.14,0
REAL-FIELD-03535,C,CAT_797F_MANUAL,0,46.51,8.28,29.41,0.423,0.293,9.5,5.74,3,2.28,-0.04,1
REAL-FIELD-03536,E,KOMATSU_930E_AHS,1,23.09,3.22,70.41,0.36,0,8,0.15,0,10.98,9.38,0
REAL-FIELD-03537,A,CAT_797F_MANUAL,0,28.99,15.25,49.34,0.751,0.227,6.8,6.36,0,6.13,4.83,0
REAL-FIELD-03538,E,KOMATSU_930E_AHS,1,23.91,9.13,171.76,0.276,0,5.7,0.15,0,25.86,24.05,0
REAL-FIELD-03539,C,PALA_PH_4100XPC,0,2.07,11.23,31.62,0.8,0.326,9.8,6.66,0,54.99,53.51,0
REAL-FIELD-03540,A,CAT_797F_MANUAL,0,26.93,12.94,184.14,0.478,0.165,4.8,5.09,0,24.62,22.82,0
REAL-FIELD-03541,A,CAMIONETA_4x4,0,50.61,13.67,116.19,0.72,0.2,7.6,3.86,0,8.26,6.96,0
REAL-FIELD-03542,A,CAMIONETA_4x4,0,42.78,7.02,107.65,0.581,0.076,0.8,4.35,0,9.06,7.78,0
REAL-FIELD-03543,E,KOMATSU_930E_AHS,1,20.59,2.9,9.53,0.656,0,11.3,0.15,2,1.67,0.81,1
REAL-FIELD-03544,B,PALA_PH_4100XPC,0,1.76,6.67,108.11,0.543,0.213,9.2,3.32,0,999,997.22,0
REAL-FIELD-03545,E,KOMATSU_930E_AHS,1,35.92,6.55,161.71,0.196,0,6.9,0.15,0,16.21,14.2,0
REAL-FIELD-03546,D,PALA_PH_4100XPC,0,0.44,5.43,63.51,0.337,0.159,3.9,3.27,0,999,996.87,0
REAL-FIELD-03547,B,CAT_797F_MANUAL,0,15.31,3.64,4.8,0.596,0.129,3.4,3.16,1,1.13,-0.27,1
REAL-FIELD-03548,C,CAT_797F_MANUAL,0,26.98,13.05,47,0.394,0.313,8.8,4.34,0,6.27,3.82,1
REAL-FIELD-03549,A,CAT_797F_MANUAL,0,19.09,2.42,119.17,0.746,0.23,5.6,6.3,0,22.47,21.14,0
REAL-FIELD-03550,A,CAT_797F_MANUAL,0,48.29,13.05,55.65,0.76,0.24,3.9,4.95,0,4.15,2.83,1
REAL-FIELD-03551,C,CAT_797F_MANUAL,0,21.37,8.11,89.11,0.344,0.35,11,4.71,0,15.01,12.32,0
REAL-FIELD-03552,B,PALA_PH_4100XPC,0,1.16,12.51,128.47,0.798,0.268,6.8,5.28,0,999,997.69,0
REAL-FIELD-03553,E,KOMATSU_930E_AHS,1,18.84,15.92,52.89,0.375,0,7.5,0.15,0,10.11,8.55,0
REAL-FIELD-03554,A,CAT_797F_MANUAL,0,37.71,6.09,126.4,0.92,0.187,4.6,5.82,0,12.07,11.31,0
REAL-FIELD-03555,D,CAT_797F_MANUAL,0,42.1,7.65,55.83,0.158,0.081,1,3.01,0,4.77,2.42,1
REAL-FIELD-03556,A,CAMIONETA_4x4,0,39.96,6.59,164.91,0.877,0.219,5.2,2.92,0,14.86,13.9,0
REAL-FIELD-03557,A,CAT_797F_MANUAL,0,42.53,3.86,53.28,0.861,0.217,8.3,5.58,0,4.51,3.51,1
REAL-FIELD-03558,D,CAT_797F_MANUAL,0,35.43,14.05,147.31,0.287,0.153,7.2,4.03,0,14.97,12.73,0
REAL-FIELD-03559,E,KOMATSU_930E_AHS,1,35.88,15.64,185.22,0.368,0,6.1,0.15,0,18.58,17,0
REAL-FIELD-03560,E,KOMATSU_930E_AHS,1,33.63,5.37,6.02,0.228,0,7.4,0.15,0,0.64,-1.29,1
REAL-FIELD-03561,E,KOMATSU_930E_AHS,1,33.01,15.65,190.54,0.35,0,6.7,0.15,0,20.78,19.16,0
REAL-FIELD-03562,B,CAT_797F_MANUAL,0,20.57,6.04,7.95,0.695,0.235,6.2,2.97,1,1.39,-0.08,1
REAL-FIELD-03563,E,KOMATSU_930E_AHS,1,23.27,7.2,77.12,0.853,0,3.1,0.15,0,11.93,11.56,0
REAL-FIELD-03564,A,CAMIONETA_4x4,0,41.6,12.23,155.01,0.684,0.139,3.6,1.99,0,13.41,12.2,0
REAL-FIELD-03565,C,PALA_PH_4100XPC,0,2.33,11.75,153.71,0.86,0.345,10.5,7.04,0,237.49,236.1,0
REAL-FIELD-03566,D,CAMIONETA_4x4,0,26.59,14.62,55.23,0.436,0.262,10.5,4.98,0,7.48,5.28,0
REAL-FIELD-03567,E,KOMATSU_930E_AHS,1,27.08,4.03,117.33,0.758,0,9.2,0.15,0,15.6,15,0
REAL-FIELD-03568,B,PALA_PH_4100XPC,0,0.84,3.51,38.11,0.821,0.181,6.7,4.05,0,999,998.01,0
REAL-FIELD-03569,D,CAMIONETA_4x4,0,56.79,14.24,53.24,0.325,0.162,1.2,5.65,0,3.37,1.2,1
REAL-FIELD-03570,D,CAT_797F_MANUAL,0,32.02,6.11,145.92,0.437,0.172,4.3,4.43,0,16.41,14.49,0
REAL-FIELD-03571,D,CAMIONETA_4x4,0,28.54,3.46,53.5,0.336,0.084,2.5,4.34,0,6.75,4.84,0
REAL-FIELD-03572,A,CAT_797F_MANUAL,0,14.6,14.07,95.3,0.733,0.178,8,3.67,0,23.5,22.3,0
REAL-FIELD-03573,E,KOMATSU_930E_AHS,1,27.81,3.87,15.3,0.49,0,1.3,0.15,0,1.98,0.7,1
REAL-FIELD-03574,A,CAT_797F_MANUAL,0,37.35,11.78,52.09,0.675,0.238,4,4.54,0,5.02,3.49,1
REAL-FIELD-03575,A,CAT_797F_MANUAL,0,39.44,9.77,58.79,0.742,0.269,5.5,4.06,0,5.37,3.92,1
REAL-FIELD-03576,D,PALA_PH_4100XPC,0,2.87,3.75,184.63,0.267,0.118,2.8,2.47,0,231.59,229.4,0
REAL-FIELD-03577,E,KOMATSU_930E_AHS,1,27.01,15.24,47.9,0.871,0,2.8,0.15,0,6.38,6.06,0
REAL-FIELD-03578,E,KOMATSU_930E_AHS,1,21.04,13.47,84.84,0.856,0,7.4,0.15,0,14.52,14.16,0
REAL-FIELD-03579,E,KOMATSU_930E_AHS,1,36.31,9.03,86.83,0.443,0,8,0.15,0,8.61,7.22,0
REAL-FIELD-03580,E,KOMATSU_930E_AHS,1,33.27,3.83,70.77,0.473,0,11,0.15,0,7.66,6.34,0
REAL-FIELD-03581,E,KOMATSU_930E_AHS,1,23.48,7.58,69.21,0.384,0,1.8,0.15,0,10.61,9.07,0
REAL-FIELD-03582,E,KOMATSU_930E_AHS,1,19.54,6.97,98.42,0.756,0,2.4,0.15,0,18.13,17.52,0
REAL-FIELD-03583,D,CAT_797F_MANUAL,0,39.63,9.93,40.13,0.403,0.185,5.1,3.41,0,3.65,1.6,1
REAL-FIELD-03584,E,KOMATSU_930E_AHS,1,25.84,11.75,158.6,0.332,0,8.4,0.15,0,22.1,20.43,0
REAL-FIELD-03585,E,KOMATSU_930E_AHS,1,27.66,12.16,107.18,0.206,0,2.7,0.15,0,13.95,11.96,0
REAL-FIELD-03586,A,CAT_797F_MANUAL,0,13.18,11.96,112.02,0.828,0.177,1.4,5.08,0,30.6,29.64,0
REAL-FIELD-03587,D,CAMIONETA_4x4,0,53.62,5.41,6.37,0.322,0.111,4.3,4.08,1,0.43,-1.6,1
REAL-FIELD-03588,E,KOMATSU_930E_AHS,1,32.55,14.36,24.67,0.414,0,2,0.15,2,2.73,1.26,1
REAL-FIELD-03589,D,CAT_797F_MANUAL,0,34.47,9.07,11.07,0.449,0.265,9.8,5.25,1,1.16,-1.01,1
REAL-FIELD-03590,A,CAT_797F_MANUAL,0,49.72,7.57,45.31,0.597,0.246,9.4,6.36,0,3.28,1.53,1
REAL-FIELD-03591,C,CAT_797F_MANUAL,0,37.79,10.63,170.07,0.665,0.297,11.9,5.27,0,16.2,14.47,0
REAL-FIELD-03592,C,CAT_797F_MANUAL,0,24.87,6.29,184.8,0.762,0.3,7.1,4.37,0,26.75,25.26,0
REAL-FIELD-03593,A,CAMIONETA_4x4,0,35.85,4.78,166.96,0.492,0.208,5.5,5.29,0,16.77,14.88,0
REAL-FIELD-03594,B,CAT_797F_MANUAL,0,40.37,10.42,21.07,0.896,0.111,3.3,2.06,0,1.88,1.29,1
REAL-FIELD-03595,E,KOMATSU_930E_AHS,1,37.69,14.58,186.07,0.367,0,11.8,0.15,0,17.77,16.19,0
REAL-FIELD-03596,E,KOMATSU_930E_AHS,1,30.95,14.61,140.55,0.233,0,3,0.15,0,16.35,14.43,0
REAL-FIELD-03597,D,CAT_797F_MANUAL,0,35.25,8.13,192.28,0.304,0.124,3.7,4.03,0,19.64,17.53,0
REAL-FIELD-03598,E,KOMATSU_930E_AHS,1,26.96,11.96,21.45,0.947,0,7.9,0.15,0,2.86,2.73,1
REAL-FIELD-03599,D,CAT_797F_MANUAL,0,23.4,10.03,162.62,0.267,0.1,2.7,2.54,0,25.02,22.89,0
REAL-FIELD-03600,E,KOMATSU_930E_AHS,1,19.96,5.55,133.34,0.405,0,8.4,0.15,0,24.05,22.56,0
REAL-FIELD-03601,A,CAT_797F_MANUAL,0,31.05,11.98,95,0.541,0.07,1.6,1.86,0,11.01,9.65,0
REAL-FIELD-03602,A,CAT_797F_MANUAL,0,38.46,15.46,185.47,0.609,0.084,3.4,2.43,0,17.36,16.13,0
REAL-FIELD-03603,D,PALA_PH_4100XPC,0,0.1,10.59,27.13,0.252,0.152,4.5,5.56,0,999,996.67,0
REAL-FIELD-03604,C,CAT_797F_MANUAL,0,47.59,6.94,163.46,0.914,0.315,11.2,7.41,0,12.37,11.21,0
REAL-FIELD-03605,A,CAMIONETA_4x4,0,35.71,15.26,192.73,0.671,0.211,6,5.51,0,19.43,17.97,0
REAL-FIELD-03606,C,CAT_797F_MANUAL,0,19.64,14.28,170,0.3,0.309,8,4.57,0,31.16,28.48,0
REAL-FIELD-03607,D,CAT_797F_MANUAL,0,23.26,5.2,16.71,0.297,0.279,7,3.99,0,2.59,0,1
REAL-FIELD-03608,E,KOMATSU_930E_AHS,1,26.72,4.26,151.59,0.421,0,2.8,0.15,0,20.42,18.97,0
REAL-FIELD-03609,B,PALA_PH_4100XPC,0,1.46,2.27,127.58,0.978,0.085,1.3,2.1,0,999,998.69,0
REAL-FIELD-03610,E,KOMATSU_930E_AHS,1,19.42,7.64,172.57,0.274,0,5.7,0.15,0,31.99,30.17,0
REAL-FIELD-03611,D,CAT_797F_MANUAL,0,41.76,7.18,191.05,0.241,0.229,6.5,5.58,0,16.47,13.89,0
REAL-FIELD-03612,E,KOMATSU_930E_AHS,1,33.37,6.44,81.58,0.807,0,2.4,0.15,0,8.8,8.32,0
REAL-FIELD-03613,A,CAT_797F_MANUAL,0,13.58,7.34,181.95,0.922,0.045,0.5,3,0,48.23,47.9,0
REAL-FIELD-03614,D,CAT_797F_MANUAL,0,49.94,15.61,37.29,0.189,0.153,1.7,2.03,0,2.69,0.2,1
REAL-FIELD-03615,B,PALA_PH_4100XPC,0,2.7,12.11,140.64,0.851,0.195,9,3.14,0,187.52,186.56,0
REAL-FIELD-03616,E,KOMATSU_930E_AHS,1,33.9,10.38,16.49,0.866,0,3.4,0.15,2,1.75,1.42,1
REAL-FIELD-03617,A,CAT_797F_MANUAL,0,15.99,3.4,99.1,0.736,0.274,5.8,3.82,0,22.31,20.83,0
REAL-FIELD-03618,C,CAT_797F_MANUAL,0,30.68,10.75,73.58,0.165,0.297,11.2,5.45,0,8.63,5.65,0
REAL-FIELD-03619,A,CAT_797F_MANUAL,0,31.85,15.99,125.12,0.738,0.092,1.1,2.81,0,14.14,13.21,0
REAL-FIELD-03620,B,CAMIONETA_4x4,0,32.95,5.73,24.52,0.492,0.137,0.9,5.5,0,2.68,1,1
REAL-FIELD-03621,E,KOMATSU_930E_AHS,1,35.75,15.17,4.55,0.299,0,4.1,0.15,3,0.46,-1.29,1
REAL-FIELD-03622,E,KOMATSU_930E_AHS,1,25.65,6.66,25,0.741,0,2.3,0.15,0,3.51,2.86,1
REAL-FIELD-03623,C,CAT_797F_MANUAL,0,15.98,2.75,63.78,0.364,0.306,8.5,4.54,0,14.37,11.86,0
REAL-FIELD-03624,C,PALA_PH_4100XPC,0,3.01,9.43,94.32,0.316,0.324,10.5,4.96,0,112.81,110.13,0
REAL-FIELD-03625,D,PALA_PH_4100XPC,0,2.87,11.96,118.14,0.183,0.216,6.7,6.03,0,148.19,145.5,0
REAL-FIELD-03626,B,CAT_797F_MANUAL,0,38.25,15.33,24.85,0.716,0.066,0.6,2.28,2,2.34,1.43,1
REAL-FIELD-03627,C,PALA_PH_4100XPC,0,1.19,15.77,69.74,0.707,0.314,11.6,6.21,0,999,997.33,0
REAL-FIELD-03628,C,CAT_797F_MANUAL,0,21.74,11.03,160.85,0.246,0.326,9.9,4.07,0,26.64,23.78,0
REAL-FIELD-03629,E,KOMATSU_930E_AHS,1,25.96,15.77,107.23,0.754,0,9.4,0.15,0,14.87,14.26,0
REAL-FIELD-03630,E,KOMATSU_930E_AHS,1,22.22,3.53,109.57,0.782,0,9.2,0.15,0,17.75,17.2,0
REAL-FIELD-03631,E,KOMATSU_930E_AHS,1,32.95,9.28,50.5,0.512,0,8.3,0.15,0,5.52,4.3,0
REAL-FIELD-03632,D,CAT_797F_MANUAL,0,28.96,6.5,92.14,0.203,0.196,9.1,4.04,0,11.45,8.87,0
REAL-FIELD-03633,A,CAT_797F_MANUAL,0,20.73,4.77,75.22,0.641,0.099,2,3.84,0,13.06,11.87,0
REAL-FIELD-03634,E,KOMATSU_930E_AHS,1,34.68,6.16,99.15,0.835,0,0.7,0.15,0,10.29,9.88,0
REAL-FIELD-03635,E,KOMATSU_930E_AHS,1,33.44,5.39,21.01,0.338,0,9.6,0.15,2,2.26,0.6,1
REAL-FIELD-03636,B,PALA_PH_4100XPC,0,1.58,7.67,85.78,0.784,0.223,4.9,2.9,0,999,997.79,0
REAL-FIELD-03637,A,CAT_797F_MANUAL,0,20.98,8.78,62.84,0.507,0.114,5,4.56,0,10.78,9.21,0
REAL-FIELD-03638,C,CAMIONETA_4x4,0,48.2,8.61,191.13,0.36,0.317,8.4,7.35,0,14.28,11.73,0
REAL-FIELD-03639,C,CAMIONETA_4x4,0,27.08,12.75,107.41,0.343,0.312,11.6,4.73,0,14.28,11.7,0
REAL-FIELD-03640,A,CAT_797F_MANUAL,0,47.13,8.91,155.56,0.979,0.117,2.1,5.25,0,11.88,11.48,0
REAL-FIELD-03641,D,PALA_PH_4100XPC,0,1.83,8.98,14.51,0.168,0.224,6.2,3.9,0,28.54,25.79,0
REAL-FIELD-03642,E,KOMATSU_930E_AHS,1,20.22,10.55,62.91,0.213,0,2.6,0.15,0,11.2,9.23,0
REAL-FIELD-03643,A,CAT_797F_MANUAL,0,28.78,8.79,110.2,0.737,0.19,7.6,5.66,0,13.78,12.55,0
REAL-FIELD-03644,A,CAT_797F_MANUAL,0,39,4.92,189.87,0.571,0.25,10.8,6.01,0,17.53,15.71,0
REAL-FIELD-03645,B,PALA_PH_4100XPC,0,0.89,10.07,32.91,0.821,0.202,2.6,6.11,0,999,997.95,0
REAL-FIELD-03646,C,CAT_797F_MANUAL,0,29.32,8.7,153.28,0.757,0.346,10.3,7.8,0,18.82,17.17,0
REAL-FIELD-03647,A,CAT_797F_MANUAL,0,40.05,8.2,71.65,0.567,0.255,7.1,4.16,0,6.44,4.59,0
REAL-FIELD-03648,E,KOMATSU_930E_AHS,1,30.82,3.83,69.5,0.841,0,6.3,0.15,0,8.12,7.72,0
REAL-FIELD-03649,D,CAT_797F_MANUAL,0,26.96,9.67,147.33,0.379,0.222,5,6.39,0,19.67,17.45,0
REAL-FIELD-03650,D,CAT_797F_MANUAL,0,44.82,9.69,114.41,0.306,0.1,3.2,3.16,0,9.19,7.16,0
REAL-FIELD-03651,A,CAT_797F_MANUAL,0,31.44,13.13,49.98,0.767,0.257,9.2,6.47,0,5.72,4.37,0
REAL-FIELD-03652,A,CAT_797F_MANUAL,0,22.06,9.38,59.94,0.601,0.069,2.2,3.36,0,9.78,8.58,0
REAL-FIELD-03653,C,CAT_797F_MANUAL,0,45.15,6.94,19.09,0.356,0.319,11.5,5.8,2,1.52,-1.05,1
REAL-FIELD-03654,A,CAT_797F_MANUAL,0,34,13.37,174.78,0.484,0.147,5.8,2.82,0,18.51,16.78,0
REAL-FIELD-03655,E,KOMATSU_930E_AHS,1,30.39,9.77,110.52,0.814,0,4.5,0.15,0,13.09,12.62,0
REAL-FIELD-03656,B,CAMIONETA_4x4,0,51.55,8.95,3.8,0.881,0.179,5.5,3.28,0,0.27,-0.56,1
REAL-FIELD-03657,D,CAT_797F_MANUAL,0,31.04,6.37,170.7,0.197,0.088,2.5,5.08,0,19.8,17.53,0
REAL-FIELD-03658,A,CAT_797F_MANUAL,0,12.95,7.4,82.11,0.893,0.09,0.9,4.89,0,22.83,22.29,0
REAL-FIELD-03659,C,CAT_797F_MANUAL,0,18.19,6.47,118.89,0.521,0.316,11.9,4.02,0,23.53,21.38,0
REAL-FIELD-03660,C,CAT_797F_MANUAL,0,17.47,9.62,89.94,0.646,0.288,8.2,7.2,0,18.53,16.78,0
REAL-FIELD-03661,D,CAT_797F_MANUAL,0,41.31,13.27,79.59,0.219,0.164,7.2,2.3,0,6.94,4.5,0
REAL-FIELD-03662,A,CAT_797F_MANUAL,0,38.42,6.03,105.79,0.487,0.235,11.2,5.5,0,9.91,7.92,0
REAL-FIELD-03663,D,CAT_797F_MANUAL,0,17.04,13.1,55.45,0.206,0.219,7.8,2.77,0,11.71,9.07,0
REAL-FIELD-03664,A,CAMIONETA_4x4,0,33.41,14.26,176.22,0.684,0.225,8.4,5.14,0,18.99,17.52,0
REAL-FIELD-03665,C,CAT_797F_MANUAL,0,28.36,6.52,22.48,0.347,0.349,11.5,5.94,1,2.85,0.17,1
REAL-FIELD-03666,A,CAT_797F_MANUAL,0,40.16,11.8,188.9,0.74,0.057,1.4,4.6,0,16.93,16.11,0
REAL-FIELD-03667,A,CAT_797F_MANUAL,0,29.12,14.26,99.38,0.906,0.185,5.7,5.49,0,12.29,11.5,0
REAL-FIELD-03668,E,KOMATSU_930E_AHS,1,35.2,11.84,35.19,0.499,0,8.5,0.15,0,3.6,2.35,1
REAL-FIELD-03669,C,CAT_797F_MANUAL,0,38.21,6.19,186.47,0.665,0.297,11.6,4.2,0,17.57,15.84,0
REAL-FIELD-03670,A,CAT_797F_MANUAL,0,23.59,4.72,152.22,0.506,0.209,7.7,2.6,0,23.23,21.37,0
REAL-FIELD-03671,E,KOMATSU_930E_AHS,1,33.94,13.69,144.67,0.465,0,10.7,0.15,0,15.35,14.01,0
REAL-FIELD-03672,B,PALA_PH_4100XPC,0,2.94,9.58,167.84,0.747,0.203,5.6,6.25,0,205.52,204.28,0
REAL-FIELD-03673,B,PALA_PH_4100XPC,0,3.65,14.18,101.84,0.479,0.133,0.6,4.74,0,100.44,98.74,0
REAL-FIELD-03674,E,KOMATSU_930E_AHS,1,20.25,8.34,29.39,0.242,0,7.1,0.15,1,5.22,3.32,1
REAL-FIELD-03675,D,CAT_797F_MANUAL,0,41.26,8.53,82.49,0.433,0.27,10.9,5.86,0,7.2,4.97,0
REAL-FIELD-03676,A,CAT_797F_MANUAL,0,29.65,15.54,110.37,0.51,0.224,9,6.68,0,13.4,11.5,0
REAL-FIELD-03677,E,KOMATSU_930E_AHS,1,26.25,9.27,56.56,0.928,0,10.8,0.15,0,7.76,7.58,0
REAL-FIELD-03678,D,CAT_797F_MANUAL,0,23.76,6.54,154.65,0.426,0.225,8.8,3.68,0,23.43,21.32,0
REAL-FIELD-03679,C,PALA_PH_4100XPC,0,0.61,7.9,86.27,0.856,0.372,11.2,4.68,0,999,997.52,0
REAL-FIELD-03680,E,KOMATSU_930E_AHS,1,35.59,10.09,41.94,0.313,0,11.1,0.15,0,4.24,2.52,1
REAL-FIELD-03681,A,CAT_797F_MANUAL,0,16.33,6.27,142.41,0.873,0.202,5.9,5.3,0,31.39,30.47,0
REAL-FIELD-03682,A,CAT_797F_MANUAL,0,13.18,4.63,29.36,0.597,0.076,2.3,3.4,2,8.02,6.78,0
REAL-FIELD-03683,C,CAT_797F_MANUAL,0,15.7,11.55,157.77,0.272,0.373,11.8,5.55,0,36.18,33.24,0
REAL-FIELD-03684,C,CAT_797F_MANUAL,0,32.17,13.43,124.6,0.749,0.286,8.7,4.65,0,13.94,12.45,0
REAL-FIELD-03685,C,CAT_797F_MANUAL,0,19.99,8.91,115.33,0.891,0.314,10,3.99,0,20.77,19.56,0
REAL-FIELD-03686,A,CAT_797F_MANUAL,0,26.83,5.5,134.46,0.495,0.207,10,2.82,0,18.04,16.16,0
REAL-FIELD-03687,D,CAT_797F_MANUAL,0,48.69,13.66,20.87,0.354,0.222,3.1,4,0,1.54,-0.74,1
REAL-FIELD-03688,E,KOMATSU_930E_AHS,1,27.29,15.46,170.06,0.499,0,4.3,0.15,0,22.43,21.18,0
REAL-FIELD-03689,E,KOMATSU_930E_AHS,1,26.64,4.87,172.3,0.901,0,1,0.15,0,23.28,23.03,0
REAL-FIELD-03690,C,CAMIONETA_4x4,0,53.13,9.68,70.95,0.656,0.293,8.7,6.37,0,4.81,3.07,1
REAL-FIELD-03691,A,CAT_797F_MANUAL,0,47.09,4.56,99.66,0.791,0.211,4.4,6.12,0,7.62,6.46,0
REAL-FIELD-03692,E,KOMATSU_930E_AHS,1,19.63,2.53,48.62,0.298,0,9.3,0.15,0,8.92,7.16,0
REAL-FIELD-03693,A,CAT_797F_MANUAL,0,25.66,12.9,42.43,0.737,0.158,1.2,3.12,0,5.95,4.82,0
REAL-FIELD-03694,D,CAT_797F_MANUAL,0,47.37,3.93,6.75,0.413,0.119,3.1,4.64,2,0.51,-1.31,1
REAL-FIELD-03695,D,CAT_797F_MANUAL,0,34.17,10.54,116.57,0.389,0.143,5.7,2.21,0,12.28,10.32,0
REAL-FIELD-03696,E,KOMATSU_930E_AHS,1,30,13.47,26.48,0.875,0,7.9,0.15,0,3.18,2.87,1
REAL-FIELD-03697,A,CAT_797F_MANUAL,0,26.79,4.65,113.08,0.48,0.138,0.8,5.73,0,15.2,13.49,0
REAL-FIELD-03698,A,CAMIONETA_4x4,0,52.45,5.53,73.45,0.775,0.113,0.9,4.01,0,5.04,4.14,0
REAL-FIELD-03699,B,CAMIONETA_4x4,0,41.61,9.31,7.46,0.652,0.175,2.3,2.56,1,0.65,-0.74,1
REAL-FIELD-03700,E,KOMATSU_930E_AHS,1,27.5,4.42,86.8,0.216,0,1.4,0.15,0,11.36,9.4,0
REAL-FIELD-03701,E,KOMATSU_930E_AHS,1,21.05,3.19,161.88,0.23,0,2.3,0.15,0,27.68,25.76,0
REAL-FIELD-03702,A,CAT_797F_MANUAL,0,30.73,9.37,120.9,0.706,0.219,10.6,3.02,0,14.16,12.77,0
REAL-FIELD-03703,B,CAT_797F_MANUAL,0,13.44,3.05,4.12,0.951,0.224,8.4,5.22,1,1.1,0.31,1
REAL-FIELD-03704,E,KOMATSU_930E_AHS,1,20.22,5.55,60.96,0.492,0,3,0.15,0,10.85,9.58,0
REAL-FIELD-03705,C,PALA_PH_4100XPC,0,2.06,11.03,36.2,0.895,0.294,7.2,6.15,0,63.26,62.12,0
REAL-FIELD-03706,E,KOMATSU_930E_AHS,1,32.39,4.53,8.59,0.572,0,11.7,0.15,3,0.95,-0.12,1
REAL-FIELD-03707,A,CAT_797F_MANUAL,0,21.27,11.7,113.76,0.49,0.139,2.4,3.45,0,19.25,17.56,0
REAL-FIELD-03708,C,PALA_PH_4100XPC,0,3.49,14.26,6.06,0.32,0.372,11.8,8.03,1,6.25,3.43,1
REAL-FIELD-03709,D,PALA_PH_4100XPC,0,0.56,5.23,165.34,0.324,0.213,9.8,4.22,0,999,996.67,0
REAL-FIELD-03710,E,KOMATSU_930E_AHS,1,22.46,9.08,60.35,0.255,0,4,0.15,0,9.67,7.81,0
REAL-FIELD-03711,E,KOMATSU_930E_AHS,1,33.17,2.87,4.88,0.67,0,9.9,0.15,0,0.53,-0.29,1
REAL-FIELD-03712,E,KOMATSU_930E_AHS,1,18.33,5.55,84.43,0.153,0,8.6,0.15,0,16.58,14.46,0
REAL-FIELD-03713,D,CAMIONETA_4x4,0,43.12,9.22,158.07,0.345,0.255,11.3,3.61,0,13.2,10.8,0
REAL-FIELD-03714,B,CAT_797F_MANUAL,0,36.58,4.72,10.36,0.903,0.134,6.2,4.48,3,1.02,0.38,1
REAL-FIELD-03715,E,KOMATSU_930E_AHS,1,33.01,9.97,88.17,0.526,0,11.1,0.15,0,9.62,8.43,0
REAL-FIELD-03716,D,CAMIONETA_4x4,0,37.9,5.81,97.15,0.326,0.201,1.9,4.21,0,9.23,6.94,0
REAL-FIELD-03717,A,CAT_797F_MANUAL,0,15.82,4.24,178.11,0.992,0.157,5.2,3.52,0,40.53,40.04,0
REAL-FIELD-03718,C,CAMIONETA_4x4,0,31.32,4.88,24.17,0.888,0.343,11.7,5.24,0,2.78,1.47,1
REAL-FIELD-03719,D,CAMIONETA_4x4,0,53.16,7.16,190.01,0.365,0.131,2.1,1.95,0,12.87,10.89,0
REAL-FIELD-03720,E,KOMATSU_930E_AHS,1,36.46,14.45,129.61,0.737,0,11.2,0.15,0,12.8,12.14,0
REAL-FIELD-03721,A,CAT_797F_MANUAL,0,37.46,12.76,161.96,0.818,0.111,4.3,4.29,0,15.56,14.77,0
REAL-FIELD-03722,A,CAMIONETA_4x4,0,48.1,3.13,157.42,0.493,0.13,3.3,2.01,0,11.78,10.12,0
REAL-FIELD-03723,D,CAMIONETA_4x4,0,48.3,15.23,132.43,0.357,0.201,4.9,4.28,0,9.87,7.66,0
REAL-FIELD-03724,A,CAMIONETA_4x4,0,61.59,11.49,171.48,0.487,0.19,6.1,5.19,0,10.02,8.17,0
REAL-FIELD-03725,D,CAT_797F_MANUAL,0,20.84,15.54,86.88,0.234,0.198,2,6.46,0,15.01,12.5,0
REAL-FIELD-03726,B,PALA_PH_4100XPC,0,1.18,14.22,147.56,0.918,0.233,5.6,3.79,0,999,998.1,0
REAL-FIELD-03727,B,PALA_PH_4100XPC,0,2.16,2.01,55.52,0.763,0.135,0.6,5.28,0,92.53,91.53,0
REAL-FIELD-03728,A,CAT_797F_MANUAL,0,24.43,14.42,159.27,0.706,0.11,2.7,3.14,0,23.47,22.4,0
REAL-FIELD-03729,C,CAT_797F_MANUAL,0,26.59,9.92,35.37,0.384,0.359,10.7,7.24,0,4.79,2.17,1
REAL-FIELD-03730,E,KOMATSU_930E_AHS,1,36.99,15.25,183.28,0.583,0,10.2,0.15,0,17.84,16.8,0
REAL-FIELD-03731,E,KOMATSU_930E_AHS,1,28.19,5.2,86.15,0.305,0,10.3,0.15,0,11,9.26,0
REAL-FIELD-03732,E,KOMATSU_930E_AHS,1,20.22,15.66,48.24,0.611,0,1.8,0.15,0,8.59,7.62,0
REAL-FIELD-03733,D,CAT_797F_MANUAL,0,41.34,5.46,25.49,0.44,0.146,6.7,3.91,2,2.22,0.38,1
REAL-FIELD-03734,A,CAMIONETA_4x4,0,46.44,15.51,157.94,0.649,0.166,3,5.25,0,12.24,10.86,0
REAL-FIELD-03735,A,CAT_797F_MANUAL,0,40.18,6.86,43.76,0.821,0.197,4.8,3.33,0,3.92,2.88,1
REAL-FIELD-03736,B,CAT_797F_MANUAL,0,27.88,14.61,23.84,0.497,0.193,4.3,3.09,1,3.08,1.24,1
REAL-FIELD-03737,E,KOMATSU_930E_AHS,1,29.08,10.51,79.94,0.939,0,0.7,0.15,0,9.9,9.75,0
REAL-FIELD-03738,A,CAT_797F_MANUAL,0,12.71,10.89,129.21,0.552,0.146,4.7,3.04,0,36.6,35.04,0
REAL-FIELD-03739,E,KOMATSU_930E_AHS,1,22.08,4.46,155.07,0.798,0,2.4,0.15,0,25.28,24.78,0
REAL-FIELD-03740,A,CAMIONETA_4x4,0,58.04,9.34,26.87,0.601,0.244,7.4,4.66,2,1.67,-0.06,1
REAL-FIELD-03741,A,CAMIONETA_4x4,0,55.41,6.29,79.87,0.722,0.065,1.1,3.78,0,5.19,4.3,0
REAL-FIELD-03742,C,PALA_PH_4100XPC,0,1.31,14.7,149.33,0.781,0.337,11.2,6.45,0,999,997.44,0
REAL-FIELD-03743,D,CAT_797F_MANUAL,0,35.95,10.44,41.73,0.279,0.264,10,4.52,0,4.18,1.59,1
REAL-FIELD-03744,A,CAT_797F_MANUAL,0,37.49,2.42,94.64,0.893,0.162,4.2,5.63,0,9.09,8.34,0
REAL-FIELD-03745,C,CAMIONETA_4x4,0,28.34,12.2,130.73,0.202,0.3,10.4,5.33,0,16.61,13.71,0
REAL-FIELD-03746,D,CAT_797F_MANUAL,0,31.69,15.81,85.94,0.369,0.094,3,3.82,0,9.76,7.9,0
REAL-FIELD-03747,A,CAT_797F_MANUAL,0,45.71,8.36,184.91,0.854,0.279,10.9,3.72,0,14.56,13.36,0
REAL-FIELD-03748,C,CAT_797F_MANUAL,0,48.55,4.88,3.41,0.167,0.29,8.3,5.36,0,0.25,-2.7,1
REAL-FIELD-03749,D,CAT_797F_MANUAL,0,44.79,11.17,41.26,0.211,0.195,7.2,2.58,0,3.32,0.76,1
REAL-FIELD-03750,A,CAT_797F_MANUAL,0,18.2,10.87,162.89,0.971,0.195,1.5,4.63,0,32.22,31.56,0
REAL-FIELD-03751,E,KOMATSU_930E_AHS,1,20,15.82,168.36,0.555,0,1.1,0.15,0,30.3,29.19,0
REAL-FIELD-03752,D,CAMIONETA_4x4,0,51.32,10.69,55.05,0.234,0.258,8.1,4.83,0,3.86,1.17,1
REAL-FIELD-03753,D,CAT_797F_MANUAL,0,39.91,8.95,106.29,0.343,0.173,4.5,3.8,0,9.59,7.43,0
REAL-FIELD-03754,C,CAT_797F_MANUAL,0,23.54,4.36,178.7,0.729,0.301,9.1,4.58,0,27.33,25.75,0
REAL-FIELD-03755,E,KOMATSU_930E_AHS,1,35.5,5.08,90.03,0.647,0,7.2,0.15,0,9.13,8.25,0
REAL-FIELD-03756,C,PALA_PH_4100XPC,0,2.48,7.84,189.61,0.884,0.32,11.6,6.89,0,275.24,273.99,0
REAL-FIELD-03757,E,KOMATSU_930E_AHS,1,30.54,8.12,137.81,0.833,0,10.8,0.15,0,16.24,15.82,0
REAL-FIELD-03758,D,CAT_797F_MANUAL,0,28.03,14.04,123.75,0.211,0.157,1,4.8,0,15.89,13.45,0
REAL-FIELD-03759,B,PALA_PH_4100XPC,0,2.21,7.14,51.49,0.942,0.23,4.6,3.69,0,83.88,83.04,0
REAL-FIELD-03760,E,KOMATSU_930E_AHS,1,20.75,13.92,150.9,0.947,0,10.6,0.15,0,26.18,26.05,0
REAL-FIELD-03761,A,CAT_797F_MANUAL,0,21.29,8.82,99.83,0.84,0.26,6.4,5.27,0,16.88,15.7,0
REAL-FIELD-03762,E,KOMATSU_930E_AHS,1,37.44,15.17,166.86,0.933,0,0.6,0.15,0,16.04,15.87,0
REAL-FIELD-03763,A,CAT_797F_MANUAL,0,34.21,7.4,106.16,0.823,0.191,1.8,5.87,0,11.17,10.15,0
REAL-FIELD-03764,E,KOMATSU_930E_AHS,1,30.16,2.43,46.09,0.963,0,3.5,0.15,0,5.5,5.41,0
REAL-FIELD-03765,B,CAT_797F_MANUAL,0,23.4,14.01,7.81,0.967,0.172,5.9,4.68,2,1.2,0.6,1
REAL-FIELD-03766,D,CAT_797F_MANUAL,0,22.49,14.1,33.47,0.204,0.159,5,2.37,0,5.36,2.89,1
REAL-FIELD-03767,E,KOMATSU_930E_AHS,1,34.6,4.92,165.26,0.789,0,4,0.15,0,17.19,16.66,0
REAL-FIELD-03768,C,CAMIONETA_4x4,0,56.34,15.43,52.62,0.685,0.286,10.6,5.7,0,3.36,1.71,1
REAL-FIELD-03769,E,KOMATSU_930E_AHS,1,29.16,6.93,38.62,0.247,0,11,0.15,0,4.77,2.89,1
REAL-FIELD-03770,A,CAMIONETA_4x4,0,42.26,12.02,78.92,0.521,0.25,10,5.06,0,6.72,4.77,0
REAL-FIELD-03771,C,CAT_797F_MANUAL,0,40.78,13.22,44.87,0.399,0.352,11.6,4.52,0,3.96,1.4,1
REAL-FIELD-03772,D,CAT_797F_MANUAL,0,24.73,9.68,107.46,0.183,0.135,2.1,1.99,0,15.64,13.19,0
REAL-FIELD-03773,A,CAMIONETA_4x4,0,35.23,3.18,125.47,0.761,0.215,4,6.16,0,12.82,11.58,0
REAL-FIELD-03774,D,CAT_797F_MANUAL,0,27.17,4.35,188.9,0.247,0.262,9.8,6.83,0,25.03,22.36,0
REAL-FIELD-03775,A,CAMIONETA_4x4,0,42.91,10.06,41.44,0.54,0.203,5.2,4.6,0,3.48,1.72,1
REAL-FIELD-03776,B,PALA_PH_4100XPC,0,1.72,9.07,6.33,0.693,0.28,7,6.36,0,999,997.39,0
REAL-FIELD-03777,E,KOMATSU_930E_AHS,1,26.27,4.34,143.44,0.718,0,9.7,0.15,0,19.66,18.95,0
REAL-FIELD-03778,C,CAMIONETA_4x4,0,61.08,14.96,181.52,0.91,0.318,9.6,3.73,0,10.7,9.52,0
REAL-FIELD-03779,A,CAT_797F_MANUAL,0,46.84,10.68,108.31,0.632,0.192,6.9,4.72,0,8.32,6.82,0
REAL-FIELD-03780,E,KOMATSU_930E_AHS,1,31.67,9.94,165.15,0.395,0,9.7,0.15,0,18.77,17.26,0
REAL-FIELD-03781,B,PALA_PH_4100XPC,0,0.95,12.03,102.21,0.492,0.101,0.9,3.09,0,999,997.43,0
REAL-FIELD-03782,A,CAT_797F_MANUAL,0,19.2,6.58,131.15,0.689,0.162,3.4,4,0,24.59,23.33,0
REAL-FIELD-03783,E,KOMATSU_930E_AHS,1,32.44,15.65,82.59,0.372,0,1.7,0.15,0,9.17,7.6,0
REAL-FIELD-03784,A,CAT_797F_MANUAL,0,12.38,6.34,41.8,0.695,0.177,1.7,4.2,0,12.16,10.87,0
REAL-FIELD-03785,D,CAT_797F_MANUAL,0,42.97,9.13,29.74,0.285,0.207,8.4,4.06,3,2.49,0.08,1
REAL-FIELD-03786,E,KOMATSU_930E_AHS,1,34.97,11.32,84.8,0.343,0,10.8,0.15,0,8.73,7.09,0
REAL-FIELD-03787,C,CAMIONETA_4x4,0,27,2.57,23.51,0.993,0.339,10.2,7.37,3,3.13,2.1,1
REAL-FIELD-03788,A,CAT_797F_MANUAL,0,38.85,4.97,40.74,0.483,0.181,4.2,5.38,0,3.78,1.94,1
REAL-FIELD-03789,D,CAT_797F_MANUAL,0,31.46,4.32,96.65,0.23,0.244,10.2,4.22,0,11.06,8.4,0
REAL-FIELD-03790,A,CAT_797F_MANUAL,0,19.28,13.74,81.35,0.52,0.271,7.3,4.88,0,15.19,13.18,0
REAL-FIELD-03791,A,CAT_797F_MANUAL,0,34.35,2.94,141.32,0.568,0.239,4.3,5.45,0,14.81,13.01,0
REAL-FIELD-03792,E,KOMATSU_930E_AHS,1,27.39,8.58,101.15,0.286,0,2.7,0.15,0,13.29,11.5,0
REAL-FIELD-03793,C,CAT_797F_MANUAL,0,21.72,6.05,173.63,0.501,0.289,8.7,5.13,0,28.78,26.67,0
REAL-FIELD-03794,A,CAMIONETA_4x4,0,32.4,14.06,130.75,0.588,0.179,8.4,2.8,0,14.53,12.96,0
REAL-FIELD-03795,A,CAT_797F_MANUAL,0,35.91,14.93,154.08,0.933,0.236,9.7,6.19,0,15.45,14.57,0
REAL-FIELD-03796,A,CAT_797F_MANUAL,0,38.26,10.06,102.76,0.909,0.218,7.7,5.6,0,9.67,8.79,0
REAL-FIELD-03797,D,CAT_797F_MANUAL,0,17.22,13.19,113.76,0.255,0.169,6.7,2.46,0,23.78,21.41,0
REAL-FIELD-03798,E,KOMATSU_930E_AHS,1,34.87,10.81,168.76,0.886,0,9.9,0.15,0,17.42,17.14,0
REAL-FIELD-03799,C,PALA_PH_4100XPC,0,1,10.54,92.67,0.332,0.296,10.2,4.92,0,999,996.44,0
REAL-FIELD-03800,A,CAT_797F_MANUAL,0,34.37,15.98,89.95,0.679,0.202,8.8,3.33,0,9.42,8.01,0
REAL-FIELD-03801,E,KOMATSU_930E_AHS,1,24.68,13.46,28.07,0.586,0,4.8,0.15,0,4.09,3.06,1
REAL-FIELD-03802,E,KOMATSU_930E_AHS,1,18.1,12.05,89.18,0.877,0,1.7,0.15,0,17.74,17.43,0
REAL-FIELD-03803,A,CAT_797F_MANUAL,0,18.61,7.39,186.37,0.538,0.263,10.6,6.79,0,36.05,34.11,0
REAL-FIELD-03804,E,KOMATSU_930E_AHS,1,26.2,9.49,29,0.826,0,10.5,0.15,2,3.98,3.54,1
REAL-FIELD-03805,E,KOMATSU_930E_AHS,1,36.3,8.35,179.41,0.565,0,4,0.15,0,17.79,16.7,0
REAL-FIELD-03806,A,CAT_797F_MANUAL,0,14.03,12.28,61.25,0.519,0.131,4.7,3.68,0,15.72,14.12,0
REAL-FIELD-03807,E,KOMATSU_930E_AHS,1,25.74,12.32,52.26,0.315,0,5.3,0.15,0,7.31,5.6,0
REAL-FIELD-03808,E,KOMATSU_930E_AHS,1,27.85,4.31,163.17,0.842,0,3.8,0.15,0,21.09,20.7,0
REAL-FIELD-03809,A,CAT_797F_MANUAL,0,47.1,5.98,192.06,0.76,0.239,6.4,6.34,0,14.68,13.36,0
REAL-FIELD-03810,C,CAT_797F_MANUAL,0,42.52,16,179.2,0.675,0.324,9.4,5.07,0,15.17,13.39,0
REAL-FIELD-03811,C,CAT_797F_MANUAL,0,17.71,8.22,185.87,0.789,0.368,11.5,4.77,0,37.78,36.15,0
REAL-FIELD-03812,A,CAT_797F_MANUAL,0,32.36,11.41,154.2,0.975,0.178,2.5,4.72,0,17.15,16.55,0
REAL-FIELD-03813,A,CAT_797F_MANUAL,0,19.62,4.54,73.61,0.804,0.273,9,6.92,0,13.51,12.2,0
REAL-FIELD-03814,E,KOMATSU_930E_AHS,1,24.01,3.79,134.71,0.479,0,9.8,0.15,0,20.2,18.9,0
REAL-FIELD-03815,E,KOMATSU_930E_AHS,1,26.36,9.51,56.58,0.373,0,0.7,0.15,0,7.73,6.16,0
REAL-FIELD-03816,D,CAT_797F_MANUAL,0,44.36,9.5,34.65,0.158,0.148,2.1,2.71,0,2.81,0.26,1
REAL-FIELD-03817,D,PALA_PH_4100XPC,0,3.52,14.48,34.59,0.196,0.234,5,4.51,0,35.38,32.67,0
REAL-FIELD-03818,E,KOMATSU_930E_AHS,1,28.14,9.87,96.34,0.627,0,6.5,0.15,0,12.32,11.39,0
REAL-FIELD-03819,C,CAT_797F_MANUAL,0,29.16,13.57,44.91,0.796,0.288,7.3,4.4,0,5.54,4.17,0
REAL-FIELD-03820,D,CAT_797F_MANUAL,0,38.19,14.76,142.58,0.33,0.184,3.5,2.4,0,13.44,11.21,0
REAL-FIELD-03821,D,CAT_797F_MANUAL,0,36.06,4.02,80.39,0.221,0.261,9.8,6.96,0,8.03,5.3,0
REAL-FIELD-03822,E,KOMATSU_930E_AHS,1,37.96,15.96,45.68,0.85,0,0.8,0.15,0,4.33,3.96,1
REAL-FIELD-03823,B,PALA_PH_4100XPC,0,3.08,8.35,169.62,0.639,0.099,1.5,4.65,0,198.26,197.06,0
REAL-FIELD-03824,A,CAT_797F_MANUAL,0,12.2,6.03,114.29,0.678,0.11,2.8,2.88,0,33.72,32.58,0
REAL-FIELD-03825,D,CAT_797F_MANUAL,0,32.9,12.53,113.03,0.273,0.277,11.2,3.89,0,12.37,9.72,0
REAL-FIELD-03826,E,KOMATSU_930E_AHS,1,27.42,2.6,167.32,0.644,0,9.3,0.15,0,21.97,21.08,0
REAL-FIELD-03827,E,KOMATSU_930E_AHS,1,31.39,8.02,46.75,0.974,0,2.1,0.15,0,5.36,5.3,0
REAL-FIELD-03828,A,CAT_797F_MANUAL,0,24.74,11.63,113.39,0.723,0.189,7.1,2.95,0,16.5,15.24,0
REAL-FIELD-03829,A,CAT_797F_MANUAL,0,30.9,4.58,42.25,0.75,0.22,4.2,4.49,0,4.92,3.64,1
REAL-FIELD-03830,E,KOMATSU_930E_AHS,1,22.89,14.38,153.36,0.51,0,3.9,0.15,0,24.12,22.9,0
REAL-FIELD-03831,E,KOMATSU_930E_AHS,1,20.09,2.58,93.35,0.327,0,7.6,0.15,0,16.73,15.05,0
REAL-FIELD-03832,E,KOMATSU_930E_AHS,1,30.36,4.18,77.29,0.348,0,1.8,0.15,0,9.16,7.53,0
REAL-FIELD-03833,A,CAT_797F_MANUAL,0,44,14.08,35.51,0.919,0.251,7.1,3.84,0,2.91,1.95,1
REAL-FIELD-03834,D,CAT_797F_MANUAL,0,47.75,6.01,161.83,0.285,0.225,3.5,3.34,0,12.2,9.74,0
REAL-FIELD-03835,C,CAT_797F_MANUAL,0,19.05,6.85,36.76,0.76,0.371,11.8,6.54,0,6.95,5.24,0
REAL-FIELD-03836,E,KOMATSU_930E_AHS,1,21.98,7.09,125.35,0.768,0,6.3,0.15,0,20.53,19.95,0
REAL-FIELD-03837,C,CAT_797F_MANUAL,0,42.14,15.63,115.42,0.39,0.324,11.8,4.95,0,9.86,7.36,0
REAL-FIELD-03838,D,CAT_797F_MANUAL,0,23.82,3.68,43.86,0.376,0.256,6.2,3.88,0,6.63,4.3,0
REAL-FIELD-03839,A,CAT_797F_MANUAL,0,48.04,11.4,53.45,0.508,0.241,11.7,3.13,0,4.01,2.06,1
REAL-FIELD-03840,A,CAT_797F_MANUAL,0,14.17,15.24,56.12,0.687,0.209,8.6,2.7,0,14.26,12.85,0
REAL-FIELD-03841,E,KOMATSU_930E_AHS,1,28.65,10.39,96.74,0.883,0,7,0.15,0,12.16,11.87,0
REAL-FIELD-03842,A,CAMIONETA_4x4,0,61.6,9.87,173.14,0.868,0.045,0.9,2.96,0,10.12,9.65,0
REAL-FIELD-03843,B,PALA_PH_4100XPC,0,1.6,12.71,66.48,0.9,0.263,5.3,4.98,0,999,997.96,0
REAL-FIELD-03844,D,CAT_797F_MANUAL,0,26.14,12.48,177.37,0.315,0.082,3.1,2.54,0,24.43,22.47,0
REAL-FIELD-03845,E,KOMATSU_930E_AHS,1,30.7,3.43,20.61,0.773,0,8.9,0.15,0,2.42,1.85,1
REAL-FIELD-03846,A,CAT_797F_MANUAL,0,25.03,12.5,187.47,0.752,0.257,8.6,3.57,0,26.96,25.57,0
REAL-FIELD-03847,A,CAT_797F_MANUAL,0,49.92,14.53,67.92,0.614,0.182,6.4,5.61,0,4.9,3.39,1
REAL-FIELD-03848,C,PALA_PH_4100XPC,0,0.22,2.28,88.89,0.343,0.329,9.1,5.28,0,999,996.37,0
REAL-FIELD-03849,C,PALA_PH_4100XPC,0,3.72,5.61,45.85,0.329,0.37,11.2,7.27,0,44.37,41.58,0
REAL-FIELD-03850,D,CAMIONETA_4x4,0,44.01,8.16,191.34,0.262,0.162,5.6,5.15,0,15.65,13.32,0
REAL-FIELD-03851,E,KOMATSU_930E_AHS,1,22.95,12.34,177.77,0.404,0,10.7,0.15,0,27.89,26.4,0
REAL-FIELD-03852,E,KOMATSU_930E_AHS,1,33.8,7.22,157.29,0.412,0,0.9,0.15,0,16.75,15.28,0
REAL-FIELD-03853,B,PALA_PH_4100XPC,0,1.12,11.4,113.14,0.488,0.141,4.8,5.02,0,999,997.3,0
REAL-FIELD-03854,E,KOMATSU_930E_AHS,1,24,14.8,17.59,0.178,0,2,0.15,1,2.64,0.58,1
REAL-FIELD-03855,A,CAT_797F_MANUAL,0,23.63,11.67,69.27,0.822,0.219,3.5,6.61,0,10.55,9.45,0
REAL-FIELD-03856,A,CAT_797F_MANUAL,0,12.95,3.03,167.84,0.527,0.256,5.9,4.65,0,46.66,44.71,0
REAL-FIELD-03857,E,KOMATSU_930E_AHS,1,36.55,2.78,136.19,0.854,0,10.4,0.15,0,13.41,13.04,0
REAL-FIELD-03858,E,KOMATSU_930E_AHS,1,33.09,5.16,95.21,0.416,0,3.4,0.15,0,10.36,8.9,0
REAL-FIELD-03859,A,CAT_797F_MANUAL,0,37.15,14.42,35.77,0.596,0.23,5.6,3.07,0,3.47,1.77,1
REAL-FIELD-03860,A,CAT_797F_MANUAL,0,48.47,5.45,88.71,0.476,0.262,8.5,4.61,0,6.59,4.49,0
REAL-FIELD-03861,A,CAT_797F_MANUAL,0,25.36,6.7,188.73,0.53,0.205,6.4,2.97,0,26.79,25,0
REAL-FIELD-03862,A,CAT_797F_MANUAL,0,37.03,5.05,43.6,0.756,0.246,11.3,4.18,0,4.24,2.89,1
REAL-FIELD-03863,D,CAMIONETA_4x4,0,49.43,11.05,68.45,0.267,0.271,10.9,3.22,0,4.99,2.34,1
REAL-FIELD-03864,B,PALA_PH_4100XPC,0,3.15,5.88,129.26,0.729,0.205,7.5,3.1,0,147.73,146.44,0
REAL-FIELD-03865,D,CAT_797F_MANUAL,0,20.38,8.31,169.02,0.277,0.222,4.4,5.99,0,29.86,27.39,0
REAL-FIELD-03866,D,CAT_797F_MANUAL,0,41.69,3.42,167.52,0.34,0.189,6.3,3.13,0,14.47,12.25,0
REAL-FIELD-03867,D,PALA_PH_4100XPC,0,3.76,9.02,143.75,0.189,0.112,3.1,3.23,0,137.63,135.27,0
REAL-FIELD-03868,D,CAT_797F_MANUAL,0,24.66,5.15,128.51,0.353,0.26,9.6,4.97,0,18.76,16.36,0
REAL-FIELD-03869,A,CAT_797F_MANUAL,0,15.08,14.97,96.51,0.562,0.106,3.4,4.02,0,23.04,21.63,0
REAL-FIELD-03870,B,PALA_PH_4100XPC,0,3.32,3.89,70.81,0.83,0.247,6,3.97,0,76.78,75.61,0
REAL-FIELD-03871,E,KOMATSU_930E_AHS,1,19.83,13.59,143.52,0.237,0,7.1,0.15,0,26.06,24.15,0
REAL-FIELD-03872,B,CAT_797F_MANUAL,0,14.22,15.8,12.1,0.885,0.218,9.9,3.27,2,3.06,2.12,1
REAL-FIELD-03873,C,CAT_797F_MANUAL,0,36.11,9.34,29.96,0.639,0.316,10.4,6.01,0,2.99,1.14,1
REAL-FIELD-03874,B,CAMIONETA_4x4,0,59.39,5.01,20.82,0.896,0.235,7.4,5.07,0,1.26,0.3,1
REAL-FIELD-03875,C,CAT_797F_MANUAL,0,17.61,15.44,133.24,0.46,0.339,9.3,7.36,0,27.24,24.87,0
REAL-FIELD-03876,E,KOMATSU_930E_AHS,1,26.75,7.38,67.51,0.578,0,8.4,0.15,0,9.09,8.04,0
REAL-FIELD-03877,A,CAT_797F_MANUAL,0,39.12,2.01,34.42,0.96,0.264,7.8,5.43,0,3.17,2.28,1
REAL-FIELD-03878,C,CAT_797F_MANUAL,0,21.16,15.36,43.84,0.721,0.359,10.6,4.52,0,7.46,5.69,0
REAL-FIELD-03879,E,KOMATSU_930E_AHS,1,24.67,5.67,28.66,0.931,0,5.4,0.15,3,4.18,4.01,0
REAL-FIELD-03880,A,CAT_797F_MANUAL,0,40.87,4.13,137.45,0.452,0.115,3.5,3.43,0,12.11,10.39,0
REAL-FIELD-03881,A,CAT_797F_MANUAL,0,20.21,15.47,75.23,0.895,0.208,5.5,6.25,0,13.4,12.51,0
REAL-FIELD-03882,A,CAT_797F_MANUAL,0,36.92,12.58,139.57,0.771,0.074,2.2,1.7,0,13.61,12.82,0
REAL-FIELD-03883,D,CAMIONETA_4x4,0,40.12,15.9,12.62,0.216,0.222,4.7,6.01,1,1.13,-1.5,1
REAL-FIELD-03884,D,CAMIONETA_4x4,0,32.33,8.8,186.75,0.334,0.062,2,3.16,0,20.79,18.94,0
REAL-FIELD-03885,D,PALA_PH_4100XPC,0,1.82,14.79,114.05,0.347,0.144,0.6,3.32,0,225.59,223.53,0
REAL-FIELD-03886,B,PALA_PH_4100XPC,0,1.05,11.43,144.13,0.949,0.155,1.9,2.2,0,999,998.41,0
REAL-FIELD-03887,B,PALA_PH_4100XPC,0,3.83,5.78,31.86,0.463,0.1,0.7,2.06,0,29.95,28.31,0
REAL-FIELD-03888,A,CAT_797F_MANUAL,0,32.79,9.6,76.34,0.516,0.165,4.3,4.66,0,8.38,6.68,0
REAL-FIELD-03889,E,KOMATSU_930E_AHS,1,22.44,6.45,124.2,0.321,0,4.2,0.15,0,19.93,18.23,0
REAL-FIELD-03890,A,CAT_797F_MANUAL,0,49.45,6.14,141.96,0.604,0.158,6.3,4.12,0,10.33,8.87,0
REAL-FIELD-03891,D,CAT_797F_MANUAL,0,41.42,9.37,88.11,0.288,0.213,3.5,6.18,0,7.66,5.24,0
REAL-FIELD-03892,A,CAT_797F_MANUAL,0,43.04,2.13,150.04,0.538,0.244,8.4,4.42,0,12.55,10.66,0
REAL-FIELD-03893,C,CAMIONETA_4x4,0,44.06,13.53,11.98,0.203,0.302,8.8,3.63,0,0.98,-1.92,1
REAL-FIELD-03894,E,KOMATSU_930E_AHS,1,33.81,5.98,165.66,0.691,0,6,0.15,0,17.64,16.87,0
REAL-FIELD-03895,C,CAMIONETA_4x4,0,62.63,10.66,32.83,0.803,0.358,10.4,4.76,0,1.89,0.32,1
REAL-FIELD-03896,B,CAT_797F_MANUAL,0,41.16,13.11,18.4,0.576,0.225,7.7,6.2,2,1.61,-0.12,1
REAL-FIELD-03897,D,CAMIONETA_4x4,0,56.04,2.46,132.8,0.237,0.223,5.6,6.61,0,8.53,5.95,0
REAL-FIELD-03898,E,KOMATSU_930E_AHS,1,30.23,11.48,91.96,0.638,0,0.9,0.15,0,10.95,10.04,0
REAL-FIELD-03899,E,KOMATSU_930E_AHS,1,24.73,2.99,151.89,0.862,0,6.6,0.15,0,22.11,21.76,0
REAL-FIELD-03900,E,KOMATSU_930E_AHS,1,28.19,15.04,65.96,0.697,0,3.7,0.15,0,8.42,7.66,0
REAL-FIELD-03901,A,CAT_797F_MANUAL,0,36.21,6.23,79.01,0.498,0.207,7.7,5.62,0,7.86,5.98,0
REAL-FIELD-03902,A,CAMIONETA_4x4,0,56.17,8.27,51.65,0.905,0.139,2.5,5.08,0,3.31,2.66,1
REAL-FIELD-03903,D,CAT_797F_MANUAL,0,26.13,8.9,138.37,0.314,0.277,9.3,3.93,0,19.06,16.51,0
REAL-FIELD-03904,E,KOMATSU_930E_AHS,1,30.87,2.35,184.53,0.851,0,5.3,0.15,0,21.52,21.15,0
REAL-FIELD-03905,D,CAMIONETA_4x4,0,51.64,2.56,159.19,0.301,0.137,0.9,2.26,0,11.1,8.94,0
REAL-FIELD-03906,C,CAT_797F_MANUAL,0,14.06,4.24,157.09,0.236,0.307,8.4,6.83,0,40.22,37.39,0
REAL-FIELD-03907,D,CAMIONETA_4x4,0,50.29,2.59,173.85,0.276,0.272,6.9,6.94,0,12.45,9.82,0
REAL-FIELD-03908,A,CAT_797F_MANUAL,0,31.23,2.84,29.11,0.866,0.28,9.3,4.71,0,3.36,2.18,1
REAL-FIELD-03909,E,KOMATSU_930E_AHS,1,36.7,12.45,44.02,0.206,0,11.9,0.15,0,4.32,2.34,1
REAL-FIELD-03910,E,KOMATSU_930E_AHS,1,20.56,5.69,35.32,0.523,0,6.9,0.15,0,6.18,4.99,0
REAL-FIELD-03911,A,CAT_797F_MANUAL,0,37.14,14.51,55.41,0.782,0.241,9.1,6.56,0,5.37,4.1,0
REAL-FIELD-03912,C,CAMIONETA_4x4,0,35.24,6.56,166.93,0.243,0.286,9,7.26,0,17.05,14.3,0
REAL-FIELD-03913,E,KOMATSU_930E_AHS,1,23.12,8.1,89.6,0.836,0,10.5,0.15,0,13.95,13.54,0
REAL-FIELD-03914,E,KOMATSU_930E_AHS,1,32.97,3.99,116.7,0.855,0,8.2,0.15,0,12.74,12.38,0
REAL-FIELD-03915,E,KOMATSU_930E_AHS,1,33.43,14.39,76.99,0.49,0,4.8,0.15,0,8.29,7.01,0
REAL-FIELD-03916,D,PALA_PH_4100XPC,0,3.38,4.32,166.7,0.234,0.069,0.7,2.95,0,177.55,175.43,0
REAL-FIELD-03917,D,CAT_797F_MANUAL,0,21.2,10.53,170.93,0.24,0.147,4.3,3.87,0,29.03,26.69,0
REAL-FIELD-03918,E,KOMATSU_930E_AHS,1,18.14,12.28,189.78,0.783,0,6.4,0.15,0,37.66,37.12,0
REAL-FIELD-03919,A,CAT_797F_MANUAL,0,17.52,3.87,30.6,0.931,0.222,8.4,3.34,0,6.29,5.45,0
REAL-FIELD-03920,C,CAT_797F_MANUAL,0,47.58,8.49,142.01,0.175,0.325,10,6.43,0,10.74,7.7,0
REAL-FIELD-03921,A,CAT_797F_MANUAL,0,27.87,5.03,72.88,0.88,0.123,4.5,2.76,0,9.41,8.74,0
REAL-FIELD-03922,E,KOMATSU_930E_AHS,1,27.95,6.88,25.25,0.299,0,10.6,0.15,0,3.25,1.5,1
REAL-FIELD-03923,E,KOMATSU_930E_AHS,1,30.66,4.74,149.82,0.167,0,8.9,0.15,0,17.59,15.51,0
REAL-FIELD-03924,C,CAMIONETA_4x4,0,28.75,9.72,25.43,0.88,0.312,10.4,5.3,1,3.18,1.94,1
REAL-FIELD-03925,E,KOMATSU_930E_AHS,1,31.3,14.96,164.44,0.419,0,9.3,0.15,0,18.91,17.46,0
REAL-FIELD-03926,B,CAT_797F_MANUAL,0,36.74,12.14,4.1,0.894,0.23,8,4.16,3,0.4,-0.55,1
REAL-FIELD-03927,E,KOMATSU_930E_AHS,1,23.63,2.66,21.77,0.859,0,1.1,0.15,0,3.32,2.97,1
REAL-FIELD-03928,C,CAMIONETA_4x4,0,32.77,6.47,129.34,0.362,0.314,12,5.51,0,14.21,11.67,0
REAL-FIELD-03929,B,PALA_PH_4100XPC,0,0.47,4.75,165.1,0.534,0.087,3.4,2.72,0,999,997.57,0
REAL-FIELD-03930,E,KOMATSU_930E_AHS,1,23.11,9.62,12.27,0.162,0,10.3,0.15,3,1.91,-0.18,1
REAL-FIELD-03931,A,CAT_797F_MANUAL,0,46.72,14.33,69.57,0.483,0.149,4.8,3.86,0,5.36,3.62,1
REAL-FIELD-03932,E,KOMATSU_930E_AHS,1,35.52,15.77,125.61,0.998,0,1.7,0.15,0,12.73,12.72,0
REAL-FIELD-03933,D,CAT_797F_MANUAL,0,36.77,5.27,105.39,0.182,0.177,6.7,4.21,0,10.32,7.74,0
REAL-FIELD-03934,B,PALA_PH_4100XPC,0,2.92,8.71,182.21,0.487,0.251,10.2,3.03,0,224.64,222.6,0
REAL-FIELD-03935,B,PALA_PH_4100XPC,0,0.36,14.66,124.95,0.535,0.118,4.4,2.24,0,999,997.48,0
REAL-FIELD-03936,A,CAT_797F_MANUAL,0,29.62,13.79,141.66,0.5,0.19,7.1,3.93,0,17.22,15.4,0
REAL-FIELD-03937,A,CAT_797F_MANUAL,0,32.83,3.79,172.54,0.843,0.252,6,6.08,0,18.92,17.77,0
REAL-FIELD-03938,E,KOMATSU_930E_AHS,1,32.53,4.26,31.79,0.891,0,5.7,0.15,0,3.52,3.25,1
REAL-FIELD-03939,C,CAMIONETA_4x4,0,41.43,4.47,85.73,0.236,0.329,10.8,5.21,0,7.45,4.55,0
REAL-FIELD-03940,E,KOMATSU_930E_AHS,1,33.84,9.47,20.78,0.544,0,7.1,0.15,0,2.21,1.07,1
REAL-FIELD-03941,E,KOMATSU_930E_AHS,1,19.48,4.47,90.97,0.232,0,7.4,0.15,0,16.81,14.89,0
REAL-FIELD-03942,D,PALA_PH_4100XPC,0,2.86,7.57,39.17,0.404,0.109,3.7,2.35,0,49.3,47.48,0
REAL-FIELD-03943,B,PALA_PH_4100XPC,0,0.7,15.54,54.06,0.684,0.193,6.1,4.64,0,999,997.63,0
REAL-FIELD-03944,A,CAMIONETA_4x4,0,43.03,7.22,124.91,0.987,0.268,10.8,4.62,0,10.45,9.61,0
REAL-FIELD-03945,C,PALA_PH_4100XPC,0,0.05,5.36,16.49,0.963,0.314,8,6.39,0,999,997.97,0
REAL-FIELD-03946,C,PALA_PH_4100XPC,0,0.51,12.03,150.89,0.358,0.29,9.7,5.81,0,999,996.52,0
REAL-FIELD-03947,A,CAT_797F_MANUAL,0,47.06,10.64,110.6,0.851,0.218,10.1,3.82,0,8.46,7.43,0
REAL-FIELD-03948,C,CAMIONETA_4x4,0,28.7,11.83,20.06,0.537,0.302,7.6,5.04,2,2.52,0.46,1
REAL-FIELD-03949,D,CAT_797F_MANUAL,0,13.39,2.96,47.23,0.213,0.111,2.7,3.59,0,12.7,10.4,0
REAL-FIELD-03950,C,PALA_PH_4100XPC,0,1.44,11.7,150.27,0.772,0.284,8.2,3.5,0,999,997.58,0
REAL-FIELD-03951,B,PALA_PH_4100XPC,0,3.91,12.06,153.6,0.912,0.089,2.5,4.54,0,141.42,140.93,0
REAL-FIELD-03952,D,CAT_797F_MANUAL,0,33.09,5.96,116.76,0.422,0.104,3.1,2.89,0,12.7,10.94,0
REAL-FIELD-03953,C,PALA_PH_4100XPC,0,3.11,9.22,113.21,0.603,0.353,11.2,5.74,0,131.05,129,0
REAL-FIELD-03954,A,CAT_797F_MANUAL,0,24.58,2.74,141.35,0.653,0.119,2.4,1.81,0,20.7,19.48,0
REAL-FIELD-03955,A,CAT_797F_MANUAL,0,27.76,13.2,187.94,0.712,0.166,3.3,2.6,0,24.37,23.15,0
REAL-FIELD-03956,A,CAMIONETA_4x4,0,35.71,5.05,101.59,0.921,0.198,8.3,4.7,0,10.24,9.45,0
REAL-FIELD-03957,D,CAT_797F_MANUAL,0,25.53,2.5,184.48,0.283,0.142,2.5,5.46,0,26.01,23.79,0
REAL-FIELD-03958,D,CAT_797F_MANUAL,0,23.07,9.07,110.52,0.256,0.148,5.4,5.37,0,17.25,14.95,0
REAL-FIELD-03959,A,CAT_797F_MANUAL,0,21.6,5.72,175.02,0.513,0.174,2.9,4.21,0,29.17,27.43,0
REAL-FIELD-03960,A,CAT_797F_MANUAL,0,27.45,11.74,50.69,0.758,0.177,4.3,4.7,0,6.65,5.51,0
REAL-FIELD-03961,D,CAT_797F_MANUAL,0,30.91,9.66,47.71,0.261,0.246,5.2,3.59,0,5.56,2.97,1
REAL-FIELD-03962,A,CAMIONETA_4x4,0,59.77,13.84,73.31,0.78,0.179,0.6,4.13,0,4.42,3.33,1
REAL-FIELD-03963,A,CAT_797F_MANUAL,0,26.03,6.61,127.35,0.502,0.105,3.6,5.45,0,17.61,16.05,0
REAL-FIELD-03964,E,KOMATSU_930E_AHS,1,28.86,12.51,145.39,0.559,0,3.4,0.15,0,18.14,17.04,0
REAL-FIELD-03965,C,CAT_797F_MANUAL,0,42.31,12.79,173.38,0.497,0.293,7.7,7.27,0,14.75,12.61,0
REAL-FIELD-03966,B,PALA_PH_4100XPC,0,3.12,7.3,23.68,0.998,0.191,6.4,3.63,0,27.32,26.74,0
REAL-FIELD-03967,D,CAT_797F_MANUAL,0,28.01,5.31,34.24,0.445,0.159,0.5,2.87,0,4.4,2.54,1
REAL-FIELD-03968,A,CAMIONETA_4x4,0,39.05,10,108.38,0.65,0.187,8.1,5.07,0,9.99,8.55,0
REAL-FIELD-03969,E,KOMATSU_930E_AHS,1,32.92,2.67,116.85,0.868,0,7.4,0.15,0,12.78,12.45,0
REAL-FIELD-03970,A,CAT_797F_MANUAL,0,34.14,3.77,126.82,0.618,0.134,3.7,2.92,0,13.37,12.01,0
REAL-FIELD-03971,E,KOMATSU_930E_AHS,1,30.34,7.25,153.39,0.619,0,4.3,0.15,0,18.2,17.25,0
REAL-FIELD-03972,A,CAT_797F_MANUAL,0,15.49,13.52,154.48,0.919,0.256,8.6,4.09,0,35.9,34.93,0
REAL-FIELD-03973,D,CAT_797F_MANUAL,0,27.4,3.81,25.59,0.366,0.173,5.5,5.3,3,3.36,1.26,1
REAL-FIELD-03974,D,CAMIONETA_4x4,0,47.86,2.88,127.13,0.182,0.243,8.5,5.29,0,9.56,6.79,0
REAL-FIELD-03975,D,CAMIONETA_4x4,0,48.49,12.56,184.26,0.302,0.214,9.7,5.83,0,13.68,11.29,0
REAL-FIELD-03976,E,KOMATSU_930E_AHS,1,29.18,14.93,50.67,0.74,0,2.1,0.15,0,6.25,5.6,0
REAL-FIELD-03977,A,CAT_797F_MANUAL,0,15.89,5.88,140.05,0.594,0.124,5.5,5.23,0,31.73,30.34,0
REAL-FIELD-03978,A,CAMIONETA_4x4,0,57.25,6.29,130.13,0.902,0.269,11.4,5.55,0,8.18,7.13,0
REAL-FIELD-03979,C,CAT_797F_MANUAL,0,16.85,6.87,62.87,0.842,0.295,10.9,4.86,0,13.43,12.15,0
REAL-FIELD-03980,C,CAT_797F_MANUAL,0,24.66,2.15,89.86,0.151,0.323,9.6,3.97,0,13.12,10.03,0
REAL-FIELD-03981,A,CAT_797F_MANUAL,0,41.05,9.35,185.47,0.47,0.121,4.1,1.78,0,16.27,14.58,0
REAL-FIELD-03982,E,KOMATSU_930E_AHS,1,18.32,11.72,175.1,0.701,0,6.4,0.15,0,34.41,33.66,0
REAL-FIELD-03983,C,CAMIONETA_4x4,0,31,9.44,162.66,0.579,0.333,9.7,5.35,0,18.89,16.84,0
REAL-FIELD-03984,A,CAT_797F_MANUAL,0,18.65,10.4,178.74,0.571,0.133,2.7,4.09,0,34.5,33.03,0
REAL-FIELD-03985,A,CAMIONETA_4x4,0,30.15,2.07,49.81,0.709,0.119,1.9,2.91,0,5.95,4.87,0
REAL-FIELD-03986,A,CAT_797F_MANUAL,0,40.03,15.37,65.61,0.785,0.229,9.7,5.18,0,5.9,4.68,0
REAL-FIELD-03987,B,PALA_PH_4100XPC,0,2.86,7.9,165.06,0.937,0.106,2.4,1.75,0,207.77,207.29,0
REAL-FIELD-03988,A,CAT_797F_MANUAL,0,36.05,8.12,69.47,0.456,0.248,5.7,6.91,0,6.94,4.84,0
REAL-FIELD-03989,E,KOMATSU_930E_AHS,1,18.06,4.02,109.22,0.915,0,5.1,0.15,0,21.77,21.56,0
REAL-FIELD-03990,C,CAMIONETA_4x4,0,55.05,12.25,46,0.682,0.317,9.3,5.97,0,3.01,1.26,1
REAL-FIELD-03991,E,KOMATSU_930E_AHS,1,28.58,15.54,3.74,0.338,0,9.5,0.15,0,0.47,-1.18,1
REAL-FIELD-03992,E,KOMATSU_930E_AHS,1,30.78,11.95,164.97,0.964,0,1.5,0.15,0,19.29,19.2,0
REAL-FIELD-03993,C,CAT_797F_MANUAL,0,37.98,3.06,182.52,0.799,0.367,11,7.1,0,17.3,15.7,0
REAL-FIELD-03994,C,PALA_PH_4100XPC,0,2.62,11.08,135.2,0.407,0.305,10.4,4.03,0,185.77,183.37,0
REAL-FIELD-03995,E,KOMATSU_930E_AHS,1,28.71,9.22,42.28,0.645,0,0.5,0.15,0,5.3,4.41,0
REAL-FIELD-03996,D,CAMIONETA_4x4,0,39.53,6.99,46.86,0.185,0.079,3,2.74,0,4.27,2,1
REAL-FIELD-03997,E,KOMATSU_930E_AHS,1,32.13,15.2,62.19,0.855,0,1.7,0.15,0,6.97,6.61,0
REAL-FIELD-03998,E,KOMATSU_930E_AHS,1,23.63,14.07,164.6,0.889,0,10.2,0.15,0,25.08,24.8,0
REAL-FIELD-03999,A,CAMIONETA_4x4,0,58.24,6.47,61.55,0.93,0.242,11,4.71,0,3.8,2.9,1
REAL-FIELD-04000,A,CAMIONETA_4x4,0,31.66,6.71,145.67,0.581,0.151,0.8,4.78,0,16.56,15.06,0
REAL-FIELD-04001,E,KOMATSU_930E_AHS,1,28.65,14.25,146.4,0.748,0,4.9,0.15,0,18.4,17.77,0
REAL-FIELD-04002,D,CAT_797F_MANUAL,0,47.79,12.54,191.36,0.179,0.209,6.5,4.26,0,14.42,11.74,0
REAL-FIELD-04003,E,KOMATSU_930E_AHS,1,31.31,6.72,143.87,0.247,0,0.9,0.15,0,16.54,14.66,0
REAL-FIELD-04004,D,CAT_797F_MANUAL,0,13.83,6.38,26.65,0.218,0.216,7.2,3.69,1,6.94,4.34,0
REAL-FIELD-04005,B,PALA_PH_4100XPC,0,3.22,6.64,186.04,0.739,0.245,4.3,3.41,0,208,206.61,0
REAL-FIELD-04006,C,CAT_797F_MANUAL,0,31.23,11.16,74.69,0.622,0.358,11.2,6.53,0,8.61,6.59,0
REAL-FIELD-04007,C,CAMIONETA_4x4,0,44.81,9.03,130.52,0.502,0.327,9.3,6.74,0,10.49,8.26,0
REAL-FIELD-04008,E,KOMATSU_930E_AHS,1,28.81,5.07,145.64,0.724,0,1.9,0.15,0,18.2,17.51,0
REAL-FIELD-04009,D,CAMIONETA_4x4,0,61.55,10,109.58,0.309,0.106,3.1,3.56,0,6.41,4.36,0
REAL-FIELD-04010,B,PALA_PH_4100XPC,0,1.37,11.66,45.14,0.663,0.214,7.5,5.38,0,999,997.52,0
REAL-FIELD-04011,E,KOMATSU_930E_AHS,1,25.73,5.38,91.61,0.658,0,10.9,0.15,0,12.82,11.96,0
REAL-FIELD-04012,B,PALA_PH_4100XPC,0,2.8,12.89,10.39,0.912,0.204,7.3,3.15,1,13.36,12.53,0
REAL-FIELD-04013,E,KOMATSU_930E_AHS,1,18.33,9.69,134.56,0.835,0,11.9,0.15,0,26.43,26.02,0
REAL-FIELD-04014,B,PALA_PH_4100XPC,0,2.62,7.9,94.76,0.827,0.209,2.3,3.36,0,130.2,129.14,0
REAL-FIELD-04015,C,CAT_797F_MANUAL,0,23.45,7.09,182.38,0.19,0.282,10.1,4.16,0,28,25.13,0
REAL-FIELD-04016,E,KOMATSU_930E_AHS,1,19.08,4.88,168.85,0.815,0,2.2,0.15,0,31.86,31.4,0
REAL-FIELD-04017,D,CAT_797F_MANUAL,0,34.91,4.34,111.8,0.347,0.245,5.9,5.3,0,11.53,9.16,0
REAL-FIELD-04018,A,CAT_797F_MANUAL,0,38.08,14.32,97.74,0.7,0.159,7.2,2.55,0,9.24,8.01,0
REAL-FIELD-04019,A,CAT_797F_MANUAL,0,34.66,12.05,114.3,0.895,0.188,7.3,3.94,0,11.87,11.04,0
REAL-FIELD-04020,A,CAT_797F_MANUAL,0,22.56,12.01,46.92,0.569,0.207,6.2,6.3,0,7.49,5.79,0
REAL-FIELD-04021,D,CAT_797F_MANUAL,0,34.48,6.53,158.48,0.418,0.216,3.1,4.72,0,16.55,14.45,0
REAL-FIELD-04022,E,KOMATSU_930E_AHS,1,29.5,5.4,131.71,0.204,0,6.8,0.15,0,16.07,14.08,0
REAL-FIELD-04023,A,CAT_797F_MANUAL,0,47.09,4.29,80.57,0.956,0.181,7.5,3.1,0,6.16,5.51,0
REAL-FIELD-04024,C,CAT_797F_MANUAL,0,39.98,7.29,150.83,0.547,0.343,11.5,6.13,0,13.58,11.42,0
REAL-FIELD-04025,D,CAT_797F_MANUAL,0,33.41,4.8,183.05,0.394,0.08,1.1,2.21,0,19.72,17.96,0
REAL-FIELD-04026,D,PALA_PH_4100XPC,0,3.53,11.36,41.44,0.299,0.146,4,4.15,0,42.26,40.07,0
REAL-FIELD-04027,D,CAT_797F_MANUAL,0,33.14,3.29,153.41,0.207,0.13,1.5,5.31,0,16.66,14.29,0
REAL-FIELD-04028,B,PALA_PH_4100XPC,0,0.06,6.49,114.62,0.524,0.256,6.7,6.95,0,999,997.04,0
REAL-FIELD-04029,B,PALA_PH_4100XPC,0,3.44,8.73,132.06,0.556,0.092,1.8,1.94,0,138.2,136.81,0
REAL-FIELD-04030,E,KOMATSU_930E_AHS,1,36.74,10.52,15.35,0.95,0,11.5,0.15,3,1.5,1.38,1
REAL-FIELD-04031,C,CAT_797F_MANUAL,0,43.54,8.34,176.14,0.883,0.303,11.5,3.57,0,14.56,13.36,0
REAL-FIELD-04032,C,CAT_797F_MANUAL,0,24.26,4.38,54.87,0.775,0.29,8.3,4.45,0,8.14,6.71,0
REAL-FIELD-04033,A,CAT_797F_MANUAL,0,38.42,8.12,62.98,0.848,0.181,8.2,3.15,0,5.9,4.98,0
REAL-FIELD-04034,A,CAT_797F_MANUAL,0,48.53,3.83,27.76,0.554,0.27,6,6.5,0,2.06,0.14,1
REAL-FIELD-04035,B,CAT_797F_MANUAL,0,19.75,10.55,19.14,0.868,0.174,1.8,3.75,2,3.49,2.64,1
REAL-FIELD-04036,A,CAT_797F_MANUAL,0,47.95,15.84,78.18,0.988,0.112,2.2,5.37,0,5.87,5.5,0
REAL-FIELD-04037,A,CAT_797F_MANUAL,0,31.59,11.88,31.33,0.754,0.225,9.2,5.22,0,3.57,2.28,1
REAL-FIELD-04038,A,CAMIONETA_4x4,0,56.47,6.94,104.45,0.604,0.162,4.9,3.24,0,6.66,5.18,0
REAL-FIELD-04039,D,CAT_797F_MANUAL,0,29.9,4.46,36.64,0.389,0.247,7.2,6.73,0,4.41,2.14,1
REAL-FIELD-04040,D,CAT_797F_MANUAL,0,12.39,14.81,53.01,0.41,0.17,7,6.12,0,15.4,13.42,0
REAL-FIELD-04041,D,CAT_797F_MANUAL,0,32.67,11.67,61.79,0.394,0.145,2.8,5.35,0,6.81,4.86,0
REAL-FIELD-04042,D,PALA_PH_4100XPC,0,0.91,4.95,188.86,0.17,0.247,11.3,6.04,0,999,996.18,0
REAL-FIELD-04043,E,KOMATSU_930E_AHS,1,32.16,2.16,100.9,0.979,0,2.5,0.15,0,11.29,11.24,0
REAL-FIELD-04044,E,KOMATSU_930E_AHS,1,31.23,14.39,148.69,0.83,0,8.6,0.15,0,17.14,16.72,0
REAL-FIELD-04045,B,PALA_PH_4100XPC,0,3.92,6.35,66.65,0.731,0.169,4.8,6.15,0,61.21,60.03,0
REAL-FIELD-04046,E,KOMATSU_930E_AHS,1,18.71,15.91,37.72,0.981,0,4.2,0.15,0,7.26,7.21,0
REAL-FIELD-04047,A,CAT_797F_MANUAL,0,14.03,7.23,127,0.928,0.247,5.2,3.56,0,32.59,31.67,0
REAL-FIELD-04048,E,KOMATSU_930E_AHS,1,29.96,9.76,122.53,0.154,0,11.5,0.15,0,14.72,12.6,0
REAL-FIELD-04049,A,CAMIONETA_4x4,0,26.12,7.95,101.75,0.492,0.197,9.6,5.92,0,14.02,12.16,0
REAL-FIELD-04050,A,CAMIONETA_4x4,0,58.27,6.12,126.49,0.603,0.07,2.1,3.46,0,7.81,6.61,0
REAL-FIELD-04051,B,PALA_PH_4100XPC,0,3.31,9.53,126.47,0.859,0.199,7.4,3.42,0,137.55,136.6,0
REAL-FIELD-04052,C,CAMIONETA_4x4,0,39.72,13.47,135.67,0.42,0.297,8.7,3.69,0,12.3,9.96,0
REAL-FIELD-04053,A,CAT_797F_MANUAL,0,28.92,3.44,129.48,0.669,0.247,6,3.71,0,16.12,14.55,0
REAL-FIELD-04054,A,CAT_797F_MANUAL,0,30,3.9,97.56,0.455,0.218,3.6,5.65,0,11.71,9.69,0
REAL-FIELD-04055,D,CAT_797F_MANUAL,0,15.67,14.37,140.87,0.228,0.123,4.6,2.87,0,32.36,30.06,0
REAL-FIELD-04056,B,PALA_PH_4100XPC,0,0.77,11.36,5.79,0.978,0.175,4,3.07,1,999,998.42,0
REAL-FIELD-04057,A,CAT_797F_MANUAL,0,15.31,2.52,80.48,0.961,0.088,3.3,2.8,0,18.92,18.56,0
REAL-FIELD-04058,A,CAT_797F_MANUAL,0,25.7,8.54,153.2,0.893,0.228,7.2,3.09,0,21.46,20.51,0
REAL-FIELD-04059,E,KOMATSU_930E_AHS,1,22.43,13.61,13.47,0.969,0,0.7,0.15,3,2.16,2.08,1
REAL-FIELD-04060,D,CAMIONETA_4x4,0,40.9,13.28,148.57,0.328,0.171,0.6,5.93,0,13.08,10.89,0
REAL-FIELD-04061,E,KOMATSU_930E_AHS,1,20.37,15.79,153.61,0.749,0,8.2,0.15,0,27.15,26.52,0
REAL-FIELD-04062,C,CAT_797F_MANUAL,0,36.44,11.49,143.11,0.171,0.313,9.3,7.43,0,14.14,11.13,0
REAL-FIELD-04063,A,CAT_797F_MANUAL,0,15.16,9.1,173.31,0.73,0.153,4.2,2.19,0,41.16,40.03,0
REAL-FIELD-04064,A,CAT_797F_MANUAL,0,22.1,12.74,44.52,0.561,0.208,6.7,3.71,0,7.25,5.53,0
REAL-FIELD-04065,A,CAT_797F_MANUAL,0,24.08,8.03,104.98,0.48,0.279,9.2,6.15,0,15.69,13.55,0
REAL-FIELD-04066,A,CAT_797F_MANUAL,0,48.48,3.11,38.36,0.471,0.225,3.1,4.97,0,2.85,0.85,1
REAL-FIELD-04067,D,CAT_797F_MANUAL,0,48.99,3.4,140.24,0.37,0.145,4.1,4.38,0,10.31,8.3,0
REAL-FIELD-04068,E,KOMATSU_930E_AHS,1,25.26,13.8,139.69,0.172,0,6.1,0.15,0,19.91,17.84,0
REAL-FIELD-04069,A,CAT_797F_MANUAL,0,35.02,4.92,78.25,0.654,0.228,8.6,3.9,0,8.04,6.49,0
REAL-FIELD-04070,E,KOMATSU_930E_AHS,1,29.27,8.76,153.59,0.595,0,8.8,0.15,0,18.89,17.88,0
REAL-FIELD-04071,D,CAT_797F_MANUAL,0,19.21,11.28,12.52,0.384,0.106,2.9,3.6,3,2.35,0.49,1
REAL-FIELD-04072,A,CAT_797F_MANUAL,0,43.57,15.83,159.34,0.985,0.172,0.8,5.74,0,13.17,12.62,0
REAL-FIELD-04073,E,KOMATSU_930E_AHS,1,35.75,12.89,93,0.981,0,11.8,0.15,0,9.37,9.32,0
REAL-FIELD-04074,E,KOMATSU_930E_AHS,1,23.68,5.1,140.13,0.499,0,6.7,0.15,0,21.3,20.05,0
REAL-FIELD-04075,A,CAT_797F_MANUAL,0,29.72,13.07,118.5,0.46,0.211,4.7,5.78,0,14.35,12.37,0
REAL-FIELD-04076,E,KOMATSU_930E_AHS,1,34.27,5.77,130.67,0.294,0,6.2,0.15,0,13.73,11.96,0
REAL-FIELD-04077,D,CAT_797F_MANUAL,0,40.98,12.06,100.16,0.403,0.24,6.7,5.31,0,8.8,6.59,0
REAL-FIELD-04078,D,CAT_797F_MANUAL,0,36.15,15.22,149.13,0.33,0.235,8.3,6.81,0,14.85,12.47,0
REAL-FIELD-04079,A,CAMIONETA_4x4,0,43.82,3.39,174.05,0.552,0.153,6.9,3.55,0,14.3,12.72,0
REAL-FIELD-04080,E,KOMATSU_930E_AHS,1,30.33,6.54,25.86,0.521,0,10.6,0.15,1,3.07,1.87,1
REAL-FIELD-04081,A,CAT_797F_MANUAL,0,30.32,10.51,168.31,0.631,0.243,8.7,6.42,0,19.98,18.33,0
REAL-FIELD-04082,A,CAMIONETA_4x4,0,49.23,7.08,32.4,0.714,0.179,7.4,2.37,0,2.37,1.12,1
REAL-FIELD-04083,A,CAT_797F_MANUAL,0,29.24,13.52,150.05,0.637,0.089,3.6,4.66,0,18.47,17.3,0
REAL-FIELD-04084,D,PALA_PH_4100XPC,0,1.36,2.75,132.48,0.332,0.166,6.6,3.07,0,999,996.83,0
REAL-FIELD-04085,D,CAT_797F_MANUAL,0,43.85,8.51,141.63,0.212,0.208,6.8,3.7,0,11.63,9.04,0
REAL-FIELD-04086,C,CAT_797F_MANUAL,0,20.63,2.21,161.72,0.315,0.324,10.7,7.19,0,28.22,25.54,0
REAL-FIELD-04087,E,KOMATSU_930E_AHS,1,24.11,12.44,189.75,0.195,0,10.2,0.15,0,28.33,26.32,0
REAL-FIELD-04088,E,KOMATSU_930E_AHS,1,18.71,8.43,153.39,0.276,0,3.1,0.15,0,29.51,27.7,0
REAL-FIELD-04089,E,KOMATSU_930E_AHS,1,32.84,11.22,70.44,0.551,0,2.1,0.15,0,7.72,6.6,0
REAL-FIELD-04090,A,CAT_797F_MANUAL,0,43.37,3.84,83.53,0.954,0.208,10,4.75,0,6.93,6.19,0
REAL-FIELD-04091,C,PALA_PH_4100XPC,0,1.38,5.56,38.58,0.679,0.299,10.1,4.25,0,999,997.3,0
REAL-FIELD-04092,D,CAT_797F_MANUAL,0,46.52,12.99,37.66,0.299,0.112,2.5,3.34,0,2.91,0.82,1
REAL-FIELD-04093,A,CAT_797F_MANUAL,0,22.7,7.59,40.78,0.681,0.184,4.3,4.98,0,6.47,5.12,0
REAL-FIELD-04094,A,CAT_797F_MANUAL,0,14.23,12.48,172.23,0.771,0.092,1,5.09,0,43.57,42.72,0
REAL-FIELD-04095,A,CAMIONETA_4x4,0,44.43,3.99,38.74,0.814,0.111,3.6,2.85,0,3.14,2.34,1
REAL-FIELD-04096,E,KOMATSU_930E_AHS,1,27.3,9.33,145.58,0.634,0,3.8,0.15,0,19.2,18.28,0
REAL-FIELD-04097,D,CAMIONETA_4x4,0,61.65,9.29,136.36,0.281,0.233,8.1,6.15,0,7.96,5.46,0
REAL-FIELD-04098,A,CAMIONETA_4x4,0,39.18,12.88,115.89,0.851,0.162,7,5.05,0,10.65,9.79,0
REAL-FIELD-04099,E,KOMATSU_930E_AHS,1,21.58,9.69,167.79,0.344,0,8.1,0.15,0,27.99,26.35,0
REAL-FIELD-04100,D,CAT_797F_MANUAL,0,16.42,11.07,192.61,0.246,0.137,1.5,2.51,0,42.23,39.93,0
REAL-FIELD-04101,D,PALA_PH_4100XPC,0,3.27,3.26,16.9,0.234,0.25,9.5,3.12,0,18.61,15.94,0
REAL-FIELD-04102,E,KOMATSU_930E_AHS,1,27.8,3.75,115.99,0.804,0,5.2,0.15,0,15.02,14.53,0
REAL-FIELD-04103,A,CAT_797F_MANUAL,0,29.02,10.46,45.32,0.891,0.083,0.6,2.14,0,5.62,5.1,0
REAL-FIELD-04104,B,PALA_PH_4100XPC,0,0.25,6.16,180.34,0.494,0.064,1.1,3.35,0,999,997.54,0
REAL-FIELD-04105,A,CAT_797F_MANUAL,0,20.91,12.6,110.83,0.965,0.248,6.3,4.84,0,19.08,18.25,0
REAL-FIELD-04106,A,CAT_797F_MANUAL,0,25.77,8.03,58.75,0.876,0.123,4.8,2,0,8.21,7.53,0
REAL-FIELD-04107,C,CAT_797F_MANUAL,0,38.81,8.45,107.49,0.582,0.321,10.5,4.33,0,9.97,7.96,0
REAL-FIELD-04108,E,KOMATSU_930E_AHS,1,30.33,7.43,5.1,0.831,0,10.3,0.15,0,0.61,0.19,1
REAL-FIELD-04109,A,CAMIONETA_4x4,0,52.74,4.01,31.53,0.907,0.235,10.1,4.66,0,2.15,1.21,1
REAL-FIELD-04110,E,KOMATSU_930E_AHS,1,31.94,3.94,177.46,0.583,0,7.1,0.15,0,20,18.96,0
REAL-FIELD-04111,D,CAT_797F_MANUAL,0,25.2,6.55,185.28,0.344,0.275,8.2,5.62,0,26.47,24,0
REAL-FIELD-04112,E,KOMATSU_930E_AHS,1,18.86,8.63,100.08,0.662,0,1.7,0.15,0,19.1,18.26,0
REAL-FIELD-04113,A,CAT_797F_MANUAL,0,16.42,12.36,129.16,0.536,0.182,5.1,4.57,0,28.32,26.61,0
REAL-FIELD-04114,D,PALA_PH_4100XPC,0,0.91,4.97,46.89,0.202,0.199,3.4,5.9,0,999,996.41,0
REAL-FIELD-04115,A,CAT_797F_MANUAL,0,48,5,113.34,0.498,0.095,3.6,1.66,0,8.5,6.96,0
REAL-FIELD-04116,E,KOMATSU_930E_AHS,1,21.59,5.73,75.49,0.256,0,1.7,0.15,0,12.59,10.73,0
REAL-FIELD-04117,E,KOMATSU_930E_AHS,1,25.6,5.3,20.97,0.243,0,7,0.15,0,2.95,1.06,1
REAL-FIELD-04118,E,KOMATSU_930E_AHS,1,27.28,3.57,25.45,0.565,0,7.8,0.15,3,3.36,2.27,1
REAL-FIELD-04119,A,CAMIONETA_4x4,0,48.19,8.24,158.1,0.79,0.249,8.2,4.18,0,11.81,10.54,0
REAL-FIELD-04120,B,CAT_797F_MANUAL,0,38.5,3.03,13.19,0.735,0.089,1.5,1.91,2,1.23,0.3,1
REAL-FIELD-04121,E,KOMATSU_930E_AHS,1,29.02,13.65,192.16,0.971,0,2.2,0.15,0,23.84,23.77,0
REAL-FIELD-04122,D,CAT_797F_MANUAL,0,46.05,14.53,94.81,0.237,0.265,5.8,5.68,0,7.41,4.71,0
REAL-FIELD-04123,A,CAMIONETA_4x4,0,36.56,10.07,111.14,0.847,0.204,7,4.25,0,10.94,9.95,0
REAL-FIELD-04124,D,CAT_797F_MANUAL,0,15.16,5,78.48,0.18,0.178,6.4,3.82,0,18.64,16.06,0
REAL-FIELD-04125,C,CAT_797F_MANUAL,0,49.27,2.61,12.22,0.172,0.282,6.8,3.33,1,0.89,-2.03,1
REAL-FIELD-04126,E,KOMATSU_930E_AHS,1,35.13,12.9,11.23,0.315,0,6.9,0.15,0,1.15,-0.56,1
REAL-FIELD-04127,E,KOMATSU_930E_AHS,1,19.77,7.38,100.7,0.75,0,4.1,0.15,0,18.34,17.72,0
REAL-FIELD-04128,E,KOMATSU_930E_AHS,1,19.36,4.57,79.26,0.787,0,9.5,0.15,0,14.74,14.21,0
REAL-FIELD-04129,E,KOMATSU_930E_AHS,1,20.17,11.76,122.25,0.584,0,3.9,0.15,0,21.82,20.78,0
REAL-FIELD-04130,A,CAT_797F_MANUAL,0,27.91,14.22,118.22,0.506,0.198,5,6.18,0,15.25,13.42,0
REAL-FIELD-04131,E,KOMATSU_930E_AHS,1,37.19,9.21,126.13,0.24,0,10.7,0.15,0,12.21,10.31,0
REAL-FIELD-04132,E,KOMATSU_930E_AHS,1,30.43,10.33,83.71,0.902,0,10.5,0.15,0,9.9,9.66,0
REAL-FIELD-04133,E,KOMATSU_930E_AHS,1,31.41,9.49,189.32,0.866,0,2.2,0.15,0,21.7,21.36,0
REAL-FIELD-04134,A,CAT_797F_MANUAL,0,20.36,3.05,39.62,0.922,0.117,3.1,4.67,0,7.01,6.46,0
REAL-FIELD-04135,C,CAT_797F_MANUAL,0,17.32,14.64,161.52,0.719,0.379,11.9,7.41,0,33.57,31.73,0
REAL-FIELD-04136,D,PALA_PH_4100XPC,0,2.2,9.74,104.72,0.401,0.23,10.4,6.59,0,171.36,169.17,0
REAL-FIELD-04137,E,KOMATSU_930E_AHS,1,23.45,12.4,124.65,0.838,0,5.7,0.15,0,19.14,18.74,0
REAL-FIELD-04138,D,CAMIONETA_4x4,0,58.91,12.69,55.01,0.34,0.232,4.6,4.13,0,3.36,1.01,1
REAL-FIELD-04139,A,CAT_797F_MANUAL,0,22.86,7.31,70.78,0.843,0.245,6.4,5.99,0,11.15,10.02,0
REAL-FIELD-04140,C,PALA_PH_4100XPC,0,3.56,15.03,136.74,0.897,0.3,11.8,4.73,0,138.28,137.12,0
REAL-FIELD-04141,A,CAMIONETA_4x4,0,36.62,3.31,27.21,0.727,0.236,7.8,5.37,0,2.67,1.28,1
REAL-FIELD-04142,E,KOMATSU_930E_AHS,1,23.12,2.14,16.44,0.487,0,9.4,0.15,3,2.56,1.28,1
REAL-FIELD-04143,E,KOMATSU_930E_AHS,1,27.99,5.74,32.59,0.947,0,1,0.15,0,4.19,4.06,0
REAL-FIELD-04144,E,KOMATSU_930E_AHS,1,22.57,12.54,101.28,0.876,0,8.7,0.15,0,16.15,15.84,0
REAL-FIELD-04145,A,CAT_797F_MANUAL,0,33.74,14.59,91.32,0.538,0.257,5.4,4.12,0,9.74,7.81,0
REAL-FIELD-04146,B,PALA_PH_4100XPC,0,2.59,7.8,155.01,0.789,0.146,5.3,3,0,215.46,214.49,0
REAL-FIELD-04147,D,PALA_PH_4100XPC,0,2.76,7.03,25.31,0.444,0.254,9.4,4.98,1,33.01,30.86,0
REAL-FIELD-04148,A,CAMIONETA_4x4,0,34.91,8.74,173.76,0.938,0.15,1.9,5.67,0,17.92,17.32,0
REAL-FIELD-04149,C,PALA_PH_4100XPC,0,0.2,6.99,106.65,0.673,0.363,11.7,5.42,0,999,997.09,0
REAL-FIELD-04150,A,CAT_797F_MANUAL,0,43.07,3.2,91.76,0.494,0.267,6.5,4.58,0,7.67,5.6,0
REAL-FIELD-04151,E,KOMATSU_930E_AHS,1,19.25,4.21,142.89,0.459,0,4.3,0.15,0,26.72,25.37,0
REAL-FIELD-04152,C,CAT_797F_MANUAL,0,27.73,6.26,60.81,0.585,0.284,8,6.64,0,7.89,6,0
REAL-FIELD-04153,B,PALA_PH_4100XPC,0,1.18,4.35,161.25,0.644,0.196,2.2,3.11,0,999,997.52,0
REAL-FIELD-04154,B,CAT_797F_MANUAL,0,26.7,5.68,7.35,0.632,0.216,7.4,5.43,0,0.99,-0.58,1
REAL-FIELD-04155,C,CAT_797F_MANUAL,0,27.56,3.81,74.92,0.884,0.367,11.6,6.39,0,9.79,8.4,0
REAL-FIELD-04156,E,KOMATSU_930E_AHS,1,35.84,15.2,48.78,0.414,0,5.8,0.15,0,4.9,3.44,1
REAL-FIELD-04157,B,CAT_797F_MANUAL,0,32.65,7.36,21.44,0.822,0.177,3.9,6.03,0,2.36,1.38,1
REAL-FIELD-04158,E,KOMATSU_930E_AHS,1,25.15,15.82,149.54,0.553,0,4.4,0.15,0,21.41,20.29,0
REAL-FIELD-04159,B,PALA_PH_4100XPC,0,2.25,2.2,119.17,0.623,0.092,1.9,4.02,0,190.67,189.45,0
REAL-FIELD-04160,E,KOMATSU_930E_AHS,1,35.13,6.67,54.71,0.386,0,1.4,0.15,0,5.61,4.08,0
REAL-FIELD-04161,A,CAT_797F_MANUAL,0,48.48,14.91,148.33,0.937,0.114,1.2,2.38,0,11.01,10.51,0
REAL-FIELD-04162,E,KOMATSU_930E_AHS,1,30.19,7.52,36.45,0.532,0,8.6,0.15,0,4.35,3.18,1
REAL-FIELD-04163,E,KOMATSU_930E_AHS,1,18.42,14.27,39.07,0.509,0,3,0.15,0,7.64,6.41,0
REAL-FIELD-04164,B,PALA_PH_4100XPC,0,1.32,15,122.61,0.791,0.243,4.4,6.5,0,999,997.75,0
REAL-FIELD-04165,D,CAMIONETA_4x4,0,34.14,8.4,8.14,0.399,0.279,10.4,5.25,1,0.86,-1.48,1
REAL-FIELD-04166,D,PALA_PH_4100XPC,0,1.64,14.06,113.27,0.203,0.148,5.2,3.5,0,999,996.56,0
REAL-FIELD-04167,E,KOMATSU_930E_AHS,1,28.91,15.6,83.65,0.983,0,2.2,0.15,0,10.42,10.38,0
REAL-FIELD-04168,D,PALA_PH_4100XPC,0,0.26,6.75,178,0.177,0.093,3.9,3.78,0,999,996.66,0
REAL-FIELD-04169,D,CAT_797F_MANUAL,0,34.3,5.46,52.21,0.28,0.239,4.7,5.24,0,5.48,2.96,1
REAL-FIELD-04170,D,CAT_797F_MANUAL,0,19.18,10.2,127.32,0.443,0.086,0.7,1.99,0,23.9,22.25,0
REAL-FIELD-04171,A,CAT_797F_MANUAL,0,31.91,7.77,73.83,0.717,0.253,5.2,5.08,0,8.33,6.86,0
REAL-FIELD-04172,A,CAT_797F_MANUAL,0,23.9,4.48,46.61,0.594,0.212,6.7,3.19,0,7.02,5.37,0
REAL-FIELD-04173,D,CAT_797F_MANUAL,0,21.77,6.14,55.11,0.433,0.236,9.7,6.26,0,9.11,6.98,0
REAL-FIELD-04174,E,KOMATSU_930E_AHS,1,19.68,6.2,151.71,0.863,0,4.2,0.15,0,27.75,27.41,0
REAL-FIELD-04175,B,PALA_PH_4100XPC,0,3.35,11.95,37.4,0.704,0.268,6.3,5.73,0,40.19,38.65,0
REAL-FIELD-04176,A,CAMIONETA_4x4,0,51.9,11.32,142.54,0.998,0.235,10.2,5.46,0,9.89,9.18,0
REAL-FIELD-04177,A,CAT_797F_MANUAL,0,38.99,12.22,87.2,0.527,0.155,1.5,2.36,0,8.05,6.4,0
REAL-FIELD-04178,B,PALA_PH_4100XPC,0,1.86,5.8,109.69,0.893,0.168,7.2,2.73,0,212.3,211.53,0
REAL-FIELD-04179,E,KOMATSU_930E_AHS,1,36.71,9.2,67.69,0.591,0,4.4,0.15,0,6.64,5.62,0
REAL-FIELD-04180,D,CAMIONETA_4x4,0,61.15,5.67,111.8,0.436,0.245,7.3,5.35,0,6.58,4.43,0
REAL-FIELD-04181,D,PALA_PH_4100XPC,0,1.65,11.25,163.56,0.166,0.162,7.3,3.7,0,999,996.43,0
REAL-FIELD-04182,A,CAMIONETA_4x4,0,52.01,3.67,123.15,0.453,0.103,2.6,2.81,0,8.52,6.84,0
REAL-FIELD-04183,D,PALA_PH_4100XPC,0,1.35,10.43,103.23,0.201,0.091,1.2,4.81,0,999,996.73,0
REAL-FIELD-04184,C,CAT_797F_MANUAL,0,39.51,13.59,151.01,0.304,0.325,10.5,4.27,0,13.76,11.04,0
REAL-FIELD-04185,E,KOMATSU_930E_AHS,1,22.53,11.26,166.16,0.916,0,0.8,0.15,0,26.55,26.34,0
REAL-FIELD-04186,E,KOMATSU_930E_AHS,1,28.31,3.2,55.97,0.195,0,9.7,0.15,0,7.12,5.11,0
REAL-FIELD-04187,C,CAT_797F_MANUAL,0,45.67,15.8,135.36,0.758,0.35,11.4,7.99,0,10.67,9.02,0
REAL-FIELD-04188,C,CAMIONETA_4x4,0,28.07,9.54,144.01,0.225,0.306,9.8,4.74,0,18.47,15.61,0
REAL-FIELD-04189,B,PALA_PH_4100XPC,0,1.09,5.01,5.21,0.965,0.262,11.9,3.64,2,999,998.13,0
REAL-FIELD-04190,E,KOMATSU_930E_AHS,1,32.69,12.84,19.48,0.525,0,9.5,0.15,2,2.15,0.96,1
REAL-FIELD-04191,E,KOMATSU_930E_AHS,1,22.97,12.34,27.87,0.204,0,3.2,0.15,3,4.37,2.38,1
REAL-FIELD-04192,A,CAT_797F_MANUAL,0,26.79,11.63,177.63,0.805,0.095,1.5,2.53,0,23.87,23.1,0
REAL-FIELD-04193,B,PALA_PH_4100XPC,0,3.25,2.9,10.92,0.868,0.187,3.2,5.79,2,12.1,11.21,0
REAL-FIELD-04194,E,KOMATSU_930E_AHS,1,19.49,5.13,173.79,0.693,0,9.2,0.15,0,32.1,31.33,0
REAL-FIELD-04195,B,PALA_PH_4100XPC,0,2.27,4.57,90.79,0.623,0.194,7.8,6.35,0,143.98,142.46,0
REAL-FIELD-04196,A,CAMIONETA_4x4,0,32.76,13.85,149.84,0.526,0.248,7.5,4.3,0,16.47,14.54,0
REAL-FIELD-04197,E,KOMATSU_930E_AHS,1,28.1,6.67,122.55,0.76,0,11.6,0.15,0,15.7,15.1,0
REAL-FIELD-04198,E,KOMATSU_930E_AHS,1,25.94,9.34,170.7,0.965,0,8.8,0.15,0,23.69,23.6,0
REAL-FIELD-04199,B,PALA_PH_4100XPC,0,3.95,9.43,49.53,0.788,0.253,11.2,3.85,0,45.14,43.85,0
REAL-FIELD-04200,A,CAMIONETA_4x4,0,57.57,11.99,26.17,0.662,0.061,1.5,3.67,3,1.64,0.61,1
REAL-FIELD-04201,E,KOMATSU_930E_AHS,1,29.32,12.25,40.32,0.71,0,8.8,0.15,0,4.95,4.22,0
REAL-FIELD-04202,E,KOMATSU_930E_AHS,1,18.2,2.56,148.44,0.907,0,9.5,0.15,0,29.36,29.13,0
REAL-FIELD-04203,C,CAMIONETA_4x4,0,50.59,11.41,95.04,0.376,0.334,11.6,6.25,0,6.76,4.2,0
REAL-FIELD-04204,A,CAT_797F_MANUAL,0,31.42,7.88,79.46,0.51,0.265,6.9,4,0,9.1,7.08,0
REAL-FIELD-04205,D,CAT_797F_MANUAL,0,35.97,14.26,9.76,0.16,0.22,7.1,4.27,0,0.98,-1.78,1
REAL-FIELD-04206,E,KOMATSU_930E_AHS,1,24.56,13.37,132.08,0.779,0,10.7,0.15,0,19.36,18.81,0
REAL-FIELD-04207,E,KOMATSU_930E_AHS,1,24.27,3.66,177.68,0.184,0,5.7,0.15,0,26.36,24.32,0
REAL-FIELD-04208,C,CAT_797F_MANUAL,0,43.17,3.81,186.79,0.816,0.361,11.2,4.69,0,15.58,14.04,0
REAL-FIELD-04209,C,CAT_797F_MANUAL,0,41.37,3.41,179.12,0.451,0.298,11.8,7.04,0,15.59,13.32,0
REAL-FIELD-04210,D,CAMIONETA_4x4,0,54.45,7.1,41.91,0.387,0.244,6.1,5.48,0,2.77,0.51,1
REAL-FIELD-04211,A,CAMIONETA_4x4,0,60.03,5.96,120.83,0.999,0.093,1.5,3.99,0,7.25,6.97,0
REAL-FIELD-04212,B,PALA_PH_4100XPC,0,3.05,14.72,156.99,0.784,0.078,1.3,3.86,0,185.3,184.53,0
REAL-FIELD-04213,E,KOMATSU_930E_AHS,1,22.95,11.3,144.03,0.343,0,10.7,0.15,0,22.59,20.95,0
REAL-FIELD-04214,A,CAT_797F_MANUAL,0,40.75,8.75,103.86,0.54,0.186,4.5,5.7,0,9.18,7.47,0
REAL-FIELD-04215,C,CAT_797F_MANUAL,0,35.83,2.97,97.13,0.241,0.307,10.4,4.7,0,9.76,6.94,0
REAL-FIELD-04216,D,CAT_797F_MANUAL,0,21.14,8.55,90.83,0.299,0.165,7.3,4.54,0,15.47,13.22,0
REAL-FIELD-04217,A,CAT_797F_MANUAL,0,41.9,9.66,139.76,0.693,0.161,0.9,2.14,0,12.01,10.76,0
REAL-FIELD-04218,E,KOMATSU_930E_AHS,1,37.51,10.35,103,0.267,0,5.9,0.15,0,9.89,8.06,0
REAL-FIELD-04219,E,KOMATSU_930E_AHS,1,37.23,3.17,177.17,0.652,0,3.7,0.15,0,17.13,16.26,0
REAL-FIELD-04220,B,PALA_PH_4100XPC,0,1,15.46,72.54,0.999,0.105,3.8,3.24,0,999,998.68,0
REAL-FIELD-04221,A,CAT_797F_MANUAL,0,41.07,11.94,142.22,0.729,0.274,10.7,5.93,0,12.47,10.97,0
REAL-FIELD-04222,B,PALA_PH_4100XPC,0,3.34,4.75,29.52,0.83,0.055,1.2,1.57,1,31.82,31.23,0
REAL-FIELD-04223,A,CAT_797F_MANUAL,0,37.8,10.54,99.27,0.472,0.084,3.5,4.51,0,9.45,7.88,0
REAL-FIELD-04224,A,CAMIONETA_4x4,0,58.94,13.55,37.43,0.762,0.244,4.6,4.55,0,2.29,0.96,1
REAL-FIELD-04225,B,PALA_PH_4100XPC,0,2.57,5.71,167.14,0.868,0.094,3.4,5.28,0,234.13,233.52,0
REAL-FIELD-04226,A,CAT_797F_MANUAL,0,21.45,12.09,88.69,0.559,0.196,8.3,5.78,0,14.89,13.2,0
REAL-FIELD-04227,A,CAT_797F_MANUAL,0,45.44,3.94,83.04,0.842,0.248,9.3,4.79,0,6.58,5.44,0
REAL-FIELD-04228,B,PALA_PH_4100XPC,0,3.55,2.37,96.87,0.87,0.177,7.6,5.63,0,98.23,97.37,0
REAL-FIELD-04229,A,CAT_797F_MANUAL,0,27.09,6.57,87.84,0.886,0.155,5.1,5.61,0,11.67,10.92,0
REAL-FIELD-04230,E,KOMATSU_930E_AHS,1,31.02,6.79,27.62,0.607,0,6.8,0.15,1,3.21,2.23,1
REAL-FIELD-04231,D,PALA_PH_4100XPC,0,3.98,3.13,162.69,0.335,0.226,6.4,6.63,0,147.16,144.82,0
REAL-FIELD-04232,D,CAT_797F_MANUAL,0,42.9,3.86,184.78,0.343,0.171,7.3,4.41,0,15.51,13.35,0
REAL-FIELD-04233,C,CAT_797F_MANUAL,0,45.45,5.4,18.93,0.451,0.324,8.7,6.54,1,1.5,-0.84,1
REAL-FIELD-04234,B,PALA_PH_4100XPC,0,0.65,7.96,51.83,0.927,0.154,2.6,5.44,0,999,998.36,0
REAL-FIELD-04235,C,PALA_PH_4100XPC,0,3.41,9.49,55.08,0.679,0.297,8.5,4.91,0,58.15,56.46,0
REAL-FIELD-04236,A,CAT_797F_MANUAL,0,14.02,5.75,63.37,0.714,0.112,0.6,4.79,0,16.27,15.22,0
REAL-FIELD-04237,A,CAMIONETA_4x4,0,49.99,6.31,46.49,0.849,0.037,0.7,2.39,0,3.35,2.86,1
REAL-FIELD-04238,C,CAT_797F_MANUAL,0,48.85,11.61,84.05,0.61,0.375,12,8.06,0,6.19,4.09,0
REAL-FIELD-04239,D,CAT_797F_MANUAL,0,26.34,13.53,52.44,0.163,0.249,10.4,5.17,0,7.17,4.33,0
REAL-FIELD-04240,A,CAT_797F_MANUAL,0,49.8,9.34,176.15,0.517,0.177,3.8,5.52,0,12.73,10.99,0
REAL-FIELD-04241,E,KOMATSU_930E_AHS,1,30.67,5.66,51.72,0.891,0,4.5,0.15,0,6.07,5.8,0
REAL-FIELD-04242,D,CAT_797F_MANUAL,0,40.43,13.51,32.26,0.183,0.168,8,3.7,0,2.87,0.32,1
REAL-FIELD-04243,B,PALA_PH_4100XPC,0,0.77,4.15,62.86,0.946,0.118,3.8,2.79,0,999,998.51,0
REAL-FIELD-04244,B,PALA_PH_4100XPC,0,0.54,7.6,148.08,0.96,0.277,10,3.74,0,999,998.07,0
REAL-FIELD-04245,C,CAMIONETA_4x4,0,60.99,7.39,169.06,0.832,0.33,10.9,6.37,0,9.98,8.57,0
REAL-FIELD-04246,C,CAT_797F_MANUAL,0,13.34,6.9,17.39,0.522,0.334,10.4,6.26,3,4.69,2.49,1
REAL-FIELD-04247,D,CAT_797F_MANUAL,0,24.61,12.6,25.09,0.449,0.185,3.9,3.73,0,3.67,1.74,1
REAL-FIELD-04248,D,CAT_797F_MANUAL,0,44.54,3.52,77.79,0.32,0.19,3.5,3.22,0,6.29,4.02,0
REAL-FIELD-04249,A,CAT_797F_MANUAL,0,22.19,3.93,112.98,0.925,0.201,5.7,3.44,0,18.33,17.54,0
REAL-FIELD-04250,A,CAMIONETA_4x4,0,60.57,3.56,162.63,0.929,0.215,4.1,3.57,0,9.67,8.85,0
REAL-FIELD-04251,A,CAT_797F_MANUAL,0,36.75,4.22,71.65,0.858,0.167,7.3,3.16,0,7.02,6.16,0
REAL-FIELD-04252,E,KOMATSU_930E_AHS,1,19.02,10.54,152.44,0.977,0,7.9,0.15,0,28.85,28.79,0
REAL-FIELD-04253,A,CAT_797F_MANUAL,0,43.09,12.29,127.71,0.77,0.16,4.4,3.37,0,10.67,9.62,0
REAL-FIELD-04254,A,CAT_797F_MANUAL,0,45.28,5.45,170.69,0.533,0.183,4.7,4.35,0,13.57,11.85,0
REAL-FIELD-04255,D,CAMIONETA_4x4,0,55.87,2.84,169.75,0.436,0.159,6.8,3.46,0,10.94,9.05,0
REAL-FIELD-04256,C,CAT_797F_MANUAL,0,30.86,4.54,171.94,0.254,0.338,10.4,6.78,0,20.06,17.18,0
REAL-FIELD-04257,D,CAT_797F_MANUAL,0,21.86,13,58.68,0.24,0.172,3.5,4.06,0,9.66,7.24,0
REAL-FIELD-04258,D,PALA_PH_4100XPC,0,2.96,7.41,56.72,0.248,0.251,11.4,5.91,0,68.98,66.35,0
REAL-FIELD-04259,B,PALA_PH_4100XPC,0,3.8,3.56,154.56,0.767,0.095,1.6,3.86,0,146.43,145.56,0
REAL-FIELD-04260,D,PALA_PH_4100XPC,0,1.57,5.99,47.23,0.282,0.165,6.3,3.77,0,999,996.71,0
REAL-FIELD-04261,A,CAT_797F_MANUAL,0,31.83,10.71,39.32,0.64,0.135,3,4.57,0,4.45,3.15,1
REAL-FIELD-04262,D,CAT_797F_MANUAL,0,34.82,2.59,116.11,0.288,0.236,9.9,4.54,0,12,9.51,0
REAL-FIELD-04263,A,CAT_797F_MANUAL,0,29.37,4.17,35.84,0.787,0.19,1.1,3.06,0,4.39,3.29,1
REAL-FIELD-04264,A,CAMIONETA_4x4,0,31.99,10.03,138.39,0.979,0.15,4.6,3.32,0,15.57,15.07,0
REAL-FIELD-04265,E,KOMATSU_930E_AHS,1,37.63,5.54,115.71,0.429,0,11.5,0.15,0,11.07,9.64,0
REAL-FIELD-04266,A,CAT_797F_MANUAL,0,31.49,9.69,84.97,0.635,0.063,1.9,3.97,0,9.71,8.61,0
REAL-FIELD-04267,E,KOMATSU_930E_AHS,1,36.07,4.32,167.28,0.899,0,8.5,0.15,0,16.7,16.45,0
REAL-FIELD-04268,A,CAT_797F_MANUAL,0,12.79,11.18,189.56,0.595,0.162,5.8,3.69,0,53.36,51.86,0
REAL-FIELD-04269,E,KOMATSU_930E_AHS,1,31.76,11.87,169.29,0.401,0,8.7,0.15,0,19.19,17.69,0
REAL-FIELD-04270,D,CAT_797F_MANUAL,0,18.87,9.89,123.44,0.228,0.16,5.1,4.67,0,23.55,21.14,0
REAL-FIELD-04271,E,KOMATSU_930E_AHS,1,24.35,8.69,168.82,0.245,0,3.3,0.15,0,24.96,23.07,0
REAL-FIELD-04272,C,PALA_PH_4100XPC,0,2.68,9.66,23.96,0.55,0.304,7.5,5.65,1,32.19,30.15,0
REAL-FIELD-04273,C,CAT_797F_MANUAL,0,45.13,12.03,146.41,0.885,0.32,10.4,6.48,0,11.68,10.43,0
REAL-FIELD-04274,D,PALA_PH_4100XPC,0,1.36,11.27,52.2,0.439,0.257,6.6,5.01,0,999,996.83,0
REAL-FIELD-04275,A,CAT_797F_MANUAL,0,38.93,7.56,67.26,0.578,0.218,8,6.65,0,6.22,4.51,0
REAL-FIELD-04276,E,KOMATSU_930E_AHS,1,37.54,3.98,115.95,0.494,0,8.4,0.15,0,11.12,9.85,0
REAL-FIELD-04277,B,PALA_PH_4100XPC,0,2.09,13.97,58.6,0.629,0.177,3,4.49,0,100.94,99.48,0
REAL-FIELD-04278,D,PALA_PH_4100XPC,0,3.05,10.27,151.74,0.186,0.28,9.4,5.24,0,179.1,176.22,0
REAL-FIELD-04279,D,CAT_797F_MANUAL,0,12.57,6.73,190.4,0.336,0.105,3.6,5.5,0,54.53,52.56,0
REAL-FIELD-04280,C,PALA_PH_4100XPC,0,1.68,9.38,140.48,0.24,0.324,10.7,4.27,0,999,996.13,0
REAL-FIELD-04281,A,CAT_797F_MANUAL,0,17.4,10.46,29.68,0.493,0.183,1,4.54,0,6.14,4.32,0
REAL-FIELD-04282,B,PALA_PH_4100XPC,0,3.73,10.89,144.97,0.763,0.243,7.5,4.57,0,139.92,138.6,0
REAL-FIELD-04283,A,CAT_797F_MANUAL,0,36.57,3.77,51.81,0.506,0.198,5.9,4.05,0,5.1,3.27,1
REAL-FIELD-04284,A,CAMIONETA_4x4,0,44.98,4.03,134.7,0.963,0.258,5.7,3.25,0,10.78,9.91,0
REAL-FIELD-04285,E,KOMATSU_930E_AHS,1,27.85,14.61,34.87,0.525,0,1.4,0.15,0,4.51,3.32,1
REAL-FIELD-04286,A,CAT_797F_MANUAL,0,13.8,12.99,37.69,0.478,0.175,4.4,3.21,0,9.83,8,0
REAL-FIELD-04287,A,CAT_797F_MANUAL,0,42.83,15.36,62.36,0.952,0.17,3.3,5.7,0,5.24,4.61,0
REAL-FIELD-04288,A,CAMIONETA_4x4,0,50.59,3.94,145.13,0.605,0.263,6.5,6.57,0,10.33,8.55,0
REAL-FIELD-04289,D,PALA_PH_4100XPC,0,1.54,2.59,115.62,0.395,0.183,3.1,3.95,0,999,996.94,0
REAL-FIELD-04290,B,CAMIONETA_4x4,0,28.09,7.09,17.96,0.551,0.091,3.2,1.92,0,2.3,0.9,1
REAL-FIELD-04291,E,KOMATSU_930E_AHS,1,27.61,6.67,143.43,0.698,0,6.3,0.15,0,18.7,17.94,0
REAL-FIELD-04292,E,KOMATSU_930E_AHS,1,26.97,10.17,120.82,0.343,0,0.8,0.15,0,16.13,14.49,0
REAL-FIELD-04293,E,KOMATSU_930E_AHS,1,28.92,12.67,45.62,0.936,0,4.4,0.15,0,5.68,5.52,0
REAL-FIELD-04294,A,CAT_797F_MANUAL,0,23.21,14.62,183.81,0.844,0.134,1.7,3.21,0,28.51,27.72,0
REAL-FIELD-04295,A,CAMIONETA_4x4,0,58.36,9.21,79.6,0.691,0.155,7.3,5.45,0,4.91,3.67,1
REAL-FIELD-04296,D,CAMIONETA_4x4,0,26.56,8.85,25.89,0.322,0.274,10.6,3.82,0,3.51,0.99,1
REAL-FIELD-04297,E,KOMATSU_930E_AHS,1,27.61,7.26,55.45,0.605,0,7.4,0.15,0,7.23,6.24,0
REAL-FIELD-04298,C,CAMIONETA_4x4,0,45.78,14.6,18.49,0.859,0.341,12,6.56,1,1.45,0.07,1
REAL-FIELD-04299,C,CAT_797F_MANUAL,0,36.44,12.78,180.29,0.303,0.332,11.8,3.9,0,17.81,15.07,0
REAL-FIELD-04300,B,PALA_PH_4100XPC,0,2.55,12.09,142.62,0.834,0.075,2,4.85,0,201.35,200.71,0
REAL-FIELD-04301,D,PALA_PH_4100XPC,0,0.99,4.91,121.34,0.297,0.093,1.3,2.54,0,999,996.96,0
REAL-FIELD-04302,E,KOMATSU_930E_AHS,1,35.13,12.31,99.71,0.3,0,10.3,0.15,0,10.22,8.47,0
REAL-FIELD-04303,A,CAT_797F_MANUAL,0,26.35,5.63,179.78,0.916,0.172,3.2,3.07,0,24.56,23.83,0
REAL-FIELD-04304,E,KOMATSU_930E_AHS,1,30.51,13.82,70.58,0.518,0,10.8,0.15,0,8.33,7.12,0
REAL-FIELD-04305,A,CAMIONETA_4x4,0,29.54,12.39,148.63,0.966,0.261,11.2,4.83,0,18.11,17.24,0
REAL-FIELD-04306,E,KOMATSU_930E_AHS,1,30.14,2.23,47.63,0.419,0,6.2,0.15,0,5.69,4.24,0
REAL-FIELD-04307,C,CAT_797F_MANUAL,0,24.31,5.46,27.22,0.867,0.299,11.9,4.86,3,4.03,2.8,1
REAL-FIELD-04308,A,CAT_797F_MANUAL,0,45.63,5.87,106.7,0.764,0.269,7.2,6.46,0,8.42,7.02,0
REAL-FIELD-04309,E,KOMATSU_930E_AHS,1,26.57,7.54,105.85,0.247,0,11.7,0.15,0,14.34,12.46,0
REAL-FIELD-04310,E,KOMATSU_930E_AHS,1,22.86,10.59,155.45,0.934,0,8,0.15,0,24.48,24.32,0
REAL-FIELD-04311,A,CAMIONETA_4x4,0,50.3,14.87,27.84,0.948,0.128,2.8,4.65,2,1.99,1.48,1
REAL-FIELD-04312,E,KOMATSU_930E_AHS,1,28.75,11.02,167.86,0.604,0,1.4,0.15,0,21.02,20.03,0
REAL-FIELD-04313,E,KOMATSU_930E_AHS,1,31.88,11.9,168.87,0.854,0,2.8,0.15,0,19.07,18.71,0
REAL-FIELD-04314,E,KOMATSU_930E_AHS,1,35.77,3.37,141.89,0.328,0,3.7,0.15,0,14.28,12.6,0
REAL-FIELD-04315,E,KOMATSU_930E_AHS,1,30.02,7.28,117.69,0.508,0,10,0.15,0,14.11,12.88,0
REAL-FIELD-04316,A,CAMIONETA_4x4,0,46.55,15.52,30.63,0.666,0.17,6.5,2.45,0,2.37,1.03,1
REAL-FIELD-04317,A,CAT_797F_MANUAL,0,19.32,15.11,165.99,0.913,0.146,3.3,3.86,0,30.93,30.27,0
REAL-FIELD-04318,E,KOMATSU_930E_AHS,1,36.39,3.33,12.31,0.85,0,8.7,0.15,1,1.22,0.84,1
REAL-FIELD-04319,D,CAT_797F_MANUAL,0,19.9,15.87,22.33,0.267,0.231,11,6.36,3,4.04,1.51,1
REAL-FIELD-04320,D,CAMIONETA_4x4,0,61.74,3.53,100.18,0.224,0.168,2.6,5.25,0,5.84,3.4,1
REAL-FIELD-04321,C,CAMIONETA_4x4,0,40.5,15.33,48.66,0.859,0.359,11.6,4.51,0,4.33,2.9,1
REAL-FIELD-04322,A,CAT_797F_MANUAL,0,29.4,9.12,73.71,0.999,0.156,3.3,5.8,0,9.03,8.56,0
REAL-FIELD-04323,B,CAT_797F_MANUAL,0,27.16,9.43,22.47,0.935,0.131,5,2,0,2.98,2.42,1
REAL-FIELD-04324,C,CAT_797F_MANUAL,0,24.9,8.58,72.3,0.213,0.342,10.1,5.44,0,10.45,7.46,0
REAL-FIELD-04325,B,CAT_797F_MANUAL,0,43.24,11.2,18.01,0.823,0.112,4.8,2.67,3,1.5,0.72,1
REAL-FIELD-04326,E,KOMATSU_930E_AHS,1,25.6,12.42,159.22,0.712,0,5.8,0.15,0,22.39,21.67,0
REAL-FIELD-04327,C,CAT_797F_MANUAL,0,27.15,11.64,127.39,0.631,0.282,10.2,4.44,0,16.89,15.12,0
REAL-FIELD-04328,C,CAMIONETA_4x4,0,43.96,12.61,121.5,0.465,0.326,9,6.26,0,9.95,7.63,0
REAL-FIELD-04329,E,KOMATSU_930E_AHS,1,37.84,15.18,83.43,0.868,0,10.3,0.15,0,7.94,7.61,0
REAL-FIELD-04330,A,CAT_797F_MANUAL,0,12.94,9.04,162.79,0.907,0.212,6.2,5.29,0,45.29,44.42,0
REAL-FIELD-04331,D,CAMIONETA_4x4,0,34.64,11.49,3.88,0.312,0.194,8.3,3.46,0,0.4,-1.9,1
REAL-FIELD-04332,D,CAT_797F_MANUAL,0,24.33,7.29,36.34,0.399,0.22,7.6,6.26,0,5.38,3.22,1
REAL-FIELD-04333,A,CAT_797F_MANUAL,0,48.32,15.74,151.38,0.79,0.25,10.6,5.48,0,11.28,10,0
REAL-FIELD-04334,C,CAT_797F_MANUAL,0,14.97,11.29,31.79,0.767,0.381,11.5,7.34,0,7.64,5.91,0
REAL-FIELD-04335,A,CAT_797F_MANUAL,0,31.08,9.06,182.72,0.461,0.184,6.8,4.27,0,21.16,19.26,0
REAL-FIELD-04336,B,CAT_797F_MANUAL,0,18.77,12.17,21.77,0.547,0.176,8.3,3.89,3,4.18,2.52,1
REAL-FIELD-04337,E,KOMATSU_930E_AHS,1,28.87,9.56,171.66,0.358,0,4.8,0.15,0,21.41,19.8,0
REAL-FIELD-04338,E,KOMATSU_930E_AHS,1,25.68,14.19,116.59,0.559,0,1.7,0.15,0,16.34,15.24,0
REAL-FIELD-04339,A,CAT_797F_MANUAL,0,21.97,6.56,120.68,0.949,0.213,9.6,4.46,0,19.77,19,0
REAL-FIELD-04340,E,KOMATSU_930E_AHS,1,32.89,11.68,97.99,0.522,0,7.1,0.15,0,10.73,9.54,0
REAL-FIELD-04341,D,CAT_797F_MANUAL,0,17.3,4.16,124.39,0.193,0.09,3.4,4.5,0,25.88,23.59,0
REAL-FIELD-04342,D,CAT_797F_MANUAL,0,29.3,5.05,68.97,0.369,0.133,2,5.76,0,8.47,6.49,0
REAL-FIELD-04343,E,KOMATSU_930E_AHS,1,31.33,2.01,48.68,0.226,0,5.8,0.15,0,5.59,3.66,1
REAL-FIELD-04344,D,PALA_PH_4100XPC,0,3.39,12.35,47.83,0.402,0.229,7.9,6.19,0,50.79,48.61,0
REAL-FIELD-04345,D,CAMIONETA_4x4,0,26.53,8.31,130.33,0.336,0.128,4,2.71,0,17.69,15.65,0
REAL-FIELD-04346,E,KOMATSU_930E_AHS,1,22.52,2.72,62.55,0.92,0,10.5,0.15,0,10,9.8,0
REAL-FIELD-04347,E,KOMATSU_930E_AHS,1,29.87,9.47,189.27,0.959,0,6.7,0.15,0,22.81,22.71,0
REAL-FIELD-04348,A,CAT_797F_MANUAL,0,12.96,8.99,40.37,0.562,0.229,8.4,4.02,0,11.21,9.43,0
REAL-FIELD-04349,D,CAMIONETA_4x4,0,55.97,15.41,81.15,0.448,0.226,6.3,3.47,0,5.22,3.16,1
REAL-FIELD-04350,A,CAMIONETA_4x4,0,47.32,14.78,42.21,0.789,0.141,5.6,5.01,0,3.21,2.26,1
REAL-FIELD-04351,A,CAT_797F_MANUAL,0,41.49,9.82,174.37,0.529,0.166,2.2,3.43,0,15.13,13.45,0
REAL-FIELD-04352,E,KOMATSU_930E_AHS,1,35.64,12.99,160.04,0.61,0,3.4,0.15,0,16.17,15.2,0
REAL-FIELD-04353,D,CAT_797F_MANUAL,0,32.09,15.07,178.44,0.433,0.223,8.9,5.29,0,20.02,17.93,0
REAL-FIELD-04354,A,CAMIONETA_4x4,0,40.21,5.74,45.5,0.742,0.239,11.4,5.87,0,4.07,2.71,1
REAL-FIELD-04355,D,PALA_PH_4100XPC,0,2.48,14.68,140.67,0.156,0.199,8.7,4.35,0,204.2,201.49,0
REAL-FIELD-04356,A,CAMIONETA_4x4,0,53.62,3.58,124.87,0.764,0.236,5.9,5.97,0,8.38,7.08,0
REAL-FIELD-04357,E,KOMATSU_930E_AHS,1,30.85,7.63,75.94,0.382,0,10,0.15,0,8.86,7.32,0
REAL-FIELD-04358,A,CAT_797F_MANUAL,0,26.72,9.1,107.41,0.841,0.157,2.3,2.96,0,14.47,13.6,0
REAL-FIELD-04359,E,KOMATSU_930E_AHS,1,33.11,5.48,182.34,0.228,0,2.4,0.15,0,19.83,17.9,0
REAL-FIELD-04360,A,CAMIONETA_4x4,0,56.02,5.45,93.48,0.487,0.138,5.9,4.2,0,6.01,4.31,0
REAL-FIELD-04361,E,KOMATSU_930E_AHS,1,30.53,14.85,97.11,0.728,0,6.1,0.15,0,11.45,10.77,0
REAL-FIELD-04362,E,KOMATSU_930E_AHS,1,19.08,9.62,132.94,0.551,0,11.6,0.15,0,25.08,23.96,0
REAL-FIELD-04363,E,KOMATSU_930E_AHS,1,28.37,5.05,89.99,0.912,0,11.7,0.15,0,11.42,11.2,0
REAL-FIELD-04364,B,PALA_PH_4100XPC,0,2.55,6.25,70.88,0.484,0.249,9.4,5.21,0,100.07,98.03,0
REAL-FIELD-04365,C,CAMIONETA_4x4,0,56.17,7.55,178.91,0.989,0.315,9.8,5.79,0,11.47,10.5,0
REAL-FIELD-04366,B,PALA_PH_4100XPC,0,3.52,10.85,63.3,0.556,0.156,2.2,3.64,0,64.74,63.16,0
REAL-FIELD-04367,A,CAT_797F_MANUAL,0,33.46,8.6,27.5,0.711,0.203,5.1,5.68,2,2.96,1.63,1
REAL-FIELD-04368,E,KOMATSU_930E_AHS,1,26.49,5.86,52.78,0.349,0,2.1,0.15,0,7.17,5.54,0
REAL-FIELD-04369,A,CAT_797F_MANUAL,0,16.78,10.88,148.67,0.709,0.264,7.6,5.81,0,31.9,30.38,0
REAL-FIELD-04370,A,CAT_797F_MANUAL,0,48.92,12.5,67.09,0.852,0.226,7.2,5.5,0,4.94,3.89,1
REAL-FIELD-04371,D,CAT_797F_MANUAL,0,46.51,4.05,160.29,0.411,0.215,3.3,4.47,0,12.41,10.29,0
REAL-FIELD-04372,D,CAT_797F_MANUAL,0,35.09,6.84,110.05,0.291,0.139,4.4,3.91,0,11.29,9.1,0
REAL-FIELD-04373,E,KOMATSU_930E_AHS,1,27.85,4.78,69.97,0.583,0,10.5,0.15,0,9.04,8,0
REAL-FIELD-04374,B,PALA_PH_4100XPC,0,2.37,14.15,155.75,0.943,0.272,8.4,4.27,0,236.58,235.62,0
REAL-FIELD-04375,A,CAMIONETA_4x4,0,25.04,14.99,183.9,0.508,0.124,4.7,3.36,0,26.44,24.84,0
REAL-FIELD-04376,B,PALA_PH_4100XPC,0,3.48,5.24,37.27,0.613,0.081,1.1,1.84,0,38.56,37.35,0
REAL-FIELD-04377,E,KOMATSU_930E_AHS,1,35.09,11.99,49.4,0.737,0,4.3,0.15,0,5.07,4.41,0
REAL-FIELD-04378,C,CAT_797F_MANUAL,0,17.43,4.47,28.52,0.295,0.29,6.9,5.41,1,5.89,3.26,1
REAL-FIELD-04379,B,PALA_PH_4100XPC,0,3.84,11.03,68.52,0.69,0.213,3,6.19,0,64.24,62.83,0
REAL-FIELD-04380,D,CAT_797F_MANUAL,0,21.15,11.23,65.31,0.253,0.147,4.3,4.72,0,11.12,8.81,0
REAL-FIELD-04381,B,CAT_797F_MANUAL,0,39.91,6.24,17.8,0.979,0.201,5.2,5.03,3,1.61,0.95,1
REAL-FIELD-04382,B,PALA_PH_4100XPC,0,1.15,4.76,109.82,0.529,0.182,4.3,2.43,0,999,997.28,0
REAL-FIELD-04383,A,CAT_797F_MANUAL,0,34.22,7.67,179.29,0.573,0.23,3.8,6.09,0,18.86,17.1,0
REAL-FIELD-04384,C,CAMIONETA_4x4,0,42.1,11.44,12.92,0.169,0.329,10.2,5.72,1,1.1,-1.96,1
REAL-FIELD-04385,A,CAT_797F_MANUAL,0,21.02,5.21,77.86,0.481,0.141,0.7,5.31,0,13.33,11.61,0
REAL-FIELD-04386,E,KOMATSU_930E_AHS,1,30.66,11.7,160.33,0.825,0,4.3,0.15,0,18.83,18.39,0
REAL-FIELD-04387,D,PALA_PH_4100XPC,0,0.38,15.32,143.37,0.39,0.147,5,2.03,0,999,997.03,0
REAL-FIELD-04388,A,CAT_797F_MANUAL,0,17.79,9.75,25.94,0.961,0.263,7,6.85,3,5.25,4.36,0
REAL-FIELD-04389,A,CAT_797F_MANUAL,0,20.38,3.83,63.5,0.828,0.266,11.8,4.72,0,11.22,9.99,0
REAL-FIELD-04390,D,CAT_797F_MANUAL,0,36.62,13.88,60.28,0.261,0.133,0.8,3.21,0,5.93,3.68,1
REAL-FIELD-04391,C,CAT_797F_MANUAL,0,47.27,14.54,16.67,0.321,0.355,10.2,4.79,1,1.27,-1.49,1
REAL-FIELD-04392,D,PALA_PH_4100XPC,0,1.08,2.86,32.5,0.224,0.161,6.4,6.03,0,999,996.58,0
REAL-FIELD-04393,E,KOMATSU_930E_AHS,1,29.49,4.78,89.23,0.402,0,11.6,0.15,0,10.89,9.4,0
REAL-FIELD-04394,E,KOMATSU_930E_AHS,1,35.86,4.63,114.76,0.292,0,10.2,0.15,0,11.52,9.75,0
REAL-FIELD-04395,D,CAT_797F_MANUAL,0,32.07,8.52,118.76,0.395,0.21,10.1,4.22,0,13.33,11.19,0
REAL-FIELD-04396,E,KOMATSU_930E_AHS,1,27.73,5.23,182.84,0.341,0,8.8,0.15,0,23.74,22.09,0
REAL-FIELD-04397,B,CAT_797F_MANUAL,0,47.21,6.59,12.25,0.627,0.122,4.4,2.32,1,0.93,-0.37,1
REAL-FIELD-04398,A,CAT_797F_MANUAL,0,43.39,10.84,179.49,0.599,0.191,4,4.01,0,14.89,13.31,0
REAL-FIELD-04399,A,CAT_797F_MANUAL,0,21.58,2.77,62.29,0.833,0.254,5.7,4.05,0,10.39,9.21,0
REAL-FIELD-04400,E,KOMATSU_930E_AHS,1,33.05,8.53,5.51,0.442,0,3.4,0.15,2,0.6,-0.8,1
REAL-FIELD-04401,C,PALA_PH_4100XPC,0,2.47,9.91,29.48,0.173,0.308,10,7.07,2,42.97,39.98,0
REAL-FIELD-04402,E,KOMATSU_930E_AHS,1,27.25,4.85,22.94,0.895,0,2.8,0.15,0,3.03,2.77,1
REAL-FIELD-04403,B,PALA_PH_4100XPC,0,3.72,15.61,129.34,0.857,0.186,1.9,3.09,0,125.17,124.25,0
REAL-FIELD-04404,C,CAT_797F_MANUAL,0,44.84,7.49,133,0.586,0.319,9,6.08,0,10.68,8.69,0
REAL-FIELD-04405,A,CAT_797F_MANUAL,0,16.05,14.76,144.21,0.587,0.136,4.8,4.08,0,32.35,30.91,0
REAL-FIELD-04406,A,CAT_797F_MANUAL,0,23.79,7.86,191.03,0.493,0.096,1.1,4.97,0,28.91,27.35,0
REAL-FIELD-04407,C,CAT_797F_MANUAL,0,18.86,9.19,64.17,0.368,0.37,11,6.17,0,12.25,9.56,0
REAL-FIELD-04408,E,KOMATSU_930E_AHS,1,37.14,12.07,186.12,0.409,0,2.7,0.15,0,18.04,16.56,0
REAL-FIELD-04409,E,KOMATSU_930E_AHS,1,30.93,9.95,167.5,0.277,0,12,0.15,0,19.5,17.69,0
REAL-FIELD-04410,A,CAMIONETA_4x4,0,42.52,6.45,89.66,0.78,0.189,5.3,4.48,0,7.59,6.47,0
REAL-FIELD-04411,B,PALA_PH_4100XPC,0,3.54,12.89,52.26,0.57,0.201,6.4,3.84,0,53.15,51.47,0
REAL-FIELD-04412,D,CAT_797F_MANUAL,0,33.76,6.76,29.98,0.249,0.125,5.3,3.98,0,3.2,0.95,1
REAL-FIELD-04413,A,CAT_797F_MANUAL,0,21.52,15.95,159.03,0.806,0.198,5.3,6.08,0,26.6,25.52,0
REAL-FIELD-04414,D,CAT_797F_MANUAL,0,46.65,13.22,166.87,0.199,0.278,7.2,5,0,12.88,10.04,0
REAL-FIELD-04415,E,KOMATSU_930E_AHS,1,33.79,13.25,37.02,0.541,0,5.9,0.15,0,3.94,2.79,1
REAL-FIELD-04416,B,PALA_PH_4100XPC,0,3.06,4.19,83.27,0.996,0.14,6.5,5.43,0,97.96,97.53,0
REAL-FIELD-04417,E,KOMATSU_930E_AHS,1,26.15,12.65,155.31,0.589,0,2.4,0.15,0,21.38,20.35,0
REAL-FIELD-04418,E,KOMATSU_930E_AHS,1,32.02,15.05,91.18,0.354,0,4.6,0.15,0,10.25,8.64,0
REAL-FIELD-04419,C,CAT_797F_MANUAL,0,34.97,10.68,92.28,0.292,0.313,11.9,6.48,0,9.5,6.79,0
REAL-FIELD-04420,E,KOMATSU_930E_AHS,1,30.57,5.5,74.86,0.315,0,9.2,0.15,0,8.82,7.11,0
REAL-FIELD-04421,E,KOMATSU_930E_AHS,1,22.61,11.31,69.43,0.513,0,0.6,0.15,0,11.05,9.83,0
REAL-FIELD-04422,D,CAMIONETA_4x4,0,43.63,7.11,77.86,0.236,0.092,3.4,4.11,0,6.42,4.23,0
REAL-FIELD-04423,A,CAMIONETA_4x4,0,54.14,14,67.54,0.948,0.103,1.7,2.27,0,4.49,4.05,0
REAL-FIELD-04424,D,CAT_797F_MANUAL,0,38.09,5.58,3.53,0.172,0.126,3.9,5.43,2,0.33,-2.12,1
REAL-FIELD-04425,E,KOMATSU_930E_AHS,1,33.24,11.86,51.37,0.181,0,7.2,0.15,0,5.56,3.51,1
REAL-FIELD-04426,D,CAT_797F_MANUAL,0,20.66,8.55,123.06,0.354,0.132,3.1,5.46,0,21.44,19.43,0
REAL-FIELD-04427,C,CAMIONETA_4x4,0,56.42,12.72,170.61,0.806,0.288,11,3.76,0,10.89,9.54,0
REAL-FIELD-04428,E,KOMATSU_930E_AHS,1,23.56,3.2,188.82,0.23,0,5.4,0.15,0,28.85,26.92,0
REAL-FIELD-04429,D,CAMIONETA_4x4,0,47.65,5.61,87.8,0.351,0.279,8.8,4.5,0,6.63,4.17,0
REAL-FIELD-04430,D,CAMIONETA_4x4,0,51.25,12.23,55.11,0.407,0.274,8.7,6.1,0,3.87,1.57,1
REAL-FIELD-04431,D,CAMIONETA_4x4,0,59.92,6.46,68.45,0.213,0.151,2.8,3.41,0,4.11,1.69,1
REAL-FIELD-04432,A,CAT_797F_MANUAL,0,21.41,15.21,100.51,0.451,0.144,5.4,2.17,0,16.9,15.1,0
REAL-FIELD-04433,E,KOMATSU_930E_AHS,1,30.28,5.39,168.62,0.468,0,9.6,0.15,0,20.05,18.72,0
REAL-FIELD-04434,A,CAMIONETA_4x4,0,49.67,5.68,122.28,0.88,0.068,1.4,3.17,0,8.86,8.36,0
REAL-FIELD-04435,E,KOMATSU_930E_AHS,1,32.56,8.46,134.42,0.434,0,2.4,0.15,0,14.86,13.44,0
REAL-FIELD-04436,E,KOMATSU_930E_AHS,1,32.99,6.9,152.49,0.206,0,10.9,0.15,0,16.64,14.66,0
REAL-FIELD-04437,A,CAT_797F_MANUAL,0,49.57,12.86,28.69,0.955,0.221,6.7,5.4,0,2.08,1.3,1
REAL-FIELD-04438,E,KOMATSU_930E_AHS,1,27.39,12.65,67.85,0.278,0,11.2,0.15,0,8.92,7.12,0
REAL-FIELD-04439,E,KOMATSU_930E_AHS,1,19.64,8.24,67.77,0.537,0,2.8,0.15,0,12.42,11.26,0
REAL-FIELD-04440,E,KOMATSU_930E_AHS,1,30.8,5.02,12.86,0.714,0,1.6,0.15,2,1.5,0.78,1
REAL-FIELD-04441,B,PALA_PH_4100XPC,0,1.05,8.37,156.11,0.547,0.134,6.2,5.33,0,999,997.47,0
REAL-FIELD-04442,C,CAT_797F_MANUAL,0,37.88,6.43,108.17,0.558,0.317,8.7,4.7,0,10.28,8.22,0
REAL-FIELD-04443,C,PALA_PH_4100XPC,0,1.4,4.56,48.16,0.992,0.306,8.2,5.34,0,999,998.06,0
REAL-FIELD-04444,E,KOMATSU_930E_AHS,1,32.16,11.09,69.26,0.626,0,1.5,0.15,0,7.75,6.82,0
REAL-FIELD-04445,D,CAT_797F_MANUAL,0,29.09,9.27,54.96,0.189,0.121,5.4,5.53,0,6.8,4.41,0
REAL-FIELD-04446,A,CAMIONETA_4x4,0,49.96,14.98,154.21,0.961,0.194,9.3,6.05,0,11.11,10.43,0
REAL-FIELD-04447,D,PALA_PH_4100XPC,0,3.75,12.08,184.82,0.449,0.232,4.1,5.88,0,177.43,175.36,0
REAL-FIELD-04448,E,KOMATSU_930E_AHS,1,19.43,7.03,4.74,0.316,0,9.2,0.15,0,0.88,-0.83,1
REAL-FIELD-04449,E,KOMATSU_930E_AHS,1,24.27,2.62,78.54,0.887,0,0.9,0.15,0,11.65,11.37,0
REAL-FIELD-04450,A,CAT_797F_MANUAL,0,37.27,8.93,49.4,0.783,0.209,6,3.83,0,4.77,3.6,1
REAL-FIELD-04451,C,CAT_797F_MANUAL,0,39.11,3.95,83.03,0.753,0.345,11.9,6.46,0,7.64,5.99,0
REAL-FIELD-04452,E,KOMATSU_930E_AHS,1,32.64,15.59,105.61,0.791,0,10.4,0.15,0,11.65,11.13,0
REAL-FIELD-04453,D,CAMIONETA_4x4,0,27.48,2.07,147.44,0.248,0.241,9.8,4.84,0,19.32,16.72,0
REAL-FIELD-04454,A,CAMIONETA_4x4,0,38.95,4.21,167.74,0.586,0.12,3.6,4.55,0,15.5,14.1,0
REAL-FIELD-04455,E,KOMATSU_930E_AHS,1,34.72,7.37,89.36,0.332,0,4.6,0.15,0,9.27,7.6,0
REAL-FIELD-04456,D,CAT_797F_MANUAL,0,34.34,8.8,149.36,0.264,0.141,0.8,3.16,0,15.66,13.4,0
REAL-FIELD-04457,E,KOMATSU_930E_AHS,1,24.53,5.92,67.77,0.736,0,5.4,0.15,0,9.95,9.29,0
REAL-FIELD-04458,C,CAT_797F_MANUAL,0,49.43,7.06,138.66,0.18,0.3,8.7,6.59,0,10.1,7.15,0
REAL-FIELD-04459,A,CAT_797F_MANUAL,0,44.01,8.66,86.03,0.492,0.235,10.7,3.39,0,7.04,5.06,0
REAL-FIELD-04460,A,CAT_797F_MANUAL,0,23.4,11.12,120.27,0.868,0.158,5.3,3.46,0,18.5,17.7,0
REAL-FIELD-04461,E,KOMATSU_930E_AHS,1,23.01,12.81,116.61,0.949,0,10.1,0.15,0,18.24,18.11,0
REAL-FIELD-04462,E,KOMATSU_930E_AHS,1,21.45,10.17,154.24,0.553,0,7.6,0.15,0,25.89,24.77,0
REAL-FIELD-04463,E,KOMATSU_930E_AHS,1,31.39,7.87,98.4,0.621,0,5.6,0.15,0,11.29,10.34,0
REAL-FIELD-04464,A,CAT_797F_MANUAL,0,36.43,6.13,135.51,0.678,0.23,9.9,3.97,0,13.39,11.9,0
REAL-FIELD-04465,C,CAT_797F_MANUAL,0,49.24,11.66,16.81,0.647,0.308,9.9,3.65,3,1.23,-0.58,1
REAL-FIELD-04466,D,CAMIONETA_4x4,0,32.8,13.64,84.98,0.367,0.221,4,5.14,0,9.33,7.08,0
REAL-FIELD-04467,E,KOMATSU_930E_AHS,1,28.08,11.24,95.5,0.899,0,2.2,0.15,0,12.24,11.99,0
REAL-FIELD-04468,C,CAT_797F_MANUAL,0,27.1,3.29,123.03,0.192,0.331,11.8,7.62,0,16.34,13.33,0
REAL-FIELD-04469,E,KOMATSU_930E_AHS,1,30.97,11.26,118.36,0.56,0,6.4,0.15,0,13.76,12.66,0
REAL-FIELD-04470,A,CAT_797F_MANUAL,0,36.78,14.76,89.9,0.688,0.247,7.8,4.37,0,8.8,7.28,0
REAL-FIELD-04471,E,KOMATSU_930E_AHS,1,35.87,7.43,191.43,0.867,0,0.7,0.15,0,19.21,18.88,0
REAL-FIELD-04472,E,KOMATSU_930E_AHS,1,31.66,10.84,132.82,0.234,0,6.7,0.15,0,15.1,13.18,0
REAL-FIELD-04473,B,CAT_797F_MANUAL,0,19.11,12.21,17.9,0.972,0.064,1.1,5.09,0,3.37,3.11,1
REAL-FIELD-04474,D,CAT_797F_MANUAL,0,41.26,11.07,158.88,0.441,0.226,5,5.13,0,13.86,11.78,0
REAL-FIELD-04475,A,CAT_797F_MANUAL,0,44.44,5.45,114.4,0.756,0.224,9.5,3.72,0,9.27,7.99,0
REAL-FIELD-04476,A,CAT_797F_MANUAL,0,17.17,10.6,107.5,0.769,0.18,0.7,4.33,0,22.54,21.42,0
REAL-FIELD-04477,A,CAMIONETA_4x4,0,44.03,2.34,178.33,0.858,0.218,6.1,4.59,0,14.58,13.57,0
REAL-FIELD-04478,E,KOMATSU_930E_AHS,1,29.1,8.06,26.44,0.779,0,2.5,0.15,2,3.27,2.72,1
REAL-FIELD-04479,E,KOMATSU_930E_AHS,1,19.81,8,160.61,0.875,0,11.5,0.15,0,29.19,28.88,0
REAL-FIELD-04480,C,CAT_797F_MANUAL,0,27.43,9.42,161.53,0.923,0.305,11.1,5.3,0,21.2,20.09,0
REAL-FIELD-04481,A,CAT_797F_MANUAL,0,18.31,13.08,29.64,0.897,0.263,10.2,6.5,0,5.83,4.78,0
REAL-FIELD-04482,D,PALA_PH_4100XPC,0,1.11,12.75,4.92,0.284,0.114,4.5,3.66,0,999,996.87,0
REAL-FIELD-04483,E,KOMATSU_930E_AHS,1,37.9,14.76,124.07,0.65,0,2.2,0.15,0,11.79,10.92,0
REAL-FIELD-04484,E,KOMATSU_930E_AHS,1,37.75,4.85,120.49,0.484,0,12,0.15,0,11.49,10.2,0
REAL-FIELD-04485,E,KOMATSU_930E_AHS,1,31.13,15.12,29.54,0.565,0,3.6,0.15,2,3.42,2.33,1
REAL-FIELD-04486,D,CAT_797F_MANUAL,0,37.09,5.48,154.34,0.431,0.262,8.7,3.46,0,14.98,12.77,0
REAL-FIELD-04487,D,CAMIONETA_4x4,0,30.29,2.81,89.39,0.43,0.078,0.8,3.46,0,10.62,8.96,0
REAL-FIELD-04488,E,KOMATSU_930E_AHS,1,26.59,10.09,125.18,0.562,0,10.7,0.15,0,16.95,15.86,0
REAL-FIELD-04489,E,KOMATSU_930E_AHS,1,33.05,8.29,147.62,0.263,0,7.6,0.15,0,16.08,14.24,0
REAL-FIELD-04490,C,PALA_PH_4100XPC,0,3.48,11.37,18.51,0.782,0.309,10.9,7.49,0,19.15,17.68,0
REAL-FIELD-04491,A,CAT_797F_MANUAL,0,23.64,14.22,116.24,0.635,0.048,1,3.22,0,17.7,16.64,0
REAL-FIELD-04492,A,CAMIONETA_4x4,0,50.41,9.81,73.42,0.482,0.168,7.6,4.94,0,5.24,3.44,1
REAL-FIELD-04493,E,KOMATSU_930E_AHS,1,20.28,7.62,7.27,0.571,0,4.5,0.15,2,1.29,0.22,1
REAL-FIELD-04494,A,CAMIONETA_4x4,0,34.66,3.03,92.28,0.98,0.243,8.7,4.65,0,9.58,8.8,0
REAL-FIELD-04495,A,CAT_797F_MANUAL,0,42.37,7.74,26.38,0.75,0.176,1,5.65,1,2.24,1.09,1
REAL-FIELD-04496,E,KOMATSU_930E_AHS,1,19.85,10.05,50.42,0.524,0,3.4,0.15,0,9.14,7.95,0
REAL-FIELD-04497,E,KOMATSU_930E_AHS,1,25.86,2.78,153.32,0.313,0,11.4,0.15,0,21.34,19.62,0
REAL-FIELD-04498,A,CAT_797F_MANUAL,0,41.18,12.31,57.97,0.714,0.241,4.1,5.29,0,5.07,3.63,1
REAL-FIELD-04499,E,KOMATSU_930E_AHS,1,22.54,5.42,27.45,0.2,0,7.3,0.15,3,4.38,2.38,1
REAL-FIELD-04500,A,CAMIONETA_4x4,0,49.38,4.79,108.2,0.532,0.219,4,4.6,0,7.89,6.06,0
REAL-FIELD-04501,A,CAT_797F_MANUAL,0,37.95,13.41,158.47,0.881,0.25,7.2,5.53,0,15.03,13.98,0
REAL-FIELD-04502,A,CAT_797F_MANUAL,0,25.7,9.67,124.97,0.479,0.175,5.3,4.65,0,17.51,15.68,0
REAL-FIELD-04503,A,CAMIONETA_4x4,0,62.19,10.5,57.04,0.871,0.151,5.6,5.4,0,3.3,2.52,1
REAL-FIELD-04504,A,CAT_797F_MANUAL,0,37.6,7.73,81.63,0.653,0.238,7.8,6.67,0,7.82,6.24,0
REAL-FIELD-04505,A,CAMIONETA_4x4,0,34.84,5.94,189.3,0.576,0.171,2.2,2.22,0,19.56,17.99,0
REAL-FIELD-04506,E,KOMATSU_930E_AHS,1,30.22,14.49,135.68,0.187,0,7,0.15,0,16.16,14.13,0
REAL-FIELD-04507,E,KOMATSU_930E_AHS,1,29.35,5.61,117.06,0.724,0,5.9,0.15,0,14.36,13.67,0
REAL-FIELD-04508,E,KOMATSU_930E_AHS,1,29.03,10.81,109.76,0.568,0,11.6,0.15,0,13.61,12.53,0
REAL-FIELD-04509,C,PALA_PH_4100XPC,0,0.75,4.43,48.88,0.185,0.284,7.4,5.74,0,999,996.11,0
REAL-FIELD-04510,D,PALA_PH_4100XPC,0,0.51,3.89,79.58,0.233,0.22,8.9,5.12,0,999,996.42,0
REAL-FIELD-04511,B,PALA_PH_4100XPC,0,0.95,9.76,96.59,0.833,0.15,6.1,5.37,0,999,998.13,0
REAL-FIELD-04512,D,CAT_797F_MANUAL,0,49.68,15.49,9.04,0.363,0.204,4.9,5.42,2,0.66,-1.54,1
REAL-FIELD-04513,A,CAT_797F_MANUAL,0,32.84,13.59,65.75,0.634,0.218,3.9,4.45,0,7.21,5.64,0
REAL-FIELD-04514,A,CAMIONETA_4x4,0,41.04,8.05,165.44,0.577,0.263,11.4,3.49,0,14.51,12.66,0
REAL-FIELD-04515,D,PALA_PH_4100XPC,0,1.57,2.11,192.91,0.288,0.097,3.7,2.8,0,999,996.93,0
REAL-FIELD-04516,D,CAT_797F_MANUAL,0,13.89,10.88,159.99,0.447,0.174,4.3,3.9,0,41.47,39.57,0
REAL-FIELD-04517,A,CAMIONETA_4x4,0,46.41,6.82,135.15,0.811,0.21,4.9,3.64,0,10.48,9.38,0
REAL-FIELD-04518,E,KOMATSU_930E_AHS,1,25.22,10.88,136.35,0.498,0,4,0.15,0,19.46,18.21,0
REAL-FIELD-04519,E,KOMATSU_930E_AHS,1,18.32,13.27,33.49,0.611,0,3.2,0.15,0,6.58,5.61,0
REAL-FIELD-04520,B,PALA_PH_4100XPC,0,1.96,7.2,22.6,0.563,0.17,6.2,4.28,0,41.51,39.91,0
REAL-FIELD-04521,C,CAT_797F_MANUAL,0,15.57,9.34,178.57,0.164,0.368,11.3,6.59,0,41.29,38.1,0
REAL-FIELD-04522,E,KOMATSU_930E_AHS,1,24.25,8.39,140.79,0.785,0,4.5,0.15,0,20.9,20.36,0
REAL-FIELD-04523,B,PALA_PH_4100XPC,0,2.58,7.05,178.2,0.817,0.239,6.9,2.97,0,248.65,247.48,0
REAL-FIELD-04524,A,CAT_797F_MANUAL,0,41.9,5.65,136.81,0.512,0.106,2.7,2.4,0,11.75,10.21,0
REAL-FIELD-04525,A,CAT_797F_MANUAL,0,17.23,4.06,117.18,0.693,0.102,3.6,4.63,0,24.48,23.41,0
REAL-FIELD-04526,D,CAT_797F_MANUAL,0,25.7,9.7,81.5,0.383,0.222,10.3,4.77,0,11.42,9.21,0
REAL-FIELD-04527,D,CAMIONETA_4x4,0,30.39,9.97,89.86,0.256,0.219,7.1,6.53,0,10.64,8.12,0
REAL-FIELD-04528,A,CAT_797F_MANUAL,0,49.73,14.67,143.08,0.714,0.172,4.1,5.21,0,10.36,9.13,0
REAL-FIELD-04529,A,CAT_797F_MANUAL,0,24.22,2.42,63.54,0.641,0.167,2.2,4.31,0,9.44,8.04,0
REAL-FIELD-04530,E,KOMATSU_930E_AHS,1,29.66,9.41,83.58,0.159,0,2.9,0.15,0,10.14,8.04,0
REAL-FIELD-04531,B,PALA_PH_4100XPC,0,1.36,11.82,145.28,0.779,0.183,3.8,5.47,0,999,997.9,0
REAL-FIELD-04532,A,CAT_797F_MANUAL,0,38.93,11.49,38.72,0.626,0.219,7.9,4.18,0,3.58,1.99,1
REAL-FIELD-04533,C,CAT_797F_MANUAL,0,15.07,13.84,155.56,0.194,0.353,11.5,7.1,0,37.16,34.09,0
REAL-FIELD-04534,B,CAMIONETA_4x4,0,56.07,8.06,9.53,0.933,0.15,6.7,2.14,0,0.61,-0.01,1
REAL-FIELD-04535,B,PALA_PH_4100XPC,0,0.98,9.9,9.84,0.927,0.185,7.1,2.85,1,999,998.26,0
REAL-FIELD-04536,D,CAT_797F_MANUAL,0,36.35,7.46,114.43,0.204,0.09,2.5,3.27,0,11.33,9.07,0
REAL-FIELD-04537,E,KOMATSU_930E_AHS,1,29.57,4.91,32.23,0.826,0,6.5,0.15,0,3.92,3.48,1
REAL-FIELD-04538,C,CAMIONETA_4x4,0,55.96,14.91,164.68,0.65,0.292,10.4,6.08,0,10.59,8.84,0
REAL-FIELD-04539,E,KOMATSU_930E_AHS,1,22.79,12.14,78.96,0.828,0,4.4,0.15,0,12.47,12.04,0
REAL-FIELD-04540,A,CAT_797F_MANUAL,0,31.33,10.61,131.93,0.553,0.254,8.7,3.55,0,15.16,13.28,0
REAL-FIELD-04541,E,KOMATSU_930E_AHS,1,22.62,7.17,166.59,0.794,0,1.4,0.15,0,26.51,26,0
REAL-FIELD-04542,E,KOMATSU_930E_AHS,1,27.15,12.37,132.56,0.533,0,1,0.15,0,17.58,16.41,0
REAL-FIELD-04543,C,CAT_797F_MANUAL,0,15.78,11.1,75.2,0.606,0.284,8.7,5.97,0,17.16,15.32,0
REAL-FIELD-04544,A,CAMIONETA_4x4,0,30.71,14.07,129.1,0.47,0.244,10,6.7,0,15.13,13.07,0
REAL-FIELD-04545,D,CAMIONETA_4x4,0,45.11,11.52,18.19,0.173,0.24,9.8,5.66,3,1.45,-1.34,1
REAL-FIELD-04546,A,CAT_797F_MANUAL,0,29.77,2.94,38.03,0.574,0.181,1,5.34,0,4.6,2.99,1
REAL-FIELD-04547,D,CAT_797F_MANUAL,0,15.82,14.02,47.63,0.271,0.192,9.2,5.77,0,10.84,8.44,0
REAL-FIELD-04548,C,CAT_797F_MANUAL,0,26.96,7.17,137.1,0.562,0.346,11.2,6.59,0,18.31,16.18,0
REAL-FIELD-04549,E,KOMATSU_930E_AHS,1,22.23,2.02,73.45,0.162,0,3.9,0.15,0,11.89,9.8,0
REAL-FIELD-04550,B,PALA_PH_4100XPC,0,3.83,14.58,156.69,0.669,0.165,3.1,5.41,0,147.28,145.96,0
REAL-FIELD-04551,E,KOMATSU_930E_AHS,1,34.4,12,120.69,0.653,0,2.4,0.15,0,12.63,11.76,0
REAL-FIELD-04552,D,CAT_797F_MANUAL,0,39.68,7.42,178.1,0.201,0.172,2.7,5.73,0,16.16,13.65,0
REAL-FIELD-04553,A,CAT_797F_MANUAL,0,41.48,5.39,35.96,0.712,0.219,5.2,3.84,0,3.12,1.74,1
REAL-FIELD-04554,D,CAT_797F_MANUAL,0,33.98,12.4,181.75,0.381,0.27,10.9,4.53,0,19.26,16.9,0
REAL-FIELD-04555,C,CAT_797F_MANUAL,0,42.09,5.46,62.42,0.781,0.293,6.8,6.89,0,5.34,3.91,1
REAL-FIELD-04556,A,CAT_797F_MANUAL,0,36.27,10.07,148.46,0.851,0.092,1.4,4.72,0,14.74,14.09,0
REAL-FIELD-04557,E,KOMATSU_930E_AHS,1,37.03,10.91,26.33,0.632,0,5.5,0.15,1,2.56,1.64,1
REAL-FIELD-04558,C,CAT_797F_MANUAL,0,25.81,12.91,28.89,0.895,0.301,8,4.23,1,4.03,2.86,1
REAL-FIELD-04559,C,PALA_PH_4100XPC,0,1.07,15.19,72.88,0.265,0.31,9.4,5.11,0,999,996.23,0
REAL-FIELD-04560,B,PALA_PH_4100XPC,0,0.09,13.66,178.68,0.544,0.271,11.5,6.88,0,999,997.05,0
REAL-FIELD-04561,A,CAT_797F_MANUAL,0,24.17,5.69,43.58,0.802,0.213,8.7,2.9,0,6.49,5.36,0
REAL-FIELD-04562,C,CAT_797F_MANUAL,0,26.4,12.77,165.43,0.991,0.285,8.4,4.94,0,22.56,21.68,0
REAL-FIELD-04563,B,CAT_797F_MANUAL,0,41.3,6.3,10.91,0.9,0.203,3.3,5.98,1,0.95,0.09,1
REAL-FIELD-04564,E,KOMATSU_930E_AHS,1,28.86,6.87,40.95,0.915,0,9.9,0.15,0,5.11,4.9,0
REAL-FIELD-04565,A,CAMIONETA_4x4,0,61.4,6.53,112.32,0.929,0.111,2.6,1.85,0,6.59,6.08,0
REAL-FIELD-04566,C,CAT_797F_MANUAL,0,45.26,4.51,146.62,0.153,0.283,11.2,3.91,0,11.66,8.69,0
REAL-FIELD-04567,A,CAT_797F_MANUAL,0,28.6,9.72,134.58,0.706,0.082,3.1,1.65,0,16.94,15.96,0
REAL-FIELD-04568,E,KOMATSU_930E_AHS,1,26.01,14.25,112.56,0.243,0,8.3,0.15,0,15.58,13.69,0
REAL-FIELD-04569,B,PALA_PH_4100XPC,0,3.95,8.7,183.68,0.989,0.091,0.9,2.08,0,167.4,167.1,0
REAL-FIELD-04570,E,KOMATSU_930E_AHS,1,21.9,8.78,49.74,0.999,0,0.6,0.15,0,8.18,8.18,0
REAL-FIELD-04571,A,CAT_797F_MANUAL,0,14.32,14.03,80.65,0.832,0.166,5.8,5.8,0,20.28,19.36,0
REAL-FIELD-04572,E,KOMATSU_930E_AHS,1,22.15,4.31,124.98,0.934,0,3.3,0.15,0,20.31,20.14,0
REAL-FIELD-04573,A,CAT_797F_MANUAL,0,31.62,6.25,137.91,0.959,0.128,4.6,2.54,0,15.7,15.21,0
REAL-FIELD-04574,A,CAT_797F_MANUAL,0,14,15.2,70.72,0.813,0.197,1.8,3.89,0,18.19,17.13,0
REAL-FIELD-04575,D,CAT_797F_MANUAL,0,27.49,5.19,8.48,0.163,0.204,5.6,4.41,0,1.11,-1.59,1
REAL-FIELD-04576,E,KOMATSU_930E_AHS,1,26.38,13.32,67.6,0.381,0,9.5,0.15,0,9.23,7.68,0
REAL-FIELD-04577,C,CAT_797F_MANUAL,0,16.15,3.72,21.16,0.969,0.334,10.8,5.02,3,4.72,3.64,1
REAL-FIELD-04578,A,CAMIONETA_4x4,0,54.79,13.3,91.49,0.529,0.195,8.3,6.26,0,6.01,4.25,0
REAL-FIELD-04579,A,CAT_797F_MANUAL,0,49.98,12.6,81.71,0.909,0.171,3.1,6.11,0,5.89,5.15,0
REAL-FIELD-04580,D,PALA_PH_4100XPC,0,3.74,6.21,181.87,0.445,0.21,10.3,3.67,0,175.06,173.04,0
REAL-FIELD-04581,E,KOMATSU_930E_AHS,1,22.94,11.19,6.16,0.995,0,5.8,0.15,1,0.97,0.96,1
REAL-FIELD-04582,E,KOMATSU_930E_AHS,1,21.55,3.96,128.05,0.774,0,0.5,0.15,0,21.39,20.82,0
REAL-FIELD-04583,D,CAT_797F_MANUAL,0,48.98,5.75,165.41,0.191,0.09,3.6,5.12,0,12.16,9.87,0
REAL-FIELD-04584,C,CAT_797F_MANUAL,0,46.06,8.52,190.69,0.197,0.354,10.1,6.83,0,14.9,11.83,0
REAL-FIELD-04585,E,KOMATSU_930E_AHS,1,18.49,12.89,105.64,0.887,0,2.8,0.15,0,20.57,20.29,0
REAL-FIELD-04586,C,CAT_797F_MANUAL,0,17.11,15.44,160.27,0.631,0.289,7.9,6.25,0,33.72,31.93,0
REAL-FIELD-04587,A,CAT_797F_MANUAL,0,48.93,5.38,161.8,0.667,0.2,4.3,4.47,0,11.9,10.47,0
REAL-FIELD-04588,D,PALA_PH_4100XPC,0,2.94,5.33,129.93,0.176,0.271,9.2,3.23,0,159.1,156.23,0
REAL-FIELD-04589,E,KOMATSU_930E_AHS,1,29.92,3.68,172.71,0.723,0,1.8,0.15,0,20.78,20.09,0
REAL-FIELD-04590,A,CAMIONETA_4x4,0,32.36,3.87,27.48,0.959,0.191,2,3.29,0,3.06,2.38,1
REAL-FIELD-04591,A,CAT_797F_MANUAL,0,16.02,9.01,156.83,0.57,0.22,9.1,3.62,0,35.24,33.51,0
REAL-FIELD-04592,E,KOMATSU_930E_AHS,1,18.47,2.15,45.08,0.188,0,4,0.15,0,8.79,6.76,0
REAL-FIELD-04593,A,CAT_797F_MANUAL,0,18.38,5.65,113.83,0.961,0.263,5.3,5.22,0,22.3,21.41,0
REAL-FIELD-04594,D,CAMIONETA_4x4,0,26.58,15.6,20.45,0.191,0.25,8.6,4.5,2,2.77,0,1
REAL-FIELD-04595,E,KOMATSU_930E_AHS,1,18.55,13.95,109.83,0.601,0,11.4,0.15,0,21.31,20.31,0
REAL-FIELD-04596,C,CAT_797F_MANUAL,0,21.87,4.66,72.52,0.536,0.312,10.5,7.2,0,11.94,9.84,0
REAL-FIELD-04597,C,PALA_PH_4100XPC,0,3.57,15.08,185.56,0.737,0.286,6.8,6.57,0,187.12,185.6,0
REAL-FIELD-04598,B,PALA_PH_4100XPC,0,3.45,4.44,90.22,0.862,0.218,5.1,4.75,0,94.14,93.14,0
REAL-FIELD-04599,B,PALA_PH_4100XPC,0,1.16,8.77,81.47,0.693,0.1,0.7,4.05,0,999,997.93,0
REAL-FIELD-04600,E,KOMATSU_930E_AHS,1,24.2,9.36,134.9,0.344,0,7.4,0.15,0,20.07,18.43,0
REAL-FIELD-04601,D,CAT_797F_MANUAL,0,14.33,7.3,17.73,0.368,0.177,2.3,4.34,0,4.45,2.34,1
REAL-FIELD-04602,A,CAMIONETA_4x4,0,49.97,12.94,58.19,0.993,0.122,5,2.17,0,4.19,3.81,1
REAL-FIELD-04603,E,KOMATSU_930E_AHS,1,29.24,11.43,119.93,0.29,0,4.9,0.15,0,14.77,13,0
REAL-FIELD-04604,D,CAT_797F_MANUAL,0,21.71,13.47,87.15,0.403,0.154,4.2,2.14,0,14.45,12.5,0
REAL-FIELD-04605,D,CAT_797F_MANUAL,0,33.81,3.87,153.61,0.246,0.16,1.4,2.68,0,16.36,14,0
REAL-FIELD-04606,E,KOMATSU_930E_AHS,1,32.98,5.25,118,0.57,0,9.2,0.15,0,12.88,11.8,0
REAL-FIELD-04607,A,CAMIONETA_4x4,0,52.6,8.39,50.35,0.631,0.202,2.8,3.05,0,3.45,1.92,1
REAL-FIELD-04608,E,KOMATSU_930E_AHS,1,37.77,14.66,131.3,0.26,0,10,0.15,0,12.51,10.66,0
REAL-FIELD-04609,E,KOMATSU_930E_AHS,1,32.27,8.59,40.13,0.408,0,11.6,0.15,0,4.48,3,1
REAL-FIELD-04610,E,KOMATSU_930E_AHS,1,22.15,4.2,40.87,0.384,0,11.9,0.15,0,6.64,5.1,0
REAL-FIELD-04611,A,CAT_797F_MANUAL,0,31.36,2.29,178.61,0.476,0.28,6.9,5.28,0,20.5,18.35,0
REAL-FIELD-04612,B,CAT_797F_MANUAL,0,15.53,15.81,12.12,0.793,0.091,2.6,1.87,1,2.81,2.02,1
REAL-FIELD-04613,A,CAMIONETA_4x4,0,41.63,15.32,181.35,0.753,0.245,10,3.1,0,15.68,14.33,0
REAL-FIELD-04614,A,CAT_797F_MANUAL,0,32.14,6.84,126.37,0.634,0.23,3.5,5.1,0,14.15,12.54,0
REAL-FIELD-04615,B,PALA_PH_4100XPC,0,1.44,3.57,122.74,0.664,0.22,4.5,5.24,0,999,997.5,0
REAL-FIELD-04616,E,KOMATSU_930E_AHS,1,24.88,12.18,83.32,0.523,0,1.9,0.15,0,12.06,10.87,0
REAL-FIELD-04617,D,PALA_PH_4100XPC,0,1.18,4.63,5.32,0.414,0.211,10.1,4.26,0,999,996.9,0
REAL-FIELD-04618,A,CAT_797F_MANUAL,0,36.55,6.86,52.01,0.457,0.173,2.2,4.33,0,5.12,3.24,1
REAL-FIELD-04619,B,PALA_PH_4100XPC,0,0.29,4.54,67.25,0.824,0.088,0.5,3.54,0,999,998.3,0
REAL-FIELD-04620,E,KOMATSU_930E_AHS,1,31.08,6.43,100.95,0.46,0,1.7,0.15,0,11.69,10.34,0
REAL-FIELD-04621,D,CAMIONETA_4x4,0,47.72,4.54,139.65,0.192,0.21,5.8,6.39,0,10.54,7.89,0
REAL-FIELD-04622,A,CAT_797F_MANUAL,0,32.36,8.05,109.54,0.931,0.275,11.8,3.6,0,12.19,11.19,0
REAL-FIELD-04623,E,KOMATSU_930E_AHS,1,27.74,11.43,158.86,0.999,0,4.5,0.15,0,20.62,20.62,0
REAL-FIELD-04624,A,CAT_797F_MANUAL,0,41.71,2.25,58.77,0.829,0.243,5.9,3.66,0,5.07,3.91,1
REAL-FIELD-04625,B,PALA_PH_4100XPC,0,3.59,8.1,20.65,0.822,0.198,9.1,5.05,1,20.71,19.67,0
REAL-FIELD-04626,A,CAMIONETA_4x4,0,54.73,15.1,125.64,0.92,0.091,3.2,3.03,0,8.26,7.79,0
REAL-FIELD-04627,A,CAT_797F_MANUAL,0,29.4,5.24,160.59,0.866,0.16,6.8,4.13,0,19.66,18.84,0
REAL-FIELD-04628,A,CAT_797F_MANUAL,0,27.18,11.81,146.68,0.713,0.075,1.5,5.07,0,19.43,18.49,0
REAL-FIELD-04629,D,PALA_PH_4100XPC,0,2.14,3.75,159.91,0.315,0.137,6.3,4.99,0,269.01,266.89,0
REAL-FIELD-04630,C,CAT_797F_MANUAL,0,26.65,13.95,44.07,0.501,0.289,7.5,6.54,0,5.95,3.84,1
REAL-FIELD-04631,A,CAT_797F_MANUAL,0,26.96,4.65,61.62,0.959,0.226,10.8,6.32,0,8.23,7.45,0
REAL-FIELD-04632,A,CAMIONETA_4x4,0,35.79,7.72,131.63,0.95,0.195,4.4,5.98,0,13.24,12.53,0
REAL-FIELD-04633,E,KOMATSU_930E_AHS,1,37.63,13.66,73.63,0.241,0,3.5,0.15,0,7.04,5.14,0
REAL-FIELD-04634,A,CAT_797F_MANUAL,0,41.41,8.27,88.7,0.525,0.228,5.7,6.32,0,7.71,5.84,0
REAL-FIELD-04635,A,CAT_797F_MANUAL,0,39.68,9.33,176.8,0.614,0.22,3.6,6.19,0,16.04,14.42,0
REAL-FIELD-04636,A,CAT_797F_MANUAL,0,46.91,8.7,47.54,0.859,0.237,11,4.2,0,3.65,2.59,1
REAL-FIELD-04637,B,PALA_PH_4100XPC,0,0.19,12.64,187.54,0.672,0.238,5.5,4.9,0,999,997.47,0
REAL-FIELD-04638,E,KOMATSU_930E_AHS,1,37.04,4.56,81.94,0.882,0,6.3,0.15,0,7.96,7.66,0
REAL-FIELD-04639,E,KOMATSU_930E_AHS,1,29.99,4.79,23.1,0.312,0,8.3,0.15,1,2.77,1.05,1
REAL-FIELD-04640,C,PALA_PH_4100XPC,0,1.43,15.81,141.7,0.982,0.356,11,7.55,0,999,997.89,0
REAL-FIELD-04641,E,KOMATSU_930E_AHS,1,24.03,11.44,24.81,0.67,0,5,0.15,0,3.72,2.9,1
REAL-FIELD-04642,D,PALA_PH_4100XPC,0,1.08,11.26,183.43,0.167,0.168,3.2,2.52,0,999,996.41,0
REAL-FIELD-04643,E,KOMATSU_930E_AHS,1,18.22,9.03,91.48,0.897,0,0.9,0.15,0,18.08,17.82,0
REAL-FIELD-04644,B,PALA_PH_4100XPC,0,2.88,7.87,37.15,0.841,0.143,3.4,5.87,0,46.44,45.61,0
REAL-FIELD-04645,A,CAMIONETA_4x4,0,42.2,14.1,119.07,0.836,0.273,6.6,6.19,0,10.16,8.93,0
REAL-FIELD-04646,C,PALA_PH_4100XPC,0,3.56,2.82,174.51,0.558,0.285,10.1,6.27,0,176.47,174.51,0
REAL-FIELD-04647,A,CAT_797F_MANUAL,0,42.07,4.82,54.5,0.581,0.253,8.8,4.82,0,4.66,2.85,1
REAL-FIELD-04648,C,CAT_797F_MANUAL,0,43.82,11.72,113.7,0.367,0.347,11.3,4.55,0,9.34,6.72,0
REAL-FIELD-04649,D,CAT_797F_MANUAL,0,39.95,7.42,42.75,0.222,0.179,5.2,2.55,0,3.85,1.37,1
REAL-FIELD-04650,C,CAT_797F_MANUAL,0,40.07,5.71,119.54,0.496,0.318,11.7,7.26,0,10.74,8.53,0
REAL-FIELD-04651,D,CAT_797F_MANUAL,0,38.17,2.64,7.11,0.192,0.128,2,2.44,0,0.67,-1.73,1
REAL-FIELD-04652,E,KOMATSU_930E_AHS,1,29.93,15.58,161.5,0.404,0,6.1,0.15,0,19.43,17.94,0
REAL-FIELD-04653,B,PALA_PH_4100XPC,0,0.36,14.8,118.6,0.783,0.171,5.6,4.79,0,999,997.94,0
REAL-FIELD-04654,B,PALA_PH_4100XPC,0,1.46,3.9,15.54,0.803,0.254,5.7,3.21,1,999,997.75,0
REAL-FIELD-04655,B,PALA_PH_4100XPC,0,1.57,9.93,171.94,0.811,0.074,1.6,2.27,0,999,998.31,0
REAL-FIELD-04656,A,CAT_797F_MANUAL,0,20.87,11.37,157.28,0.539,0.215,3.2,3.66,0,27.13,25.33,0
REAL-FIELD-04657,E,KOMATSU_930E_AHS,1,28.47,8.91,72.9,0.84,0,5.6,0.15,0,9.22,8.82,0
REAL-FIELD-04658,A,CAMIONETA_4x4,0,26.64,6.49,127.99,0.927,0.15,1.3,4.85,0,17.3,16.67,0
REAL-FIELD-04659,C,CAT_797F_MANUAL,0,26.24,9.82,133.79,0.179,0.358,10.9,7.77,0,18.36,15.23,0
REAL-FIELD-04660,D,CAT_797F_MANUAL,0,43.13,8.24,95.44,0.342,0.194,1.5,6.09,0,7.97,5.74,0
REAL-FIELD-04661,A,CAMIONETA_4x4,0,59.34,4.23,100.99,0.999,0.183,4.4,5.01,0,6.13,5.58,0
REAL-FIELD-04662,E,KOMATSU_930E_AHS,1,25.07,9.32,102.36,0.633,0,1.9,0.15,0,14.7,13.78,0
REAL-FIELD-04663,D,CAT_797F_MANUAL,0,15.7,9.67,99.82,0.253,0.129,3.9,4.87,0,22.89,20.64,0
REAL-FIELD-04664,C,CAT_797F_MANUAL,0,12.04,6.65,104.22,0.329,0.311,8.3,4.91,0,31.16,28.55,0
REAL-FIELD-04665,A,CAT_797F_MANUAL,0,41.77,2.93,80.46,0.789,0.167,0.6,2.95,0,6.93,5.9,0
REAL-FIELD-04666,D,PALA_PH_4100XPC,0,3.09,13.57,171.86,0.335,0.23,8.3,4.39,0,200.23,197.88,0
REAL-FIELD-04667,C,CAT_797F_MANUAL,0,19.34,10.93,69.17,0.948,0.324,8.7,6.47,0,12.88,11.78,0
REAL-FIELD-04668,E,KOMATSU_930E_AHS,1,20.75,11.89,33.08,0.306,0,5.9,0.15,0,5.74,4.01,0
REAL-FIELD-04669,D,CAT_797F_MANUAL,0,45.21,12.47,30.73,0.263,0.253,9,3.67,0,2.45,-0.15,1
REAL-FIELD-04670,A,CAT_797F_MANUAL,0,18.5,4.68,70.21,0.827,0.173,4.5,3.69,0,13.66,12.71,0
REAL-FIELD-04671,E,KOMATSU_930E_AHS,1,28.34,10.66,180.6,0.302,0,0.7,0.15,0,22.94,21.2,0
REAL-FIELD-04672,A,CAT_797F_MANUAL,0,33.81,7.4,98.78,0.846,0.222,4.9,5.18,0,10.52,9.47,0
REAL-FIELD-04673,A,CAT_797F_MANUAL,0,40.41,2.15,49.82,0.697,0.252,11.5,3.31,0,4.44,2.93,1
REAL-FIELD-04674,E,KOMATSU_930E_AHS,1,30.86,15.17,39.63,0.851,0,5.9,0.15,0,4.62,4.25,0
REAL-FIELD-04675,D,CAT_797F_MANUAL,0,34.23,14.88,120.07,0.332,0.179,3.9,3.05,0,12.63,10.42,0
REAL-FIELD-04676,E,KOMATSU_930E_AHS,1,22.98,6.02,24.13,0.862,0,2.5,0.15,0,3.78,3.43,1
REAL-FIELD-04677,E,KOMATSU_930E_AHS,1,36.42,3.01,81.43,0.791,0,10.5,0.15,0,8.05,7.53,0
REAL-FIELD-04678,E,KOMATSU_930E_AHS,1,24.87,9.7,137.09,0.588,0,3.1,0.15,0,19.84,18.81,0
REAL-FIELD-04679,E,KOMATSU_930E_AHS,1,37.38,15.66,191.82,0.989,0,2.7,0.15,0,18.47,18.44,0
REAL-FIELD-04680,E,KOMATSU_930E_AHS,1,26.34,13.21,114.03,0.322,0,2.5,0.15,0,15.58,13.88,0
REAL-FIELD-04681,E,KOMATSU_930E_AHS,1,18.55,3.6,42.5,0.797,0,11.5,0.15,0,8.25,7.74,0
REAL-FIELD-04682,E,KOMATSU_930E_AHS,1,20.3,15.54,62.24,0.931,0,8.8,0.15,0,11.04,10.87,0
REAL-FIELD-04683,A,CAMIONETA_4x4,0,54.64,2.99,116.93,0.756,0.136,3.3,5.5,0,7.7,6.68,0
REAL-FIELD-04684,E,KOMATSU_930E_AHS,1,19.44,3.5,44.87,0.63,0,3.4,0.15,0,8.31,7.39,0
REAL-FIELD-04685,A,CAT_797F_MANUAL,0,46.9,5.76,146.75,0.965,0.146,1,5.57,0,11.26,10.73,0
REAL-FIELD-04686,A,CAMIONETA_4x4,0,52.62,12.54,47.78,0.645,0.18,7.3,3.9,0,3.27,1.84,1
REAL-FIELD-04687,D,CAT_797F_MANUAL,0,18.37,2.7,51.21,0.256,0.091,2.9,5.29,0,10.04,7.91,0
REAL-FIELD-04688,B,PALA_PH_4100XPC,0,2.24,5.01,58.45,0.55,0.248,4.9,6.56,0,93.94,92.07,0
REAL-FIELD-04689,E,KOMATSU_930E_AHS,1,28.13,11.23,119.57,0.869,0,2.9,0.15,0,15.3,14.97,0
REAL-FIELD-04690,A,CAT_797F_MANUAL,0,45.25,2.04,186.65,0.847,0.23,4.5,4.71,0,14.85,13.78,0
REAL-FIELD-04691,E,KOMATSU_930E_AHS,1,33.57,12.31,59.92,0.843,0,11.3,0.15,0,6.43,6.04,0
REAL-FIELD-04692,B,CAT_797F_MANUAL,0,23.8,3.82,20.84,0.827,0.099,3.9,3.09,0,3.15,2.42,1
REAL-FIELD-04693,E,KOMATSU_930E_AHS,1,26.65,10.12,156.27,0.88,0,7.3,0.15,0,21.11,20.81,0
REAL-FIELD-04694,D,CAT_797F_MANUAL,0,47.41,9.84,108.29,0.188,0.228,9.9,3.78,0,8.22,5.51,0
REAL-FIELD-04695,C,CAT_797F_MANUAL,0,26.7,12.89,26.31,0.342,0.283,10.8,5.55,2,3.55,1.06,1
REAL-FIELD-04696,C,CAMIONETA_4x4,0,52.5,6.66,74.48,0.63,0.283,9.9,3.96,0,5.11,3.34,1
REAL-FIELD-04697,C,CAMIONETA_4x4,0,26.73,10.06,104.52,0.354,0.291,6.7,6.95,0,14.08,11.59,0
REAL-FIELD-04698,E,KOMATSU_930E_AHS,1,34.93,4.47,144.63,0.805,0,1.9,0.15,0,14.91,14.42,0
REAL-FIELD-04699,D,CAMIONETA_4x4,0,27.27,15.61,137.32,0.166,0.19,2.5,4.4,0,18.13,15.47,0
REAL-FIELD-04700,B,CAT_797F_MANUAL,0,45.14,5.67,5.84,0.852,0.097,2.1,4.27,3,0.47,-0.19,1
REAL-FIELD-04701,A,CAT_797F_MANUAL,0,45.71,14.06,27.59,0.724,0.183,7.7,3.29,2,2.17,0.93,1
REAL-FIELD-04702,C,CAT_797F_MANUAL,0,34.41,7.3,83.75,0.825,0.318,10.3,4.77,0,8.76,7.37,0
REAL-FIELD-04703,E,KOMATSU_930E_AHS,1,35.16,13.18,73.27,0.432,0,5.7,0.15,0,7.5,6.08,0
REAL-FIELD-04704,E,KOMATSU_930E_AHS,1,32.08,5.82,45.74,0.755,0,10.3,0.15,0,5.13,4.52,0
REAL-FIELD-04705,E,KOMATSU_930E_AHS,1,35.71,8.72,85.33,0.777,0,10.7,0.15,0,8.6,8.04,0
REAL-FIELD-04706,A,CAT_797F_MANUAL,0,44.92,7.38,69.11,0.626,0.199,9.4,4.44,0,5.54,4.01,0
REAL-FIELD-04707,C,CAT_797F_MANUAL,0,42.52,8.91,161.99,0.338,0.296,11.7,7.4,0,13.72,11.18,0
REAL-FIELD-04708,A,CAT_797F_MANUAL,0,31.33,15.23,124.18,0.623,0.187,5.2,6.26,0,14.27,12.77,0
REAL-FIELD-04709,A,CAT_797F_MANUAL,0,47.04,9.42,56.55,0.757,0.136,5.4,5.64,0,4.33,3.31,1
REAL-FIELD-04710,E,KOMATSU_930E_AHS,1,36.22,10.3,166.73,0.906,0,1.1,0.15,0,16.57,16.34,0
REAL-FIELD-04711,D,CAT_797F_MANUAL,0,12.8,6.59,163.52,0.378,0.24,10.3,4.64,0,45.99,43.72,0
REAL-FIELD-04712,C,CAT_797F_MANUAL,0,40.18,8.24,124.86,0.652,0.308,11.7,3.98,0,11.19,9.4,0
REAL-FIELD-04713,A,CAT_797F_MANUAL,0,44.47,7.45,81.53,0.997,0.2,7.8,5.54,0,6.6,5.99,0
REAL-FIELD-04714,D,PALA_PH_4100XPC,0,3.02,11.7,107.17,0.277,0.152,4.1,4.2,0,127.75,125.49,0
REAL-FIELD-04715,D,CAT_797F_MANUAL,0,21.06,4.95,178.5,0.413,0.201,8.7,5.02,0,30.51,28.44,0
REAL-FIELD-04716,B,PALA_PH_4100XPC,0,3.66,14.85,152.76,0.861,0.17,1.3,2.76,0,150.26,149.4,0
REAL-FIELD-04717,E,KOMATSU_930E_AHS,1,29.74,10.17,143.35,0.552,0,6,0.15,0,17.35,16.23,0
REAL-FIELD-04718,D,CAT_797F_MANUAL,0,37.09,12.83,110.85,0.211,0.161,6.4,4.76,0,10.76,8.3,0
REAL-FIELD-04719,A,CAT_797F_MANUAL,0,38.38,7.11,174.02,0.613,0.217,4.5,4.93,0,16.32,14.7,0
REAL-FIELD-04720,B,PALA_PH_4100XPC,0,2.46,11.99,147.72,0.704,0.154,1.4,3.88,0,216.18,214.98,0
REAL-FIELD-04721,D,CAMIONETA_4x4,0,51.62,14.83,108.23,0.228,0.257,7,5.62,0,7.55,4.85,0
REAL-FIELD-04722,C,CAT_797F_MANUAL,0,35.59,4.5,107.56,0.278,0.281,9,5.83,0,10.88,8.23,0
REAL-FIELD-04723,E,KOMATSU_930E_AHS,1,19.98,10.81,45.51,0.51,0,11.3,0.15,0,8.2,6.98,0
REAL-FIELD-04724,E,KOMATSU_930E_AHS,1,27.75,7.3,172.45,0.828,0,11.6,0.15,0,22.37,21.94,0
REAL-FIELD-04725,A,CAT_797F_MANUAL,0,39.01,13.53,189.03,0.949,0.192,4.1,3.91,0,17.44,16.74,0
REAL-FIELD-04726,E,KOMATSU_930E_AHS,1,30.05,9.99,140.51,0.972,0,8.9,0.15,0,16.83,16.76,0
REAL-FIELD-04727,B,PALA_PH_4100XPC,0,3.7,4.43,42.91,0.502,0.185,1,2.69,0,41.75,39.95,0
REAL-FIELD-04728,D,CAT_797F_MANUAL,0,33.02,8.32,97.28,0.181,0.264,11.9,4.86,0,10.61,7.77,0
REAL-FIELD-04729,A,CAT_797F_MANUAL,0,19.59,12.71,147.28,0.671,0.226,4.7,3.56,0,27.07,25.57,0
REAL-FIELD-04730,E,KOMATSU_930E_AHS,1,34.73,3.38,53.78,0.178,0,10.5,0.15,0,5.57,3.52,1
REAL-FIELD-04731,E,KOMATSU_930E_AHS,1,36.12,5.59,135.34,0.243,0,7.4,0.15,0,13.49,11.6,0
REAL-FIELD-04732,C,CAT_797F_MANUAL,0,18.41,8.68,145.41,0.991,0.29,11.3,4.48,0,28.43,27.54,0
REAL-FIELD-04733,E,KOMATSU_930E_AHS,1,26.88,5.89,127.65,0.319,0,2.4,0.15,0,17.1,15.4,0
REAL-FIELD-04734,E,KOMATSU_930E_AHS,1,25.42,15.42,42.57,0.247,0,5.8,0.15,0,6.03,4.15,0
REAL-FIELD-04735,A,CAT_797F_MANUAL,0,49,10.4,112.83,0.957,0.187,8.7,4.06,0,8.29,7.62,0
REAL-FIELD-04736,A,CAT_797F_MANUAL,0,32.72,5.36,67.53,0.897,0.167,7.1,2.19,0,7.43,6.67,0
REAL-FIELD-04737,B,PALA_PH_4100XPC,0,0.06,12.77,130.67,0.951,0.242,6.6,3.58,0,999,998.15,0
REAL-FIELD-04738,E,KOMATSU_930E_AHS,1,26.85,2.96,167.66,0.525,0,2.3,0.15,0,22.48,21.29,0
REAL-FIELD-04739,A,CAMIONETA_4x4,0,26.82,10.15,125.43,0.555,0.186,4.4,5.96,0,16.84,15.17,0
REAL-FIELD-04740,D,PALA_PH_4100XPC,0,1.12,14.45,192.79,0.359,0.267,11.8,6.92,0,999,996.6,0
REAL-FIELD-04741,C,PALA_PH_4100XPC,0,2.52,2.72,83.03,0.701,0.293,11.3,5.2,0,118.61,116.98,0
REAL-FIELD-04742,E,KOMATSU_930E_AHS,1,29.98,6.23,85.52,0.166,0,6.3,0.15,0,10.27,8.18,0
REAL-FIELD-04743,E,KOMATSU_930E_AHS,1,21.69,15.72,167.73,0.658,0,2.7,0.15,0,27.84,26.98,0
REAL-FIELD-04744,B,PALA_PH_4100XPC,0,0.94,3.3,150.19,0.522,0.236,10,4.82,0,999,997.1,0
REAL-FIELD-04745,B,PALA_PH_4100XPC,0,3.77,5.95,133.85,0.967,0.259,7.6,4.85,0,127.81,126.95,0
REAL-FIELD-04746,B,PALA_PH_4100XPC,0,0.08,9.13,3.85,0.668,0.077,2.1,4.78,1,999,997.94,0
REAL-FIELD-04747,D,CAMIONETA_4x4,0,36.18,10.94,136.92,0.166,0.168,4.9,2.23,0,13.62,11.03,0
REAL-FIELD-04748,C,CAT_797F_MANUAL,0,32.65,9.51,55.59,0.986,0.313,10,7.43,0,6.13,5.16,0
REAL-FIELD-04749,E,KOMATSU_930E_AHS,1,29.6,6.44,119.55,0.552,0,5.1,0.15,0,14.54,13.42,0
REAL-FIELD-04750,B,PALA_PH_4100XPC,0,0.81,7.17,185.34,0.454,0.241,7.3,5.38,0,999,996.91,0
REAL-FIELD-04751,C,CAT_797F_MANUAL,0,20.17,12.31,60.59,0.952,0.351,11.1,4.32,0,10.81,9.64,0
REAL-FIELD-04752,A,CAMIONETA_4x4,0,59.34,6.25,183.45,0.524,0.19,1.9,4.55,0,11.13,9.37,0
REAL-FIELD-04753,A,CAT_797F_MANUAL,0,37.99,5.87,128.34,0.559,0.227,6.7,4.47,0,12.16,10.38,0
REAL-FIELD-04754,E,KOMATSU_930E_AHS,1,27.63,8.34,86.01,0.435,0,1.2,0.15,0,11.21,9.8,0
REAL-FIELD-04755,A,CAT_797F_MANUAL,0,42.08,8,110.15,0.516,0.178,4.2,5,0,9.42,7.68,0
REAL-FIELD-04756,A,CAMIONETA_4x4,0,55.66,3.38,113.59,0.708,0.164,5.3,4.23,0,7.35,6.13,0
REAL-FIELD-04757,A,CAMIONETA_4x4,0,52.34,6.17,160.93,0.935,0.218,8.2,6.37,0,11.07,10.25,0
REAL-FIELD-04758,A,CAT_797F_MANUAL,0,33.7,11.15,62.18,0.695,0.197,5.8,4.13,0,6.64,5.29,0
REAL-FIELD-04759,C,PALA_PH_4100XPC,0,3.46,14.36,100.28,0.593,0.318,10.6,6.01,0,104.34,102.37,0
REAL-FIELD-04760,C,CAMIONETA_4x4,0,38.53,13.22,92.27,0.627,0.351,10.8,4.6,0,8.62,6.63,0
REAL-FIELD-04761,D,CAT_797F_MANUAL,0,17.28,9.32,142.33,0.268,0.156,6.3,3.45,0,29.65,27.35,0
REAL-FIELD-04762,E,KOMATSU_930E_AHS,1,28.11,7.99,166.34,0.717,0,3.1,0.15,0,21.3,20.59,0
REAL-FIELD-04763,A,CAT_797F_MANUAL,0,28,6.74,133.05,0.864,0.275,9.6,6.44,0,17.11,15.94,0
REAL-FIELD-04764,A,CAT_797F_MANUAL,0,15.15,2.4,138.99,0.858,0.279,7,6.68,0,33.03,31.84,0
REAL-FIELD-04765,D,CAT_797F_MANUAL,0,21.03,11.59,99.13,0.317,0.276,6.3,6.2,0,16.97,14.43,0
REAL-FIELD-04766,D,CAT_797F_MANUAL,0,21.05,12.2,104.92,0.181,0.1,0.7,4.83,0,17.94,15.59,0
REAL-FIELD-04767,D,CAMIONETA_4x4,0,54.22,6.44,75.28,0.262,0.223,10.6,3.11,0,5,2.49,1
REAL-FIELD-04768,E,KOMATSU_930E_AHS,1,24.35,3.92,86.57,0.749,0,5.4,0.15,0,12.8,12.17,0
REAL-FIELD-04769,E,KOMATSU_930E_AHS,1,29.38,8.64,122.34,0.272,0,2.7,0.15,0,14.99,13.17,0
REAL-FIELD-04770,A,CAT_797F_MANUAL,0,18.13,2.46,104.97,0.56,0.217,7.4,5.08,0,20.84,19.09,0
REAL-FIELD-04771,A,CAT_797F_MANUAL,0,49.75,12.65,190.42,0.689,0.191,2.8,2.67,0,13.78,12.43,0
REAL-FIELD-04772,C,CAT_797F_MANUAL,0,30.7,12.02,95.26,0.302,0.287,7.3,6.89,0,11.17,8.56,0
REAL-FIELD-04773,A,CAT_797F_MANUAL,0,30.96,2.42,164.9,0.632,0.072,2.3,2.86,0,19.17,18.03,0
REAL-FIELD-04774,C,CAMIONETA_4x4,0,34.81,11.2,146.17,0.776,0.329,9.5,5.9,0,15.12,13.57,0
REAL-FIELD-04775,E,KOMATSU_930E_AHS,1,27.15,2.45,121.63,0.623,0,2.2,0.15,0,16.13,15.19,0
REAL-FIELD-04776,C,PALA_PH_4100XPC,0,2.03,10.71,118.21,0.421,0.373,11.8,6.86,0,209.63,207.06,0
REAL-FIELD-04777,C,CAT_797F_MANUAL,0,34.17,5.83,32.17,0.295,0.322,11.8,5.95,0,3.39,0.66,1
REAL-FIELD-04778,D,CAT_797F_MANUAL,0,46.33,15.04,69.84,0.247,0.189,4.8,2.58,0,5.43,2.98,1
REAL-FIELD-04779,D,CAT_797F_MANUAL,0,29.86,10.31,38.78,0.165,0.265,8.8,4.2,0,4.68,1.8,1
REAL-FIELD-04780,C,CAT_797F_MANUAL,0,20.18,11.71,102.25,0.345,0.359,11.6,4.41,0,18.24,15.53,0
REAL-FIELD-04781,E,KOMATSU_930E_AHS,1,22.3,5.45,16.98,0.558,0,7.2,0.15,3,2.74,1.64,1
REAL-FIELD-04782,A,CAMIONETA_4x4,0,59.58,7.92,27.42,0.739,0.079,2.9,3,0,1.66,0.77,1
REAL-FIELD-04783,E,KOMATSU_930E_AHS,1,23.57,13.89,76.75,0.765,0,7.9,0.15,0,11.72,11.13,0
REAL-FIELD-04784,A,CAT_797F_MANUAL,0,12.93,2.14,160.91,0.963,0.097,3.8,2.78,0,44.8,44.42,0
REAL-FIELD-04785,A,CAT_797F_MANUAL,0,14.4,13.91,165.5,0.914,0.127,2,4.04,0,41.38,40.78,0
REAL-FIELD-04786,D,PALA_PH_4100XPC,0,3.44,11.5,47.61,0.242,0.156,3.9,4.34,0,49.82,47.46,0
REAL-FIELD-04787,C,CAT_797F_MANUAL,0,18.79,5.71,108.39,0.707,0.323,8.4,6.5,0,20.77,19.07,0
REAL-FIELD-04788,C,PALA_PH_4100XPC,0,2.3,15.4,12.3,0.55,0.285,9.1,5.85,0,19.25,17.27,0
REAL-FIELD-04789,E,KOMATSU_930E_AHS,1,25,2.91,163,0.447,0,2.1,0.15,0,23.47,22.09,0
REAL-FIELD-04790,A,CAT_797F_MANUAL,0,31.04,2.11,104.31,0.99,0.253,8.7,5.15,0,12.1,11.32,0
REAL-FIELD-04791,A,CAMIONETA_4x4,0,47.58,8.15,138.57,0.811,0.109,0.8,4.28,0,10.48,9.68,0
REAL-FIELD-04792,D,CAT_797F_MANUAL,0,14.74,4.23,18.75,0.425,0.128,2.5,2.17,0,4.58,2.76,1
REAL-FIELD-04793,A,CAT_797F_MANUAL,0,14.01,6.66,102.84,0.956,0.215,4.7,5.72,0,26.43,25.68,0
REAL-FIELD-04794,D,CAT_797F_MANUAL,0,48.73,2.75,125.88,0.277,0.177,0.5,3.4,0,9.3,6.96,0
REAL-FIELD-04795,C,CAT_797F_MANUAL,0,48.69,8.37,8.93,0.182,0.305,10.6,5.17,0,0.66,-2.3,1
REAL-FIELD-04796,A,CAMIONETA_4x4,0,62.74,11.56,53.67,0.842,0.067,1.9,4.82,0,3.08,2.48,1
REAL-FIELD-04797,E,KOMATSU_930E_AHS,1,33.61,11.19,32.75,0.155,0,1,0.15,0,3.51,1.4,1
REAL-FIELD-04798,D,CAT_797F_MANUAL,0,39.01,15.24,142.82,0.199,0.127,5.6,2.73,0,13.18,10.8,0
REAL-FIELD-04799,D,CAT_797F_MANUAL,0,18.7,13.2,55.99,0.326,0.242,11.6,6.74,0,10.78,8.37,0
REAL-FIELD-04800,A,CAT_797F_MANUAL,0,29.16,14.98,119.95,0.991,0.115,4.8,3.66,0,14.81,14.44,0
REAL-FIELD-04801,A,CAT_797F_MANUAL,0,43.95,15.58,142.73,0.668,0.126,3.1,2.27,0,11.69,10.48,0
REAL-FIELD-04802,D,CAT_797F_MANUAL,0,47.05,5.16,63.88,0.229,0.14,2.1,5.75,0,4.89,2.54,1
REAL-FIELD-04803,C,CAMIONETA_4x4,0,52.3,14.94,99.3,0.547,0.281,6.7,3.79,0,6.84,4.86,0
REAL-FIELD-04804,D,PALA_PH_4100XPC,0,2.34,8.28,41.94,0.345,0.12,5,5.13,0,64.52,62.52,0
REAL-FIELD-04805,E,KOMATSU_930E_AHS,1,26.89,9.12,44.18,0.552,0,3.8,0.15,0,5.91,4.79,0
REAL-FIELD-04806,E,KOMATSU_930E_AHS,1,34.94,13.9,130.93,0.354,0,3.8,0.15,0,13.49,11.88,0
REAL-FIELD-04807,C,PALA_PH_4100XPC,0,2.98,14.08,39.39,0.921,0.342,11.6,5,0,47.59,46.37,0
REAL-FIELD-04808,E,KOMATSU_930E_AHS,1,28.77,2.48,134.51,0.934,0,10.3,0.15,0,16.83,16.66,0
REAL-FIELD-04809,C,CAMIONETA_4x4,0,25.96,12.83,26.03,0.913,0.297,8,4.94,0,3.61,2.5,1
REAL-FIELD-04810,E,KOMATSU_930E_AHS,1,30.63,6.58,95.87,0.654,0,1.5,0.15,0,11.27,10.4,0
REAL-FIELD-04811,A,CAT_797F_MANUAL,0,36.95,13.11,59.05,0.688,0.125,4.9,4.64,0,5.75,4.6,0
REAL-FIELD-04812,A,CAT_797F_MANUAL,0,23.3,5.69,128.11,0.816,0.134,5.2,3.48,0,19.79,18.93,0
REAL-FIELD-04813,B,PALA_PH_4100XPC,0,1.18,10.74,79.2,0.665,0.153,1.3,5.13,0,999,997.7,0
REAL-FIELD-04814,E,KOMATSU_930E_AHS,1,26.33,7.16,20.13,0.332,0,6.9,0.15,2,2.75,1.08,1
REAL-FIELD-04815,D,CAT_797F_MANUAL,0,18.98,7.19,170.53,0.355,0.157,5.1,3.93,0,32.34,30.26,0
REAL-FIELD-04816,B,PALA_PH_4100XPC,0,1.21,9.23,159.52,0.688,0.251,11.9,6.85,0,999,997.47,0
REAL-FIELD-04817,E,KOMATSU_930E_AHS,1,22.77,13.41,9.29,0.885,0,2.7,0.15,1,1.47,1.18,1
REAL-FIELD-04818,D,CAMIONETA_4x4,0,25.67,11.85,44.14,0.163,0.107,0.6,4.36,0,6.19,3.78,1
REAL-FIELD-04819,D,PALA_PH_4100XPC,0,3.15,9.28,116.94,0.183,0.106,3.3,3.24,0,133.65,131.29,0
REAL-FIELD-04820,A,CAT_797F_MANUAL,0,18.05,10.57,60.57,0.624,0.241,10.9,5.32,0,12.08,10.42,0
REAL-FIELD-04821,A,CAT_797F_MANUAL,0,27.56,9.87,188.39,0.783,0.236,6.8,6.64,0,24.61,23.36,0
REAL-FIELD-04822,B,PALA_PH_4100XPC,0,1.47,15.36,45.41,0.74,0.111,1.3,4.72,0,999,998.02,0
REAL-FIELD-04823,B,PALA_PH_4100XPC,0,3.28,3.5,163.76,0.549,0.27,6.1,4.33,0,179.74,177.8,0
REAL-FIELD-04824,A,CAT_797F_MANUAL,0,27.04,2.4,136.98,0.643,0.133,2.5,1.92,0,18.24,16.95,0
REAL-FIELD-04825,C,CAMIONETA_4x4,0,28.88,14.39,118.13,0.531,0.284,6.6,4.02,0,14.73,12.71,0
REAL-FIELD-04826,C,CAT_797F_MANUAL,0,33.81,14.55,130.53,0.398,0.338,11.4,7.61,0,13.9,11.38,0
REAL-FIELD-04827,B,PALA_PH_4100XPC,0,3.34,9.1,143.27,0.829,0.111,3.9,5,0,154.42,153.66,0
REAL-FIELD-04828,E,KOMATSU_930E_AHS,1,23.6,14.69,69.34,0.591,0,10.9,0.15,0,10.58,9.56,0
REAL-FIELD-04829,D,CAT_797F_MANUAL,0,31.96,14.89,179.99,0.446,0.182,7.3,5.7,0,20.27,18.34,0
REAL-FIELD-04830,C,CAT_797F_MANUAL,0,22.01,14.13,181.05,0.72,0.306,10.8,4.56,0,29.61,27.99,0
REAL-FIELD-04831,C,CAMIONETA_4x4,0,29.69,11.38,21.47,0.996,0.287,9.1,6.2,2,2.6,1.73,1
REAL-FIELD-04832,A,CAMIONETA_4x4,0,26.47,3.64,35.02,0.682,0.253,7.4,4.1,0,4.76,3.21,1
REAL-FIELD-04833,A,CAT_797F_MANUAL,0,26.12,12.51,71.35,0.658,0.168,2,5.64,0,9.83,8.47,0
REAL-FIELD-04834,E,KOMATSU_930E_AHS,1,22.88,14.2,166.63,0.682,0,3.2,0.15,0,26.22,25.42,0
REAL-FIELD-04835,A,CAT_797F_MANUAL,0,21.08,6.04,151.74,0.727,0.254,5.3,5.52,0,25.91,24.47,0
REAL-FIELD-04836,A,CAMIONETA_4x4,0,33.07,11.9,149.24,0.678,0.169,2.2,2.84,0,16.25,14.94,0
REAL-FIELD-04837,E,KOMATSU_930E_AHS,1,23.27,6,79.53,0.735,0,3,0.15,0,12.3,11.64,0
REAL-FIELD-04838,E,KOMATSU_930E_AHS,1,30.63,9.36,104.87,0.451,0,2,0.15,0,12.33,10.96,0
REAL-FIELD-04839,C,CAT_797F_MANUAL,0,28.2,13.71,71.96,0.96,0.302,9,7.03,0,9.19,8.18,0
REAL-FIELD-04840,A,CAMIONETA_4x4,0,57.03,14.94,46.63,0.453,0.231,7.3,4.96,0,2.94,0.88,1
REAL-FIELD-04841,E,KOMATSU_930E_AHS,1,34.56,9.18,115.81,0.268,0,4.4,0.15,0,12.06,10.23,0
REAL-FIELD-04842,E,KOMATSU_930E_AHS,1,30.17,10.05,45.31,0.615,0,1,0.15,0,5.41,4.45,0
REAL-FIELD-04843,D,PALA_PH_4100XPC,0,2.63,5.6,30.14,0.207,0.251,9.5,4.72,0,41.26,38.52,0
REAL-FIELD-04844,A,CAT_797F_MANUAL,0,25.09,13.43,171.25,0.463,0.251,10.3,6.19,0,24.57,22.47,0
REAL-FIELD-04845,C,CAT_797F_MANUAL,0,14.14,2.64,21.96,0.745,0.38,11.6,7.09,3,5.59,3.81,1
REAL-FIELD-04846,A,CAMIONETA_4x4,0,59.17,13.48,46.37,0.82,0.211,8.9,5.57,0,2.82,1.74,1
REAL-FIELD-04847,D,CAT_797F_MANUAL,0,20.48,10.2,151.46,0.288,0.182,7.1,2.67,0,26.62,24.29,0
REAL-FIELD-04848,D,CAT_797F_MANUAL,0,23.71,2.16,122.26,0.341,0.099,3.8,4.73,0,18.56,16.62,0
REAL-FIELD-04849,C,CAT_797F_MANUAL,0,31.71,4.47,88.09,0.439,0.296,9.5,5.7,0,10,7.71,0
REAL-FIELD-04850,A,CAT_797F_MANUAL,0,23.67,13.06,93.98,0.667,0.144,2.2,2.29,0,14.29,13.03,0
REAL-FIELD-04851,E,KOMATSU_930E_AHS,1,30.57,11.94,14.06,0.328,0,6.9,0.15,0,1.66,-0.02,1
REAL-FIELD-04852,E,KOMATSU_930E_AHS,1,35.79,10.58,154.7,0.72,0,8.4,0.15,0,15.56,14.86,0
REAL-FIELD-04853,D,CAT_797F_MANUAL,0,32.33,11.8,162.18,0.158,0.271,11.5,5.42,0,18.06,15.14,0
REAL-FIELD-04854,C,PALA_PH_4100XPC,0,1.6,7.03,106.59,0.173,0.297,8.1,6.61,0,999,996.04,0
REAL-FIELD-04855,C,PALA_PH_4100XPC,0,1.92,2.21,145.79,0.936,0.315,11.2,5.97,0,273.36,272.26,0
REAL-FIELD-04856,A,CAT_797F_MANUAL,0,34.87,11.96,121.67,0.75,0.256,6.9,6.98,0,12.56,11.17,0
REAL-FIELD-04857,D,CAT_797F_MANUAL,0,45.14,12.14,149.71,0.227,0.255,7.9,3.8,0,11.94,9.24,0
REAL-FIELD-04858,D,CAT_797F_MANUAL,0,32.24,15.41,46.35,0.448,0.165,6.4,5.74,0,5.18,3.3,1
REAL-FIELD-04859,C,CAT_797F_MANUAL,0,38.03,4.22,28.33,0.816,0.338,11.1,5.74,0,2.68,1.21,1
REAL-FIELD-04860,A,CAT_797F_MANUAL,0,43.71,7.7,50.05,0.698,0.234,10.2,5.53,0,4.12,2.66,1
REAL-FIELD-04861,D,CAT_797F_MANUAL,0,32.46,4.17,181,0.22,0.189,8.5,5.91,0,20.07,17.55,0
REAL-FIELD-04862,B,PALA_PH_4100XPC,0,1.86,7.49,187.64,0.463,0.152,3.2,3.7,0,363.17,361.37,0
REAL-FIELD-04863,B,PALA_PH_4100XPC,0,2.34,2.3,78.92,0.655,0.084,2.8,1.78,0,121.42,120.31,0
REAL-FIELD-04864,C,CAT_797F_MANUAL,0,43.7,15.6,156.24,0.313,0.324,11.3,6.48,0,12.87,10.18,0
REAL-FIELD-04865,C,PALA_PH_4100XPC,0,2.22,15.6,188.18,0.173,0.374,11.5,8.2,0,305.16,301.97,0
REAL-FIELD-04866,A,CAT_797F_MANUAL,0,21.63,15.4,89.55,0.464,0.219,6.2,6.24,0,14.9,12.9,0
REAL-FIELD-04867,B,CAT_797F_MANUAL,0,49.53,8.06,14.21,0.852,0.206,9.5,3.29,1,1.03,0.04,1
REAL-FIELD-04868,E,KOMATSU_930E_AHS,1,22.98,12.13,56.88,0.735,0,10.7,0.15,0,8.91,8.25,0
REAL-FIELD-04869,D,PALA_PH_4100XPC,0,2.83,4.74,157.49,0.371,0.196,6.4,5.88,0,200.34,198.18,0
REAL-FIELD-04870,E,KOMATSU_930E_AHS,1,18.64,6.64,67.76,0.354,0,7.8,0.15,0,13.09,11.48,0
REAL-FIELD-04871,B,PALA_PH_4100XPC,0,3.06,5.71,18.87,0.543,0.149,2.9,4.33,0,22.2,20.61,0
REAL-FIELD-04872,A,CAMIONETA_4x4,0,43.14,13.06,102.49,0.985,0.194,3.7,3.5,0,8.55,7.93,0
REAL-FIELD-04873,B,PALA_PH_4100XPC,0,2.26,2.99,123.6,0.713,0.205,3.9,5.06,0,196.88,195.55,0
REAL-FIELD-04874,B,PALA_PH_4100XPC,0,2.38,10.07,84.68,0.825,0.235,5.7,6.61,0,128.09,126.95,0
REAL-FIELD-04875,B,PALA_PH_4100XPC,0,1.21,14.77,189.96,0.694,0.274,9.9,4.75,0,999,997.41,0
REAL-FIELD-04876,C,CAT_797F_MANUAL,0,44.2,4.82,66.77,0.549,0.3,11.9,5.8,0,5.44,3.41,1
REAL-FIELD-04877,D,CAMIONETA_4x4,0,54.1,9.65,150.29,0.294,0.252,12,4.89,0,10,7.48,0
REAL-FIELD-04878,E,KOMATSU_930E_AHS,1,27.1,10.87,118.72,0.942,0,2.3,0.15,0,15.77,15.62,0
REAL-FIELD-04879,A,CAT_797F_MANUAL,0,32.63,12.36,164.26,0.749,0.228,8.3,5.67,0,18.12,16.81,0
REAL-FIELD-04880,E,KOMATSU_930E_AHS,1,37.27,3.15,134.72,0.488,0,9.9,0.15,0,13.01,11.73,0
REAL-FIELD-04881,D,CAT_797F_MANUAL,0,27.98,4.22,162.01,0.308,0.105,0.5,1.66,0,20.84,18.79,0
REAL-FIELD-04882,D,CAMIONETA_4x4,0,61.56,12.8,159.21,0.341,0.194,5.6,3.18,0,9.31,7.08,0
REAL-FIELD-04883,B,CAT_797F_MANUAL,0,45.22,8.25,18.67,0.815,0.258,8.1,5.56,3,1.49,0.25,1
REAL-FIELD-04884,A,CAT_797F_MANUAL,0,19.52,3.97,113.74,0.739,0.22,6,3.76,0,20.98,19.67,0
REAL-FIELD-04885,C,CAT_797F_MANUAL,0,15.35,6.15,154.31,0.51,0.322,11.2,3.87,0,36.19,34,0
REAL-FIELD-04886,E,KOMATSU_930E_AHS,1,33.56,3.08,170.63,0.537,0,11.1,0.15,0,18.3,17.14,0
REAL-FIELD-04887,D,CAT_797F_MANUAL,0,28.73,12.85,42.51,0.36,0.1,4.1,3.25,0,5.33,3.43,1
REAL-FIELD-04888,B,PALA_PH_4100XPC,0,2.15,9.69,89.64,0.829,0.228,4.1,4.07,0,150.09,148.98,0
REAL-FIELD-04889,D,CAT_797F_MANUAL,0,23.22,5.12,185.52,0.213,0.245,5,4.52,0,28.76,26.06,0
REAL-FIELD-04890,E,KOMATSU_930E_AHS,1,28.35,8.11,144.4,0.167,0,9.9,0.15,0,18.34,16.26,0
REAL-FIELD-04891,E,KOMATSU_930E_AHS,1,26.11,5.85,56.18,0.957,0,8.6,0.15,0,7.75,7.64,0
REAL-FIELD-04892,D,PALA_PH_4100XPC,0,1.94,5.21,56.88,0.346,0.265,11.2,6.19,0,105.55,103.12,0
REAL-FIELD-04893,D,CAT_797F_MANUAL,0,48.75,3.83,66.76,0.277,0.171,4.1,5.34,0,4.93,2.61,1
REAL-FIELD-04894,E,KOMATSU_930E_AHS,1,27.89,13.91,166.55,0.619,0,4.9,0.15,0,21.5,20.55,0
REAL-FIELD-04895,B,PALA_PH_4100XPC,0,2.92,14.3,57.88,0.505,0.18,0.6,2.88,0,71.36,69.58,0
REAL-FIELD-04896,A,CAT_797F_MANUAL,0,31.7,7.05,38.63,0.587,0.204,9.5,6.3,0,4.39,2.75,1
REAL-FIELD-04897,D,PALA_PH_4100XPC,0,0.57,3.74,27.64,0.273,0.19,6.1,2.8,3,999,996.61,0
REAL-FIELD-04898,A,CAT_797F_MANUAL,0,40.96,12.44,151.32,0.515,0.07,1.5,2.9,0,13.3,11.88,0
REAL-FIELD-04899,B,PALA_PH_4100XPC,0,2,7.67,181.99,0.587,0.197,3.4,2.88,0,327.58,325.96,0
REAL-FIELD-04900,C,PALA_PH_4100XPC,0,2.45,15.65,185.86,0.832,0.289,8.8,6.27,0,273.1,271.81,0
REAL-FIELD-04901,D,PALA_PH_4100XPC,0,2.83,12.31,83.19,0.353,0.137,3.6,4.98,0,105.82,103.79,0
REAL-FIELD-04902,E,KOMATSU_930E_AHS,1,32.28,11.77,47.03,0.488,0,5.1,0.15,0,5.24,3.96,1
REAL-FIELD-04903,D,CAT_797F_MANUAL,0,22.31,2.55,20.13,0.198,0.229,7,5.94,3,3.25,0.56,1
REAL-FIELD-04904,C,CAT_797F_MANUAL,0,13.59,11.77,150.24,0.257,0.298,7.8,5.82,0,39.8,37.05,0
REAL-FIELD-04905,A,CAT_797F_MANUAL,0,13,2.22,140.02,0.45,0.211,8.9,4.43,0,38.77,36.76,0
REAL-FIELD-04906,A,CAT_797F_MANUAL,0,35.82,5.46,154.98,0.624,0.247,6.6,4.51,0,15.58,13.9,0
REAL-FIELD-04907,E,KOMATSU_930E_AHS,1,32.07,14.93,138.24,0.718,0,2.2,0.15,0,15.52,14.82,0
REAL-FIELD-04908,D,CAT_797F_MANUAL,0,49.12,3.13,167.91,0.199,0.158,2.8,4.35,0,12.31,9.83,0
REAL-FIELD-04909,E,KOMATSU_930E_AHS,1,19.25,13.37,24.54,0.307,0,4.8,0.15,2,4.59,2.86,1
REAL-FIELD-04910,C,CAMIONETA_4x4,0,36.89,14.67,117.09,0.498,0.301,10.9,6.82,0,11.43,9.27,0
REAL-FIELD-04911,D,CAT_797F_MANUAL,0,43.59,6.72,62.31,0.364,0.225,5.4,3.51,0,5.15,2.89,1
REAL-FIELD-04912,B,CAMIONETA_4x4,0,59.12,13.78,10.45,0.695,0.232,6.1,6.77,0,0.64,-0.82,1
REAL-FIELD-04913,E,KOMATSU_930E_AHS,1,37.5,4.59,190.66,0.528,0,4.5,0.15,0,18.3,17.12,0
REAL-FIELD-04914,A,CAT_797F_MANUAL,0,12.05,4.18,152.11,0.669,0.21,9.8,5.55,0,45.44,43.98,0
REAL-FIELD-04915,D,CAT_797F_MANUAL,0,28.59,5.53,108.85,0.342,0.25,10.4,4.26,0,13.71,11.32,0
REAL-FIELD-04916,D,CAT_797F_MANUAL,0,25.45,10.71,40.42,0.394,0.193,6.6,5.34,0,5.72,3.63,1
REAL-FIELD-04917,E,KOMATSU_930E_AHS,1,30.88,14.82,139.75,0.848,0,11.2,0.15,0,16.29,15.91,0
REAL-FIELD-04918,D,CAT_797F_MANUAL,0,43.93,14.13,94.81,0.154,0.11,4.1,4.15,0,7.77,5.32,0
REAL-FIELD-04919,A,CAT_797F_MANUAL,0,26.56,13.88,33.25,0.63,0.214,7.4,6.35,0,4.51,2.94,1
REAL-FIELD-04920,E,KOMATSU_930E_AHS,1,20.58,10.65,54.93,0.783,0,10.1,0.15,0,9.61,9.07,0
REAL-FIELD-04921,A,CAT_797F_MANUAL,0,21.4,2.85,155.46,0.708,0.172,5.4,6.09,0,26.15,24.9,0
REAL-FIELD-04922,D,CAMIONETA_4x4,0,38.23,14.85,68.35,0.219,0.219,5.2,5.66,0,6.44,3.83,1
REAL-FIELD-04923,D,CAMIONETA_4x4,0,61.17,5.07,115.53,0.368,0.131,3.2,2.32,0,6.8,4.83,0
REAL-FIELD-04924,D,CAMIONETA_4x4,0,53.22,6.74,99.3,0.321,0.209,9.5,4.78,0,6.72,4.4,0
REAL-FIELD-04925,A,CAT_797F_MANUAL,0,31.94,8.64,120.66,0.509,0.17,2.8,4.87,0,13.6,11.86,0
REAL-FIELD-04926,D,CAT_797F_MANUAL,0,17,8.89,98.07,0.355,0.153,3,5.93,0,20.77,18.7,0
REAL-FIELD-04927,D,CAT_797F_MANUAL,0,38.61,5.83,129.56,0.196,0.148,2.3,2.49,0,12.08,9.63,0
REAL-FIELD-04928,C,CAMIONETA_4x4,0,60.45,13.7,176.59,0.226,0.322,10.2,4.14,0,10.52,7.62,0
REAL-FIELD-04929,A,CAT_797F_MANUAL,0,26.08,4.18,108.75,0.947,0.092,1.3,4.04,0,15.01,14.6,0
REAL-FIELD-04930,C,CAT_797F_MANUAL,0,32.96,6.27,26.63,0.785,0.342,10.3,6.9,2,2.91,1.35,1
REAL-FIELD-04931,A,CAT_797F_MANUAL,0,31.03,9.19,85.77,0.57,0.179,0.9,3.68,0,9.95,8.34,0
REAL-FIELD-04932,B,PALA_PH_4100XPC,0,1.96,7.12,143.78,0.642,0.178,5.6,3.83,0,264.09,262.66,0
REAL-FIELD-04933,D,CAT_797F_MANUAL,0,45.08,2.9,186.31,0.183,0.121,2.4,4.19,0,14.88,12.47,0
REAL-FIELD-04934,A,CAT_797F_MANUAL,0,31.08,13.87,88.6,0.473,0.047,1.1,1.33,0,10.26,8.8,0
REAL-FIELD-04935,E,KOMATSU_930E_AHS,1,32.54,10.03,53.31,0.652,0,9.8,0.15,0,5.9,5.03,0
REAL-FIELD-04936,D,CAMIONETA_4x4,0,29.59,10.5,115.05,0.448,0.248,10.1,5.21,0,14,11.88,0
REAL-FIELD-04937,A,CAMIONETA_4x4,0,57.75,12.62,71.2,0.655,0.135,0.7,2.88,0,4.44,3.17,1
REAL-FIELD-04938,D,CAT_797F_MANUAL,0,15.96,3.7,172.78,0.207,0.266,11.9,5.16,0,38.97,36.19,0
REAL-FIELD-04939,C,CAMIONETA_4x4,0,50.44,8.21,55.44,0.191,0.339,10.3,4.29,0,3.96,0.92,1
REAL-FIELD-04940,B,PALA_PH_4100XPC,0,1.77,15.91,182.29,0.454,0.247,5.7,5.16,0,999,996.89,0
REAL-FIELD-04941,A,CAT_797F_MANUAL,0,42.87,9.4,190.25,0.738,0.101,0.7,1.63,0,15.98,15.02,0
REAL-FIELD-04942,E,KOMATSU_930E_AHS,1,26.72,7.64,92.23,0.272,0,8.5,0.15,0,12.43,10.61,0
REAL-FIELD-04943,B,PALA_PH_4100XPC,0,3.54,15.06,23.46,0.679,0.23,8.3,2.85,1,23.86,22.37,0
REAL-FIELD-04944,C,CAMIONETA_4x4,0,49.98,9.87,31.65,0.169,0.32,9,7.2,0,2.28,-0.76,1
REAL-FIELD-04945,A,CAT_797F_MANUAL,0,33.76,9.86,51.33,0.544,0.192,2.8,6.21,0,5.47,3.75,1
REAL-FIELD-04946,A,CAT_797F_MANUAL,0,27.71,14.15,119.34,0.531,0.257,5.1,3.47,0,15.5,13.56,0
REAL-FIELD-04947,E,KOMATSU_930E_AHS,1,20.17,2.15,50.55,0.853,0,2,0.15,0,9.02,8.65,0
REAL-FIELD-04948,A,CAT_797F_MANUAL,0,24.15,6.26,80.23,0.994,0.105,0.9,2.77,0,11.96,11.63,0
REAL-FIELD-04949,D,CAT_797F_MANUAL,0,37.44,9.53,103.25,0.303,0.17,7.1,4.16,0,9.93,7.68,0
REAL-FIELD-04950,E,KOMATSU_930E_AHS,1,32.62,6.21,131.38,0.549,0,11.7,0.15,0,14.5,13.37,0
REAL-FIELD-04951,A,CAT_797F_MANUAL,0,46.03,11.43,115.58,0.745,0.194,5.8,6.1,0,9.04,7.82,0
REAL-FIELD-04952,B,PALA_PH_4100XPC,0,2.59,2.68,32.68,0.5,0.223,3.3,2.96,0,45.42,43.5,0
REAL-FIELD-04953,A,CAT_797F_MANUAL,0,41.35,8.82,175.22,0.495,0.083,2.8,5.01,0,15.25,13.74,0
REAL-FIELD-04954,A,CAT_797F_MANUAL,0,26.69,15.5,42.86,0.733,0.23,3.7,3.4,0,5.78,4.42,0
REAL-FIELD-04955,E,KOMATSU_930E_AHS,1,21.73,4.46,80.73,0.773,0,5.1,0.15,0,13.37,12.8,0
REAL-FIELD-04956,C,CAT_797F_MANUAL,0,49.88,13.97,20.72,0.951,0.288,10.7,3.48,3,1.5,0.51,1
REAL-FIELD-04957,E,KOMATSU_930E_AHS,1,25.32,9.3,103.37,0.31,0,7,0.15,0,14.7,12.98,0
REAL-FIELD-04958,E,KOMATSU_930E_AHS,1,36.91,13.49,146.04,0.467,0,4.1,0.15,0,14.24,12.91,0
REAL-FIELD-04959,E,KOMATSU_930E_AHS,1,22.83,5.19,88.07,0.744,0,10.8,0.15,0,13.89,13.25,0
REAL-FIELD-04960,E,KOMATSU_930E_AHS,1,22.51,2.93,105.72,0.425,0,9.8,0.15,0,16.91,15.47,0
REAL-FIELD-04961,E,KOMATSU_930E_AHS,1,27.8,2.72,62.42,0.368,0,2.6,0.15,0,8.08,6.5,0
REAL-FIELD-04962,E,KOMATSU_930E_AHS,1,21.91,5.19,16.42,0.72,0,4.2,0.15,0,2.7,2,1
REAL-FIELD-04963,E,KOMATSU_930E_AHS,1,37.25,3.42,120.38,0.346,0,7.3,0.15,0,11.63,10,0
REAL-FIELD-04964,C,CAMIONETA_4x4,0,26.06,2.31,97.79,0.671,0.285,10.4,4.12,0,13.51,11.83,0
REAL-FIELD-04965,E,KOMATSU_930E_AHS,1,28.64,15.07,160.22,0.999,0,1,0.15,0,20.14,20.14,0
REAL-FIELD-04966,D,PALA_PH_4100XPC,0,0.36,11.78,100.06,0.367,0.269,8.4,4.43,0,999,996.61,0
REAL-FIELD-04967,A,CAT_797F_MANUAL,0,15.25,7.98,111.61,0.922,0.216,8.4,6.4,0,26.35,25.51,0
REAL-FIELD-04968,D,CAT_797F_MANUAL,0,35.1,13.7,183.97,0.442,0.256,9.5,7.03,0,18.87,16.71,0
REAL-FIELD-04969,E,KOMATSU_930E_AHS,1,26.95,12.67,191.8,0.881,0,8.1,0.15,0,25.62,25.32,0
REAL-FIELD-04970,D,CAT_797F_MANUAL,0,21.24,11.39,55.77,0.188,0.138,4.3,4.24,0,9.45,7.01,0
REAL-FIELD-04971,A,CAT_797F_MANUAL,0,32.58,15.33,130.07,0.873,0.238,11.3,3.05,0,14.37,13.34,0
REAL-FIELD-04972,D,CAMIONETA_4x4,0,55.58,14.8,125.89,0.27,0.246,4.2,3.15,0,8.15,5.59,0
REAL-FIELD-04973,E,KOMATSU_930E_AHS,1,36.65,11.47,137.31,0.211,0,9.8,0.15,0,13.49,11.52,0
REAL-FIELD-04974,A,CAMIONETA_4x4,0,49.41,8.32,100.55,0.822,0.203,2.6,5.05,0,7.33,6.28,0
REAL-FIELD-04975,E,KOMATSU_930E_AHS,1,36.93,11.39,154.91,0.359,0,3.9,0.15,0,15.1,13.5,0
REAL-FIELD-04976,A,CAT_797F_MANUAL,0,37.65,15.02,93.89,0.932,0.187,5.1,6.2,0,8.98,8.25,0
REAL-FIELD-04977,D,CAT_797F_MANUAL,0,20.1,9.31,187.11,0.364,0.248,7.7,3.43,0,33.51,31.18,0
REAL-FIELD-04978,E,KOMATSU_930E_AHS,1,29.15,9.26,108.24,0.673,0,4.1,0.15,0,13.37,12.55,0
REAL-FIELD-04979,D,CAT_797F_MANUAL,0,24.82,4.04,171.56,0.27,0.123,4.3,5.6,0,24.88,22.69,0
REAL-FIELD-04980,D,CAMIONETA_4x4,0,38,3.11,135.6,0.189,0.035,0.8,1.64,0,12.85,10.72,0
REAL-FIELD-04981,B,PALA_PH_4100XPC,0,2.7,6.45,187.11,0.629,0.227,3.2,6.06,0,249.48,247.87,0
REAL-FIELD-04982,D,CAMIONETA_4x4,0,35.51,2.72,104.11,0.399,0.095,1.8,4.22,0,10.55,8.76,0
REAL-FIELD-04983,E,KOMATSU_930E_AHS,1,31.81,8.4,115.63,0.433,0,0.9,0.15,0,13.09,11.67,0
REAL-FIELD-04984,D,CAT_797F_MANUAL,0,18.23,13.16,24.21,0.352,0.201,2.6,4.72,2,4.78,2.56,1
REAL-FIELD-04985,D,CAT_797F_MANUAL,0,29.34,12.79,163.32,0.351,0.277,7.9,7.19,0,20.04,17.59,0
REAL-FIELD-04986,D,CAT_797F_MANUAL,0,24.3,15.36,167.2,0.384,0.262,7.7,6.57,0,24.77,22.44,0
REAL-FIELD-04987,A,CAT_797F_MANUAL,0,26.73,2.27,70.63,0.631,0.245,5.2,5.97,0,9.51,7.85,0
REAL-FIELD-04988,E,KOMATSU_930E_AHS,1,21.08,4.4,88.76,0.151,0,9.8,0.15,0,15.16,13.04,0
REAL-FIELD-04989,A,CAMIONETA_4x4,0,39.42,11.78,97.21,0.509,0.257,10.1,4.82,0,8.88,6.88,0
REAL-FIELD-04990,E,KOMATSU_930E_AHS,1,18.66,15.21,93.78,0.36,0,0.6,0.15,0,18.09,16.49,0
REAL-FIELD-04991,A,CAT_797F_MANUAL,0,26.91,14.44,35.18,0.521,0.126,4.8,3.77,0,4.71,3.13,1
REAL-FIELD-04992,E,KOMATSU_930E_AHS,1,22.44,15.85,136.02,0.653,0,0.7,0.15,0,21.82,20.95,0
REAL-FIELD-04993,E,KOMATSU_930E_AHS,1,19.65,8.64,59.15,0.982,0,6.6,0.15,0,10.84,10.8,0
REAL-FIELD-04994,C,CAT_797F_MANUAL,0,33.83,4.32,151.12,0.325,0.283,10.1,5.83,0,16.08,13.54,0
REAL-FIELD-04995,C,CAMIONETA_4x4,0,62.47,7.77,19.83,0.288,0.31,10.3,3.7,1,1.14,-1.57,1
REAL-FIELD-04996,A,CAT_797F_MANUAL,0,35.82,11.7,84.89,0.868,0.206,6,5.45,0,8.53,7.58,0
REAL-FIELD-04997,A,CAT_797F_MANUAL,0,24.42,2.16,73.89,0.625,0.242,8,5.77,0,10.89,9.23,0
REAL-FIELD-04998,E,KOMATSU_930E_AHS,1,28.08,5.18,23.67,0.969,0,7.4,0.15,0,3.03,2.95,1
REAL-FIELD-04999,E,KOMATSU_930E_AHS,1,29.39,9.68,156.79,0.915,0,6.7,0.15,0,19.21,19,0
REAL-FIELD-05000,B,PALA_PH_4100XPC,0,1.36,7.59,158.25,0.551,0.141,3.7,5.28,0,999,997.45,0
