index,fold,escenario,y_true,proba_rf,proba_gbm,y_pred_rf,y_pred_gbm
0,1,D,1,0.87361,0.9607,1,1
1,1,B,0,0.01851,0.00244,0,0
2,4,E,0,0.00411,0.0026,0,0
3,4,D,1,0.99085,0.99739,1,1
4,2,A,0,0.11288,0.00564,0,0
5,3,E,0,0.01769,0.0029,0,0
6,0,D,1,0.98793,0.99732,1,1
7,1,D,1,0.99275,0.99741,1,1
8,4,A,1,0.96276,0.95034,1,1
9,1,C,1,0.9973,0.9973,1,1
10,3,B,1,0.85301,0.99471,1,1
11,3,E,1,0.58359,0.6718,1,1
12,2,C,0,0.02794,0.00453,0,0
13,1,D,0,0.00885,0.00269,0,0
14,4,B,1,0.61356,0.9459,1,1
15,2,A,1,0.88208,0.98841,1,1
16,0,C,1,0.98094,0.99722,1,1
17,4,A,1,0.98013,0.99551,1,1
18,0,D,1,0.97585,0.99672,1,1
19,4,C,1,0.99087,0.99748,1,1
20,0,D,1,0.97101,0.99762,1,1
21,1,B,0,0.15903,0.01217,0,0
22,4,E,0,0.20288,0.02976,0,0
23,3,E,1,0.50576,0.8148,1,1
24,0,D,0,0.0387,0.00509,0,0
25,3,A,0,0.0097,0.0022,0,0
26,3,C,1,0.9859,0.99664,1,1
27,0,A,1,0.99954,0.99715,1,1
28,0,A,1,0.99131,0.99718,1,1
29,1,D,1,0.99008,0.99733,1,1
30,3,D,1,0.9731,0.99374,1,1
31,4,E,1,0.95167,0.99687,1,1
32,4,B,1,0.91949,0.99389,1,1
33,3,B,0,0.05995,0.0032,0,0
34,0,C,0,0.011,0.00234,0,0
35,2,A,0,0.05592,0.00308,0,0
36,1,A,1,0.78399,0.90586,1,1
37,3,C,0,0.20335,0.05471,0,0
38,0,A,1,0.99504,0.99716,1,1
39,1,D,0,0.0128,0.00322,0,0
40,1,B,1,0.98006,0.9975,1,1
41,4,D,0,0.12781,0.00379,0,0
42,2,D,0,0.01222,0.00402,0,0
43,0,B,0,0.3346,0.28806,0,0
44,3,D,1,0.96466,0.99665,1,1
45,4,D,1,0.87506,0.98208,1,1
46,1,B,0,0.32401,0.39168,0,0
47,1,B,1,0.94805,0.99496,1,1
48,0,D,1,0.86407,0.94274,1,1
49,1,A,1,0.97772,0.99707,1,1
50,0,A,0,0.15258,0.13758,0,0
51,2,A,0,0.00243,0.00242,0,0
52,2,D,1,0.95508,0.99508,1,1
53,0,D,0,0.01538,0.00431,0,0
54,0,D,0,0.071,0.00929,0,0
55,4,D,0,0.3994,0.22172,0,0
56,0,C,1,0.9827,0.99735,1,1
57,0,C,0,0.04769,0.00203,0,0
58,1,A,1,0.98632,0.99669,1,1
59,0,A,0,0.02063,0.00264,0,0
60,4,D,1,0.77715,0.98732,1,1
61,2,C,1,0.98255,0.99637,1,1
62,0,C,0,0.00434,0.00256,0,0
63,3,D,0,0.03428,0.00765,0,0
64,3,C,1,0.9168,0.99439,1,1
65,4,C,1,0.8942,0.99221,1,1
66,4,C,0,0.07583,0.005,0,0
67,1,B,0,0.23993,0.06978,0,0
68,1,A,1,0.99125,0.99515,1,1
69,3,B,1,0.65443,0.77416,1,1
70,2,A,0,0.12408,0.02594,0,0
71,3,B,0,0.36701,0.28578,0,0
72,1,E,1,0.35085,0.29582,0,0
73,3,A,1,0.97791,0.99343,1,1
74,4,A,1,0.84393,0.98123,1,1
75,1,B,0,0.13288,0.02613,0,0
76,1,B,1,0.07688,0.02758,0,0
77,0,D,1,0.91099,0.98689,1,1
78,0,C,0,0.84146,0.9693,1,1
79,0,D,1,0.99467,0.99696,1,1
80,2,D,0,0.00705,0.00299,0,0
81,4,B,0,0.03928,0.00279,0,0
82,1,D,0,0.07472,0.01281,0,0
83,2,A,1,0.9735,0.9973,1,1
84,3,A,1,0.9977,0.99728,1,1
85,4,A,1,0.38652,0.96426,0,1
86,0,D,1,0.97721,0.99719,1,1
87,4,C,0,0.12986,0.00291,0,0
88,2,A,0,0.0804,0.00519,0,0
89,3,C,1,0.98228,0.99651,1,1
90,2,A,1,0.96032,0.99149,1,1
91,4,D,1,0.97335,0.99693,1,1
92,2,B,1,0.89316,0.98836,1,1
93,2,B,1,0.78534,0.9053,1,1
94,3,B,1,0.71571,0.91405,1,1
95,0,C,1,0.88787,0.94557,1,1
96,4,B,1,0.1304,0.10854,0,0
97,0,A,1,0.99994,0.99619,1,1
98,4,A,0,0.03505,0.00327,0,0
99,4,E,1,0.97932,0.99726,1,1
100,0,E,1,0.99663,0.9973,1,1
101,4,D,0,0.53546,0.56026,1,1
102,1,B,0,0.11921,0.0096,0,0
103,4,E,1,0.91767,0.98646,1,1
104,4,D,0,0.0676,0.01391,0,0
105,4,D,1,0.96674,0.99654,1,1
106,3,B,0,0.01857,0.00319,0,0
107,4,B,1,0.91336,0.99069,1,1
108,4,A,0,0.12586,0.01011,0,0
109,1,E,1,0.96232,0.99706,1,1
110,4,C,1,0.974,0.99749,1,1
111,3,A,1,0.58278,0.73982,1,1
112,3,B,1,0.42481,0.22249,0,0
113,2,C,0,0.01754,0.00424,0,0
114,0,A,1,0.65694,0.82774,1,1
115,1,E,1,0.91845,0.99456,1,1
116,2,D,0,0.01005,0.00291,0,0
117,0,D,1,0.98361,0.99635,1,1
118,3,B,1,0.96163,0.99565,1,1
119,4,C,1,0.84307,0.97795,1,1
120,3,C,1,0.99704,0.99739,1,1
121,3,C,0,0.01605,0.00382,0,0
122,1,A,0,0.00387,0.00329,0,0
123,3,B,1,0.94424,0.99039,1,1
124,4,A,0,0.03268,0.00301,0,0
125,2,C,1,0.95184,0.99651,1,1
126,3,B,0,0.25437,0.02318,0,0
127,1,A,1,0.99814,0.9977,1,1
128,2,A,1,0.99338,0.99709,1,1
129,0,C,0,0.45419,0.25771,0,0
130,2,A,0,0.00628,0.00278,0,0
131,0,E,1,0.97514,0.99695,1,1
132,3,C,1,0.99378,0.99688,1,1
133,3,B,0,0.11462,0.02799,0,0
134,2,C,1,0.92729,0.96395,1,1
135,3,A,1,0.11021,0.02257,0,0
136,3,E,0,0.03276,0.00294,0,0
137,1,C,0,0.00598,0.00404,0,0
138,3,D,1,0.98021,0.99655,1,1
139,0,A,1,0.99319,0.99371,1,1
140,1,C,1,0.98605,0.99666,1,1
141,3,C,1,0.98987,0.99667,1,1
142,0,E,1,0.97471,0.99407,1,1
143,0,C,1,0.95801,0.99634,1,1
144,2,C,0,0.79917,0.9596,1,1
145,0,B,1,0.59444,0.63713,1,1
146,4,B,1,0.87487,0.98762,1,1
147,3,C,0,0.04332,0.00454,0,0
148,0,B,0,0.29494,0.21789,0,0
149,3,A,0,0.04005,0.00199,0,0
150,3,D,1,0.69788,0.77694,1,1
151,4,E,0,0.09684,0.07459,0,0
152,2,A,1,0.97951,0.99664,1,1
153,0,C,1,0.96409,0.99571,1,1
154,0,A,1,0.98021,0.99589,1,1
155,4,D,1,0.97842,0.99699,1,1
156,3,B,0,0.02208,0.01002,0,0
157,3,D,0,0.32793,0.12232,0,0
158,4,D,1,0.6559,0.76029,1,1
159,0,D,0,0.06139,0.00503,0,0
160,3,A,1,0.98267,0.99691,1,1
161,0,E,0,0.08433,0.01119,0,0
162,3,A,0,0.01567,0.0027,0,0
163,2,A,1,0.98145,0.99721,1,1
164,2,C,0,0.05425,0.02325,0,0
165,2,B,0,0.05054,0.02262,0,0
166,0,D,1,0.59037,0.92009,1,1
167,3,D,1,0.74057,0.96405,1,1
168,3,B,0,0.02006,0.00793,0,0
169,4,E,0,0.00969,0.00314,0,0
170,0,B,0,0.13631,0.0297,0,0
171,4,C,1,0.96298,0.9944,1,1
172,0,B,0,0.02761,0.00586,0,0
173,4,E,0,0.0287,0.00653,0,0
174,4,A,1,0.4187,0.09837,0,0
175,3,A,0,0.04345,0.00187,0,0
176,1,B,0,0.10449,0.01169,0,0
177,4,E,1,0.70986,0.67783,1,1
178,1,E,0,0.02704,0.0069,0,0
179,2,D,1,0.99297,0.99724,1,1
180,4,E,0,0.77574,0.9538,1,1
181,0,E,0,0.01029,0.00328,0,0
182,4,C,1,0.93695,0.99666,1,1
183,0,B,1,0.862,0.98804,1,1
184,0,D,1,0.73024,0.85996,1,1
185,1,D,0,0.00449,0.00303,0,0
186,2,B,1,0.96644,0.99359,1,1
187,4,A,1,0.9633,0.99682,1,1
188,2,D,0,0.00264,0.00255,0,0
189,0,B,1,0.96682,0.99668,1,1
190,2,E,0,0.03534,0.00543,0,0
191,2,A,1,0.92912,0.99048,1,1
192,2,A,1,0.98009,0.99722,1,1
193,0,D,1,0.98943,0.9973,1,1
194,1,A,1,0.14211,0.0976,0,0
195,3,A,0,0.01166,0.00474,0,0
196,3,C,0,0.04669,0.00514,0,0
197,1,E,0,0.04231,0.0034,0,0
198,1,A,0,0.06797,0.00766,0,0
199,0,B,0,0.89208,0.95711,1,1
200,1,D,1,0.98846,0.9977,1,1
201,1,E,0,0.01615,0.00363,0,0
202,3,C,1,0.94179,0.98702,1,1
203,2,A,1,0.9551,0.99722,1,1
204,2,A,0,0.01762,0.00317,0,0
205,1,A,0,0.0372,0.00251,0,0
206,1,A,1,0.88283,0.98166,1,1
207,2,D,0,0.84636,0.92043,1,1
208,2,A,0,0.03116,0.0031,0,0
209,4,C,1,0.9586,0.99212,1,1
210,1,D,0,0.01424,0.00232,0,0
211,2,C,1,0.96603,0.99548,1,1
212,1,A,1,0.97725,0.99693,1,1
213,0,D,0,0.02922,0.00377,0,0
214,1,D,0,0.02115,0.00342,0,0
215,2,D,0,0.05376,0.00416,0,0
216,3,A,1,0.99251,0.99703,1,1
217,0,A,1,0.98071,0.98703,1,1
218,0,E,0,0.02144,0.00457,0,0
219,2,B,0,0.05145,0.02969,0,0
220,1,B,1,0.84003,0.97717,1,1
221,0,C,1,0.94207,0.99131,1,1
222,2,D,0,0.02263,0.00268,0,0
223,4,E,1,0.96284,0.99642,1,1
224,1,B,0,0.2708,0.09544,0,0
225,4,E,1,0.98923,0.99769,1,1
226,2,A,1,0.93676,0.99366,1,1
227,4,C,0,0.0058,0.00324,0,0
228,1,C,1,0.96944,0.99175,1,1
229,1,A,0,0.03504,0.00301,0,0
230,3,A,1,0.8931,0.98782,1,1
231,2,B,0,0.03183,0.00359,0,0
232,3,E,1,0.94508,0.99256,1,1
233,3,C,1,0.94218,0.99227,1,1
234,1,E,1,0.96542,0.99647,1,1
235,3,D,0,0.22552,0.03094,0,0
236,2,C,1,0.99807,0.99736,1,1
237,4,D,1,0.25562,0.11404,0,0
238,2,A,0,0.03382,0.00308,0,0
239,2,A,1,0.70485,0.96878,1,1
240,3,D,0,0.04212,0.00535,0,0
241,2,D,1,0.93028,0.99642,1,1
242,4,A,1,0.98055,0.99583,1,1
243,0,C,0,0.0783,0.01004,0,0
244,2,C,1,0.98942,0.99664,1,1
245,1,E,0,0.07208,0.00411,0,0
246,2,C,1,0.98593,0.99524,1,1
247,1,B,0,0.00655,0.00335,0,0
248,2,B,1,0.87352,0.97992,1,1
249,3,B,0,0.53498,0.45803,1,0
250,3,D,0,0.01814,0.00255,0,0
251,4,E,1,0.98999,0.99713,1,1
252,0,C,0,0.02495,0.00486,0,0
253,4,A,1,0.97146,0.99563,1,1
254,4,A,0,0.01424,0.00347,0,0
255,1,D,1,0.92717,0.99476,1,1
256,1,D,1,0.81123,0.88244,1,1
257,1,A,0,0.01629,0.00474,0,0
258,0,A,1,0.99299,0.9974,1,1
259,0,C,1,0.99382,0.99686,1,1
260,1,A,0,0.0282,0.00296,0,0
261,0,D,0,0.01508,0.00215,0,0
262,0,B,0,0.12268,0.0133,0,0
263,1,A,0,0.0386,0.00248,0,0
264,1,E,0,0.03281,0.00292,0,0
265,0,A,1,0.99104,0.9977,1,1
266,2,B,1,0.89277,0.96821,1,1
267,3,A,1,0.98429,0.99515,1,1
268,2,A,0,0.00852,0.00257,0,0
269,4,A,0,0.0111,0.00279,0,0
270,1,A,1,0.99993,0.9974,1,1
271,2,A,1,0.96847,0.99648,1,1
272,2,A,0,0.0007,0.0025,0,0
273,1,C,0,0.00789,0.00263,0,0
274,0,D,0,0.00401,0.00458,0,0
275,4,B,1,0.88696,0.99154,1,1
276,3,B,1,0.89999,0.99007,1,1
277,1,C,0,0.00446,0.00412,0,0
278,2,E,0,0.02503,0.00215,0,0
279,1,E,0,0.03539,0.00277,0,0
280,2,A,0,0.00712,0.00389,0,0
281,1,A,1,0.97041,0.99517,1,1
282,3,A,1,0.95933,0.98625,1,1
283,1,A,0,0.03172,0.00277,0,0
284,0,C,1,0.99451,0.99731,1,1
285,4,B,1,0.70483,0.96794,1,1
286,0,A,1,0.45731,0.77354,0,1
287,0,B,1,0.94035,0.99409,1,1
288,1,C,1,0.92194,0.99152,1,1
289,3,A,0,0.03052,0.00399,0,0
290,2,D,0,0.0221,0.00361,0,0
291,2,A,1,0.99112,0.99665,1,1
292,4,E,0,0.22735,0.11138,0,0
293,2,A,1,0.36161,0.29443,0,0
294,3,D,1,0.80365,0.76485,1,1
295,2,E,1,0.97757,0.99453,1,1
296,3,E,0,0.00976,0.00577,0,0
297,4,D,1,0.99401,0.99714,1,1
298,0,D,1,0.9874,0.99722,1,1
299,1,C,1,0.98539,0.99701,1,1
300,2,D,0,0.01165,0.00272,0,0
301,4,A,0,0.00238,0.00269,0,0
302,3,C,1,0.91633,0.99599,1,1
303,2,C,1,0.96391,0.9956,1,1
304,1,E,0,0.00423,0.00328,0,0
305,4,C,0,0.03083,0.00499,0,0
306,1,B,1,0.77601,0.78093,1,1
307,1,C,1,0.96974,0.9955,1,1
308,0,B,1,0.97406,0.9948,1,1
309,3,A,1,0.99204,0.99632,1,1
310,1,C,0,0.00883,0.00255,0,0
311,4,B,0,0.02139,0.00252,0,0
312,4,A,1,0.98882,0.99781,1,1
313,0,B,1,0.92119,0.99267,1,1
314,0,B,0,0.04767,0.00907,0,0
315,1,B,1,0.47758,0.57232,0,1
316,2,B,0,0.16121,0.01246,0,0
317,2,D,1,0.98018,0.99373,1,1
318,3,B,1,0.95014,0.99386,1,1
319,0,E,0,0.12179,0.0293,0,0
320,4,E,1,0.9791,0.99565,1,1
321,3,C,1,0.99541,0.99731,1,1
322,3,B,0,0.24969,0.23242,0,0
323,2,C,1,0.96526,0.99587,1,1
324,4,D,1,0.79817,0.98135,1,1
325,2,D,1,0.56051,0.16768,1,0
326,0,D,0,0.01736,0.00267,0,0
327,3,C,1,0.98702,0.99665,1,1
328,4,C,0,0.55461,0.35958,1,0
329,4,B,0,0.00481,0.0018,0,0
330,0,D,0,0.03418,0.00473,0,0
331,0,A,1,0.63311,0.84445,1,1
332,4,D,1,0.71363,0.96388,1,1
333,4,E,0,0.01644,0.00374,0,0
334,2,A,0,0.00562,0.00374,0,0
335,0,C,0,0.13427,0.02987,0,0
336,0,A,1,0.99623,0.99775,1,1
337,4,D,0,0.05455,0.02244,0,0
338,0,A,1,0.99095,0.99625,1,1
339,2,E,0,0.01592,0.00126,0,0
340,2,A,1,0.99491,0.99779,1,1
341,4,E,1,0.99812,0.9975,1,1
342,4,D,1,0.99626,0.99718,1,1
343,0,C,1,0.84705,0.99407,1,1
344,0,D,1,0.98153,0.99497,1,1
345,0,D,1,0.99267,0.99051,1,1
346,2,E,0,0.00728,0.0022,0,0
347,1,B,0,0.03452,0.00874,0,0
348,3,C,1,0.98434,0.99712,1,1
349,1,A,0,0.40544,0.17519,0,0
350,2,C,0,0.18875,0.03223,0,0
351,1,A,0,0.02644,0.00285,0,0
352,0,C,1,0.96626,0.99675,1,1
353,0,C,0,0.03436,0.00367,0,0
354,1,C,0,0.01041,0.00327,0,0
355,3,C,1,0.95655,0.994,1,1
356,2,D,1,0.99162,0.99753,1,1
357,2,D,1,0.86645,0.98864,1,1
358,2,C,0,0.06196,0.02563,0,0
359,0,C,1,0.69471,0.99382,1,1
360,1,E,0,0.02245,0.00362,0,0
361,4,A,1,0.99873,0.99776,1,1
362,2,A,0,0.01492,0.00238,0,0
363,1,A,1,0.9638,0.99259,1,1
364,2,D,1,0.99697,0.99756,1,1
365,1,B,0,0.00548,0.00248,0,0
366,3,D,1,0.98054,0.99699,1,1
367,1,D,1,0.9635,0.99653,1,1
368,1,B,1,0.97041,0.99665,1,1
369,4,E,0,0.04411,0.00918,0,0
370,0,D,0,0.32029,0.03788,0,0
371,0,B,0,0.0976,0.00897,0,0
372,3,B,1,0.86814,0.98818,1,1
373,4,B,1,0.97579,0.99362,1,1
374,3,A,1,0.97973,0.99408,1,1
375,3,A,1,0.99445,0.99694,1,1
376,4,E,1,0.80957,0.96655,1,1
377,4,B,0,0.11899,0.01093,0,0
378,4,B,1,0.9008,0.99045,1,1
379,3,D,1,0.98122,0.99705,1,1
380,4,C,0,0.00656,0.00288,0,0
381,3,E,1,0.93338,0.99238,1,1
382,2,D,1,0.98032,0.9978,1,1
383,4,C,1,0.9734,0.99442,1,1
384,0,B,0,0.13679,0.01026,0,0
385,0,E,1,0.99213,0.99714,1,1
386,0,D,1,0.81981,0.99472,1,1
387,0,E,1,0.59317,0.91801,1,1
388,0,A,1,0.93144,0.99457,1,1
389,1,E,1,0.85729,0.99088,1,1
390,4,C,1,0.99149,0.9972,1,1
391,1,A,0,0.04058,0.0029,0,0
392,3,C,1,0.97323,0.99691,1,1
393,3,D,0,0.14419,0.01614,0,0
394,0,A,0,0.00747,0.00328,0,0
395,4,C,1,0.91341,0.99324,1,1
396,0,D,0,0.077,0.00689,0,0
397,1,B,1,0.92933,0.9963,1,1
398,2,C,0,0.01325,0.00415,0,0
399,0,B,0,0.34501,0.25948,0,0
400,3,B,1,0.94083,0.99503,1,1
401,2,E,1,0.71654,0.7921,1,1
402,2,D,0,0.01503,0.00345,0,0
403,3,A,1,0.99385,0.99692,1,1
404,4,E,1,0.98825,0.99708,1,1
405,4,E,0,0.01393,0.0026,0,0
406,1,B,1,0.73571,0.94935,1,1
407,3,D,1,0.99387,0.99709,1,1
408,0,A,1,0.95283,0.99015,1,1
409,2,E,1,0.95491,0.99617,1,1
410,2,D,0,0.01139,0.00365,0,0
411,4,D,0,0.029,0.00292,0,0
412,3,A,1,0.99516,0.99741,1,1
413,3,E,0,0.00509,0.0028,0,0
414,4,A,1,0.95571,0.99807,1,1
415,1,A,0,0.01598,0.00338,0,0
416,2,A,1,0.99358,0.99738,1,1
417,0,D,0,0.01601,0.00656,0,0
418,1,A,1,0.99815,0.99726,1,1
419,2,E,0,0.00682,0.00228,0,0
420,2,D,1,0.94587,0.99595,1,1
421,0,A,1,0.99436,0.99694,1,1
422,4,A,1,0.98982,0.99772,1,1
423,4,A,1,0.95977,0.99769,1,1
424,0,C,0,0.0085,0.00222,0,0
425,2,D,0,0.06295,0.00661,0,0
426,2,A,1,0.98771,0.99755,1,1
427,2,D,1,0.98315,0.99752,1,1
428,0,A,1,0.99456,0.99654,1,1
429,4,D,1,0.9763,0.99454,1,1
430,3,E,0,0.01028,0.00236,0,0
431,2,D,1,0.99318,0.99724,1,1
432,4,D,0,0.01331,0.0031,0,0
433,2,D,0,0.02415,0.00653,0,0
434,2,A,1,0.99012,0.99667,1,1
435,1,A,0,0.0124,0.00298,0,0
436,3,A,1,0.95874,0.99188,1,1
437,3,C,0,0.05979,0.01232,0,0
438,4,D,1,0.98233,0.99715,1,1
439,1,C,1,0.97718,0.99708,1,1
440,4,E,0,0.10377,0.00553,0,0
441,0,A,0,0.03244,0.00242,0,0
442,4,D,0,0.01905,0.00266,0,0
443,3,A,1,0.96257,0.99642,1,1
444,4,B,0,0.04914,0.00856,0,0
445,0,D,0,0.00643,0.0027,0,0
446,1,E,1,0.98579,0.99645,1,1
447,0,C,0,0.02681,0.00484,0,0
448,0,A,1,0.79697,0.94223,1,1
449,1,C,0,0.03729,0.00459,0,0
450,1,A,1,0.99561,0.99767,1,1
451,0,E,0,0.0114,0.00185,0,0
452,1,D,1,0.64481,0.65471,1,1
453,0,A,1,0.98987,0.99607,1,1
454,3,A,1,0.97338,0.99275,1,1
455,1,A,1,0.98194,0.99598,1,1
456,2,E,0,0.4952,0.61256,0,1
457,0,C,1,0.99792,0.99762,1,1
458,1,D,0,0.5392,0.5354,1,1
459,2,C,0,0.03234,0.0049,0,0
460,1,C,0,0.2169,0.03495,0,0
461,3,A,1,0.98966,0.99623,1,1
462,3,E,1,0.99752,0.99711,1,1
463,1,B,0,0.07421,0.01306,0,0
464,2,C,1,0.38131,0.21401,0,0
465,0,D,0,0.00974,0.00239,0,0
466,3,C,0,0.03785,0.00242,0,0
467,0,E,0,0.00769,0.00249,0,0
468,3,A,1,0.99261,0.99686,1,1
469,1,C,0,0.39564,0.04871,0,0
470,3,B,0,0.69371,0.96683,1,1
471,1,C,0,0.05989,0.00864,0,0
472,0,A,0,0.07095,0.00371,0,0
473,1,A,1,0.99841,0.99671,1,1
474,1,B,1,0.92718,0.98871,1,1
475,1,B,0,0.15652,0.0291,0,0
476,4,B,0,0.02054,0.00184,0,0
477,1,C,0,0.31848,0.22855,0,0
478,3,C,0,0.02079,0.00478,0,0
479,2,B,0,0.24619,0.09588,0,0
480,1,B,1,0.90708,0.99398,1,1
481,3,A,1,0.53524,0.72023,1,1
482,1,C,1,0.96921,0.99714,1,1
483,0,B,0,0.12755,0.00717,0,0
484,1,A,0,0.0359,0.01011,0,0
485,1,B,1,0.19114,0.12005,0,0
486,2,C,0,0.01346,0.00333,0,0
487,2,A,1,0.78513,0.99161,1,1
488,0,C,0,0.01542,0.00337,0,0
489,4,C,1,0.99124,0.99729,1,1
490,3,D,0,0.02609,0.0062,0,0
491,2,C,0,0.00283,0.00217,0,0
492,3,D,0,0.01881,0.00303,0,0
493,1,B,1,0.9659,0.99659,1,1
494,1,D,1,0.99347,0.99733,1,1
495,2,C,0,0.01761,0.00262,0,0
496,3,B,0,0.58341,0.71963,1,1
497,2,C,1,0.9612,0.99677,1,1
498,2,B,0,0.1144,0.02136,0,0
499,1,C,1,0.99269,0.9969,1,1
500,2,D,1,0.97177,0.99722,1,1
501,2,E,0,0.0139,0.0024,0,0
502,0,E,1,0.92678,0.99485,1,1
503,1,C,1,0.99346,0.99659,1,1
504,0,C,0,0.00127,0.00264,0,0
505,4,D,1,0.9911,0.99735,1,1
506,0,B,1,0.92949,0.99188,1,1
507,3,D,1,0.95313,0.99622,1,1
508,3,C,1,0.96491,0.9877,1,1
509,1,A,0,0.17326,0.03239,0,0
510,4,A,1,0.96696,0.99529,1,1
511,3,D,0,0.04963,0.00305,0,0
512,0,A,1,0.97708,0.99663,1,1
513,0,B,0,0.09203,0.00833,0,0
514,4,B,1,0.85816,0.98375,1,1
515,0,A,1,0.58433,0.92958,1,1
516,0,B,0,0.0092,0.0028,0,0
517,4,D,1,0.95718,0.99546,1,1
518,3,A,1,0.9969,0.99574,1,1
519,4,D,1,0.90432,0.99521,1,1
520,4,E,0,0.02347,0.00381,0,0
521,1,B,1,0.6231,0.4853,1,0
522,2,A,1,0.6423,0.8983,1,1
523,4,C,1,0.95481,0.99419,1,1
524,1,A,0,0.02343,0.00348,0,0
525,2,B,0,0.39051,0.2324,0,0
526,3,E,0,0.01639,0.00339,0,0
527,4,E,0,0.02052,0.00242,0,0
528,2,D,0,0.87675,0.91972,1,1
529,3,B,0,0.02009,0.00343,0,0
530,2,D,1,0.99409,0.99737,1,1
531,2,D,1,0.97777,0.99629,1,1
532,0,B,1,0.80377,0.94356,1,1
533,1,C,0,0.03076,0.0046,0,0
534,4,A,1,0.98666,0.99778,1,1
535,0,A,0,0.01949,0.00275,0,0
536,2,C,1,0.97946,0.99738,1,1
537,3,A,1,0.98589,0.99664,1,1
538,1,A,1,0.99179,0.99489,1,1
539,4,D,0,0.02773,0.00317,0,0
540,2,E,1,0.98004,0.99665,1,1
541,4,C,0,0.041,0.00473,0,0
542,3,D,1,0.87285,0.98489,1,1
543,4,E,0,0.27594,0.07978,0,0
544,4,A,0,0.01912,0.00208,0,0
545,0,B,0,0.05648,0.00796,0,0
546,2,B,0,0.22005,0.04054,0,0
547,0,A,1,0.1701,0.00577,0,0
548,0,D,1,0.98253,0.99671,1,1
549,2,B,1,0.99387,0.99749,1,1
550,4,C,1,0.99426,0.99718,1,1
551,0,A,1,0.99085,0.99567,1,1
552,0,A,0,0.11192,0.00232,0,0
553,4,E,0,0.00908,0.00283,0,0
554,4,A,0,0.01391,0.00258,0,0
555,0,A,1,0.96805,0.99395,1,1
556,3,B,1,0.93118,0.99503,1,1
557,1,C,1,0.98682,0.99731,1,1
558,0,C,0,0.00898,0.00238,0,0
559,4,C,1,0.95946,0.99539,1,1
560,2,A,1,0.99952,0.9974,1,1
561,1,A,1,0.99509,0.99682,1,1
562,4,D,0,0.09553,0.00506,0,0
563,0,C,0,0.015,0.00282,0,0
564,2,C,1,0.98884,0.99477,1,1
565,1,D,1,0.95823,0.9802,1,1
566,1,D,1,0.98094,0.99791,1,1
567,3,A,0,0.04924,0.00203,0,0
568,4,B,1,0.87668,0.98989,1,1
569,1,C,0,0.00696,0.00309,0,0
570,1,B,0,0.00806,0.00241,0,0
571,3,D,0,0.05546,0.00311,0,0
572,0,C,1,0.98664,0.99586,1,1
573,3,D,1,0.9801,0.99651,1,1
574,1,E,1,0.91949,0.98708,1,1
575,4,C,1,0.98022,0.99495,1,1
576,3,E,1,0.95414,0.99291,1,1
577,3,C,1,0.9601,0.96951,1,1
578,2,E,0,0.03002,0.00233,0,0
579,3,B,0,0.49243,0.49145,0,0
580,0,C,0,0.00493,0.00252,0,0
581,2,C,0,0.39132,0.06967,0,0
582,1,A,0,0.20549,0.10489,0,0
583,0,B,1,0.60993,0.843,1,1
584,3,E,1,0.97376,0.99614,1,1
585,2,C,1,0.90059,0.99175,1,1
586,2,A,0,0.03189,0.00465,0,0
587,3,B,1,0.23391,0.4604,0,0
588,4,A,0,0.05854,0.00981,0,0
589,3,A,1,0.99655,0.99734,1,1
590,2,E,0,0.04151,0.03995,0,0
591,2,B,0,0.07496,0.00965,0,0
592,1,B,1,0.89875,0.99054,1,1
593,0,C,1,0.97993,0.99526,1,1
594,2,A,1,0.69711,0.91652,1,1
595,1,B,0,0.08924,0.02083,0,0
596,2,D,0,0.17009,0.16604,0,0
597,1,C,0,0.11759,0.0086,0,0
598,4,E,0,0.07208,0.00391,0,0
599,3,C,1,0.99077,0.99691,1,1
600,0,C,1,0.99714,0.99779,1,1
601,1,D,0,0.04472,0.00253,0,0
602,1,E,0,0.01621,0.00287,0,0
603,3,D,1,0.95968,0.99529,1,1
604,2,E,1,0.94652,0.99458,1,1
605,4,D,0,0.46012,0.77944,0,1
606,4,E,1,0.96432,0.9964,1,1
607,2,A,1,0.99422,0.99713,1,1
608,1,D,0,0.0119,0.00293,0,0
609,3,B,0,0.02858,0.00653,0,0
610,1,C,0,0.01283,0.00316,0,0
611,2,D,1,0.92878,0.99028,1,1
612,0,E,0,0.00311,0.00242,0,0
613,4,E,0,0.05929,0.00888,0,0
614,0,B,1,0.90269,0.99331,1,1
615,2,D,1,0.94176,0.9967,1,1
616,4,D,1,0.63727,0.90349,1,1
617,0,B,1,0.97088,0.99379,1,1
618,2,A,0,0.06795,0.03009,0,0
619,4,A,1,0.98174,0.9854,1,1
620,4,D,1,0.58792,0.63167,1,1
621,4,C,0,0.01915,0.00336,0,0
622,0,E,0,0.34539,0.1366,0,0
623,1,C,0,0.16482,0.02276,0,0
624,3,E,1,0.86823,0.96434,1,1
625,2,B,0,0.09517,0.02139,0,0
626,1,D,1,0.8956,0.96245,1,1
627,2,A,1,0.772,0.98711,1,1
628,2,C,1,0.44942,0.65874,0,1
629,3,D,0,0.12879,0.01987,0,0
630,0,E,0,0.07756,0.0195,0,0
631,2,D,1,0.96299,0.99449,1,1
632,2,A,1,0.99972,0.99759,1,1
633,1,B,0,0.12524,0.01939,0,0
634,3,A,1,0.99213,0.99699,1,1
635,1,A,1,0.99858,0.99736,1,1
636,0,D,0,0.18787,0.01146,0,0
637,4,D,1,0.99136,0.99762,1,1
638,3,D,0,0.01754,0.00343,0,0
639,4,E,0,0.12476,0.08533,0,0
640,1,D,1,0.90491,0.98992,1,1
641,0,D,1,0.97441,0.99712,1,1
642,2,A,1,0.98877,0.99719,1,1
643,1,A,1,0.99703,0.99733,1,1
644,0,C,0,0.06395,0.01048,0,0
645,3,E,1,0.89142,0.99469,1,1
646,0,A,1,0.97924,0.99748,1,1
647,0,C,1,0.99384,0.99768,1,1
648,0,D,1,0.7618,0.9421,1,1
649,3,A,1,0.94836,0.99707,1,1
650,4,B,0,0.18833,0.03172,0,0
651,2,E,1,0.99083,0.99668,1,1
652,0,D,1,0.44377,0.13099,0,0
653,2,A,1,0.15988,0.05058,0,0
654,2,E,1,0.95333,0.99017,1,1
655,4,B,1,0.96333,0.99636,1,1
656,4,E,1,0.97382,0.99727,1,1
657,4,B,0,0.46204,0.65743,0,1
658,4,C,1,0.94573,0.9954,1,1
659,4,B,0,0.09819,0.00649,0,0
660,3,B,1,0.24532,0.5686,0,1
661,1,E,1,0.83514,0.98629,1,1
662,1,A,1,0.97686,0.99575,1,1
663,4,A,0,0.04993,0.00215,0,0
664,2,B,1,0.88388,0.98396,1,1
665,0,D,1,0.94353,0.99277,1,1
666,0,D,0,0.40736,0.26005,0,0
667,3,E,1,0.9899,0.99708,1,1
668,0,B,1,0.95188,0.99547,1,1
669,3,B,0,0.22266,0.02835,0,0
670,3,A,0,0.01908,0.00267,0,0
671,4,C,0,0.10287,0.02749,0,0
672,1,E,1,0.99035,0.99714,1,1
673,0,D,1,0.99155,0.99663,1,1
674,3,C,0,0.1293,0.00448,0,0
675,4,B,0,0.09436,0.05637,0,0
676,3,E,0,0.00299,0.00235,0,0
677,2,C,1,0.95274,0.99423,1,1
678,3,A,1,0.99388,0.99594,1,1
679,2,B,1,0.93727,0.99267,1,1
680,1,A,1,0.99986,0.99725,1,1
681,2,A,0,0.02131,0.00378,0,0
682,2,A,0,0.034,0.00442,0,0
683,3,C,0,0.00356,0.00403,0,0
684,3,C,1,0.93095,0.98205,1,1
685,4,B,0,0.31097,0.23905,0,0
686,1,B,0,0.07492,0.00899,0,0
687,2,E,1,0.93087,0.98139,1,1
688,2,D,1,0.98294,0.99661,1,1
689,0,C,1,0.76941,0.94516,1,1
690,1,B,0,0.17914,0.01314,0,0
691,3,E,0,0.01413,0.00306,0,0
692,1,A,0,0.01107,0.00268,0,0
693,4,B,0,0.03389,0.00397,0,0
694,1,E,0,0.0075,0.00249,0,0
695,3,C,1,0.83413,0.97133,1,1
696,4,D,1,0.94475,0.99664,1,1
697,4,C,1,0.90458,0.99087,1,1
698,0,D,0,0.06415,0.00503,0,0
699,2,B,0,0.07621,0.00749,0,0
700,0,A,1,0.91014,0.99221,1,1
701,3,B,0,0.21539,0.06417,0,0
702,0,A,1,0.90587,0.92614,1,1
703,1,E,1,0.97856,0.99782,1,1
704,3,B,0,0.0701,0.00461,0,0
705,4,C,1,0.97369,0.99565,1,1
706,3,D,0,0.01175,0.00358,0,0
707,3,D,1,0.50465,0.53867,1,1
708,2,B,0,0.0325,0.004,0,0
709,3,C,1,0.99779,0.99624,1,1
710,0,E,0,0.01658,0.00209,0,0
711,4,D,1,0.88458,0.93693,1,1
712,3,D,1,0.98595,0.99735,1,1
713,2,E,0,0.01182,0.00725,0,0
714,0,D,1,0.95838,0.99517,1,1
715,2,A,1,0.99334,0.99722,1,1
716,0,C,0,0.02971,0.00278,0,0
717,2,A,1,0.93365,0.97962,1,1
718,3,D,0,0.03557,0.01504,0,0
719,0,E,0,0.01893,0.00202,0,0
720,3,C,1,0.91198,0.98803,1,1
721,2,B,1,0.92731,0.98361,1,1
722,1,A,0,0.09226,0.00346,0,0
723,2,E,1,0.97741,0.99652,1,1
724,3,A,0,0.00864,0.00242,0,0
725,2,A,0,0.01283,0.0026,0,0
726,2,A,1,0.98766,0.99703,1,1
727,1,A,1,0.9948,0.99757,1,1
728,4,C,0,0.02151,0.0026,0,0
729,2,C,0,0.01369,0.00284,0,0
730,3,B,0,0.02545,0.00602,0,0
731,0,A,0,0.0343,0.00392,0,0
732,1,A,1,0.93678,0.9957,1,1
733,0,B,0,0.10797,0.0098,0,0
734,0,A,1,0.98958,0.99551,1,1
735,0,D,1,0.97999,0.99665,1,1
736,1,A,0,0.0688,0.00964,0,0
737,0,B,0,0.0845,0.02376,0,0
738,4,B,0,0.42442,0.13603,0,0
739,0,B,0,0.1659,0.02526,0,0
740,3,A,0,0.03256,0.00218,0,0
741,3,A,1,0.93143,0.98542,1,1
742,2,E,1,0.8943,0.99085,1,1
743,2,A,0,0.11627,0.00553,0,0
744,0,C,1,0.9772,0.99742,1,1
745,2,C,1,0.88996,0.97794,1,1
746,1,B,0,0.50153,0.48044,1,0
747,2,B,0,0.015,0.00182,0,0
748,1,D,1,0.99845,0.99758,1,1
749,3,D,0,0.01231,0.0035,0,0
750,2,B,0,0.00768,0.00291,0,0
751,2,B,0,0.02055,0.00162,0,0
752,3,A,0,0.03545,0.00245,0,0
753,3,C,1,0.94668,0.99609,1,1
754,0,D,1,0.97833,0.99741,1,1
755,3,A,0,0.05623,0.00191,0,0
756,2,B,0,0.01791,0.0023,0,0
757,3,E,1,0.82917,0.98079,1,1
758,4,A,0,0.01453,0.00494,0,0
759,1,C,0,0.07078,0.00387,0,0
760,4,D,0,0.02726,0.00265,0,0
761,1,A,0,0.11115,0.01303,0,0
762,1,A,0,0.17678,0.18509,0,0
763,1,A,0,0.02005,0.00286,0,0
764,1,E,1,0.96544,0.99664,1,1
765,0,A,1,0.85097,0.87287,1,1
766,2,A,0,0.00942,0.00413,0,0
767,4,A,1,0.99419,0.99753,1,1
768,4,A,1,0.79916,0.95723,1,1
769,2,C,1,0.98157,0.99328,1,1
770,3,A,1,0.84425,0.98897,1,1
771,2,C,0,0.22018,0.08361,0,0
772,1,C,1,0.82187,0.91772,1,1
773,2,D,0,0.0426,0.0125,0,0
774,4,A,0,0.1267,0.25525,0,0
775,2,E,1,0.97593,0.99702,1,1
776,4,C,1,0.81963,0.90639,1,1
777,0,A,1,0.33661,0.41437,0,0
778,4,D,1,0.98452,0.99691,1,1
779,4,E,0,0.65314,0.69221,1,1
780,1,B,0,0.09609,0.01531,0,0
781,3,E,0,0.02411,0.0038,0,0
782,0,C,1,0.96673,0.99718,1,1
783,3,C,1,0.97746,0.99698,1,1
784,1,E,0,0.01448,0.00203,0,0
785,4,B,0,0.2978,0.04695,0,0
786,4,D,1,0.97772,0.99812,1,1
787,0,B,0,0.06563,0.00587,0,0
788,1,D,1,0.96022,0.99621,1,1
789,4,C,1,0.95875,0.99555,1,1
790,3,A,1,0.9597,0.99226,1,1
791,3,B,0,0.0642,0.00282,0,0
792,2,B,1,0.75301,0.99334,1,1
793,3,A,0,0.01546,0.00373,0,0
794,2,A,0,0.02194,0.0024,0,0
795,1,B,0,0.29241,0.06524,0,0
796,2,A,0,0.20486,0.21433,0,0
797,4,A,1,0.98647,0.99797,1,1
798,1,D,0,0.10777,0.0071,0,0
799,3,D,1,0.95636,0.99268,1,1
800,4,D,1,0.93709,0.98175,1,1
801,0,B,1,0.96745,0.99619,1,1
802,1,E,0,0.01437,0.0027,0,0
803,2,C,0,0.0461,0.00575,0,0
804,0,A,0,0.00791,0.00237,0,0
805,2,A,1,0.99211,0.99681,1,1
806,2,D,0,0.03444,0.00194,0,0
807,0,A,0,0.02566,0.00293,0,0
808,0,C,1,0.95999,0.99316,1,1
809,0,E,0,0.15036,0.04629,0,0
810,4,A,1,0.8006,0.98108,1,1
811,4,A,1,0.99848,0.9974,1,1
812,2,E,1,0.53535,0.72562,1,1
813,3,C,1,0.94591,0.99631,1,1
814,2,A,1,0.84112,0.97816,1,1
815,1,E,1,0.94261,0.98803,1,1
816,3,E,1,0.97098,0.99785,1,1
817,0,C,0,0.01586,0.00252,0,0
818,3,C,0,0.85993,0.92211,1,1
819,4,B,0,0.04618,0.00419,0,0
820,3,A,1,0.99388,0.99689,1,1
821,4,C,1,0.9457,0.99661,1,1
822,3,B,0,0.07796,0.0159,0,0
823,0,D,1,0.99258,0.9969,1,1
824,0,D,1,0.99134,0.99662,1,1
825,4,A,0,0.00033,0.00249,0,0
826,1,C,1,0.9891,0.99644,1,1
827,0,A,0,0.02457,0.00263,0,0
828,3,E,0,0.01127,0.00279,0,0
829,4,B,0,0.09103,0.02699,0,0
830,3,C,1,0.87067,0.98964,1,1
831,2,C,1,0.98821,0.99755,1,1
832,0,B,1,0.26979,0.03411,0,0
833,1,D,1,0.82858,0.98787,1,1
834,0,D,1,0.92932,0.98395,1,1
835,3,C,1,0.75321,0.96772,1,1
836,3,D,1,0.95692,0.99,1,1
837,1,E,0,0.00911,0.00263,0,0
838,0,B,0,0.01262,0.00169,0,0
839,1,C,1,0.95534,0.99507,1,1
840,0,A,0,0.0509,0.00271,0,0
841,4,D,0,0.01888,0.00331,0,0
842,2,C,0,0.01526,0.00253,0,0
843,3,B,1,0.65108,0.90273,1,1
844,4,A,1,0.99358,0.99775,1,1
845,3,E,0,0.02294,0.00259,0,0
846,0,B,0,0.12011,0.02177,0,0
847,0,D,1,0.99383,0.99695,1,1
848,0,A,1,0.9767,0.99597,1,1
849,1,E,1,0.98936,0.99561,1,1
850,0,A,0,0.02433,0.0032,0,0
851,1,A,0,0.0139,0.00304,0,0
852,1,E,1,0.99985,0.99793,1,1
853,0,E,1,0.94422,0.99343,1,1
854,3,A,1,0.98731,0.99733,1,1
855,3,C,0,0.01201,0.00355,0,0
856,2,D,0,0.04514,0.00641,0,0
857,4,E,0,0.01477,0.00273,0,0
858,4,B,0,0.13034,0.01116,0,0
859,0,C,1,0.97969,0.99145,1,1
860,1,D,1,0.83117,0.97895,1,1
861,4,D,1,0.98187,0.99602,1,1
862,3,D,1,0.98499,0.99634,1,1
863,4,C,1,0.95198,0.99539,1,1
864,2,A,1,0.74634,0.93317,1,1
865,2,E,0,0.01156,0.00239,0,0
866,0,E,0,0.0134,0.00229,0,0
867,4,D,1,0.89208,0.97393,1,1
868,3,A,0,0.03845,0.00364,0,0
869,1,A,0,0.01521,0.00346,0,0
870,3,D,0,0.02227,0.0039,0,0
871,0,A,0,0.08669,0.01802,0,0
872,0,E,1,0.98496,0.99751,1,1
873,0,B,1,0.93956,0.99403,1,1
874,1,D,1,0.95099,0.99737,1,1
875,2,E,1,0.94669,0.99456,1,1
876,1,B,1,0.97609,0.99411,1,1
877,0,B,0,0.07909,0.00739,0,0
878,2,C,1,0.98912,0.99696,1,1
879,4,C,1,0.6616,0.7444,1,1
880,4,B,1,0.53747,0.63612,1,1
881,3,C,1,0.94623,0.99596,1,1
882,3,E,0,0.71757,0.82266,1,1
883,4,C,1,0.9835,0.99661,1,1
884,2,A,1,0.57221,0.90717,1,1
885,1,B,0,0.16057,0.01061,0,0
886,2,B,1,0.86946,0.97356,1,1
887,2,A,0,0.20138,0.15338,0,0
888,2,A,0,0.3589,0.39569,0,0
889,3,D,1,0.9668,0.99484,1,1
890,1,B,1,0.96741,0.99392,1,1
891,0,E,0,0.00287,0.00203,0,0
892,0,A,1,0.99716,0.99592,1,1
893,0,A,0,0.01926,0.00351,0,0
894,2,D,1,0.53158,0.29184,1,0
895,1,E,1,0.95322,0.99091,1,1
896,2,B,0,0.09656,0.00674,0,0
897,2,A,0,0.45967,0.78642,0,1
898,3,A,1,0.91439,0.98762,1,1
899,4,C,1,0.99172,0.99598,1,1
900,3,C,0,0.23534,0.09157,0,0
901,0,B,1,0.91757,0.99313,1,1
902,3,A,0,0.04546,0.00218,0,0
903,2,C,1,0.98961,0.99675,1,1
904,0,E,1,0.91578,0.99356,1,1
905,3,D,1,0.9611,0.99482,1,1
906,4,C,0,0.07261,0.00392,0,0
907,1,A,1,0.87872,0.98702,1,1
908,0,B,0,0.08424,0.01797,0,0
909,3,B,1,0.86894,0.99342,1,1
910,0,D,0,0.01884,0.00316,0,0
911,3,E,0,0.01465,0.00366,0,0
912,4,E,1,0.37002,0.49209,0,0
913,0,E,1,0.97796,0.99763,1,1
914,1,E,1,0.83556,0.95902,1,1
915,4,E,0,0.17664,0.01559,0,0
916,4,A,0,0.53889,0.82502,1,1
917,3,A,1,0.99462,0.99651,1,1
918,3,B,0,0.78707,0.85991,1,1
919,0,C,1,0.98037,0.99685,1,1
920,1,A,0,0.02523,0.0034,0,0
921,0,D,0,0.01176,0.00303,0,0
922,1,C,0,0.31074,0.27819,0,0
923,1,C,0,0.03449,0.00353,0,0
924,1,A,1,0.94731,0.99055,1,1
925,2,B,0,0.09712,0.00257,0,0
926,1,A,1,0.90197,0.98565,1,1
927,3,E,1,0.99342,0.99714,1,1
928,0,C,1,0.94989,0.99578,1,1
929,2,D,1,0.98453,0.99592,1,1
930,3,B,0,0.09172,0.05476,0,0
931,0,B,0,0.01034,0.00201,0,0
932,4,B,1,0.95866,0.99644,1,1
933,4,D,0,0.02441,0.00312,0,0
934,1,D,1,0.99895,0.99722,1,1
935,2,A,0,0.01602,0.00311,0,0
936,1,E,1,0.93567,0.99642,1,1
937,2,A,0,0.03219,0.00271,0,0
938,2,E,1,0.92557,0.99053,1,1
939,0,A,0,0.0276,0.00348,0,0
940,2,B,0,0.11951,0.04108,0,0
941,2,D,0,0.01637,0.00381,0,0
942,0,A,1,0.613,0.96145,1,1
943,2,B,0,0.01809,0.00569,0,0
944,3,B,0,0.0177,0.01061,0,0
945,1,A,1,0.79641,0.99579,1,1
946,2,D,0,0.20325,0.01792,0,0
947,2,E,1,0.99166,0.99697,1,1
948,0,E,0,0.09231,0.00216,0,0
949,3,B,1,0.95549,0.99574,1,1
950,1,C,1,0.95798,0.99583,1,1
951,2,A,1,0.56427,0.92443,1,1
952,4,A,1,0.98692,0.99731,1,1
953,1,A,0,0.01727,0.00292,0,0
954,0,E,0,0.00273,0.00272,0,0
955,2,E,1,0.81287,0.96153,1,1
956,0,D,0,0.01398,0.00314,0,0
957,1,C,1,0.99138,0.99708,1,1
958,1,C,1,0.99267,0.99694,1,1
959,2,C,1,0.98764,0.99583,1,1
960,0,C,1,0.9513,0.99451,1,1
961,3,B,0,0.2382,0.07466,0,0
962,4,A,0,0.06391,0.0024,0,0
963,0,A,1,0.99843,0.99725,1,1
964,1,E,1,0.31805,0.39034,0,0
965,2,C,1,0.97221,0.996,1,1
966,3,E,1,0.98026,0.99572,1,1
967,3,A,1,0.9941,0.9967,1,1
968,0,C,0,0.00874,0.00253,0,0
969,0,A,1,0.99333,0.99583,1,1
970,4,B,0,0.01078,0.00193,0,0
971,1,A,0,0.02845,0.00378,0,0
972,1,A,0,0.03493,0.00249,0,0
973,3,E,1,0.98712,0.99717,1,1
974,1,B,0,0.03723,0.00291,0,0
975,1,C,0,0.0373,0.00246,0,0
976,3,C,1,0.96271,0.99571,1,1
977,0,B,1,0.93058,0.99657,1,1
978,2,C,1,0.96594,0.9939,1,1
979,4,A,1,0.47192,0.91236,0,1
980,2,E,0,0.003,0.00241,0,0
981,3,D,0,0.15919,0.03075,0,0
982,4,D,1,0.9925,0.99719,1,1
983,2,C,1,0.68811,0.8564,1,1
984,2,A,0,0.00811,0.00261,0,0
985,1,E,1,0.92426,0.99687,1,1
986,0,B,1,0.94231,0.99542,1,1
987,1,A,1,0.99912,0.99717,1,1
988,2,B,0,0.1227,0.04073,0,0
989,2,D,0,0.02848,0.00251,0,0
990,0,C,0,0.01806,0.0091,0,0
991,3,D,0,0.01243,0.0032,0,0
992,0,D,0,0.01392,0.00233,0,0
993,3,A,1,0.98659,0.99746,1,1
994,2,E,1,0.97196,0.99406,1,1
995,2,B,1,0.85385,0.96475,1,1
996,4,C,1,0.99342,0.99651,1,1
997,1,A,1,0.98856,0.99706,1,1
998,3,E,0,0.00706,0.00452,0,0
999,3,B,0,0.00871,0.00234,0,0
1000,2,A,1,0.62134,0.95604,1,1
1001,4,C,0,0.15259,0.06486,0,0
1002,0,A,0,0.01175,0.00286,0,0
1003,0,A,0,0.00718,0.00236,0,0
1004,0,C,0,0.02525,0.00338,0,0
1005,3,B,0,0.13946,0.02115,0,0
1006,1,E,1,0.97491,0.99678,1,1
1007,0,B,0,0.01737,0.00261,0,0
1008,3,D,1,0.79865,0.8093,1,1
1009,4,C,1,0.95702,0.9946,1,1
1010,0,D,1,0.98388,0.99571,1,1
1011,3,C,1,0.98797,0.99677,1,1
1012,2,C,0,0.00647,0.00208,0,0
1013,1,E,1,0.84721,0.97334,1,1
1014,3,B,0,0.02123,0.002,0,0
1015,3,A,0,0.03074,0.00243,0,0
1016,4,D,0,0.0108,0.00248,0,0
1017,3,D,1,0.97073,0.99378,1,1
1018,3,A,1,0.98887,0.99646,1,1
1019,0,B,0,0.15332,0.03633,0,0
1020,1,E,1,0.98696,0.9972,1,1
1021,4,D,0,0.04014,0.00271,0,0
1022,0,E,0,0.50367,0.49679,1,0
1023,1,C,1,0.99143,0.99523,1,1
1024,4,D,1,0.97479,0.99626,1,1
1025,0,B,0,0.19188,0.11401,0,0
1026,0,E,0,0.03552,0.00337,0,0
1027,0,B,1,0.96963,0.99715,1,1
1028,1,D,0,0.02432,0.00354,0,0
1029,3,B,0,0.02904,0.00862,0,0
1030,1,C,0,0.14434,0.07918,0,0
1031,0,D,1,0.97601,0.99726,1,1
1032,4,C,0,0.37626,0.08292,0,0
1033,0,E,1,0.94149,0.99689,1,1
1034,1,B,0,0.04987,0.01293,0,0
1035,3,C,0,0.0068,0.00263,0,0
1036,2,B,0,0.02366,0.00486,0,0
1037,0,B,0,0.59964,0.42815,1,0
1038,1,B,0,0.06173,0.00376,0,0
1039,0,A,1,0.84384,0.9872,1,1
1040,2,A,0,0.14311,0.00348,0,0
1041,2,D,1,0.85815,0.98131,1,1
1042,2,D,0,0.04719,0.00876,0,0
1043,1,D,1,0.97936,0.99726,1,1
1044,4,A,1,0.98991,0.99543,1,1
1045,1,B,0,0.01744,0.00225,0,0
1046,3,A,0,0.00869,0.00294,0,0
1047,2,D,1,0.96973,0.99335,1,1
1048,2,E,1,0.98775,0.99722,1,1
1049,1,A,1,0.92054,0.99197,1,1
1050,0,D,1,0.97057,0.99546,1,1
1051,4,A,0,0.18154,0.1264,0,0
1052,1,B,0,0.14752,0.06313,0,0
1053,4,A,1,0.94975,0.99466,1,1
1054,4,B,1,0.97793,0.998,1,1
1055,0,D,1,0.90883,0.98491,1,1
1056,3,E,1,0.96847,0.99088,1,1
1057,2,A,1,0.95496,0.99441,1,1
1058,1,C,0,0.02542,0.00312,0,0
1059,1,D,0,0.01211,0.00306,0,0
1060,0,E,1,0.95112,0.99475,1,1
1061,4,C,0,0.34074,0.05119,0,0
1062,0,B,1,0.87144,0.90928,1,1
1063,0,C,1,0.99418,0.99741,1,1
1064,1,B,0,0.68708,0.75521,1,1
1065,2,E,0,0.02486,0.00194,0,0
1066,0,B,0,0.03207,0.00928,0,0
1067,0,D,1,0.68973,0.42299,1,0
1068,3,A,1,0.68984,0.86224,1,1
1069,4,B,1,0.56265,0.87002,1,1
1070,1,E,1,0.88935,0.99048,1,1
1071,0,C,1,0.93595,0.98654,1,1
1072,3,B,0,0.07017,0.05467,0,0
1073,3,E,0,0.0086,0.00203,0,0
1074,1,E,1,0.99303,0.99715,1,1
1075,1,B,0,0.11309,0.00699,0,0
1076,1,C,1,0.99123,0.99758,1,1
1077,2,C,1,0.98128,0.99405,1,1
1078,3,C,0,0.17594,0.01908,0,0
1079,3,B,0,0.69784,0.98763,1,1
1080,0,A,0,0.07912,0.03318,0,0
1081,1,E,0,0.67474,0.50406,1,1
1082,1,E,1,0.98854,0.99723,1,1
1083,4,D,0,0.03122,0.00303,0,0
1084,2,E,0,0.62474,0.86703,1,1
1085,1,D,1,0.97652,0.99482,1,1
1086,1,D,0,0.01599,0.00338,0,0
1087,0,D,1,0.61226,0.45816,1,0
1088,1,C,1,0.99368,0.99731,1,1
1089,3,C,1,0.97641,0.99467,1,1
1090,0,A,0,0.14018,0.00276,0,0
1091,3,C,1,0.94422,0.99472,1,1
1092,1,B,1,0.89299,0.98649,1,1
1093,3,B,1,0.90089,0.97094,1,1
1094,0,C,1,0.98354,0.9962,1,1
1095,2,B,1,0.68411,0.97676,1,1
1096,2,A,1,0.99026,0.99748,1,1
1097,3,D,0,0.07296,0.01442,0,0
1098,4,E,0,0.02618,0.002,0,0
1099,3,A,1,0.97338,0.9914,1,1
1100,2,A,1,0.92806,0.98919,1,1
1101,1,B,1,0.96807,0.99703,1,1
1102,1,D,0,0.02829,0.00285,0,0
1103,3,D,0,0.05493,0.00274,0,0
1104,4,A,1,0.99267,0.99753,1,1
1105,3,D,1,0.96049,0.99417,1,1
1106,3,A,1,0.99438,0.99782,1,1
1107,0,B,1,0.72019,0.96936,1,1
1108,2,E,0,0.08015,0.00289,0,0
1109,1,A,0,0.02513,0.00252,0,0
1110,2,A,1,0.98939,0.99657,1,1
1111,0,B,0,0.57042,0.28319,1,0
1112,1,C,1,0.85934,0.97083,1,1
1113,3,E,0,0.02333,0.00491,0,0
1114,0,E,0,0.08728,0.00621,0,0
1115,3,A,1,0.94081,0.9921,1,1
1116,4,A,0,0.02647,0.00721,0,0
1117,1,D,1,0.97982,0.99736,1,1
1118,4,B,1,0.76455,0.97515,1,1
1119,0,E,0,0.65619,0.54385,1,1
1120,3,D,1,0.96709,0.99385,1,1
1121,0,A,1,0.9445,0.98414,1,1
1122,3,D,0,0.02695,0.0025,0,0
1123,4,A,1,0.99413,0.99783,1,1
1124,4,B,0,0.01828,0.00259,0,0
1125,1,C,1,0.86991,0.98986,1,1
1126,3,C,1,0.9129,0.99211,1,1
1127,2,D,1,0.98667,0.99749,1,1
1128,1,D,1,0.98009,0.99668,1,1
1129,2,E,0,0.027,0.00415,0,0
1130,3,E,0,0.09077,0.00313,0,0
1131,2,C,1,0.9913,0.99718,1,1
1132,3,A,1,0.95048,0.99062,1,1
1133,2,D,0,0.012,0.00245,0,0
1134,4,E,1,0.11454,0.01804,0,0
1135,1,B,1,0.70461,0.71632,1,1
1136,4,C,1,0.94798,0.99275,1,1
1137,0,B,0,0.25126,0.27428,0,0
1138,1,A,0,0.00973,0.0031,0,0
1139,4,D,1,0.96053,0.99352,1,1
1140,2,B,1,0.93845,0.98588,1,1
1141,1,D,1,0.96286,0.99551,1,1
1142,1,D,1,0.9759,0.99779,1,1
1143,2,D,1,0.15923,0.06457,0,0
1144,0,B,0,0.00658,0.00243,0,0
1145,3,B,0,0.23083,0.04251,0,0
1146,3,D,1,0.98963,0.99759,1,1
1147,2,D,1,0.46378,0.35104,0,0
1148,0,C,0,0.00955,0.00203,0,0
1149,3,E,0,0.03104,0.00911,0,0
1150,4,A,1,0.97975,0.99734,1,1
1151,3,E,1,0.93934,0.9945,1,1
1152,1,A,1,0.99997,0.99674,1,1
1153,3,A,1,0.95159,0.99765,1,1
1154,0,C,0,0.02269,0.00288,0,0
1155,4,A,1,0.97769,0.998,1,1
1156,3,A,0,0.07947,0.00653,0,0
1157,0,A,1,0.98082,0.99564,1,1
1158,1,B,0,0.01336,0.00587,0,0
1159,4,D,0,0.01283,0.00283,0,0
1160,1,A,1,0.41542,0.91578,0,1
1161,2,D,1,0.98398,0.99803,1,1
1162,1,D,1,0.93355,0.99397,1,1
1163,2,A,0,0.04533,0.00304,0,0
1164,4,A,0,0.13942,0.02214,0,0
1165,1,E,0,0.01214,0.00277,0,0
1166,0,D,1,0.98234,0.99564,1,1
1167,3,C,1,0.98301,0.99719,1,1
1168,0,D,0,0.00641,0.00291,0,0
1169,3,A,1,0.94642,0.99561,1,1
1170,4,B,1,0.9803,0.99712,1,1
1171,0,D,1,0.75008,0.93602,1,1
1172,3,B,1,0.87291,0.96546,1,1
1173,0,D,1,0.99411,0.99698,1,1
1174,3,C,0,0.20669,0.10409,0,0
1175,3,D,1,0.93623,0.99239,1,1
1176,0,C,1,0.99215,0.9976,1,1
1177,3,B,0,0.07953,0.00883,0,0
1178,0,A,0,0.05573,0.00259,0,0
1179,3,A,1,0.94815,0.98682,1,1
1180,4,D,1,0.9688,0.99687,1,1
1181,4,A,1,0.95273,0.9946,1,1
1182,2,A,1,0.98967,0.99735,1,1
1183,1,A,0,0.03351,0.00334,0,0
1184,2,A,1,0.96777,0.99602,1,1
1185,0,D,1,0.96215,0.99676,1,1
1186,3,B,0,0.22367,0.02158,0,0
1187,1,E,0,0.01003,0.0022,0,0
1188,4,A,1,0.99181,0.99724,1,1
1189,4,D,0,0.07761,0.02413,0,0
1190,2,B,0,0.37845,0.29878,0,0
1191,1,B,0,0.17146,0.04721,0,0
1192,3,E,1,0.99423,0.9972,1,1
1193,0,E,1,0.96765,0.99686,1,1
1194,2,E,1,0.98008,0.99801,1,1
1195,1,A,0,0.01563,0.00664,0,0
1196,0,A,0,0.0571,0.00338,0,0
1197,2,D,0,0.01675,0.00263,0,0
1198,4,B,0,0.22366,0.11484,0,0
1199,0,D,1,0.91472,0.99672,1,1
1200,4,C,0,0.14837,0.01322,0,0
1201,3,C,1,0.99442,0.99607,1,1
1202,1,D,1,0.99579,0.99771,1,1
1203,0,D,1,0.97898,0.99619,1,1
1204,4,A,0,0.35488,0.61912,0,1
1205,4,A,0,0.05372,0.00251,0,0
1206,1,C,1,0.88032,0.92581,1,1
1207,0,C,1,0.61653,0.71593,1,1
1208,2,B,0,0.08304,0.01505,0,0
1209,2,B,0,0.09484,0.00581,0,0
1210,1,D,0,0.09084,0.00488,0,0
1211,0,D,0,0.09396,0.00408,0,0
1212,1,C,1,0.94339,0.99479,1,1
1213,4,B,0,0.2065,0.0101,0,0
1214,1,B,0,0.01123,0.00245,0,0
1215,1,C,0,0.04145,0.00389,0,0
1216,3,B,0,0.27963,0.4803,0,0
1217,2,C,0,0.15539,0.01942,0,0
1218,3,D,0,0.06744,0.00205,0,0
1219,4,A,0,0.14963,0.01008,0,0
1220,1,A,1,0.99231,0.99651,1,1
1221,0,A,1,0.99563,0.99771,1,1
1222,3,E,0,0.01449,0.00271,0,0
1223,3,C,0,0.04943,0.00376,0,0
1224,0,A,1,0.81484,0.98874,1,1
1225,3,E,1,0.98892,0.99553,1,1
1226,1,C,0,0.00149,0.00322,0,0
1227,1,C,1,0.98482,0.99676,1,1
1228,4,E,1,0.96367,0.997,1,1
1229,4,A,1,0.7196,0.95948,1,1
1230,1,A,1,0.75129,0.92942,1,1
1231,3,C,1,0.98289,0.99236,1,1
1232,1,A,1,0.97189,0.99506,1,1
1233,0,D,1,0.87647,0.99156,1,1
1234,4,A,1,0.92073,0.99161,1,1
1235,4,A,1,0.97661,0.9975,1,1
1236,2,A,1,0.95344,0.99351,1,1
1237,0,B,0,0.13987,0.023,0,0
1238,0,A,1,0.99535,0.99707,1,1
1239,2,A,0,0.01051,0.00347,0,0
1240,1,E,1,0.99285,0.99711,1,1
1241,3,B,0,0.1853,0.0309,0,0
1242,4,B,0,0.77369,0.86175,1,1
1243,0,A,0,0.02108,0.00318,0,0
1244,3,B,1,0.9123,0.99357,1,1
1245,3,B,0,0.02038,0.00228,0,0
1246,2,C,0,0.11327,0.03703,0,0
1247,4,A,1,0.70517,0.97048,1,1
1248,2,E,0,0.0151,0.00236,0,0
1249,3,E,1,0.9868,0.99564,1,1
1250,4,A,0,0.2963,0.40149,0,0
1251,0,A,1,0.99692,0.9973,1,1
1252,1,A,1,0.99821,0.99741,1,1
1253,1,C,1,0.9886,0.99711,1,1
1254,2,A,1,0.87731,0.98576,1,1
1255,1,E,1,0.99614,0.99411,1,1
1256,2,D,1,0.98728,0.994,1,1
1257,2,D,1,0.96978,0.99482,1,1
1258,4,C,0,0.02476,0.00431,0,0
1259,2,E,1,0.53858,0.62252,1,1
1260,2,A,1,0.99077,0.99746,1,1
1261,4,B,1,0.90846,0.9849,1,1
1262,3,B,1,0.67382,0.97496,1,1
1263,4,E,0,0.00895,0.00215,0,0
1264,3,C,0,0.06519,0.00495,0,0
1265,4,D,1,0.95947,0.9957,1,1
1266,4,A,1,0.98804,0.99729,1,1
1267,0,E,0,0.41678,0.33506,0,0
1268,3,C,1,0.97934,0.99531,1,1
1269,0,C,0,0.05586,0.0129,0,0
1270,2,E,0,0.02382,0.0021,0,0
1271,3,B,0,0.06472,0.00542,0,0
1272,1,B,0,0.08305,0.0353,0,0
1273,1,C,1,0.70294,0.89168,1,1
1274,4,A,0,0.02918,0.00509,0,0
1275,0,B,0,0.06087,0.02507,0,0
1276,4,A,0,0.12739,0.01925,0,0
1277,2,A,1,0.99154,0.99747,1,1
1278,4,E,0,0.01008,0.0025,0,0
1279,4,C,0,0.02403,0.00311,0,0
1280,3,B,0,0.02971,0.00337,0,0
1281,3,B,0,0.10372,0.00704,0,0
1282,4,B,0,0.0832,0.00827,0,0
1283,4,C,0,0.013,0.00198,0,0
1284,1,E,0,0.00416,0.00282,0,0
1285,2,E,1,0.89577,0.99142,1,1
1286,3,B,0,0.11154,0.02629,0,0
1287,4,B,0,0.13138,0.00797,0,0
1288,2,C,1,0.95932,0.99642,1,1
1289,4,C,0,0.06798,0.00424,0,0
1290,0,C,1,0.98727,0.99591,1,1
1291,1,D,1,0.99995,0.99768,1,1
1292,3,C,1,0.97645,0.99764,1,1
1293,4,B,0,0.0593,0.01462,0,0
1294,0,B,0,0.02678,0.00483,0,0
1295,4,B,0,0.39995,0.08125,0,0
1296,4,A,1,0.56521,0.56049,1,1
1297,0,A,1,0.99148,0.99598,1,1
1298,3,D,1,0.99714,0.99707,1,1
1299,3,B,1,0.75624,0.81436,1,1
1300,2,A,1,0.98109,0.99659,1,1
1301,2,C,0,0.03263,0.00298,0,0
1302,4,D,1,0.99746,0.9975,1,1
1303,1,B,1,0.74939,0.81972,1,1
1304,0,D,1,0.94598,0.99323,1,1
1305,3,E,1,0.84243,0.96711,1,1
1306,1,C,1,0.98782,0.99745,1,1
1307,1,D,1,0.99335,0.99761,1,1
1308,4,A,1,0.99075,0.99765,1,1
1309,3,E,0,0.04215,0.02559,0,0
1310,2,B,1,0.6037,0.74731,1,1
1311,0,E,0,0.01368,0.00355,0,0
1312,2,C,0,0.01177,0.00222,0,0
1313,3,A,0,0.02801,0.00243,0,0
1314,3,A,0,0.04981,0.00267,0,0
1315,1,D,0,0.00729,0.00275,0,0
1316,2,C,1,0.91119,0.9724,1,1
1317,3,A,0,0.03379,0.00218,0,0
1318,2,D,0,0.00797,0.0025,0,0
1319,4,E,1,0.9744,0.99769,1,1
1320,1,C,1,0.52609,0.55053,1,1
1321,3,C,0,0.57329,0.51507,1,1
1322,2,A,1,0.84419,0.88284,1,1
1323,3,D,1,0.91156,0.85791,1,1
1324,4,B,0,0.84627,0.93809,1,1
1325,2,E,1,0.97507,0.99672,1,1
1326,4,B,0,0.10562,0.01818,0,0
1327,1,C,0,0.00341,0.00246,0,0
1328,3,B,0,0.02119,0.00354,0,0
1329,0,A,1,0.88646,0.97736,1,1
1330,0,D,0,0.02539,0.00337,0,0
1331,4,C,0,0.0513,0.00937,0,0
1332,0,C,1,0.96774,0.99459,1,1
1333,3,E,0,0.01904,0.00275,0,0
1334,1,E,0,0.18166,0.10196,0,0
1335,1,E,0,0.01152,0.00348,0,0
1336,1,A,1,0.99611,0.99764,1,1
1337,2,C,0,0.06218,0.00369,0,0
1338,4,E,1,0.99429,0.99741,1,1
1339,4,B,1,0.96357,0.99576,1,1
1340,3,A,1,0.99537,0.99661,1,1
1341,2,D,0,0.19299,0.01571,0,0
1342,2,C,1,0.96232,0.99019,1,1
1343,1,C,1,0.90321,0.99371,1,1
1344,0,E,1,0.97421,0.99539,1,1
1345,1,C,0,0.0143,0.00358,0,0
1346,1,B,0,0.11896,0.01269,0,0
1347,4,B,0,0.07118,0.02864,0,0
1348,0,B,1,0.87898,0.98706,1,1
1349,3,A,1,0.9951,0.99717,1,1
1350,1,D,1,0.98719,0.99704,1,1
1351,2,D,1,0.99637,0.99698,1,1
1352,4,B,0,0.11832,0.00944,0,0
1353,4,B,0,0.07694,0.02773,0,0
1354,2,E,0,0.00885,0.00277,0,0
1355,0,A,1,0.49255,0.59416,0,1
1356,3,C,0,0.00975,0.00612,0,0
1357,1,C,0,0.01095,0.00212,0,0
1358,1,D,1,0.98192,0.99741,1,1
1359,0,A,1,0.98615,0.99544,1,1
1360,2,D,1,0.99325,0.99732,1,1
1361,4,B,1,0.6115,0.86199,1,1
1362,4,C,1,0.9919,0.99764,1,1
1363,2,A,0,0.07658,0.00325,0,0
1364,0,C,1,0.84926,0.95607,1,1
1365,1,C,0,0.01491,0.00206,0,0
1366,0,A,1,0.97104,0.99424,1,1
1367,1,A,1,0.99462,0.99724,1,1
1368,4,A,0,0.07741,0.00808,0,0
1369,3,B,1,0.93498,0.99387,1,1
1370,1,A,1,0.99473,0.99757,1,1
1371,0,E,0,0.1483,0.01328,0,0
1372,4,B,0,0.01011,0.00286,0,0
1373,2,D,1,0.98978,0.99702,1,1
1374,0,E,1,0.93889,0.99618,1,1
1375,2,A,1,0.99974,0.99745,1,1
1376,4,D,1,0.95791,0.99162,1,1
1377,0,E,0,0.01098,0.00243,0,0
1378,3,C,1,0.92648,0.99154,1,1
1379,2,B,1,0.86703,0.98794,1,1
1380,4,B,1,0.94351,0.99219,1,1
1381,0,A,0,0.03275,0.00269,0,0
1382,2,C,1,0.96994,0.99736,1,1
1383,1,E,1,0.9787,0.99714,1,1
1384,1,E,1,0.97573,0.99693,1,1
1385,3,A,0,0.01869,0.00215,0,0
1386,0,D,0,0.06514,0.00486,0,0
1387,3,B,0,0.02506,0.02191,0,0
1388,4,E,0,0.02845,0.00172,0,0
1389,0,A,1,0.98974,0.99754,1,1
1390,3,E,1,0.83873,0.9814,1,1
1391,3,D,1,0.67514,0.7256,1,1
1392,1,A,1,0.97787,0.9948,1,1
1393,2,A,0,0.16713,0.00326,0,0
1394,1,D,0,0.02304,0.00331,0,0
1395,4,A,1,0.99689,0.99707,1,1
1396,0,C,0,0.05235,0.00465,0,0
1397,2,E,0,0.05183,0.00231,0,0
1398,1,C,1,0.98135,0.99609,1,1
1399,3,B,0,0.21123,0.22557,0,0
1400,1,B,1,0.94076,0.98032,1,1
1401,3,A,1,0.81999,0.97756,1,1
1402,3,E,0,0.07247,0.01244,0,0
1403,1,B,0,0.1127,0.05038,0,0
1404,2,A,0,0.00943,0.0047,0,0
1405,4,B,0,0.04535,0.0024,0,0
1406,4,E,0,0.02104,0.00272,0,0
1407,3,A,0,0.01936,0.00312,0,0
1408,3,E,1,0.76668,0.84155,1,1
1409,4,D,1,0.99885,0.99711,1,1
1410,3,D,0,0.01809,0.00323,0,0
1411,3,E,0,0.07785,0.01923,0,0
1412,0,D,1,0.98871,0.99588,1,1
1413,0,E,0,0.02296,0.00296,0,0
1414,2,A,0,0.1119,0.00421,0,0
1415,4,D,1,0.9458,0.9947,1,1
1416,0,C,1,0.91419,0.97914,1,1
1417,1,C,0,0.01144,0.00409,0,0
1418,4,E,1,0.68905,0.81943,1,1
1419,2,E,1,0.97406,0.9943,1,1
1420,3,D,1,0.95848,0.99596,1,1
1421,4,C,1,0.98261,0.99707,1,1
1422,4,C,1,0.99105,0.99611,1,1
1423,2,B,1,0.89939,0.98428,1,1
1424,0,B,0,0.12627,0.01443,0,0
1425,0,B,0,0.12304,0.01491,0,0
1426,3,A,0,0.03256,0.00786,0,0
1427,2,A,0,0.02513,0.00471,0,0
1428,4,D,1,0.90569,0.98583,1,1
1429,3,B,1,0.6019,0.92046,1,1
1430,2,E,0,0.00996,0.00243,0,0
1431,0,C,1,0.81994,0.95916,1,1
1432,2,A,1,0.99387,0.99681,1,1
1433,4,A,0,0.02547,0.00279,0,0
1434,4,A,0,0.02715,0.00396,0,0
1435,0,E,0,0.19143,0.13333,0,0
1436,1,A,1,0.67715,0.838,1,1
1437,2,C,1,0.96178,0.99622,1,1
1438,0,E,0,0.01303,0.00239,0,0
1439,2,E,1,0.9845,0.99741,1,1
1440,1,A,1,0.99843,0.99721,1,1
1441,0,A,0,0.05134,0.00344,0,0
1442,3,A,1,0.98262,0.99706,1,1
1443,0,A,1,0.96576,0.99411,1,1
1444,2,A,1,0.97678,0.99648,1,1
1445,1,C,0,0.00643,0.00382,0,0
1446,4,E,1,0.97117,0.99692,1,1
1447,4,C,0,0.00622,0.00299,0,0
1448,0,C,1,0.98092,0.99715,1,1
1449,2,A,0,0.02768,0.00253,0,0
1450,0,D,1,0.98625,0.99702,1,1
1451,3,C,0,0.01651,0.00219,0,0
1452,3,E,0,0.00946,0.00285,0,0
1453,2,E,0,0.01225,0.00245,0,0
1454,0,B,0,0.0563,0.0037,0,0
1455,2,A,0,0.03492,0.00313,0,0
1456,1,A,1,0.99902,0.99745,1,1
1457,3,B,1,0.33309,0.16629,0,0
1458,2,E,0,0.0046,0.0025,0,0
1459,3,B,0,0.09648,0.01121,0,0
1460,3,D,1,0.92713,0.98851,1,1
1461,3,C,1,0.94755,0.99049,1,1
1462,1,A,0,0.03398,0.00634,0,0
1463,3,B,0,0.13931,0.03696,0,0
1464,3,D,0,0.01849,0.00351,0,0
1465,4,D,1,0.98571,0.99523,1,1
1466,0,B,1,0.90867,0.99216,1,1
1467,2,A,1,0.9824,0.99299,1,1
1468,0,D,1,0.47502,0.42507,0,0
1469,0,A,1,0.99478,0.99716,1,1
1470,3,E,1,0.94375,0.9884,1,1
1471,1,A,1,0.97511,0.99429,1,1
1472,1,A,0,0.0125,0.00198,0,0
1473,4,C,0,0.65073,0.77414,1,1
1474,0,C,0,0.00892,0.00213,0,0
1475,4,C,1,0.99836,0.99656,1,1
1476,1,B,0,0.15516,0.12975,0,0
1477,3,E,1,0.99644,0.99731,1,1
1478,3,C,0,0.0159,0.00294,0,0
1479,1,C,1,0.9183,0.99128,1,1
1480,2,B,0,0.08687,0.02033,0,0
1481,3,A,1,0.9815,0.99713,1,1
1482,4,C,1,0.98491,0.99705,1,1
1483,3,A,1,0.93355,0.96598,1,1
1484,0,C,1,0.99381,0.99745,1,1
1485,4,A,0,0.064,0.00315,0,0
1486,0,E,0,0.00357,0.00299,0,0
1487,1,C,0,0.05693,0.00454,0,0
1488,4,E,1,0.71903,0.88892,1,1
1489,3,C,1,0.97336,0.99772,1,1
1490,4,A,1,0.69926,0.60091,1,1
1491,2,D,1,0.99148,0.99743,1,1
1492,0,C,1,0.97317,0.99711,1,1
1493,3,D,0,0.61673,0.75424,1,1
1494,2,B,0,0.04953,0.00982,0,0
1495,3,C,1,0.98503,0.99651,1,1
1496,2,E,0,0.03938,0.00605,0,0
1497,4,C,1,0.93226,0.9927,1,1
1498,4,B,1,0.78991,0.98498,1,1
1499,1,D,0,0.03584,0.00259,0,0
1500,0,D,1,0.92983,0.98416,1,1
1501,0,E,1,0.90323,0.98963,1,1
1502,0,B,0,0.0521,0.00973,0,0
1503,1,B,0,0.02047,0.0026,0,0
1504,0,D,0,0.03293,0.00295,0,0
1505,4,C,1,0.98912,0.99727,1,1
1506,4,D,1,0.96079,0.98967,1,1
1507,2,C,0,0.01773,0.00248,0,0
1508,1,A,1,0.99692,0.99675,1,1
1509,2,D,1,0.98776,0.99736,1,1
1510,1,A,1,0.99526,0.99743,1,1
1511,0,A,1,0.76588,0.98283,1,1
1512,0,C,0,0.0042,0.00219,0,0
1513,3,D,1,0.97283,0.99668,1,1
1514,2,E,0,0.68188,0.44843,1,0
1515,3,B,1,0.99174,0.99733,1,1
1516,3,A,1,0.99389,0.99751,1,1
1517,2,E,1,0.99576,0.9971,1,1
1518,2,A,1,0.987,0.99748,1,1
1519,3,A,1,0.99225,0.99757,1,1
1520,1,B,0,0.02517,0.01115,0,0
1521,3,C,0,0.016,0.00517,0,0
1522,2,E,0,0.28321,0.1617,0,0
1523,0,D,0,0.05125,0.00606,0,0
1524,4,D,1,0.98312,0.99595,1,1
1525,2,A,1,0.94693,0.99429,1,1
1526,4,B,0,0.09314,0.00615,0,0
1527,0,C,0,0.01423,0.00176,0,0
1528,0,A,0,0.1204,0.01357,0,0
1529,0,B,0,0.74947,0.85809,1,1
1530,1,B,0,0.12365,0.01573,0,0
1531,0,A,1,0.977,0.99767,1,1
1532,1,C,0,0.24369,0.04224,0,0
1533,2,D,1,0.90517,0.98988,1,1
1534,3,A,1,0.97455,0.99698,1,1
1535,0,C,0,0.00688,0.00242,0,0
1536,2,D,1,0.98963,0.99639,1,1
1537,3,D,0,0.0208,0.00252,0,0
1538,0,D,1,0.94735,0.99277,1,1
1539,0,B,0,0.01239,0.00203,0,0
1540,1,D,1,0.99053,0.99769,1,1
1541,3,A,1,0.84326,0.98661,1,1
1542,1,B,1,0.89066,0.99245,1,1
1543,0,A,1,0.99767,0.99708,1,1
1544,1,C,1,0.99081,0.99778,1,1
1545,4,B,1,0.92969,0.99092,1,1
1546,1,A,1,0.97434,0.99695,1,1
1547,4,D,1,0.97456,0.99566,1,1
1548,2,B,1,0.54004,0.91669,1,1
1549,0,B,0,0.7565,0.97004,1,1
1550,0,A,1,0.98413,0.99726,1,1
1551,2,B,1,0.89512,0.99476,1,1
1552,2,B,0,0.07935,0.03599,0,0
1553,4,B,0,0.09572,0.01581,0,0
1554,1,A,1,0.97686,0.9968,1,1
1555,0,D,0,0.02144,0.0024,0,0
1556,2,E,1,0.58395,0.53428,1,1
1557,0,C,0,0.00195,0.00224,0,0
1558,1,C,1,0.97117,0.99353,1,1
1559,4,E,0,0.01097,0.00272,0,0
1560,0,E,0,0.00617,0.00366,0,0
1561,4,C,1,0.95223,0.99596,1,1
1562,0,E,0,0.01525,0.00209,0,0
1563,4,E,0,0.10374,0.02458,0,0
1564,0,D,1,0.99134,0.99762,1,1
1565,4,C,0,0.04091,0.00704,0,0
1566,2,A,1,0.95394,0.98244,1,1
1567,3,A,1,0.99795,0.99715,1,1
1568,0,C,0,0.00432,0.00235,0,0
1569,2,C,1,0.93694,0.99102,1,1
1570,3,B,0,0.30668,0.09155,0,0
1571,1,C,1,0.93398,0.99647,1,1
1572,2,C,1,0.96619,0.99356,1,1
1573,3,D,1,0.82535,0.94456,1,1
1574,3,A,1,0.65931,0.89348,1,1
1575,3,A,0,0.21733,0.25187,0,0
1576,3,D,1,0.98837,0.99268,1,1
1577,1,D,0,0.00581,0.00301,0,0
1578,1,E,0,0.23667,0.22841,0,0
1579,0,E,0,0.01118,0.00189,0,0
1580,0,E,1,0.94623,0.9905,1,1
1581,1,B,0,0.18749,0.03022,0,0
1582,0,B,0,0.42323,0.29385,0,0
1583,1,B,1,0.91266,0.99026,1,1
1584,4,C,1,0.98549,0.99596,1,1
1585,0,E,0,0.22828,0.16237,0,0
1586,2,B,1,0.96001,0.99645,1,1
1587,1,C,0,0.01018,0.00256,0,0
1588,1,B,0,0.05805,0.00506,0,0
1589,0,A,0,0.08183,0.00353,0,0
1590,2,A,0,0.06724,0.00345,0,0
1591,4,A,1,0.81154,0.97484,1,1
1592,4,E,0,0.01525,0.00244,0,0
1593,3,B,0,0.01932,0.00251,0,0
1594,3,D,0,0.01183,0.00277,0,0
1595,0,D,0,0.03696,0.00284,0,0
1596,1,A,1,0.9932,0.99752,1,1
1597,3,A,0,0.08935,0.01174,0,0
1598,4,D,1,0.88205,0.94032,1,1
1599,1,B,1,0.96441,0.99646,1,1
1600,4,E,0,0.01491,0.00447,0,0
1601,0,A,1,0.98677,0.99686,1,1
1602,3,D,1,0.96786,0.99657,1,1
1603,4,D,0,0.01556,0.00355,0,0
1604,0,A,1,0.99645,0.99765,1,1
1605,2,B,1,0.87496,0.98704,1,1
1606,2,E,0,0.00806,0.00277,0,0
1607,1,B,1,0.9012,0.99708,1,1
1608,2,B,1,0.93596,0.99073,1,1
1609,4,B,1,0.74295,0.97278,1,1
1610,4,B,1,0.59183,0.93549,1,1
1611,0,D,1,0.88704,0.98213,1,1
1612,0,D,1,0.97531,0.99254,1,1
1613,1,B,0,0.02557,0.00417,0,0
1614,3,D,1,0.93164,0.99166,1,1
1615,1,A,1,0.98049,0.99574,1,1
1616,2,A,0,0.41623,0.53231,0,1
1617,2,C,1,0.94747,0.99303,1,1
1618,1,E,0,0.13831,0.06549,0,0
1619,0,A,1,0.38521,0.25794,0,0
1620,4,A,0,0.01236,0.00318,0,0
1621,2,C,1,0.76372,0.81581,1,1
1622,4,D,1,0.56166,0.8372,1,1
1623,3,A,1,0.96562,0.99724,1,1
1624,2,B,0,0.12064,0.02891,0,0
1625,3,D,0,0.02583,0.00331,0,0
1626,2,B,0,0.01863,0.00238,0,0
1627,0,A,1,0.43029,0.55578,0,1
1628,4,A,1,0.96471,0.99543,1,1
1629,4,B,1,0.55279,0.82026,1,1
1630,4,C,0,0.01593,0.00283,0,0
1631,2,E,1,0.54106,0.88198,1,1
1632,2,C,0,0.62778,0.37072,1,0
1633,1,D,1,0.99683,0.99681,1,1
1634,2,E,1,0.72226,0.96987,1,1
1635,1,B,0,0.01233,0.00213,0,0
1636,3,B,1,0.56185,0.44199,1,0
1637,1,E,0,0.00975,0.00236,0,0
1638,0,A,1,0.2967,0.26184,0,0
1639,0,D,1,0.95356,0.99726,1,1
1640,1,D,1,0.9761,0.99727,1,1
1641,3,A,1,0.96702,0.9931,1,1
1642,1,C,0,0.45908,0.27771,0,0
1643,4,A,0,0.06356,0.00256,0,0
1644,4,A,0,0.00739,0.00278,0,0
1645,2,C,1,0.94562,0.99607,1,1
1646,2,B,1,0.91924,0.99531,1,1
1647,1,D,0,0.01726,0.00401,0,0
1648,3,E,1,0.96938,0.99297,1,1
1649,0,D,1,0.93043,0.99283,1,1
1650,1,B,0,0.07409,0.00406,0,0
1651,2,B,0,0.01751,0.00189,0,0
1652,2,B,0,0.22284,0.01865,0,0
1653,0,A,1,0.98837,0.99696,1,1
1654,1,E,1,0.99251,0.99772,1,1
1655,1,B,0,0.09653,0.0141,0,0
1656,0,A,1,0.53811,0.80481,1,1
1657,1,D,1,0.99612,0.99782,1,1
1658,0,B,0,0.06461,0.00281,0,0
1659,1,A,0,0.03136,0.00383,0,0
1660,4,A,1,0.9558,0.99785,1,1
1661,2,C,0,0.01292,0.00449,0,0
1662,1,D,1,0.94133,0.99656,1,1
1663,3,A,1,0.96484,0.99056,1,1
1664,4,E,1,0.91523,0.96449,1,1
1665,3,E,1,0.92209,0.99489,1,1
1666,3,D,1,0.95586,0.99441,1,1
1667,0,A,0,0.1051,0.01678,0,0
1668,4,A,0,0.01995,0.00309,0,0
1669,1,E,0,0.01839,0.00466,0,0
1670,4,B,1,0.84473,0.98638,1,1
1671,1,C,0,0.06206,0.0091,0,0
1672,3,D,0,0.01301,0.00427,0,0
1673,1,A,0,0.08774,0.01867,0,0
1674,0,D,0,0.0961,0.03171,0,0
1675,2,E,1,0.68807,0.49275,1,0
1676,3,D,1,0.99099,0.99624,1,1
1677,1,B,0,0.01511,0.00207,0,0
1678,4,E,1,0.99115,0.99519,1,1
1679,2,C,1,0.92853,0.99363,1,1
1680,1,D,0,0.85502,0.95702,1,1
1681,1,D,0,0.03549,0.00278,0,0
1682,1,D,1,0.96305,0.99597,1,1
1683,2,B,1,0.6795,0.95175,1,1
1684,2,A,1,0.89919,0.95353,1,1
1685,2,A,1,0.9727,0.99753,1,1
1686,2,C,0,0.09747,0.03874,0,0
1687,0,C,1,0.86432,0.88356,1,1
1688,0,C,0,0.19651,0.03552,0,0
1689,0,B,0,0.11325,0.0173,0,0
1690,1,D,1,0.98247,0.98921,1,1
1691,4,E,1,0.9718,0.98195,1,1
1692,0,A,0,0.01218,0.00253,0,0
1693,1,D,1,0.9803,0.99516,1,1
1694,3,D,1,0.7821,0.8455,1,1
1695,0,C,1,0.9957,0.99704,1,1
1696,4,A,1,0.97208,0.99686,1,1
1697,0,D,0,0.06561,0.00517,0,0
1698,4,E,0,0.00701,0.00289,0,0
1699,0,D,0,0.32197,0.29642,0,0
1700,0,E,1,0.98481,0.99724,1,1
1701,2,E,1,0.98715,0.99735,1,1
1702,2,B,0,0.75827,0.90899,1,1
1703,0,C,0,0.04704,0.00459,0,0
1704,0,C,1,0.92424,0.99215,1,1
1705,3,E,1,0.92652,0.98432,1,1
1706,3,A,1,0.99421,0.99771,1,1
1707,3,B,0,0.01223,0.00385,0,0
1708,4,E,0,0.28571,0.10535,0,0
1709,0,B,0,0.10336,0.02018,0,0
1710,1,D,1,0.99997,0.99674,1,1
1711,2,B,1,0.60764,0.87026,1,1
1712,2,E,0,0.05353,0.00244,0,0
1713,2,E,1,0.95944,0.9904,1,1
1714,4,B,0,0.04778,0.00452,0,0
1715,2,D,0,0.07572,0.01863,0,0
1716,4,B,0,0.10914,0.03071,0,0
1717,2,C,1,0.98006,0.99555,1,1
1718,0,D,1,0.93691,0.99478,1,1
1719,4,D,1,0.98491,0.99727,1,1
1720,3,A,1,0.98827,0.9967,1,1
1721,1,A,0,0.03514,0.00273,0,0
1722,2,D,0,0.30376,0.20814,0,0
1723,1,C,1,0.97454,0.99758,1,1
1724,0,C,0,0.00905,0.0041,0,0
1725,1,A,1,0.98736,0.99721,1,1
1726,3,B,0,0.25448,0.46821,0,0
1727,2,E,0,0.041,0.00506,0,0
1728,2,A,0,0.02331,0.00742,0,0
1729,2,B,0,0.06706,0.0071,0,0
1730,3,E,0,0.14245,0.10375,0,0
1731,3,A,1,0.44556,0.91414,0,1
1732,1,D,1,0.97282,0.9968,1,1
1733,4,B,1,0.90137,0.98234,1,1
1734,1,E,1,0.98818,0.98975,1,1
1735,0,D,1,0.99647,0.99697,1,1
1736,2,E,1,0.54884,0.90531,1,1
1737,0,A,0,0.01987,0.00243,0,0
1738,4,C,1,0.99179,0.99514,1,1
1739,1,D,1,0.992,0.9973,1,1
1740,2,A,0,0.0536,0.00586,0,0
1741,0,A,1,0.98837,0.99557,1,1
1742,2,A,0,0.00303,0.00365,0,0
1743,2,E,0,0.365,0.0378,0,0
1744,0,D,1,0.99625,0.99736,1,1
1745,3,C,0,0.04197,0.01991,0,0
1746,0,D,1,0.97216,0.9974,1,1
1747,3,C,1,0.98477,0.99355,1,1
1748,4,C,1,0.9929,0.99692,1,1
1749,0,B,0,0.1713,0.03925,0,0
1750,2,C,0,0.12613,0.00232,0,0
1751,0,A,1,0.99495,0.99583,1,1
1752,3,E,1,0.86722,0.99321,1,1
1753,2,D,0,0.25282,0.01947,0,0
1754,3,B,0,0.09471,0.03014,0,0
1755,2,C,1,0.90786,0.99415,1,1
1756,0,A,1,0.49931,0.80242,0,1
1757,3,E,1,0.95437,0.99469,1,1
1758,0,E,1,0.96829,0.99599,1,1
1759,4,E,0,0.03464,0.00534,0,0
1760,2,B,0,0.19828,0.09166,0,0
1761,4,A,0,0.01176,0.00255,0,0
1762,4,A,0,0.08345,0.00405,0,0
1763,4,A,0,0.04572,0.00375,0,0
1764,4,A,0,0.07163,0.01171,0,0
1765,3,A,0,0.06022,0.00245,0,0
1766,4,E,0,0.15766,0.00504,0,0
1767,2,A,0,0.10386,0.02835,0,0
1768,0,A,1,0.98739,0.99683,1,1
1769,2,D,1,0.99735,0.99658,1,1
1770,1,C,0,0.11316,0.01096,0,0
1771,0,D,1,0.99481,0.99681,1,1
1772,3,C,1,0.96314,0.99686,1,1
1773,0,E,0,0.00575,0.00216,0,0
1774,3,C,0,0.02072,0.00255,0,0
1775,4,C,0,0.07015,0.00371,0,0
1776,0,D,0,0.00572,0.00288,0,0
1777,2,B,0,0.01847,0.00335,0,0
1778,0,B,1,0.9403,0.99406,1,1
1779,1,C,1,0.98509,0.99758,1,1
1780,4,A,1,0.99491,0.99751,1,1
1781,1,D,0,0.02325,0.00383,0,0
1782,4,B,0,0.11157,0.00668,0,0
1783,0,A,0,0.01826,0.00279,0,0
1784,4,A,1,0.9842,0.99637,1,1
1785,1,D,1,0.99816,0.99769,1,1
1786,0,B,0,0.39702,0.47363,0,0
1787,2,D,0,0.15619,0.02522,0,0
1788,2,E,0,0.06162,0.00304,0,0
1789,4,A,1,0.99208,0.99747,1,1
1790,3,D,1,0.99695,0.99703,1,1
1791,2,B,1,0.49061,0.58299,0,1
1792,2,A,1,0.99855,0.99693,1,1
1793,0,D,1,0.98691,0.99621,1,1
1794,1,E,0,0.01308,0.00251,0,0
1795,2,B,1,0.80415,0.69344,1,1
1796,3,C,1,0.98571,0.99581,1,1
1797,3,B,1,0.97019,0.99381,1,1
1798,2,C,1,0.98127,0.99697,1,1
1799,1,C,1,0.99898,0.99596,1,1
1800,3,C,0,0.18986,0.07262,0,0
1801,4,C,0,0.02924,0.00679,0,0
1802,3,A,1,0.99811,0.99711,1,1
1803,3,D,0,0.35441,0.23968,0,0
1804,4,D,1,0.96712,0.9963,1,1
1805,4,D,1,0.993,0.99698,1,1
1806,3,A,0,0.12982,0.02682,0,0
1807,3,B,1,0.91856,0.98914,1,1
1808,4,B,0,0.01084,0.00276,0,0
1809,3,A,0,0.13659,0.01126,0,0
1810,0,A,0,0.03865,0.00375,0,0
1811,4,B,1,0.8691,0.98936,1,1
1812,1,D,1,0.95896,0.99339,1,1
1813,0,A,0,0.01695,0.00345,0,0
1814,0,D,0,0.39713,0.20957,0,0
1815,2,C,1,0.98244,0.99716,1,1
1816,2,D,1,0.97923,0.99407,1,1
1817,3,C,0,0.00944,0.0041,0,0
1818,1,C,1,0.88805,0.97299,1,1
1819,3,C,0,0.0515,0.003,0,0
1820,3,E,0,0.07582,0.01881,0,0
1821,4,C,1,0.9851,0.9942,1,1
1822,4,C,1,0.99357,0.99768,1,1
1823,3,C,1,0.76539,0.9881,1,1
1824,4,D,0,0.00947,0.00288,0,0
1825,3,A,0,0.03528,0.00267,0,0
1826,0,C,1,0.983,0.99756,1,1
1827,4,C,0,0.05636,0.00702,0,0
1828,4,E,0,0.11295,0.02007,0,0
1829,1,C,1,0.95998,0.985,1,1
1830,2,C,0,0.06968,0.00541,0,0
1831,0,E,0,0.01748,0.00214,0,0
1832,0,C,1,0.53004,0.92293,1,1
1833,3,A,0,0.01335,0.00231,0,0
1834,0,A,0,0.02578,0.00234,0,0
1835,3,A,1,0.99686,0.99711,1,1
1836,1,A,0,0.16211,0.03116,0,0
1837,2,B,0,0.10056,0.02087,0,0
1838,3,D,0,0.07206,0.00818,0,0
1839,0,D,1,0.81414,0.99707,1,1
1840,1,A,1,0.92813,0.98926,1,1
1841,2,C,0,0.05567,0.00491,0,0
1842,2,A,1,0.99751,0.99724,1,1
1843,2,E,1,0.9786,0.99728,1,1
1844,1,A,1,0.45779,0.56645,0,1
1845,0,C,0,0.02409,0.00269,0,0
1846,4,B,0,0.06142,0.0189,0,0
1847,0,C,1,0.97283,0.99739,1,1
1848,4,B,0,0.01627,0.0031,0,0
1849,3,D,0,0.01219,0.00253,0,0
1850,0,A,0,0.48955,0.19025,0,0
1851,1,E,1,0.95333,0.99683,1,1
1852,3,C,1,0.9935,0.9964,1,1
1853,2,D,0,0.01293,0.00297,0,0
1854,2,D,0,0.03578,0.00409,0,0
1855,2,E,0,0.00899,0.00126,0,0
1856,2,A,0,0.01178,0.0026,0,0
1857,0,B,0,0.35883,0.59101,0,1
1858,1,B,0,0.00357,0.0026,0,0
1859,2,B,0,0.10776,0.0036,0,0
1860,3,C,1,0.89477,0.99347,1,1
1861,4,E,1,0.98017,0.99709,1,1
1862,1,E,0,0.00893,0.00302,0,0
1863,4,C,1,0.99194,0.99659,1,1
1864,3,C,1,0.98833,0.99734,1,1
1865,2,E,0,0.01003,0.00254,0,0
1866,1,E,0,0.01917,0.0029,0,0
1867,0,A,0,0.03257,0.00336,0,0
1868,1,C,1,0.9207,0.99123,1,1
1869,4,D,1,0.9679,0.99624,1,1
1870,1,B,0,0.11482,0.01161,0,0
1871,3,B,0,0.12704,0.04174,0,0
1872,0,E,1,0.68111,0.74091,1,1
1873,0,E,0,0.06336,0.00376,0,0
1874,3,E,1,0.94544,0.99405,1,1
1875,1,D,1,0.96934,0.99497,1,1
1876,3,B,0,0.08962,0.0257,0,0
1877,3,B,1,0.93543,0.99472,1,1
1878,1,C,0,0.10011,0.07808,0,0
1879,0,C,0,0.7955,0.94877,1,1
1880,2,C,0,0.00686,0.00347,0,0
1881,4,C,0,0.25828,0.13072,0,0
1882,1,B,0,0.03748,0.00668,0,0
1883,4,D,1,0.18773,0.1177,0,0
1884,0,B,1,0.94565,0.9958,1,1
1885,0,B,0,0.02222,0.00275,0,0
1886,0,A,0,0.153,0.00878,0,0
1887,2,A,0,0.03732,0.0025,0,0
1888,0,E,0,0.03149,0.00726,0,0
1889,0,B,1,0.85603,0.97684,1,1
1890,2,A,0,0.09487,0.00297,0,0
1891,2,D,0,0.01515,0.00396,0,0
1892,1,C,0,0.00978,0.00321,0,0
1893,4,A,1,0.99619,0.99777,1,1
1894,3,B,1,0.91549,0.99261,1,1
1895,0,A,0,0.00959,0.00312,0,0
1896,2,D,1,0.93701,0.99682,1,1
1897,0,B,1,0.9391,0.995,1,1
1898,3,A,0,0.03482,0.00253,0,0
1899,1,A,1,0.87418,0.97862,1,1
1900,0,C,1,0.99618,0.99733,1,1
1901,0,A,0,0.02711,0.00211,0,0
1902,2,D,1,0.97517,0.99586,1,1
1903,4,A,0,0.00903,0.00273,0,0
1904,4,C,1,0.91645,0.98866,1,1
1905,2,B,0,0.0413,0.00598,0,0
1906,0,B,0,0.1632,0.04114,0,0
1907,1,A,0,0.05159,0.00362,0,0
1908,3,D,0,0.17456,0.0257,0,0
1909,1,E,0,0.05352,0.00773,0,0
1910,2,A,0,0.04925,0.00246,0,0
1911,0,A,0,0.0105,0.0033,0,0
1912,1,E,0,0.09148,0.01895,0,0
1913,0,C,0,0.01649,0.00182,0,0
1914,4,A,0,0.01022,0.00204,0,0
1915,1,A,0,0.07473,0.00292,0,0
1916,0,D,1,0.93708,0.9962,1,1
1917,3,D,0,0.02475,0.00354,0,0
1918,0,C,1,0.78818,0.78066,1,1
1919,1,E,1,0.85874,0.99609,1,1
1920,2,C,1,0.99052,0.99771,1,1
1921,2,B,1,0.93302,0.98693,1,1
1922,0,C,1,0.99499,0.99755,1,1
1923,3,B,1,0.9584,0.99448,1,1
1924,1,A,0,0.00749,0.00345,0,0
1925,0,A,0,0.00609,0.003,0,0
1926,1,B,0,0.23591,0.10127,0,0
1927,3,D,1,0.96668,0.99525,1,1
1928,4,A,1,0.97839,0.99785,1,1
1929,1,B,0,0.01989,0.00295,0,0
1930,4,C,0,0.01862,0.00346,0,0
1931,4,C,0,0.02627,0.00269,0,0
1932,1,D,0,0.0438,0.00541,0,0
1933,4,D,1,0.7142,0.69076,1,1
1934,2,D,1,0.97459,0.99663,1,1
1935,3,A,1,0.99732,0.99711,1,1
1936,0,C,1,0.99718,0.99676,1,1
1937,1,C,1,0.99016,0.99593,1,1
1938,0,A,1,0.52621,0.57567,1,1
1939,3,A,0,0.06918,0.00278,0,0
1940,3,A,0,0.06825,0.00188,0,0
1941,4,C,0,0.03868,0.00217,0,0
1942,4,B,0,0.12778,0.01046,0,0
1943,2,A,1,0.98059,0.99677,1,1
1944,3,D,0,0.02774,0.00265,0,0
1945,3,E,1,0.6844,0.80356,1,1
1946,0,A,1,0.99755,0.99786,1,1
1947,2,E,1,0.96796,0.9965,1,1
1948,4,A,1,0.75493,0.97904,1,1
1949,1,E,0,0.04063,0.00344,0,0
1950,1,E,0,0.01536,0.00312,0,0
1951,3,A,0,0.04271,0.00218,0,0
1952,2,D,0,0.01095,0.00299,0,0
1953,4,E,1,0.98494,0.9975,1,1
1954,4,E,0,0.00955,0.00185,0,0
1955,0,E,1,0.94592,0.99353,1,1
1956,0,C,1,0.92879,0.98173,1,1
1957,1,A,1,0.9219,0.99153,1,1
1958,1,D,0,0.36369,0.02684,0,0
1959,0,C,1,0.75039,0.81885,1,1
1960,3,C,1,0.96313,0.99737,1,1
1961,4,B,0,0.01559,0.00221,0,0
1962,3,C,0,0.02759,0.00278,0,0
1963,0,A,0,0.03308,0.00233,0,0
1964,0,D,1,0.99223,0.9972,1,1
1965,0,A,1,0.98947,0.99749,1,1
1966,0,D,1,0.9324,0.99568,1,1
1967,4,D,1,0.95956,0.98146,1,1
1968,4,C,0,0.01988,0.00411,0,0
1969,3,C,0,0.36873,0.1206,0,0
1970,2,B,0,0.49576,0.79986,0,1
1971,1,E,0,0.01858,0.00367,0,0
1972,1,D,1,0.96386,0.97937,1,1
1973,4,B,0,0.0585,0.01563,0,0
1974,3,A,1,0.99643,0.99684,1,1
1975,2,A,1,0.9942,0.99667,1,1
1976,1,C,0,0.00956,0.0044,0,0
1977,0,E,0,0.01798,0.00224,0,0
1978,3,D,0,0.02775,0.0055,0,0
1979,3,A,1,0.88201,0.99499,1,1
1980,0,E,1,0.98038,0.99554,1,1
1981,1,B,0,0.45724,0.52181,0,1
1982,4,E,0,0.06278,0.02225,0,0
1983,4,A,1,0.99669,0.99443,1,1
1984,3,C,1,0.87697,0.98327,1,1
1985,2,E,0,0.11539,0.01841,0,0
1986,0,B,1,0.76512,0.94937,1,1
1987,0,D,0,0.01101,0.00294,0,0
1988,2,E,1,0.97022,0.9959,1,1
1989,3,A,0,0.04778,0.0042,0,0
1990,2,A,1,0.94794,0.99087,1,1
1991,3,D,1,0.96733,0.99518,1,1
1992,4,B,1,0.19126,0.02992,0,0
1993,4,A,0,0.02304,0.00174,0,0
1994,1,C,1,0.8683,0.99397,1,1
1995,1,D,0,0.42629,0.11249,0,0
1996,0,B,0,0.12236,0.03065,0,0
1997,1,B,0,0.59858,0.86139,1,1
1998,1,D,1,0.99405,0.99701,1,1
1999,2,C,0,0.01446,0.00337,0,0
2000,1,D,0,0.07585,0.00469,0,0
2001,2,B,0,0.14141,0.01834,0,0
2002,3,E,0,0.04131,0.00608,0,0
2003,3,D,1,0.9794,0.99642,1,1
2004,4,A,0,0.01141,0.00311,0,0
2005,3,E,1,0.82883,0.92916,1,1
2006,1,C,1,0.99378,0.99719,1,1
2007,2,A,0,0.01342,0.00528,0,0
2008,4,A,0,0.64903,0.76709,1,1
2009,2,D,1,0.97467,0.99589,1,1
2010,4,A,1,0.99811,0.99727,1,1
2011,2,B,0,0.05611,0.00551,0,0
2012,2,A,0,0.21929,0.17243,0,0
2013,3,B,1,0.89748,0.99342,1,1
2014,4,B,0,0.04077,0.00206,0,0
2015,4,C,1,0.97615,0.99614,1,1
2016,4,B,1,0.29485,0.35455,0,0
2017,0,A,1,0.999,0.99699,1,1
2018,2,C,1,0.99013,0.99739,1,1
2019,0,B,0,0.02628,0.00531,0,0
2020,2,D,0,0.01912,0.00713,0,0
2021,0,A,1,0.95017,0.99778,1,1
2022,3,A,0,0.0265,0.00232,0,0
2023,4,A,1,0.98949,0.99686,1,1
2024,2,C,0,0.03749,0.01378,0,0
2025,1,B,1,0.61307,0.70429,1,1
2026,1,D,0,0.00411,0.00311,0,0
2027,2,B,0,0.32259,0.22085,0,0
2028,1,C,1,0.66832,0.70238,1,1
2029,4,C,0,0.13828,0.06841,0,0
2030,2,A,0,0.0824,0.00371,0,0
2031,4,C,1,0.91547,0.99282,1,1
2032,3,B,0,0.04078,0.007,0,0
2033,3,B,1,0.48894,0.36784,0,0
2034,1,A,0,0.09018,0.04288,0,0
2035,4,D,1,0.95751,0.98779,1,1
2036,0,E,1,0.48755,0.93433,0,1
2037,2,A,0,0.11528,0.00504,0,0
2038,0,C,0,0.00262,0.00205,0,0
2039,3,D,1,0.94625,0.97472,1,1
2040,1,B,0,0.0131,0.0022,0,0
2041,4,D,1,0.92619,0.99418,1,1
2042,3,C,0,0.05544,0.01309,0,0
2043,1,E,1,0.94067,0.99662,1,1
2044,3,E,1,0.94981,0.99676,1,1
2045,1,A,1,0.77898,0.98514,1,1
2046,1,B,0,0.04959,0.00658,0,0
2047,3,C,0,0.16915,0.04391,0,0
2048,4,A,1,0.98793,0.99712,1,1
2049,0,B,1,0.84832,0.97408,1,1
2050,0,E,0,0.02666,0.00793,0,0
2051,0,A,1,0.99542,0.99767,1,1
2052,2,C,0,0.03585,0.01012,0,0
2053,3,D,1,0.97178,0.99572,1,1
2054,4,B,1,0.97061,0.99649,1,1
2055,4,C,1,0.93281,0.98942,1,1
2056,1,E,1,0.78215,0.91093,1,1
2057,3,C,0,0.0121,0.00231,0,0
2058,0,A,0,0.04006,0.00252,0,0
2059,3,A,1,0.87713,0.98802,1,1
2060,4,E,0,0.0055,0.00284,0,0
2061,1,B,0,0.05842,0.02004,0,0
2062,3,C,1,0.94591,0.99067,1,1
2063,4,A,1,0.97553,0.99799,1,1
2064,2,B,1,0.91907,0.99035,1,1
2065,0,E,1,0.99755,0.99801,1,1
2066,2,C,0,0.00966,0.00398,0,0
2067,4,E,1,0.96285,0.99314,1,1
2068,2,B,0,0.13004,0.01321,0,0
2069,3,C,0,0.0286,0.00377,0,0
2070,0,E,1,0.96199,0.98773,1,1
2071,4,B,0,0.12589,0.04869,0,0
2072,4,B,0,0.11026,0.03857,0,0
2073,1,E,1,0.99018,0.99653,1,1
2074,3,B,0,0.89204,0.98815,1,1
2075,2,C,0,0.20632,0.07058,0,0
2076,0,E,1,0.88922,0.97992,1,1
2077,0,A,0,0.01617,0.00237,0,0
2078,1,B,0,0.05802,0.00401,0,0
2079,1,A,1,0.97929,0.99516,1,1
2080,4,B,1,0.73232,0.99026,1,1
2081,2,A,1,0.99724,0.99721,1,1
2082,2,D,0,0.03202,0.00438,0,0
2083,1,A,1,0.99027,0.9971,1,1
2084,1,D,1,0.91098,0.99607,1,1
2085,4,B,0,0.0025,0.00212,0,0
2086,1,B,0,0.01913,0.00231,0,0
2087,4,B,0,0.1912,0.0283,0,0
2088,1,D,0,0.01723,0.00225,0,0
2089,1,C,1,0.8975,0.99382,1,1
2090,2,B,1,0.89437,0.99515,1,1
2091,0,E,0,0.10603,0.04221,0,0
2092,4,C,1,0.90632,0.98533,1,1
2093,3,A,1,0.97846,0.99676,1,1
2094,1,E,1,0.86939,0.9916,1,1
2095,3,B,0,0.0284,0.00512,0,0
2096,4,A,0,0.0339,0.00261,0,0
2097,3,C,1,0.98837,0.99664,1,1
2098,1,A,1,0.5383,0.90914,1,1
2099,0,A,1,0.99025,0.99705,1,1
2100,2,D,0,0.21017,0.22909,0,0
2101,3,A,1,0.98226,0.99329,1,1
2102,4,D,1,0.98206,0.99682,1,1
2103,3,E,0,0.01576,0.00372,0,0
2104,3,C,1,0.97201,0.99716,1,1
2105,3,D,0,0.01717,0.00345,0,0
2106,4,D,0,0.16892,0.05101,0,0
2107,4,E,1,0.97793,0.99789,1,1
2108,3,B,1,0.8578,0.9639,1,1
2109,2,A,0,0.09848,0.00369,0,0
2110,0,C,1,0.97969,0.99801,1,1
2111,4,C,0,0.00439,0.00267,0,0
2112,0,A,0,0.0199,0.00233,0,0
2113,1,C,1,0.94415,0.98608,1,1
2114,3,A,1,0.98672,0.99726,1,1
2115,1,E,0,0.0602,0.00941,0,0
2116,0,B,0,0.31256,0.09796,0,0
2117,2,A,1,0.99397,0.99679,1,1
2118,2,A,1,0.20458,0.16008,0,0
2119,3,A,1,0.93855,0.99128,1,1
2120,0,B,1,0.99712,0.99724,1,1
2121,3,A,0,0.01706,0.0023,0,0
2122,0,B,0,0.06026,0.00624,0,0
2123,0,A,1,0.99625,0.99722,1,1
2124,1,B,1,0.76243,0.97968,1,1
2125,2,B,1,0.42701,0.51837,0,1
2126,0,B,0,0.00874,0.00673,0,0
2127,3,B,0,0.11075,0.03642,0,0
2128,4,A,1,0.70413,0.98879,1,1
2129,0,A,0,0.00722,0.00235,0,0
2130,3,A,1,0.99219,0.99729,1,1
2131,0,D,0,0.01448,0.00446,0,0
2132,2,E,0,0.01441,0.00316,0,0
2133,3,E,1,0.95524,0.99418,1,1
2134,4,C,1,0.98057,0.99791,1,1
2135,2,C,1,0.97352,0.99685,1,1
2136,3,B,1,0.92462,0.99531,1,1
2137,1,D,0,0.02403,0.00484,0,0
2138,4,D,1,0.98401,0.99734,1,1
2139,1,D,0,0.45297,0.25476,0,0
2140,3,E,1,0.81416,0.97935,1,1
2141,1,B,1,0.91242,0.99133,1,1
2142,3,D,1,0.97872,0.99664,1,1
2143,2,D,1,0.98051,0.99757,1,1
2144,1,B,0,0.10007,0.08637,0,0
2145,4,E,1,0.9638,0.99709,1,1
2146,1,A,1,0.32725,0.39228,0,0
2147,4,E,0,0.01618,0.00265,0,0
2148,0,D,1,0.98795,0.99708,1,1
2149,3,A,0,0.16991,0.02081,0,0
2150,2,D,0,0.21054,0.01733,0,0
2151,0,A,1,0.96025,0.99771,1,1
2152,1,D,0,0.11303,0.0064,0,0
2153,0,D,0,0.39958,0.08815,0,0
2154,1,C,0,0.08044,0.0381,0,0
2155,2,E,0,0.01424,0.00408,0,0
2156,4,A,0,0.0445,0.00204,0,0
2157,4,B,1,0.93515,0.99617,1,1
2158,0,B,0,0.04882,0.0095,0,0
2159,2,A,1,0.86957,0.98718,1,1
2160,4,B,0,0.12007,0.02388,0,0
2161,2,B,1,0.94564,0.9928,1,1
2162,4,B,1,0.87545,0.98317,1,1
2163,2,B,0,0.15777,0.00838,0,0
2164,0,E,0,0.01191,0.00215,0,0
2165,4,B,0,0.01353,0.0037,0,0
2166,1,E,1,0.9813,0.99458,1,1
2167,4,B,1,0.9452,0.99465,1,1
2168,0,B,0,0.12813,0.04634,0,0
2169,0,C,1,0.96768,0.99623,1,1
2170,0,B,0,0.26074,0.02114,0,0
2171,2,B,0,0.02377,0.00291,0,0
2172,2,C,0,0.02274,0.00555,0,0
2173,2,A,1,0.99267,0.9974,1,1
2174,3,B,1,0.67745,0.87396,1,1
2175,2,C,0,0.06494,0.00645,0,0
2176,3,B,1,0.95808,0.99559,1,1
2177,1,D,0,0.01392,0.0036,0,0
2178,4,B,0,0.42008,0.58381,0,1
2179,2,E,1,0.93632,0.98892,1,1
2180,2,D,1,0.94991,0.99339,1,1
2181,2,E,1,0.9935,0.99659,1,1
2182,4,D,1,0.98395,0.99717,1,1
2183,1,A,0,0.01351,0.00341,0,0
2184,2,C,0,0.33549,0.13679,0,0
2185,4,A,0,0.01535,0.00252,0,0
2186,4,D,1,0.99741,0.99721,1,1
2187,1,C,0,0.00592,0.00313,0,0
2188,1,B,0,0.21663,0.02294,0,0
2189,4,E,0,0.22925,0.19311,0,0
2190,3,A,0,0.11248,0.01618,0,0
2191,4,C,1,0.95566,0.99522,1,1
2192,0,D,1,0.78908,0.85665,1,1
2193,1,A,1,0.97667,0.99586,1,1
2194,1,C,0,0.25278,0.23579,0,0
2195,0,D,0,0.03115,0.00351,0,0
2196,3,A,0,0.28866,0.08848,0,0
2197,0,C,0,0.00465,0.00188,0,0
2198,3,B,1,0.94867,0.99311,1,1
2199,1,D,0,0.13446,0.0222,0,0
2200,4,A,0,0.25168,0.10798,0,0
2201,0,E,1,0.96462,0.99666,1,1
2202,3,E,0,0.00907,0.00269,0,0
2203,1,A,1,0.99643,0.99596,1,1
2204,4,B,1,0.70309,0.70638,1,1
2205,3,C,1,0.98394,0.99617,1,1
2206,2,D,0,0.00762,0.00285,0,0
2207,3,B,1,0.81765,0.9601,1,1
2208,0,A,0,0.00838,0.00276,0,0
2209,0,A,0,0.01335,0.0026,0,0
2210,3,E,0,0.03514,0.01097,0,0
2211,0,C,1,0.99469,0.99708,1,1
2212,2,E,1,0.98906,0.9963,1,1
2213,0,C,1,0.95935,0.99517,1,1
2214,3,E,1,0.91228,0.99558,1,1
2215,4,A,1,0.98558,0.99545,1,1
2216,3,A,0,0.01723,0.00329,0,0
2217,2,E,1,0.91263,0.99562,1,1
2218,2,E,0,0.0134,0.00266,0,0
2219,1,B,0,0.21832,0.02726,0,0
2220,4,B,0,0.69121,0.92876,1,1
2221,3,C,0,0.01119,0.00365,0,0
2222,4,B,0,0.30797,0.04558,0,0
2223,1,A,1,0.99823,0.99711,1,1
2224,3,E,1,0.97182,0.99737,1,1
2225,3,B,0,0.04188,0.00874,0,0
2226,1,D,0,0.43539,0.06836,0,0
2227,2,A,0,0.0136,0.00258,0,0
2228,1,A,1,0.99729,0.99766,1,1
2229,1,D,0,0.10846,0.00358,0,0
2230,4,B,1,0.93809,0.99331,1,1
2231,0,D,0,0.11358,0.0322,0,0
2232,4,A,1,0.70996,0.92231,1,1
2233,1,E,1,0.88943,0.99476,1,1
2234,2,D,1,0.99915,0.9974,1,1
2235,1,E,1,0.95511,0.9949,1,1
2236,0,A,1,0.98048,0.99796,1,1
2237,3,B,0,0.10567,0.01407,0,0
2238,2,B,1,0.56595,0.55232,1,1
2239,0,C,0,0.01956,0.00192,0,0
2240,3,B,0,0.39995,0.58714,0,1
2241,2,A,1,0.99178,0.99719,1,1
2242,2,B,0,0.0389,0.00313,0,0
2243,2,B,0,0.0284,0.00302,0,0
2244,2,B,0,0.08538,0.01323,0,0
2245,4,A,0,0.08651,0.00267,0,0
2246,4,B,0,0.20819,0.03068,0,0
2247,3,C,1,0.82409,0.99244,1,1
2248,4,B,0,0.22464,0.04367,0,0
2249,4,B,0,0.0323,0.00628,0,0
2250,0,C,1,0.94074,0.98812,1,1
2251,1,D,1,0.93237,0.99807,1,1
2252,4,B,0,0.12802,0.00375,0,0
2253,3,C,1,0.6981,0.89552,1,1
2254,4,E,1,0.63281,0.36234,1,0
2255,1,C,1,0.99985,0.99719,1,1
2256,4,E,1,0.99271,0.99751,1,1
2257,2,D,1,0.97925,0.99534,1,1
2258,2,A,1,0.99496,0.99737,1,1
2259,1,B,1,0.93546,0.99436,1,1
2260,1,D,0,0.0025,0.00255,0,0
2261,0,E,0,0.03894,0.00376,0,0
2262,0,C,0,0.01235,0.00329,0,0
2263,0,A,1,0.96773,0.99215,1,1
2264,3,C,1,0.99242,0.99704,1,1
2265,1,A,0,0.02065,0.00164,0,0
2266,4,D,0,0.13206,0.01654,0,0
2267,0,C,1,0.2513,0.15741,0,0
2268,1,D,1,0.93117,0.99494,1,1
2269,3,E,0,0.01875,0.00311,0,0
2270,2,C,1,0.61245,0.75389,1,1
2271,4,C,1,0.99484,0.99805,1,1
2272,4,D,1,0.94782,0.98261,1,1
2273,3,D,0,0.00783,0.00365,0,0
2274,2,E,1,0.99658,0.99752,1,1
2275,4,A,1,0.8509,0.99145,1,1
2276,4,C,1,0.96637,0.99737,1,1
2277,1,A,1,0.98666,0.99032,1,1
2278,3,E,0,0.03653,0.00278,0,0
2279,4,C,1,0.78711,0.93151,1,1
2280,1,B,0,0.03832,0.00433,0,0
2281,2,A,0,0.02426,0.00689,0,0
2282,2,B,1,0.83585,0.99273,1,1
2283,1,D,0,0.49397,0.19903,0,0
2284,4,A,1,0.99398,0.99702,1,1
2285,2,A,0,0.0943,0.00387,0,0
2286,2,E,1,0.96984,0.99393,1,1
2287,2,D,1,0.92816,0.98786,1,1
2288,2,A,1,0.98942,0.99706,1,1
2289,2,B,1,0.57886,0.73013,1,1
2290,3,E,0,0.05897,0.00351,0,0
2291,2,D,1,0.98475,0.99675,1,1
2292,2,C,1,0.97077,0.99547,1,1
2293,0,B,0,0.3645,0.32308,0,0
2294,2,B,0,0.12123,0.04339,0,0
2295,4,A,1,0.99279,0.99665,1,1
2296,2,D,1,0.99218,0.99726,1,1
2297,1,A,1,0.99219,0.99748,1,1
2298,4,A,0,0.11171,0.00398,0,0
2299,4,D,0,0.02096,0.00377,0,0
2300,2,E,0,0.01371,0.00196,0,0
2301,0,D,0,0.69806,0.61011,1,1
2302,0,C,0,0.0135,0.00234,0,0
2303,4,C,1,0.89655,0.99541,1,1
2304,0,B,1,0.90523,0.99338,1,1
2305,3,B,0,0.0458,0.005,0,0
2306,1,C,1,0.99574,0.99783,1,1
2307,1,B,0,0.03699,0.00307,0,0
2308,4,C,0,0.13033,0.06127,0,0
2309,1,E,1,0.77254,0.95369,1,1
2310,1,E,1,0.98929,0.99731,1,1
2311,1,A,0,0.02128,0.00293,0,0
2312,0,B,1,0.90068,0.99376,1,1
2313,0,A,1,0.99444,0.99716,1,1
2314,0,B,0,0.01624,0.00238,0,0
2315,0,B,1,0.77969,0.84736,1,1
2316,1,A,0,0.05519,0.00244,0,0
2317,3,D,1,0.95126,0.99397,1,1
2318,3,C,1,0.97943,0.99801,1,1
2319,2,E,1,0.96228,0.99669,1,1
2320,0,A,1,0.97365,0.99783,1,1
2321,1,A,1,0.81007,0.87158,1,1
2322,4,B,1,0.95625,0.98908,1,1
2323,0,A,1,0.9829,0.99582,1,1
2324,2,B,1,0.91868,0.9853,1,1
2325,1,E,1,0.97629,0.99678,1,1
2326,0,A,1,0.79292,0.96595,1,1
2327,0,A,1,0.98903,0.99449,1,1
2328,0,C,1,0.98926,0.99713,1,1
2329,1,C,1,0.975,0.99681,1,1
2330,1,C,0,0.00193,0.00309,0,0
2331,1,B,0,0.50893,0.27479,1,0
2332,0,D,0,0.16517,0.0634,0,0
2333,4,A,1,0.99542,0.99588,1,1
2334,1,B,0,0.02132,0.00309,0,0
2335,0,D,1,0.99097,0.99697,1,1
2336,3,E,0,0.03232,0.0029,0,0
2337,2,B,0,0.18917,0.02232,0,0
2338,3,C,1,0.96181,0.99527,1,1
2339,1,A,0,0.00405,0.0025,0,0
2340,0,A,0,0.01265,0.00225,0,0
2341,4,A,0,0.02235,0.00524,0,0
2342,0,D,0,0.09634,0.01233,0,0
2343,0,B,0,0.06332,0.01373,0,0
2344,1,D,0,0.00922,0.00335,0,0
2345,1,A,0,0.10431,0.00615,0,0
2346,0,E,1,0.77916,0.84473,1,1
2347,4,D,1,0.99515,0.99618,1,1
2348,2,A,0,0.01584,0.00296,0,0
2349,3,A,1,0.7784,0.96674,1,1
2350,1,A,0,0.01033,0.00955,0,0
2351,1,E,0,0.02427,0.00432,0,0
2352,2,A,1,0.97729,0.99304,1,1
2353,2,C,1,0.99765,0.99677,1,1
2354,0,B,0,0.00961,0.00263,0,0
2355,2,D,1,0.98897,0.99747,1,1
2356,0,C,0,0.10593,0.03462,0,0
2357,2,C,1,0.9789,0.99685,1,1
2358,0,E,1,0.98878,0.99689,1,1
2359,0,A,1,0.83459,0.96648,1,1
2360,2,D,0,0.02536,0.0028,0,0
2361,1,A,0,0.00676,0.0034,0,0
2362,1,C,0,0.01943,0.00251,0,0
2363,3,E,1,0.98787,0.99641,1,1
2364,0,D,0,0.00968,0.00381,0,0
2365,2,D,1,0.98917,0.99711,1,1
2366,3,B,1,0.96744,0.9956,1,1
2367,0,B,1,0.8996,0.99048,1,1
2368,1,B,1,0.95937,0.99501,1,1
2369,2,C,1,0.57886,0.41785,1,0
2370,4,C,1,0.98333,0.99716,1,1
2371,0,B,1,0.98468,0.99654,1,1
2372,2,B,1,0.88745,0.99147,1,1
2373,2,B,0,0.1021,0.00571,0,0
2374,2,B,0,0.1454,0.02959,0,0
2375,1,A,1,0.99992,0.99685,1,1
2376,0,E,0,0.00378,0.0036,0,0
2377,4,C,1,0.95764,0.98642,1,1
2378,0,A,0,0.04044,0.00332,0,0
2379,1,D,1,0.78364,0.9266,1,1
2380,4,D,1,0.77086,0.93627,1,1
2381,2,A,0,0.0092,0.00592,0,0
2382,4,A,1,0.90726,0.98817,1,1
2383,1,A,0,0.04649,0.00361,0,0
2384,2,A,0,0.00745,0.00402,0,0
2385,0,D,1,0.98564,0.99664,1,1
2386,2,E,1,0.73853,0.78747,1,1
2387,0,A,1,1.0,0.99701,1,1
2388,1,D,1,0.99611,0.99737,1,1
2389,0,A,0,0.03472,0.00442,0,0
2390,2,C,1,0.64663,0.54229,1,1
2391,2,D,1,0.99121,0.99719,1,1
2392,2,B,1,0.91766,0.99031,1,1
2393,2,A,1,0.90891,0.99648,1,1
2394,2,C,1,0.9501,0.99231,1,1
2395,0,E,1,0.9887,0.99684,1,1
2396,4,B,0,0.05429,0.02751,0,0
2397,1,A,1,0.08667,0.03992,0,0
2398,2,A,1,0.84493,0.79808,1,1
2399,1,C,0,0.02107,0.00266,0,0
2400,2,C,0,0.30459,0.04146,0,0
2401,0,D,0,0.00608,0.00202,0,0
2402,3,D,0,0.06077,0.00886,0,0
2403,2,E,1,0.96776,0.99679,1,1
2404,4,D,1,0.96162,0.99622,1,1
2405,1,A,0,0.04205,0.01915,0,0
2406,1,C,1,0.97529,0.99719,1,1
2407,4,B,0,0.01446,0.00211,0,0
2408,3,B,1,0.95421,0.99408,1,1
2409,1,E,0,0.0089,0.00276,0,0
2410,1,D,1,0.98253,0.99722,1,1
2411,1,E,1,0.98021,0.9966,1,1
2412,0,B,0,0.07138,0.00689,0,0
2413,0,C,1,0.99383,0.99722,1,1
2414,4,C,0,0.05244,0.00559,0,0
2415,2,A,1,0.99342,0.99701,1,1
2416,0,A,0,0.02903,0.00273,0,0
2417,1,C,0,0.00875,0.00328,0,0
2418,2,A,0,0.17786,0.06401,0,0
2419,4,E,1,0.83861,0.93725,1,1
2420,0,A,0,0.29555,0.0508,0,0
2421,1,A,1,0.99506,0.99723,1,1
2422,1,D,1,0.95734,0.98727,1,1
2423,1,A,1,0.97864,0.99761,1,1
2424,1,E,1,0.98407,0.99714,1,1
2425,3,D,1,0.94345,0.99319,1,1
2426,0,A,1,0.99154,0.99731,1,1
2427,1,D,1,0.98051,0.99757,1,1
2428,0,C,1,0.71241,0.96685,1,1
2429,3,D,1,0.98002,0.99613,1,1
2430,1,D,0,0.01613,0.00316,0,0
2431,1,D,0,0.36727,0.08513,0,0
2432,3,C,1,0.99483,0.99723,1,1
2433,4,B,0,0.13288,0.05967,0,0
2434,2,D,1,0.97045,0.99639,1,1
2435,2,E,1,0.97856,0.99735,1,1
2436,0,C,0,0.00994,0.00222,0,0
2437,0,D,0,0.04628,0.00316,0,0
2438,1,B,0,0.8539,0.93675,1,1
2439,2,D,0,0.02995,0.00246,0,0
2440,3,E,1,0.802,0.94737,1,1
2441,1,A,1,0.98817,0.99631,1,1
2442,1,A,1,0.89276,0.9861,1,1
2443,2,C,0,0.01134,0.00345,0,0
2444,2,C,1,0.99223,0.99644,1,1
2445,0,C,0,0.00745,0.00218,0,0
2446,3,A,1,0.97766,0.9953,1,1
2447,1,B,0,0.57436,0.54231,1,1
2448,4,C,0,0.0857,0.00415,0,0
2449,0,C,0,0.02273,0.00197,0,0
2450,4,D,1,0.99641,0.99723,1,1
2451,4,D,1,0.9761,0.99678,1,1
2452,2,C,1,0.97083,0.99558,1,1
2453,0,D,1,0.97964,0.99689,1,1
2454,2,C,1,0.64482,0.91853,1,1
2455,0,C,0,0.33048,0.22276,0,0
2456,2,C,1,0.99171,0.99706,1,1
2457,4,A,0,0.04623,0.00266,0,0
2458,4,B,1,0.96712,0.99757,1,1
2459,0,C,0,0.93008,0.98453,1,1
2460,4,E,0,0.0335,0.0026,0,0
2461,4,D,1,0.98304,0.99725,1,1
2462,2,A,1,0.9967,0.99737,1,1
2463,3,C,0,0.05587,0.0126,0,0
2464,1,A,0,0.03031,0.00289,0,0
2465,2,D,1,0.94635,0.99674,1,1
2466,0,D,1,0.98826,0.99708,1,1
2467,4,C,1,0.78346,0.84709,1,1
2468,4,C,1,0.97815,0.99693,1,1
2469,1,B,0,0.1418,0.09071,0,0
2470,1,B,0,0.24818,0.26239,0,0
2471,2,E,1,0.88266,0.9868,1,1
2472,2,D,1,0.95966,0.99633,1,1
2473,3,C,0,0.04624,0.00583,0,0
2474,2,B,0,0.1006,0.00786,0,0
2475,4,A,1,0.97407,0.9974,1,1
2476,1,A,1,0.99371,0.99545,1,1
2477,1,A,1,0.93047,0.99519,1,1
2478,4,B,0,0.16616,0.03626,0,0
2479,3,E,0,0.01622,0.00293,0,0
2480,0,C,1,0.97753,0.99647,1,1
2481,3,A,0,0.01989,0.00306,0,0
2482,3,A,1,0.99922,0.99686,1,1
2483,1,B,1,0.90594,0.99014,1,1
2484,0,D,0,0.55709,0.42959,1,0
2485,3,B,0,0.14339,0.00968,0,0
2486,2,D,0,0.0151,0.00249,0,0
2487,0,D,1,0.99721,0.99746,1,1
2488,3,A,1,0.91947,0.98452,1,1
2489,0,C,0,0.01381,0.00262,0,0
2490,2,E,0,0.10429,0.01278,0,0
2491,0,B,0,0.16956,0.04114,0,0
2492,4,A,0,0.04778,0.0028,0,0
2493,0,E,1,0.97877,0.99612,1,1
2494,3,E,1,0.91645,0.98993,1,1
2495,4,C,1,0.99722,0.99649,1,1
2496,4,C,1,0.91892,0.97788,1,1
2497,3,A,0,0.00468,0.00289,0,0
2498,1,D,0,0.24721,0.0167,0,0
2499,1,C,0,0.01425,0.00327,0,0
2500,3,A,0,0.00247,0.00231,0,0
2501,2,D,1,0.98076,0.99771,1,1
2502,1,E,0,0.03727,0.00518,0,0
2503,4,D,0,0.01687,0.00356,0,0
2504,3,B,1,0.94399,0.9961,1,1
2505,4,A,1,0.97601,0.9967,1,1
2506,2,E,0,0.07415,0.02852,0,0
2507,3,E,1,0.96397,0.98459,1,1
2508,4,C,1,0.98577,0.99709,1,1
2509,3,C,1,0.95721,0.98502,1,1
2510,3,C,1,0.96896,0.99438,1,1
2511,1,B,1,0.96043,0.99517,1,1
2512,1,A,0,0.32044,0.11968,0,0
2513,0,A,1,0.98974,0.99753,1,1
2514,4,A,1,0.48485,0.96754,0,1
2515,4,D,0,0.12563,0.0373,0,0
2516,4,A,0,0.04824,0.00882,0,0
2517,4,A,1,0.99708,0.99768,1,1
2518,3,C,0,0.01391,0.00317,0,0
2519,0,A,1,0.99361,0.99737,1,1
2520,0,A,0,0.02877,0.00317,0,0
2521,4,C,0,0.0278,0.00926,0,0
2522,1,B,0,0.12501,0.06254,0,0
2523,0,C,0,0.00468,0.00255,0,0
2524,3,E,1,0.97171,0.99605,1,1
2525,1,A,0,0.00721,0.00287,0,0
2526,3,E,0,0.06685,0.00261,0,0
2527,3,E,1,0.97892,0.99566,1,1
2528,2,D,0,0.01668,0.00294,0,0
2529,4,C,1,0.99775,0.99705,1,1
2530,0,C,0,0.01822,0.00345,0,0
2531,2,C,1,0.74567,0.98025,1,1
2532,4,D,1,0.96844,0.9979,1,1
2533,4,A,1,0.9426,0.98746,1,1
2534,3,E,1,0.9789,0.99537,1,1
2535,3,C,1,0.53065,0.68378,1,1
2536,0,D,0,0.44068,0.10162,0,0
2537,3,B,0,0.27819,0.18027,0,0
2538,0,A,1,0.99142,0.99685,1,1
2539,3,C,0,0.04515,0.00966,0,0
2540,1,C,1,0.97262,0.99639,1,1
2541,2,B,1,0.28056,0.13906,0,0
2542,4,B,0,0.07826,0.00903,0,0
2543,1,A,0,0.0,0.00277,0,0
2544,4,C,0,0.30867,0.25432,0,0
2545,3,B,1,0.95695,0.9961,1,1
2546,2,E,0,0.01278,0.00383,0,0
2547,4,A,0,0.01707,0.00353,0,0
2548,1,B,0,0.52958,0.40653,1,0
2549,2,B,1,0.8721,0.9918,1,1
2550,3,C,1,0.97763,0.99625,1,1
2551,4,C,0,0.11452,0.03474,0,0
2552,2,C,0,0.02374,0.00503,0,0
2553,2,E,1,0.99282,0.99709,1,1
2554,2,B,0,0.14429,0.01963,0,0
2555,0,D,0,0.07906,0.01328,0,0
2556,3,A,0,0.05872,0.00223,0,0
2557,4,B,0,0.19083,0.01399,0,0
2558,3,C,1,0.98049,0.99647,1,1
2559,2,A,0,0.05121,0.00374,0,0
2560,0,C,0,0.07021,0.01649,0,0
2561,4,D,0,0.00733,0.0037,0,0
2562,1,D,1,0.97258,0.9974,1,1
2563,1,C,1,0.82444,0.94975,1,1
2564,4,C,1,0.97674,0.99547,1,1
2565,2,B,1,0.73769,0.96371,1,1
2566,4,A,1,0.99934,0.99748,1,1
2567,1,A,0,0.01362,0.00257,0,0
2568,4,D,1,0.91867,0.995,1,1
2569,3,E,1,0.7964,0.89348,1,1
2570,0,A,0,0.03228,0.00311,0,0
2571,0,C,1,0.99244,0.99673,1,1
2572,2,D,1,0.92229,0.99162,1,1
2573,3,D,1,0.97126,0.99511,1,1
2574,4,C,0,0.04013,0.00208,0,0
2575,3,C,1,0.94834,0.9955,1,1
2576,1,D,1,0.99286,0.99722,1,1
2577,2,E,0,0.68308,0.84814,1,1
2578,1,A,1,0.9938,0.99676,1,1
2579,3,E,1,0.91231,0.99449,1,1
2580,3,A,1,0.98411,0.99646,1,1
2581,3,D,0,0.00392,0.00377,0,0
2582,1,A,0,0.01022,0.00376,0,0
2583,3,A,1,0.99034,0.99643,1,1
2584,1,A,1,0.96791,0.99736,1,1
2585,4,B,1,0.83515,0.98776,1,1
2586,1,B,0,0.00964,0.00347,0,0
2587,1,A,1,0.85534,0.99739,1,1
2588,1,C,1,0.26376,0.51895,0,1
2589,0,B,1,0.40419,0.42634,0,0
2590,3,D,1,0.85197,0.97956,1,1
2591,4,E,0,0.1168,0.04228,0,0
2592,2,D,0,0.01692,0.00286,0,0
2593,3,A,1,0.99654,0.99728,1,1
2594,2,B,0,0.05316,0.02011,0,0
2595,2,E,0,0.0054,0.0034,0,0
2596,3,A,0,0.19624,0.09709,0,0
2597,3,B,0,0.07974,0.00807,0,0
2598,2,E,1,0.98093,0.99625,1,1
2599,0,E,1,0.99066,0.99714,1,1
2600,1,B,1,0.28703,0.11292,0,0
2601,3,D,1,0.9886,0.9962,1,1
2602,4,C,0,0.02013,0.0032,0,0
2603,2,D,1,0.99419,0.99685,1,1
2604,0,A,1,0.99371,0.99699,1,1
2605,2,A,1,0.86126,0.98491,1,1
2606,3,C,0,0.01134,0.00275,0,0
2607,1,A,0,0.03856,0.00866,0,0
2608,3,D,1,0.9901,0.99727,1,1
2609,1,B,1,0.91217,0.99647,1,1
2610,2,E,1,0.95501,0.99669,1,1
2611,3,D,0,0.29765,0.02302,0,0
2612,1,C,1,0.99178,0.99611,1,1
2613,4,D,0,0.0243,0.00576,0,0
2614,3,B,1,0.94109,0.99575,1,1
2615,2,C,1,0.91454,0.96023,1,1
2616,3,A,0,0.02927,0.00272,0,0
2617,3,E,1,0.86814,0.99041,1,1
2618,2,D,1,0.98864,0.9978,1,1
2619,3,E,0,0.22702,0.09026,0,0
2620,0,E,1,0.97237,0.99557,1,1
2621,4,E,0,0.00647,0.00296,0,0
2622,2,A,1,0.99516,0.99747,1,1
2623,1,E,0,0.02379,0.0019,0,0
2624,3,C,1,0.96858,0.99017,1,1
2625,3,B,1,0.70649,0.65324,1,1
2626,1,C,0,0.00356,0.00302,0,0
2627,0,B,0,0.0192,0.00506,0,0
2628,2,B,0,0.10243,0.00865,0,0
2629,4,A,1,0.99217,0.99731,1,1
2630,2,A,0,0.02485,0.00266,0,0
2631,0,C,0,0.00491,0.00197,0,0
2632,3,E,1,0.94079,0.99482,1,1
2633,2,C,0,0.45749,0.2233,0,0
2634,1,C,1,0.95112,0.99009,1,1
2635,2,B,0,0.28879,0.0818,0,0
2636,2,C,0,0.07378,0.01096,0,0
2637,2,A,0,0.01671,0.00277,0,0
2638,2,D,1,0.90881,0.99532,1,1
2639,0,A,1,0.95303,0.99707,1,1
2640,0,D,1,0.99483,0.99429,1,1
2641,3,D,0,0.03988,0.00309,0,0
2642,3,C,0,0.00643,0.00278,0,0
2643,2,E,1,0.98619,0.99646,1,1
2644,4,B,1,0.98963,0.99702,1,1
2645,1,E,0,0.08907,0.00485,0,0
2646,0,D,1,0.98278,0.99748,1,1
2647,2,D,1,0.57194,0.57679,1,1
2648,2,D,1,0.72727,0.47493,1,0
2649,0,D,0,0.07084,0.00347,0,0
2650,3,E,1,0.93454,0.98194,1,1
2651,2,B,0,0.15752,0.05631,0,0
2652,2,D,1,0.30301,0.22855,0,0
2653,2,D,1,0.96871,0.9975,1,1
2654,0,C,1,0.96884,0.99316,1,1
2655,0,E,0,0.00616,0.00222,0,0
2656,0,B,0,0.04757,0.00439,0,0
2657,1,C,1,0.97754,0.99638,1,1
2658,0,A,1,0.38808,0.43241,0,0
2659,3,A,1,0.95673,0.99445,1,1
2660,2,D,1,0.96813,0.99547,1,1
2661,2,B,1,0.95915,0.99588,1,1
2662,4,B,0,0.62096,0.74068,1,1
2663,1,A,1,0.99334,0.99503,1,1
2664,1,C,1,0.99081,0.99785,1,1
2665,2,D,0,0.01712,0.00323,0,0
2666,4,E,1,0.6234,0.92214,1,1
2667,0,A,1,0.97593,0.99397,1,1
2668,1,C,1,0.999,0.99721,1,1
2669,2,C,1,0.90874,0.98861,1,1
2670,3,C,1,0.85921,0.98439,1,1
2671,3,B,0,0.25529,0.35271,0,0
2672,1,B,0,0.14293,0.01329,0,0
2673,1,C,1,0.99746,0.99723,1,1
2674,3,C,0,0.01814,0.00279,0,0
2675,2,C,1,0.62553,0.97087,1,1
2676,2,C,1,0.8731,0.99482,1,1
2677,2,D,0,0.00546,0.00301,0,0
2678,4,D,1,0.93606,0.98939,1,1
2679,4,B,0,0.2335,0.02454,0,0
2680,1,D,1,0.99002,0.99704,1,1
2681,0,E,0,0.0161,0.00273,0,0
2682,0,A,0,0.24098,0.11008,0,0
2683,4,C,1,0.99457,0.99699,1,1
2684,1,B,0,0.34843,0.24853,0,0
2685,4,D,0,0.04068,0.00482,0,0
2686,2,A,1,0.98529,0.99699,1,1
2687,1,D,1,0.75213,0.83017,1,1
2688,0,B,0,0.01801,0.00422,0,0
2689,2,C,1,0.77843,0.77192,1,1
2690,4,E,1,0.98352,0.99531,1,1
2691,4,B,0,0.05506,0.00607,0,0
2692,4,E,1,0.79723,0.99076,1,1
2693,0,E,0,0.60351,0.83781,1,1
2694,4,E,0,0.01166,0.00271,0,0
2695,2,A,0,0.01824,0.00264,0,0
2696,3,D,1,0.94876,0.99593,1,1
2697,3,A,1,0.84402,0.94487,1,1
2698,2,B,1,0.36189,0.26773,0,0
2699,1,E,0,0.01449,0.0028,0,0
2700,3,D,1,0.95997,0.9955,1,1
2701,0,C,0,0.00695,0.00274,0,0
2702,1,B,1,0.71898,0.91403,1,1
2703,3,D,1,0.85069,0.97053,1,1
2704,1,D,1,0.99327,0.99776,1,1
2705,0,C,0,0.00557,0.00202,0,0
2706,1,E,1,0.7714,0.6035,1,1
2707,2,A,0,0.04765,0.00588,0,0
2708,0,A,0,0.06725,0.00978,0,0
2709,3,C,1,0.92946,0.99644,1,1
2710,4,E,1,0.98608,0.99486,1,1
2711,0,A,0,0.05494,0.00191,0,0
2712,0,A,0,0.01272,0.00233,0,0
2713,0,A,1,0.98545,0.99741,1,1
2714,0,E,1,0.99634,0.99681,1,1
2715,0,A,0,0.01759,0.00289,0,0
2716,3,C,0,0.01784,0.0035,0,0
2717,4,E,0,0.01458,0.00338,0,0
2718,4,A,1,0.94973,0.99505,1,1
2719,2,C,1,0.99423,0.99749,1,1
2720,1,C,1,0.94447,0.99482,1,1
2721,4,D,0,0.27582,0.02026,0,0
2722,0,B,0,0.05087,0.00386,0,0
2723,3,B,0,0.01294,0.01055,0,0
2724,2,A,1,0.98956,0.99654,1,1
2725,0,D,0,0.05219,0.00328,0,0
2726,4,D,1,0.98671,0.99717,1,1
2727,2,A,0,0.14932,0.07849,0,0
2728,1,B,0,0.16749,0.01437,0,0
2729,2,E,0,0.0204,0.00317,0,0
2730,2,A,1,0.49473,0.9026,0,1
2731,1,B,0,0.7171,0.95264,1,1
2732,0,C,1,0.975,0.99748,1,1
2733,1,B,0,0.03482,0.01205,0,0
2734,3,B,0,0.06919,0.01406,0,0
2735,1,C,1,0.71581,0.76224,1,1
2736,0,A,1,0.98943,0.99501,1,1
2737,4,C,0,0.5654,0.55773,1,1
2738,4,D,0,0.11353,0.01747,0,0
2739,0,C,1,0.98311,0.99555,1,1
2740,1,A,1,0.83733,0.98145,1,1
2741,3,D,1,0.94089,0.98575,1,1
2742,1,A,1,0.81348,0.96749,1,1
2743,0,D,0,0.07478,0.00805,0,0
2744,4,B,0,0.04913,0.00529,0,0
2745,1,D,0,0.0138,0.00333,0,0
2746,1,A,1,0.41855,0.51537,0,1
2747,2,A,0,0.0097,0.00306,0,0
2748,0,C,1,0.99803,0.99775,1,1
2749,4,A,0,0.01744,0.00405,0,0
2750,0,A,1,0.98361,0.9975,1,1
2751,0,D,1,0.94587,0.99275,1,1
2752,4,D,0,0.01319,0.003,0,0
2753,2,A,0,0.01662,0.00255,0,0
2754,0,E,1,0.92467,0.99761,1,1
2755,0,D,1,0.996,0.99721,1,1
2756,3,E,1,0.99379,0.99746,1,1
2757,2,D,0,0.10853,0.00542,0,0
2758,4,D,0,0.22631,0.13446,0,0
2759,0,C,0,0.00642,0.00227,0,0
2760,3,D,0,0.04282,0.00422,0,0
2761,2,E,1,0.99189,0.99715,1,1
2762,2,A,1,0.62013,0.9227,1,1
2763,3,B,1,0.9183,0.99346,1,1
2764,2,A,1,0.98476,0.99771,1,1
2765,2,E,0,0.02736,0.00733,0,0
2766,4,B,1,0.35161,0.24142,0,0
2767,2,D,1,0.9893,0.99625,1,1
2768,0,D,0,0.05221,0.00315,0,0
2769,4,E,0,0.02161,0.00245,0,0
2770,2,A,1,0.97637,0.99712,1,1
2771,3,D,1,0.97531,0.99755,1,1
2772,1,E,0,0.01358,0.00251,0,0
2773,3,A,1,0.98848,0.9959,1,1
2774,4,D,1,0.95391,0.99778,1,1
2775,1,B,0,0.09239,0.01568,0,0
2776,4,C,0,0.00754,0.00277,0,0
2777,4,C,1,0.98672,0.99779,1,1
2778,3,B,1,0.97531,0.99647,1,1
2779,3,A,0,0.05549,0.00202,0,0
2780,4,A,1,0.98391,0.99787,1,1
2781,1,A,0,0.00942,0.00326,0,0
2782,4,C,0,0.11487,0.02766,0,0
2783,3,B,0,0.09128,0.01033,0,0
2784,4,A,1,0.98142,0.99732,1,1
2785,2,D,0,0.01772,0.00444,0,0
2786,0,D,1,0.98094,0.99719,1,1
2787,0,C,1,0.35558,0.31889,0,0
2788,3,E,1,0.96534,0.99653,1,1
2789,4,B,1,0.96963,0.99354,1,1
2790,1,D,1,0.98586,0.99668,1,1
2791,3,A,1,0.98484,0.99706,1,1
2792,2,D,0,0.08434,0.05028,0,0
2793,3,E,1,0.15715,0.09085,0,0
2794,2,D,1,0.94399,0.99131,1,1
2795,2,C,1,0.93826,0.9927,1,1
2796,4,C,0,0.0223,0.00183,0,0
2797,2,B,1,0.61014,0.97061,1,1
2798,0,D,1,0.97999,0.99577,1,1
2799,2,D,1,0.98439,0.99773,1,1
2800,3,E,0,0.00874,0.00359,0,0
2801,4,C,1,0.94649,0.99655,1,1
2802,2,A,1,0.99162,0.99749,1,1
2803,1,C,1,0.98806,0.99731,1,1
2804,4,A,0,0.00502,0.00306,0,0
2805,1,A,0,0.00919,0.00292,0,0
2806,0,B,0,0.04504,0.00763,0,0
2807,3,D,1,0.97115,0.9965,1,1
2808,1,A,0,0.03692,0.0027,0,0
2809,3,A,0,0.02376,0.00335,0,0
2810,0,A,1,0.996,0.99703,1,1
2811,1,E,0,0.00611,0.00288,0,0
2812,3,D,1,0.96586,0.99589,1,1
2813,1,A,0,0.00884,0.0035,0,0
2814,2,A,1,0.99628,0.99704,1,1
2815,3,C,0,0.00586,0.00347,0,0
2816,3,B,0,0.12351,0.04693,0,0
2817,3,C,1,0.98289,0.99832,1,1
2818,3,B,1,0.67313,0.93036,1,1
2819,2,E,1,0.95239,0.98874,1,1
2820,2,B,0,0.03579,0.00454,0,0
2821,0,D,1,0.98623,0.99614,1,1
2822,1,A,0,0.05668,0.00524,0,0
2823,4,E,1,0.99689,0.99784,1,1
2824,1,E,1,0.92207,0.99565,1,1
2825,2,D,0,0.1305,0.03559,0,0
2826,0,C,1,0.99114,0.99756,1,1
2827,0,A,0,0.06814,0.01373,0,0
2828,3,D,0,0.40715,0.1345,0,0
2829,0,D,0,0.01084,0.00277,0,0
2830,3,A,1,0.98584,0.98978,1,1
2831,4,C,0,0.31138,0.03826,0,0
2832,0,C,0,0.00885,0.00247,0,0
2833,1,D,1,0.22979,0.05535,0,0
2834,2,D,1,0.9623,0.9917,1,1
2835,4,C,0,0.00547,0.00273,0,0
2836,1,C,0,0.09925,0.04192,0,0
2837,2,B,1,0.4967,0.55488,0,1
2838,3,B,0,0.026,0.0031,0,0
2839,1,A,1,0.99797,0.99649,1,1
2840,1,D,1,0.89133,0.96484,1,1
2841,0,B,1,0.7938,0.95335,1,1
2842,1,B,1,0.65511,0.9551,1,1
2843,2,A,0,0.00574,0.00293,0,0
2844,2,A,1,0.99395,0.99734,1,1
2845,4,C,1,0.98256,0.99255,1,1
2846,0,A,1,0.99113,0.99718,1,1
2847,4,A,1,0.91798,0.98494,1,1
2848,1,D,0,0.02932,0.00233,0,0
2849,0,B,0,0.02588,0.00574,0,0
2850,0,B,1,0.19991,0.08843,0,0
2851,2,B,1,0.86638,0.98756,1,1
2852,4,D,0,0.03129,0.00422,0,0
2853,2,B,1,0.76985,0.64058,1,1
2854,4,D,0,0.02384,0.00403,0,0
2855,0,E,0,0.87647,0.93028,1,1
2856,1,D,0,0.23006,0.12908,0,0
2857,1,B,1,0.98456,0.99774,1,1
2858,0,D,1,0.99332,0.99724,1,1
2859,2,C,1,0.95438,0.98859,1,1
2860,1,B,1,0.38973,0.04835,0,0
2861,1,C,1,0.99638,0.99734,1,1
2862,1,B,0,0.06733,0.00813,0,0
2863,3,A,1,0.96292,0.99671,1,1
2864,0,B,0,0.2788,0.08801,0,0
2865,0,A,0,0.70167,0.87831,1,1
2866,1,B,0,0.02387,0.00896,0,0
2867,2,C,0,0.03803,0.00329,0,0
2868,1,E,0,0.4097,0.19923,0,0
2869,0,A,1,0.99865,0.9961,1,1
2870,3,C,1,0.9946,0.99599,1,1
2871,2,C,1,0.98293,0.99706,1,1
2872,0,A,1,0.99582,0.99813,1,1
2873,3,A,0,0.32347,0.2808,0,0
2874,1,A,1,0.94892,0.99566,1,1
2875,1,A,0,0.28079,0.24989,0,0
2876,4,B,0,0.12075,0.00803,0,0
2877,1,B,0,0.07459,0.00559,0,0
2878,1,C,0,0.88279,0.93171,1,1
2879,3,A,0,0.01113,0.00205,0,0
2880,2,A,1,0.88774,0.98957,1,1
2881,0,A,0,0.01959,0.00314,0,0
2882,2,C,1,0.28703,0.33316,0,0
2883,4,B,1,0.40327,0.38604,0,0
2884,0,C,1,0.99526,0.997,1,1
2885,0,A,0,0.03225,0.00328,0,0
2886,0,A,1,0.97505,0.99678,1,1
2887,1,E,0,0.01641,0.00241,0,0
2888,3,A,1,0.94718,0.99198,1,1
2889,4,A,1,0.98587,0.99772,1,1
2890,2,A,1,0.78854,0.9858,1,1
2891,3,E,0,0.03248,0.00238,0,0
2892,1,C,0,0.00509,0.00461,0,0
2893,1,C,1,0.78188,0.95736,1,1
2894,1,E,1,0.92187,0.99236,1,1
2895,2,A,1,0.54902,0.85447,1,1
2896,4,E,1,0.97376,0.99642,1,1
2897,0,A,1,0.99481,0.99683,1,1
2898,0,C,0,0.02108,0.00322,0,0
2899,3,B,1,0.97804,0.99746,1,1
2900,0,B,0,0.11853,0.04217,0,0
2901,1,E,0,0.03807,0.00232,0,0
2902,4,A,0,0.00817,0.00218,0,0
2903,3,E,1,0.93648,0.99476,1,1
2904,1,B,1,0.97346,0.99581,1,1
2905,3,C,1,0.98056,0.99337,1,1
2906,4,E,0,0.01807,0.00292,0,0
2907,0,A,0,0.03491,0.0039,0,0
2908,1,E,0,0.80641,0.98011,1,1
2909,3,C,0,0.02206,0.00404,0,0
2910,4,D,1,0.99721,0.99751,1,1
2911,3,A,0,0.00507,0.00268,0,0
2912,1,C,0,0.01348,0.00243,0,0
2913,0,D,1,0.97574,0.99688,1,1
2914,4,C,1,0.992,0.99711,1,1
2915,2,A,0,0.00892,0.00271,0,0
2916,2,A,1,0.98218,0.99465,1,1
2917,4,E,0,0.01628,0.00786,0,0
2918,1,A,0,0.00593,0.00366,0,0
2919,3,D,0,0.08236,0.00544,0,0
2920,4,E,1,0.96931,0.99704,1,1
2921,2,A,1,0.99467,0.99669,1,1
2922,3,A,1,0.92314,0.99027,1,1
2923,4,D,0,0.01698,0.00278,0,0
2924,4,A,1,0.98948,0.997,1,1
2925,4,C,0,0.01219,0.0023,0,0
2926,2,D,1,0.95381,0.99556,1,1
2927,4,C,1,0.97231,0.99716,1,1
2928,4,B,0,0.09634,0.01859,0,0
2929,3,D,1,0.96551,0.99652,1,1
2930,1,C,1,0.93825,0.99162,1,1
2931,1,A,0,0.0019,0.00283,0,0
2932,0,C,0,0.01013,0.00219,0,0
2933,0,E,0,0.02875,0.00562,0,0
2934,3,D,0,0.01891,0.00392,0,0
2935,4,C,1,0.70977,0.84584,1,1
2936,1,B,1,0.97225,0.99758,1,1
2937,3,A,0,0.0129,0.00378,0,0
2938,4,A,1,0.93705,0.99441,1,1
2939,3,A,0,0.41415,0.1335,0,0
2940,3,E,0,0.02027,0.00298,0,0
2941,2,A,0,0.0143,0.00338,0,0
2942,2,D,1,0.98407,0.99463,1,1
2943,0,A,1,0.98926,0.99623,1,1
2944,4,B,1,0.86336,0.91223,1,1
2945,4,B,1,0.84039,0.98482,1,1
2946,3,B,1,0.76184,0.70212,1,1
2947,0,D,1,0.98335,0.99763,1,1
2948,0,E,0,0.07127,0.00605,0,0
2949,3,E,0,0.02898,0.00263,0,0
2950,1,A,0,0.09429,0.00564,0,0
2951,3,D,1,0.91024,0.98983,1,1
2952,3,A,1,0.9949,0.99684,1,1
2953,0,E,1,0.91323,0.99679,1,1
2954,1,C,0,0.03756,0.0027,0,0
2955,3,B,1,0.95684,0.98564,1,1
2956,1,A,1,0.99829,0.99738,1,1
2957,4,A,1,0.98275,0.99445,1,1
2958,3,A,0,0.19047,0.02724,0,0
2959,0,E,1,0.99799,0.99759,1,1
2960,2,D,1,0.98612,0.99675,1,1
2961,4,E,1,0.98819,0.99683,1,1
2962,3,A,1,0.97243,0.99678,1,1
2963,2,C,1,0.08939,0.02637,0,0
2964,2,B,0,0.01028,0.00265,0,0
2965,3,C,0,0.01018,0.00307,0,0
2966,1,B,1,0.94809,0.99502,1,1
2967,2,B,1,0.92922,0.99159,1,1
2968,1,C,1,0.98192,0.9967,1,1
2969,1,A,1,0.92616,0.99305,1,1
2970,0,C,0,0.12252,0.01679,0,0
2971,0,D,1,0.95973,0.99709,1,1
2972,1,A,1,0.98469,0.99668,1,1
2973,1,E,1,0.99826,0.9969,1,1
2974,1,C,1,0.98001,0.99699,1,1
2975,1,D,1,0.97893,0.99476,1,1
2976,4,D,1,0.9913,0.99724,1,1
2977,4,D,1,0.96978,0.99714,1,1
2978,4,D,1,0.98522,0.99296,1,1
2979,3,E,1,0.94198,0.99545,1,1
2980,2,C,0,0.0459,0.00761,0,0
2981,1,B,1,0.9779,0.99734,1,1
2982,2,A,0,0.02388,0.00254,0,0
2983,0,C,0,0.06924,0.01854,0,0
2984,2,A,0,0.07439,0.0198,0,0
2985,4,A,0,0.00747,0.0033,0,0
2986,3,A,0,0.14017,0.00871,0,0
2987,2,C,0,0.07418,0.00567,0,0
2988,2,A,1,0.99416,0.99287,1,1
2989,1,C,0,0.35275,0.59143,0,1
2990,2,D,0,0.01758,0.00236,0,0
2991,2,D,0,0.01976,0.00254,0,0
2992,2,B,0,0.07814,0.00951,0,0
2993,0,C,0,0.06454,0.0023,0,0
2994,1,C,0,0.00978,0.00247,0,0
2995,1,C,1,0.45318,0.59226,0,1
2996,2,D,1,0.98371,0.99696,1,1
2997,3,A,1,0.66125,0.95159,1,1
2998,1,E,0,0.01779,0.00371,0,0
2999,4,A,1,0.98996,0.99632,1,1
3000,1,D,1,0.99844,0.99758,1,1
3001,3,C,1,0.98644,0.99659,1,1
3002,4,A,0,0.01108,0.0021,0,0
3003,1,D,1,0.99099,0.99765,1,1
3004,2,A,1,0.76574,0.9757,1,1
3005,2,D,0,0.03614,0.00308,0,0
3006,4,C,1,0.96527,0.99589,1,1
3007,4,A,1,0.99777,0.99667,1,1
3008,3,A,1,0.99809,0.99688,1,1
3009,0,D,1,0.99291,0.99665,1,1
3010,4,B,0,0.04069,0.01789,0,0
3011,1,E,1,0.98326,0.99549,1,1
3012,4,D,1,0.87977,0.97974,1,1
3013,1,D,0,0.01631,0.00299,0,0
3014,4,B,0,0.11716,0.06347,0,0
3015,4,D,0,0.01496,0.00443,0,0
3016,4,E,0,0.03297,0.00207,0,0
3017,2,A,1,0.99299,0.99724,1,1
3018,1,B,1,0.91303,0.99339,1,1
3019,0,A,1,0.97799,0.99666,1,1
3020,3,B,0,0.08043,0.0068,0,0
3021,1,D,1,0.91733,0.99557,1,1
3022,2,C,0,0.03331,0.00532,0,0
3023,4,C,0,0.02628,0.00202,0,0
3024,2,B,1,0.98044,0.99673,1,1
3025,3,A,0,0.24292,0.38609,0,0
3026,1,B,1,0.96667,0.99615,1,1
3027,1,E,1,0.96935,0.99519,1,1
3028,4,C,0,0.54954,0.28011,1,0
3029,2,B,0,0.13194,0.0068,0,0
3030,4,D,0,0.01169,0.00346,0,0
3031,1,A,0,0.00221,0.00268,0,0
3032,3,B,0,0.05176,0.00922,0,0
3033,4,A,1,0.99586,0.99746,1,1
3034,3,E,0,0.01147,0.00297,0,0
3035,1,D,1,0.99195,0.99674,1,1
3036,2,C,1,0.97053,0.99723,1,1
3037,3,A,0,0.01441,0.00249,0,0
3038,1,A,0,0.00964,0.00347,0,0
3039,4,C,1,0.95612,0.99146,1,1
3040,2,B,0,0.14469,0.0202,0,0
3041,2,E,0,0.02083,0.00284,0,0
3042,4,D,0,0.0182,0.00335,0,0
3043,0,B,1,0.8213,0.81424,1,1
3044,1,D,0,0.21014,0.01558,0,0
3045,3,E,0,0.41452,0.18435,0,0
3046,1,C,0,0.03424,0.00312,0,0
3047,0,C,1,0.98825,0.99605,1,1
3048,4,E,1,0.90881,0.9917,1,1
3049,3,A,0,0.09141,0.00272,0,0
3050,4,E,1,0.24275,0.15308,0,0
3051,4,A,1,0.98722,0.99555,1,1
3052,2,C,0,0.02901,0.00327,0,0
3053,3,D,0,0.18827,0.02043,0,0
3054,3,C,1,0.87604,0.96087,1,1
3055,3,C,0,0.01501,0.00411,0,0
3056,4,C,1,0.96678,0.9968,1,1
3057,3,A,0,0.01637,0.0033,0,0
3058,0,A,0,0.10222,0.13806,0,0
3059,0,B,1,0.91936,0.99311,1,1
3060,3,C,0,0.01645,0.00373,0,0
3061,4,B,0,0.01589,0.00215,0,0
3062,3,A,0,0.3833,0.89942,0,1
3063,1,E,1,0.92715,0.979,1,1
3064,2,B,1,0.76628,0.98275,1,1
3065,2,B,0,0.0369,0.00235,0,0
3066,0,B,0,0.03758,0.00402,0,0
3067,1,A,0,0.01377,0.00318,0,0
3068,3,D,1,0.99462,0.99692,1,1
3069,1,B,1,0.53772,0.24877,1,0
3070,0,A,0,0.17336,0.1307,0,0
3071,4,E,1,0.97462,0.99707,1,1
3072,1,D,0,0.55231,0.2549,1,0
3073,0,D,1,0.93312,0.98435,1,1
3074,1,E,0,0.05716,0.0041,0,0
3075,3,E,1,0.90245,0.9843,1,1
3076,4,B,0,0.01675,0.00188,0,0
3077,4,C,1,0.96124,0.98795,1,1
3078,3,C,1,0.98218,0.9978,1,1
3079,4,B,0,0.32136,0.03148,0,0
3080,2,A,0,0.01972,0.00326,0,0
3081,2,A,1,0.99262,0.99748,1,1
3082,1,D,1,0.99022,0.99748,1,1
3083,3,D,0,0.01766,0.00402,0,0
3084,4,D,0,0.04954,0.00659,0,0
3085,1,B,1,0.74949,0.92986,1,1
3086,3,A,1,0.65642,0.92827,1,1
3087,4,C,1,0.99894,0.99693,1,1
3088,3,C,0,0.02892,0.00403,0,0
3089,0,E,1,0.99998,0.99713,1,1
3090,1,E,1,0.95766,0.99488,1,1
3091,0,E,1,0.93813,0.99622,1,1
3092,1,E,0,0.18355,0.05088,0,0
3093,3,E,1,0.98879,0.99555,1,1
3094,0,C,0,0.01467,0.00249,0,0
3095,3,A,1,0.99549,0.99531,1,1
3096,0,A,0,0.40195,0.32453,0,0
3097,1,B,0,0.14614,0.01421,0,0
3098,2,B,1,0.93851,0.99695,1,1
3099,4,A,1,0.98452,0.99724,1,1
3100,0,E,1,0.90036,0.96837,1,1
3101,4,A,0,0.01304,0.00238,0,0
3102,1,E,0,0.02021,0.00734,0,0
3103,2,D,0,0.02937,0.00868,0,0
3104,1,C,1,0.92575,0.99464,1,1
3105,1,D,0,0.00378,0.00327,0,0
3106,2,B,0,0.10498,0.01397,0,0
3107,0,C,1,0.67375,0.73944,1,1
3108,3,A,0,0.00491,0.00224,0,0
3109,4,E,1,0.88963,0.98968,1,1
3110,4,B,1,0.1938,0.05455,0,0
3111,2,B,1,0.51444,0.68173,1,1
3112,0,D,0,0.76815,0.76934,1,1
3113,1,D,0,0.57634,0.47003,1,0
3114,3,C,1,0.99414,0.99708,1,1
3115,3,C,1,0.92794,0.9953,1,1
3116,2,A,0,0.02204,0.00249,0,0
3117,4,D,0,0.12881,0.0393,0,0
3118,0,B,0,0.14762,0.28312,0,0
3119,1,B,1,0.90494,0.98754,1,1
3120,0,A,0,0.05017,0.0064,0,0
3121,3,B,1,0.90347,0.98858,1,1
3122,0,B,1,0.83843,0.9908,1,1
3123,2,C,1,0.99528,0.99731,1,1
3124,2,A,0,0.02004,0.00303,0,0
3125,4,A,0,0.01628,0.00285,0,0
3126,3,C,0,0.68011,0.69687,1,1
3127,1,A,1,0.69667,0.87698,1,1
3128,0,D,1,0.9726,0.99621,1,1
3129,2,E,0,0.22486,0.17491,0,0
3130,2,B,0,0.15208,0.02316,0,0
3131,2,E,1,0.94734,0.99574,1,1
3132,0,A,1,0.98767,0.99608,1,1
3133,1,A,0,0.04445,0.0059,0,0
3134,4,D,0,0.00653,0.00285,0,0
3135,1,D,1,0.6653,0.87756,1,1
3136,4,D,1,0.99639,0.99671,1,1
3137,0,A,0,0.02252,0.00243,0,0
3138,4,D,0,0.01766,0.00487,0,0
3139,4,B,1,0.89178,0.98647,1,1
3140,3,B,0,0.33164,0.10581,0,0
3141,4,A,1,0.96569,0.996,1,1
3142,2,E,1,0.99453,0.99673,1,1
3143,4,A,1,0.56796,0.80939,1,1
3144,1,D,1,0.82119,0.98706,1,1
3145,0,C,1,0.99735,0.99777,1,1
3146,2,D,0,0.01175,0.00295,0,0
3147,1,D,0,0.01383,0.00346,0,0
3148,0,E,1,0.87529,0.93795,1,1
3149,2,A,0,0.02056,0.00511,0,0
3150,1,A,1,0.99666,0.99727,1,1
3151,3,C,1,0.89033,0.91991,1,1
3152,0,B,1,0.9371,0.99535,1,1
3153,4,A,1,0.98757,0.99592,1,1
3154,2,A,0,0.71121,0.85761,1,1
3155,0,B,0,0.24622,0.07417,0,0
3156,3,A,0,0.11959,0.02771,0,0
3157,3,A,0,0.01286,0.00204,0,0
3158,2,E,0,0.1138,0.0048,0,0
3159,3,B,0,0.05661,0.00268,0,0
3160,3,E,1,0.94586,0.99064,1,1
3161,3,E,1,0.97281,0.99618,1,1
3162,2,A,1,0.99689,0.99719,1,1
3163,2,D,1,0.95379,0.99145,1,1
3164,1,C,1,0.98863,0.99696,1,1
3165,0,D,0,0.02036,0.00391,0,0
3166,0,A,0,0.02117,0.00487,0,0
3167,4,A,0,0.01731,0.00496,0,0
3168,2,A,1,0.73386,0.96267,1,1
3169,4,C,0,0.02189,0.00326,0,0
3170,0,E,1,0.98537,0.99748,1,1
3171,1,D,1,0.972,0.9974,1,1
3172,3,D,1,0.94742,0.99558,1,1
3173,4,E,1,0.9831,0.99682,1,1
3174,3,D,1,0.99332,0.99703,1,1
3175,4,A,1,0.99087,0.9978,1,1
3176,4,E,0,0.48313,0.58049,0,1
3177,3,B,1,0.90559,0.96949,1,1
3178,2,A,0,0.00468,0.0026,0,0
3179,1,C,1,0.94102,0.99581,1,1
3180,0,E,0,0.03578,0.00311,0,0
3181,4,B,1,0.78431,0.98593,1,1
3182,1,C,0,0.00937,0.00176,0,0
3183,3,A,0,0.03625,0.00279,0,0
3184,2,A,0,0.01148,0.00252,0,0
3185,2,A,0,0.01083,0.00317,0,0
3186,3,D,0,0.03677,0.00715,0,0
3187,1,E,1,0.86214,0.97508,1,1
3188,2,A,1,0.59942,0.93576,1,1
3189,3,B,1,0.89501,0.97667,1,1
3190,1,A,0,0.10753,0.12979,0,0
3191,1,A,1,0.99469,0.99735,1,1
3192,2,C,0,0.30674,0.01882,0,0
3193,4,D,0,0.01332,0.00299,0,0
3194,4,C,1,0.96477,0.99718,1,1
3195,4,B,0,0.17746,0.01136,0,0
3196,0,C,1,0.94425,0.99082,1,1
3197,0,A,0,0.02756,0.00246,0,0
3198,1,A,0,0.01633,0.00352,0,0
3199,2,E,0,0.00859,0.00401,0,0
3200,4,D,1,0.97644,0.99715,1,1
3201,4,E,0,0.06761,0.00335,0,0
3202,2,E,0,0.03579,0.00318,0,0
3203,3,C,0,0.01981,0.00363,0,0
3204,1,E,0,0.0058,0.00281,0,0
3205,0,B,0,0.29588,0.17247,0,0
3206,1,A,1,0.99092,0.99608,1,1
3207,0,A,1,0.93347,0.99424,1,1
3208,3,A,1,0.96823,0.99702,1,1
3209,2,A,0,0.07356,0.0114,0,0
3210,1,B,0,0.02846,0.00359,0,0
3211,1,D,1,0.99581,0.99736,1,1
3212,3,D,1,0.90621,0.97736,1,1
3213,0,C,0,0.43098,0.41149,0,0
3214,1,A,1,0.73246,0.93303,1,1
3215,2,D,1,0.98369,0.99685,1,1
3216,2,B,0,0.01342,0.00239,0,0
3217,0,A,1,0.99022,0.99701,1,1
3218,1,B,0,0.02155,0.0038,0,0
3219,0,B,1,0.50811,0.6205,1,1
3220,0,B,1,0.72827,0.96982,1,1
3221,2,D,0,0.07212,0.01022,0,0
3222,4,D,1,0.99073,0.99738,1,1
3223,4,D,1,0.98508,0.9968,1,1
3224,0,A,1,0.72215,0.97787,1,1
3225,4,D,0,0.01242,0.00346,0,0
3226,3,D,1,0.97034,0.99738,1,1
3227,3,A,1,0.99486,0.99588,1,1
3228,3,C,0,0.0186,0.00306,0,0
3229,2,C,0,0.00628,0.00373,0,0
3230,1,B,0,0.01971,0.00226,0,0
3231,3,A,0,0.00779,0.00245,0,0
3232,0,C,0,0.41678,0.57013,0,1
3233,3,A,1,0.82131,0.98207,1,1
3234,2,A,1,0.9955,0.99745,1,1
3235,4,A,1,0.99369,0.99759,1,1
3236,4,E,1,0.98536,0.99543,1,1
3237,3,B,0,0.19579,0.12679,0,0
3238,1,B,0,0.39983,0.05937,0,0
3239,2,B,1,0.91934,0.99198,1,1
3240,1,E,1,0.77624,0.93975,1,1
3241,2,C,1,0.99352,0.99729,1,1
3242,0,E,0,0.01963,0.00317,0,0
3243,3,B,1,0.25609,0.03958,0,0
3244,0,A,0,0.06763,0.00567,0,0
3245,0,C,1,0.98529,0.99699,1,1
3246,3,B,1,0.74071,0.91163,1,1
3247,4,D,1,0.99105,0.99659,1,1
3248,3,E,0,0.02688,0.00289,0,0
3249,3,C,0,0.01667,0.00246,0,0
3250,4,E,0,0.01634,0.00336,0,0
3251,2,C,1,0.98236,0.99682,1,1
3252,0,B,0,0.16992,0.14388,0,0
3253,4,C,0,0.11129,0.0319,0,0
3254,3,A,0,0.01666,0.00266,0,0
3255,3,D,0,0.33051,0.13952,0,0
3256,0,A,0,0.01269,0.00298,0,0
3257,3,B,0,0.03245,0.00434,0,0
3258,4,C,1,0.65888,0.72041,1,1
3259,4,A,0,0.04104,0.00218,0,0
3260,1,A,1,0.99781,0.99666,1,1
3261,3,D,1,0.96116,0.9973,1,1
3262,4,A,0,0.07064,0.00935,0,0
3263,2,C,1,0.8904,0.95263,1,1
3264,0,B,0,0.04624,0.00498,0,0
3265,4,A,1,0.98248,0.99776,1,1
3266,4,A,1,0.99348,0.99737,1,1
3267,1,D,1,0.99616,0.99755,1,1
3268,2,E,0,0.05774,0.00446,0,0
3269,4,A,0,0.06902,0.00604,0,0
3270,3,E,1,0.98277,0.99525,1,1
3271,4,C,1,0.58493,0.55775,1,1
3272,0,C,1,0.99155,0.99771,1,1
3273,0,D,0,0.04711,0.00429,0,0
3274,0,D,1,0.97943,0.9971,1,1
3275,4,D,1,0.97892,0.99612,1,1
3276,4,C,1,0.9867,0.99699,1,1
3277,3,C,0,0.02744,0.00187,0,0
3278,3,B,0,0.00914,0.00486,0,0
3279,2,A,1,0.99344,0.99629,1,1
3280,2,D,1,0.99282,0.99256,1,1
3281,3,A,0,0.11546,0.01238,0,0
3282,2,B,0,0.05295,0.0049,0,0
3283,3,A,0,0.01075,0.00307,0,0
3284,4,A,1,0.44819,0.94018,0,1
3285,2,C,1,0.80348,0.88776,1,1
3286,3,C,1,0.75088,0.98935,1,1
3287,1,B,1,0.78778,0.96048,1,1
3288,2,A,0,0.01368,0.00257,0,0
3289,1,B,1,0.21188,0.02614,0,0
3290,0,B,0,0.22495,0.10165,0,0
3291,3,D,1,0.99322,0.99662,1,1
3292,0,C,1,0.98306,0.99756,1,1
3293,4,C,1,0.97482,0.99544,1,1
3294,4,C,0,0.13882,0.03218,0,0
3295,2,E,1,0.90424,0.97258,1,1
3296,0,D,1,0.99883,0.9973,1,1
3297,3,C,1,0.98852,0.997,1,1
3298,3,C,1,0.97576,0.99027,1,1
3299,4,A,1,0.95143,0.99777,1,1
3300,3,E,0,0.03479,0.00319,0,0
3301,4,B,0,0.66499,0.75871,1,1
3302,0,B,1,0.79826,0.97548,1,1
3303,1,E,1,0.94886,0.99671,1,1
3304,0,D,1,0.98044,0.99415,1,1
3305,3,A,1,0.68611,0.92161,1,1
3306,0,A,1,0.99562,0.99731,1,1
3307,3,A,1,0.99223,0.99594,1,1
3308,1,C,1,0.99396,0.99481,1,1
3309,1,A,1,0.86134,0.96867,1,1
3310,1,E,0,0.01219,0.00291,0,0
3311,2,E,0,0.03736,0.00217,0,0
3312,4,C,1,0.94399,0.99654,1,1
3313,0,C,1,0.66202,0.84427,1,1
3314,4,B,0,0.21499,0.07429,0,0
3315,1,A,0,0.08308,0.04681,0,0
3316,1,D,1,0.96855,0.99459,1,1
3317,3,A,0,0.0197,0.00241,0,0
3318,4,A,1,0.99628,0.9974,1,1
3319,0,B,1,0.96015,0.99454,1,1
3320,2,A,1,0.99938,0.99722,1,1
3321,1,B,0,0.08859,0.00719,0,0
3322,0,D,1,0.99485,0.99769,1,1
3323,1,D,1,0.97497,0.99732,1,1
3324,3,C,1,0.99322,0.99706,1,1
3325,0,D,1,0.92008,0.99618,1,1
3326,0,B,0,0.05861,0.01013,0,0
3327,1,D,1,0.8528,0.99448,1,1
3328,3,C,0,0.03231,0.00269,0,0
3329,3,A,0,0.05141,0.00299,0,0
3330,2,E,0,0.00977,0.00414,0,0
3331,4,B,0,0.02686,0.00429,0,0
3332,0,A,1,0.99798,0.99705,1,1
3333,1,A,0,0.00735,0.00379,0,0
3334,0,B,1,0.9195,0.99127,1,1
3335,0,B,0,0.00883,0.00186,0,0
3336,0,C,1,0.93202,0.99168,1,1
3337,0,E,1,0.97508,0.9966,1,1
3338,3,B,0,0.01964,0.00225,0,0
3339,4,C,0,0.02666,0.00435,0,0
3340,1,B,1,0.65904,0.42242,1,0
3341,4,D,1,0.99216,0.99696,1,1
3342,4,A,1,0.99535,0.99756,1,1
3343,2,A,1,0.98904,0.99733,1,1
3344,0,C,1,0.76078,0.78508,1,1
3345,3,D,1,0.99477,0.99753,1,1
3346,2,D,1,0.96035,0.9966,1,1
3347,4,C,1,0.96872,0.99658,1,1
3348,2,D,1,0.99506,0.99634,1,1
3349,0,B,0,0.38956,0.48193,0,0
3350,3,A,1,0.98224,0.99644,1,1
3351,2,A,0,0.01741,0.00318,0,0
3352,4,A,1,0.96874,0.9948,1,1
3353,1,B,1,0.82111,0.95973,1,1
3354,1,C,1,0.98822,0.99756,1,1
3355,4,B,0,0.19602,0.04173,0,0
3356,4,C,0,0.01352,0.00544,0,0
3357,1,C,0,0.013,0.00406,0,0
3358,0,D,1,0.85945,0.93328,1,1
3359,3,D,0,0.02075,0.00213,0,0
3360,2,B,1,0.95405,0.99489,1,1
3361,1,B,1,0.97739,0.99696,1,1
3362,1,C,1,0.9836,0.99752,1,1
3363,0,C,1,0.99196,0.99753,1,1
3364,3,B,1,0.57117,0.51019,1,1
3365,3,B,1,0.96841,0.99423,1,1
3366,2,D,0,0.04446,0.0055,0,0
3367,3,C,0,0.019,0.00433,0,0
3368,0,A,0,0.03717,0.00408,0,0
3369,1,B,0,0.01154,0.00265,0,0
3370,0,E,1,0.92851,0.99269,1,1
3371,1,A,1,0.9711,0.98932,1,1
3372,0,E,0,0.00765,0.00267,0,0
3373,0,A,1,0.9983,0.99704,1,1
3374,3,C,1,0.99519,0.99672,1,1
3375,3,B,1,0.78516,0.97851,1,1
3376,3,A,0,0.09932,0.01847,0,0
3377,4,E,0,0.00723,0.00285,0,0
3378,0,C,1,0.74847,0.85637,1,1
3379,2,E,1,0.93825,0.99635,1,1
3380,2,B,0,0.19946,0.09033,0,0
3381,2,E,0,0.01061,0.00342,0,0
3382,0,E,0,0.18188,0.02275,0,0
3383,2,C,0,0.03085,0.0025,0,0
3384,1,A,0,0.0077,0.00295,0,0
3385,0,D,1,0.9721,0.99285,1,1
3386,3,C,0,0.01548,0.00294,0,0
3387,4,E,0,0.00643,0.00395,0,0
3388,4,B,0,0.07175,0.00543,0,0
3389,2,B,1,0.93989,0.99191,1,1
3390,1,A,1,0.9657,0.9897,1,1
3391,1,D,1,0.98597,0.99738,1,1
3392,4,E,0,0.08386,0.02157,0,0
3393,0,A,1,0.99319,0.99691,1,1
3394,1,D,1,0.99874,0.99691,1,1
3395,1,E,1,0.81785,0.96364,1,1
3396,3,A,0,0.02856,0.00238,0,0
3397,0,A,0,0.02583,0.00327,0,0
3398,4,D,0,0.08541,0.00484,0,0
3399,0,C,1,0.99642,0.99672,1,1
3400,1,A,0,0.0462,0.00564,0,0
3401,1,D,1,0.98551,0.99757,1,1
3402,2,C,0,0.1043,0.03628,0,0
3403,0,E,0,0.03448,0.00188,0,0
3404,3,E,1,0.98504,0.99514,1,1
3405,4,D,0,0.01958,0.00284,0,0
3406,2,C,1,0.96809,0.99109,1,1
3407,2,B,0,0.02089,0.00262,0,0
3408,1,C,1,0.96521,0.99105,1,1
3409,4,A,1,0.58922,0.93568,1,1
3410,4,D,1,0.72714,0.98769,1,1
3411,4,A,1,0.99205,0.99734,1,1
3412,4,C,1,0.59842,0.74441,1,1
3413,1,A,1,0.96303,0.98965,1,1
3414,2,B,1,0.91346,0.99334,1,1
3415,4,A,1,0.99197,0.99692,1,1
3416,1,C,0,0.00016,0.00258,0,0
3417,4,D,1,0.6555,0.8031,1,1
3418,0,A,0,0.05738,0.01773,0,0
3419,4,E,0,0.0069,0.00257,0,0
3420,2,E,1,0.98921,0.99771,1,1
3421,2,B,1,0.93906,0.99474,1,1
3422,4,D,0,0.00491,0.00273,0,0
3423,2,B,0,0.72393,0.97216,1,1
3424,3,A,0,0.54499,0.80929,1,1
3425,3,C,0,0.0373,0.00207,0,0
3426,2,A,0,0.0311,0.01187,0,0
3427,4,E,1,0.28212,0.39417,0,0
3428,0,E,1,0.98662,0.99766,1,1
3429,3,D,0,0.01877,0.003,0,0
3430,4,C,0,0.04059,0.00386,0,0
3431,1,C,1,0.99916,0.9961,1,1
3432,4,E,1,0.84288,0.86559,1,1
3433,4,A,1,0.99673,0.99763,1,1
3434,4,A,1,0.99166,0.9977,1,1
3435,3,C,1,0.9857,0.99737,1,1
3436,1,B,0,0.11307,0.0092,0,0
3437,3,B,1,0.3253,0.62706,0,1
3438,0,A,1,0.99259,0.9976,1,1
3439,2,C,1,0.98883,0.99726,1,1
3440,3,B,1,0.94088,0.99283,1,1
3441,2,A,1,0.95736,0.99632,1,1
3442,2,A,1,0.98933,0.99572,1,1
3443,4,B,0,0.67102,0.53856,1,1
3444,1,E,1,0.99734,0.99651,1,1
3445,2,B,1,0.93242,0.98944,1,1
3446,1,D,1,0.99135,0.99769,1,1
3447,0,D,1,0.99101,0.99732,1,1
3448,0,B,0,0.01573,0.00215,0,0
3449,2,D,1,0.50091,0.25437,1,0
3450,2,D,0,0.01316,0.00254,0,0
3451,1,C,1,0.98603,0.99733,1,1
3452,0,A,0,0.01081,0.00297,0,0
3453,4,A,1,0.99428,0.99717,1,1
3454,2,E,1,0.97247,0.99756,1,1
3455,4,D,1,0.98676,0.997,1,1
3456,2,E,0,0.09238,0.02386,0,0
3457,1,E,1,0.98113,0.99707,1,1
3458,0,A,1,0.99644,0.99697,1,1
3459,2,D,1,0.85353,0.97455,1,1
3460,3,C,1,0.96441,0.98295,1,1
3461,1,D,0,0.04776,0.00394,0,0
3462,2,A,0,0.00615,0.00351,0,0
3463,4,B,0,0.1005,0.01141,0,0
3464,4,D,0,0.02107,0.00373,0,0
3465,4,D,0,0.01069,0.0035,0,0
3466,4,C,0,0.04986,0.0065,0,0
3467,1,B,0,0.10926,0.0081,0,0
3468,0,B,1,0.65505,0.90481,1,1
3469,4,E,1,0.91342,0.99137,1,1
3470,0,B,0,0.0513,0.0049,0,0
3471,2,B,0,0.04939,0.02101,0,0
3472,3,C,0,0.04629,0.00723,0,0
3473,1,B,0,0.27853,0.07086,0,0
3474,1,C,0,0.2964,0.06389,0,0
3475,2,B,1,0.94319,0.98867,1,1
3476,4,D,0,0.01481,0.00331,0,0
3477,1,E,0,0.07779,0.00288,0,0
3478,0,E,1,0.91573,0.99237,1,1
3479,3,C,1,0.92976,0.99348,1,1
3480,0,B,0,0.03952,0.00578,0,0
3481,0,D,1,0.98618,0.9941,1,1
3482,0,D,0,0.0418,0.0081,0,0
3483,2,C,0,0.01214,0.00353,0,0
3484,4,D,0,0.01393,0.00286,0,0
3485,3,D,0,0.04603,0.0022,0,0
3486,2,D,1,0.78761,0.93894,1,1
3487,4,D,1,0.96847,0.99692,1,1
3488,0,A,1,0.94065,0.99631,1,1
3489,4,C,0,0.01843,0.00372,0,0
3490,4,C,0,0.01647,0.00284,0,0
3491,4,A,0,0.0127,0.00334,0,0
3492,2,E,0,0.02646,0.0023,0,0
3493,2,C,1,0.9917,0.99423,1,1
3494,4,A,0,0.16051,0.14444,0,0
3495,1,D,0,0.04049,0.00473,0,0
3496,4,D,0,0.1116,0.01698,0,0
3497,1,D,0,0.01677,0.00315,0,0
3498,4,B,1,0.96596,0.98944,1,1
3499,4,E,0,0.02109,0.00263,0,0
3500,1,B,0,0.02304,0.0049,0,0
3501,0,C,1,0.99784,0.99734,1,1
3502,1,A,1,0.95252,0.99739,1,1
3503,1,C,1,0.98595,0.99703,1,1
3504,0,D,0,0.01569,0.00274,0,0
3505,3,C,1,0.92414,0.89779,1,1
3506,2,C,1,0.97227,0.99562,1,1
3507,0,D,1,0.7002,0.9074,1,1
3508,1,D,0,0.01041,0.0027,0,0
3509,2,B,1,0.93739,0.99579,1,1
3510,4,E,1,0.98883,0.99722,1,1
3511,4,D,0,0.05684,0.00755,0,0
3512,3,E,0,0.17046,0.08236,0,0
3513,4,E,0,0.01737,0.00311,0,0
3514,4,E,1,0.96694,0.99318,1,1
3515,3,D,1,0.96516,0.99643,1,1
3516,3,C,1,0.97172,0.99738,1,1
3517,0,A,1,0.99286,0.99739,1,1
3518,3,C,1,0.88463,0.95779,1,1
3519,2,D,0,0.03924,0.00403,0,0
3520,4,C,1,0.97959,0.99709,1,1
3521,4,E,1,0.94587,0.99611,1,1
3522,1,A,0,0.01406,0.00316,0,0
3523,2,B,0,0.29783,0.08427,0,0
3524,1,C,1,0.9697,0.99192,1,1
3525,2,B,0,0.03331,0.00207,0,0
3526,3,A,1,0.30369,0.22488,0,0
3527,4,A,0,0.02633,0.0023,0,0
3528,4,D,1,0.84523,0.93952,1,1
3529,3,C,0,0.02867,0.0044,0,0
3530,4,A,1,0.99049,0.99777,1,1
3531,4,A,0,0.01611,0.00228,0,0
3532,3,C,0,0.43541,0.23238,0,0
3533,4,A,0,0.01503,0.01296,0,0
3534,0,D,0,0.03567,0.00339,0,0
3535,4,D,1,0.98767,0.99722,1,1
3536,3,A,1,0.98121,0.99717,1,1
3537,0,C,1,0.28754,0.14418,0,0
3538,1,A,1,0.9823,0.99452,1,1
3539,2,B,0,0.15518,0.02159,0,0
3540,4,E,1,0.99052,0.99726,1,1
3541,3,C,1,0.94338,0.99646,1,1
3542,3,E,0,0.01381,0.00272,0,0
3543,0,A,0,0.1377,0.00548,0,0
3544,1,B,1,0.77296,0.96266,1,1
3545,2,C,0,0.08636,0.00639,0,0
3546,2,C,0,0.01592,0.00291,0,0
3547,0,E,0,0.11378,0.02239,0,0
3548,0,A,0,0.01586,0.00221,0,0
3549,1,E,1,0.96367,0.99661,1,1
3550,4,E,0,0.03857,0.00389,0,0
3551,1,C,0,0.03367,0.00479,0,0
3552,1,B,1,0.91928,0.98829,1,1
3553,1,C,0,0.07071,0.00642,0,0
3554,2,B,0,0.09076,0.01106,0,0
3555,2,D,1,0.9599,0.99727,1,1
3556,4,C,0,0.0105,0.00248,0,0
3557,4,E,1,0.94714,0.9926,1,1
3558,3,C,1,0.9478,0.99384,1,1
3559,1,C,1,0.74126,0.89119,1,1
3560,0,D,1,0.99431,0.99723,1,1
3561,4,C,1,0.96074,0.99543,1,1
3562,2,E,1,0.90444,0.98873,1,1
3563,0,A,1,0.99307,0.99582,1,1
3564,0,E,1,0.6608,0.61143,1,1
3565,0,D,1,0.78808,0.87759,1,1
3566,2,E,0,0.00391,0.00232,0,0
3567,4,C,0,0.01848,0.0033,0,0
3568,0,D,1,0.91752,0.99733,1,1
3569,1,B,1,0.79439,0.97547,1,1
3570,0,D,1,0.88023,0.98251,1,1
3571,1,A,1,0.99069,0.99722,1,1
3572,4,B,0,0.0743,0.00412,0,0
3573,3,B,0,0.09431,0.01218,0,0
3574,2,B,0,0.24754,0.15672,0,0
3575,0,B,1,0.98908,0.99699,1,1
3576,1,D,1,0.94941,0.99761,1,1
3577,4,B,1,0.90042,0.99218,1,1
3578,0,D,0,0.04408,0.00499,0,0
3579,2,A,1,0.99385,0.99678,1,1
3580,2,D,0,0.02615,0.00471,0,0
3581,0,D,0,0.04669,0.00453,0,0
3582,1,B,0,0.05287,0.01352,0,0
3583,4,D,0,0.02099,0.00322,0,0
3584,2,E,0,0.05441,0.00398,0,0
3585,4,D,0,0.02393,0.00228,0,0
3586,4,B,1,0.96542,0.99344,1,1
3587,1,C,1,0.98954,0.99685,1,1
3588,1,D,0,0.02262,0.00334,0,0
3589,0,B,1,0.96048,0.99644,1,1
3590,2,D,1,0.99207,0.99667,1,1
3591,2,B,0,0.02782,0.00152,0,0
3592,1,D,1,0.62638,0.84819,1,1
3593,1,A,1,0.99351,0.99748,1,1
3594,1,A,0,0.20276,0.04353,0,0
3595,0,E,1,0.95265,0.99545,1,1
3596,2,E,1,0.96575,0.98642,1,1
3597,0,E,1,0.77478,0.78907,1,1
3598,4,E,1,0.90048,0.99558,1,1
3599,0,B,1,0.95043,0.9966,1,1
3600,0,B,1,0.9603,0.99286,1,1
3601,4,A,0,0.06459,0.02135,0,0
3602,2,C,1,0.90745,0.99174,1,1
3603,0,A,1,0.99063,0.99765,1,1
3604,3,E,0,0.70723,0.94192,1,1
3605,2,A,0,0.01148,0.00214,0,0
3606,3,A,0,0.0789,0.00157,0,0
3607,3,A,0,0.43425,0.48794,0,0
3608,0,A,1,0.83004,0.97321,1,1
3609,2,A,1,0.62656,0.98447,1,1
3610,3,D,0,0.02007,0.004,0,0
3611,4,B,1,0.64866,0.87936,1,1
3612,3,C,1,0.90883,0.99591,1,1
3613,1,E,0,0.21319,0.00242,0,0
3614,1,C,1,0.99816,0.99732,1,1
3615,2,D,1,0.95807,0.9853,1,1
3616,0,B,0,0.05492,0.01497,0,0
3617,3,A,1,0.98188,0.9928,1,1
3618,3,B,1,0.75341,0.61156,1,1
3619,2,E,1,0.60415,0.30132,1,0
3620,3,C,1,0.8736,0.94276,1,1
3621,4,B,1,0.91881,0.99128,1,1
3622,0,C,1,0.98653,0.99506,1,1
3623,0,D,1,0.93947,0.99526,1,1
3624,0,D,1,0.99189,0.99663,1,1
3625,0,C,0,0.00701,0.00254,0,0
3626,1,E,1,0.90206,0.98717,1,1
3627,2,D,1,0.99749,0.99704,1,1
3628,4,C,1,0.99225,0.99693,1,1
3629,2,A,1,0.99957,0.99742,1,1
3630,0,A,0,0.01343,0.00485,0,0
3631,0,E,1,0.95358,0.98512,1,1
3632,3,C,0,0.1344,0.02077,0,0
3633,3,B,1,0.45229,0.34259,0,0
3634,2,C,0,0.01697,0.00328,0,0
3635,4,A,1,0.99289,0.99725,1,1
3636,1,D,1,0.97898,0.99474,1,1
3637,2,A,1,0.9986,0.99777,1,1
3638,0,D,0,0.43328,0.08217,0,0
3639,3,C,1,0.99101,0.99695,1,1
3640,2,B,0,0.24063,0.08859,0,0
3641,4,A,0,0.01867,0.0025,0,0
3642,3,D,1,0.96848,0.99589,1,1
3643,2,A,1,0.97645,0.99676,1,1
3644,3,A,0,0.07498,0.00245,0,0
3645,2,D,1,0.93464,0.99489,1,1
3646,4,B,1,0.91496,0.99555,1,1
3647,1,B,0,0.05775,0.01325,0,0
3648,0,A,1,0.59178,0.97101,1,1
3649,3,E,0,0.00959,0.00371,0,0
3650,4,B,0,0.17599,0.01955,0,0
3651,1,A,1,0.89789,0.97412,1,1
3652,0,B,1,0.89337,0.9894,1,1
3653,3,A,0,0.00649,0.00455,0,0
3654,1,B,1,0.87301,0.99099,1,1
3655,4,A,0,0.03555,0.00245,0,0
3656,3,A,1,0.96614,0.99264,1,1
3657,4,B,0,0.11584,0.00282,0,0
3658,3,E,1,0.97193,0.99763,1,1
3659,1,A,0,0.01297,0.00307,0,0
3660,2,A,0,0.0172,0.00356,0,0
3661,4,E,1,0.96556,0.99625,1,1
3662,4,E,0,0.76463,0.89977,1,1
3663,0,D,1,0.99267,0.99687,1,1
3664,3,A,1,0.95926,0.99276,1,1
3665,3,B,0,0.0081,0.00308,0,0
3666,3,A,1,0.99492,0.99601,1,1
3667,0,A,1,0.99998,0.99691,1,1
3668,3,B,1,0.95403,0.99636,1,1
3669,4,C,0,0.01634,0.00254,0,0
3670,2,B,1,0.93721,0.99198,1,1
3671,3,C,1,0.99576,0.99689,1,1
3672,2,B,1,0.96494,0.99396,1,1
3673,0,B,0,0.08359,0.00567,0,0
3674,0,D,1,0.87297,0.99687,1,1
3675,1,E,1,0.89928,0.98945,1,1
3676,1,B,0,0.01321,0.00556,0,0
3677,0,C,0,0.05439,0.00555,0,0
3678,3,B,0,0.20778,0.15742,0,0
3679,2,A,0,0.48583,0.2924,0,0
3680,2,D,0,0.01706,0.00337,0,0
3681,4,A,0,0.13384,0.01456,0,0
3682,2,B,0,0.02122,0.00229,0,0
3683,2,C,1,0.44084,0.5656,0,1
3684,4,A,1,0.96532,0.99078,1,1
3685,1,A,1,0.99995,0.99678,1,1
3686,2,B,0,0.0368,0.00286,0,0
3687,0,E,0,0.07232,0.01362,0,0
3688,0,C,1,0.98351,0.99752,1,1
3689,3,B,0,0.21263,0.03325,0,0
3690,4,A,0,0.00736,0.00248,0,0
3691,4,C,0,0.00751,0.00333,0,0
3692,0,A,0,0.03266,0.004,0,0
3693,4,C,1,0.98989,0.99744,1,1
3694,3,D,1,0.96952,0.99639,1,1
3695,0,B,0,0.01481,0.00474,0,0
3696,1,B,0,0.3017,0.03604,0,0
3697,0,A,1,0.5297,0.80661,1,1
3698,3,A,1,0.96127,0.99617,1,1
3699,0,B,1,0.87925,0.99352,1,1
3700,0,E,0,0.00549,0.00259,0,0
3701,0,A,1,0.9774,0.99454,1,1
3702,0,C,0,0.00666,0.00189,0,0
3703,2,D,1,0.99833,0.99708,1,1
3704,0,A,1,0.98584,0.99756,1,1
3705,1,A,0,0.0254,0.00266,0,0
3706,4,B,0,0.08152,0.00898,0,0
3707,3,D,1,0.92329,0.99334,1,1
3708,1,B,1,0.8124,0.97229,1,1
3709,0,D,1,0.74335,0.99737,1,1
3710,4,E,0,0.02119,0.00606,0,0
3711,4,D,0,0.06532,0.00946,0,0
3712,3,E,1,0.99657,0.99723,1,1
3713,3,D,1,0.99809,0.99738,1,1
3714,4,E,0,0.00468,0.00935,0,0
3715,4,D,1,0.97953,0.99727,1,1
3716,0,D,0,0.02543,0.00348,0,0
3717,4,D,1,0.98315,0.99769,1,1
3718,4,E,0,0.44115,0.17231,0,0
3719,4,C,0,0.43275,0.27236,0,0
3720,3,C,1,1.0,0.9973,1,1
3721,0,C,0,0.00192,0.00255,0,0
3722,4,E,0,0.01482,0.00333,0,0
3723,2,B,1,0.84114,0.99242,1,1
3724,1,D,0,0.23891,0.21357,0,0
3725,0,D,0,0.01428,0.00263,0,0
3726,1,E,0,0.00381,0.00439,0,0
3727,0,A,1,0.21672,0.12849,0,0
3728,0,D,0,0.00707,0.00257,0,0
3729,0,D,1,0.959,0.99531,1,1
3730,1,E,1,0.99114,0.99508,1,1
3731,1,E,1,0.67067,0.92363,1,1
3732,4,C,0,0.00411,0.00244,0,0
3733,0,C,1,0.92731,0.98562,1,1
3734,3,A,0,0.04725,0.00433,0,0
3735,2,E,0,0.48142,0.80393,0,1
3736,0,B,0,0.03995,0.00649,0,0
3737,0,D,1,0.98213,0.997,1,1
3738,2,D,1,0.84581,0.93353,1,1
3739,0,B,0,0.03145,0.00372,0,0
3740,4,A,1,0.67929,0.86869,1,1
3741,3,A,0,0.03848,0.00271,0,0
3742,2,E,0,0.07338,0.00306,0,0
3743,3,C,0,0.02531,0.00337,0,0
3744,1,A,0,0.00333,0.00292,0,0
3745,1,D,1,0.99649,0.996,1,1
3746,1,B,1,0.87624,0.9888,1,1
3747,1,E,1,0.88139,0.96665,1,1
3748,0,B,0,0.11332,0.06638,0,0
3749,4,A,0,0.04231,0.00868,0,0
3750,0,A,0,0.01445,0.00281,0,0
3751,3,C,1,0.97948,0.9977,1,1
3752,1,C,1,0.98692,0.99723,1,1
3753,4,D,1,0.98625,0.99631,1,1
3754,0,C,1,0.99935,0.99732,1,1
3755,4,B,0,0.17306,0.02405,0,0
3756,0,B,1,0.83882,0.97418,1,1
3757,2,B,1,0.83904,0.95943,1,1
3758,0,E,1,0.96473,0.99661,1,1
3759,3,A,1,0.99146,0.9969,1,1
3760,1,E,1,0.92473,0.98922,1,1
3761,3,B,0,0.01208,0.00409,0,0
3762,2,A,1,0.99038,0.99749,1,1
3763,1,A,0,0.03057,0.00417,0,0
3764,1,A,0,0.03724,0.0177,0,0
3765,4,D,0,0.02475,0.00627,0,0
3766,3,C,1,0.97926,0.9963,1,1
3767,3,B,0,0.23561,0.09425,0,0
3768,3,D,1,0.85988,0.97449,1,1
3769,3,C,0,0.01555,0.00314,0,0
3770,0,E,1,0.91294,0.99398,1,1
3771,2,E,0,0.00763,0.00328,0,0
3772,4,D,0,0.03492,0.00452,0,0
3773,3,D,0,0.00965,0.00397,0,0
3774,2,D,0,0.00394,0.00276,0,0
3775,2,C,1,0.62475,0.81213,1,1
3776,3,D,0,0.03083,0.02087,0,0
3777,1,A,1,0.97079,0.99327,1,1
3778,1,D,1,0.99697,0.99732,1,1
3779,4,E,1,0.9921,0.99614,1,1
3780,3,A,1,0.96177,0.99682,1,1
3781,3,D,0,0.0549,0.00515,0,0
3782,3,E,0,0.12666,0.00682,0,0
3783,4,A,1,0.99338,0.99776,1,1
3784,0,C,1,0.84572,0.99626,1,1
3785,4,E,0,0.02483,0.00242,0,0
3786,3,E,0,0.0046,0.00192,0,0
3787,0,A,1,0.98865,0.99608,1,1
3788,0,B,1,0.9283,0.99462,1,1
3789,1,D,1,0.98265,0.9979,1,1
3790,0,A,0,0.03687,0.00274,0,0
3791,1,B,0,0.38038,0.38466,0,0
3792,3,A,1,0.97948,0.99604,1,1
3793,3,A,1,0.99937,0.99706,1,1
3794,3,C,1,0.95611,0.99337,1,1
3795,2,D,1,0.994,0.99766,1,1
3796,1,C,1,0.99563,0.99733,1,1
3797,2,D,1,0.9313,0.99222,1,1
3798,4,B,0,0.2205,0.19603,0,0
3799,4,B,0,0.09266,0.0213,0,0
3800,4,A,1,0.99611,0.99763,1,1
3801,4,A,1,0.99428,0.99723,1,1
3802,4,B,1,0.5242,0.53747,1,1
3803,3,A,1,0.99449,0.99725,1,1
3804,1,A,1,0.99517,0.99771,1,1
3805,0,A,0,0.05686,0.00232,0,0
3806,4,D,1,0.95247,0.99743,1,1
3807,0,C,0,0.00506,0.00215,0,0
3808,3,E,0,0.15905,0.05773,0,0
3809,3,D,0,0.01166,0.00359,0,0
3810,2,C,0,0.0234,0.00426,0,0
3811,4,A,0,0.01943,0.00305,0,0
3812,3,C,0,0.01,0.00416,0,0
3813,1,A,1,0.97773,0.99438,1,1
3814,1,B,0,0.19704,0.11515,0,0
3815,0,B,1,0.89294,0.98461,1,1
3816,3,B,0,0.03939,0.0031,0,0
3817,0,B,1,0.92692,0.99541,1,1
3818,4,D,1,0.98811,0.99719,1,1
3819,3,D,1,0.9849,0.99692,1,1
3820,2,D,0,0.09549,0.00869,0,0
3821,0,C,1,0.98052,0.99668,1,1
3822,4,C,0,0.03907,0.00241,0,0
3823,1,A,1,0.54279,0.86398,1,1
3824,4,D,0,0.14249,0.00905,0,0
3825,0,C,1,0.98141,0.9967,1,1
3826,4,B,0,0.27784,0.20443,0,0
3827,2,B,0,0.10498,0.0063,0,0
3828,1,E,1,0.92161,0.99432,1,1
3829,0,C,1,0.9985,0.99744,1,1
3830,1,C,0,0.08526,0.00455,0,0
3831,3,C,0,0.01174,0.003,0,0
3832,0,B,0,0.06165,0.01597,0,0
3833,2,C,0,0.05741,0.01012,0,0
3834,2,B,1,0.94409,0.99207,1,1
3835,4,B,1,0.97349,0.99623,1,1
3836,0,D,0,0.27199,0.18294,0,0
3837,4,A,1,0.99984,0.99732,1,1
3838,4,D,1,0.99011,0.99733,1,1
3839,0,B,1,0.67317,0.9459,1,1
3840,2,D,1,0.87763,0.99177,1,1
3841,1,C,1,0.96481,0.99521,1,1
3842,3,D,1,0.97597,0.99648,1,1
3843,4,C,1,0.66878,0.46726,1,0
3844,2,E,0,0.02062,0.00359,0,0
3845,3,C,1,0.97757,0.99628,1,1
3846,3,D,1,0.98969,0.99697,1,1
3847,2,D,1,0.80506,0.89135,1,1
3848,0,A,1,0.9887,0.99728,1,1
3849,4,B,1,0.97725,0.99541,1,1
3850,3,B,0,0.05796,0.00719,0,0
3851,2,B,1,0.94817,0.99666,1,1
3852,3,B,1,0.94916,0.99599,1,1
3853,3,B,1,0.92738,0.99293,1,1
3854,0,C,0,0.01189,0.00285,0,0
3855,3,A,1,0.96988,0.99714,1,1
3856,0,D,1,0.98603,0.99716,1,1
3857,0,B,1,0.87904,0.96973,1,1
3858,2,D,0,0.03923,0.00789,0,0
3859,0,A,1,0.99798,0.99691,1,1
3860,0,C,1,0.84842,0.95466,1,1
3861,1,A,0,0.00125,0.00342,0,0
3862,4,D,0,0.0113,0.0036,0,0
3863,3,B,0,0.09739,0.00375,0,0
3864,4,E,0,0.01496,0.0026,0,0
3865,4,B,1,0.9227,0.99173,1,1
3866,3,C,1,0.84639,0.97824,1,1
3867,4,B,0,0.42163,0.32515,0,0
3868,1,C,0,0.02152,0.0024,0,0
3869,4,C,1,0.82704,0.92251,1,1
3870,1,B,1,0.93263,0.99687,1,1
3871,2,A,1,0.77361,0.96888,1,1
3872,4,A,0,0.02115,0.00293,0,0
3873,0,A,1,0.98938,0.99748,1,1
3874,1,E,1,0.9759,0.9968,1,1
3875,4,B,1,0.82827,0.99484,1,1
3876,0,A,0,0.01182,0.00258,0,0
3877,0,E,0,0.06362,0.02315,0,0
3878,2,A,0,0.05947,0.01711,0,0
3879,4,B,0,0.01178,0.00282,0,0
3880,1,D,0,0.0189,0.00448,0,0
3881,2,E,0,0.00785,0.00264,0,0
3882,2,D,1,0.98038,0.99699,1,1
3883,0,C,1,0.97312,0.99591,1,1
3884,0,E,1,0.9649,0.99177,1,1
3885,3,A,1,0.70352,0.95775,1,1
3886,2,E,0,0.00731,0.00267,0,0
3887,4,D,1,0.94868,0.99529,1,1
3888,4,E,1,0.88568,0.94994,1,1
3889,4,B,1,0.95337,0.99066,1,1
3890,4,A,1,0.99548,0.99761,1,1
3891,0,D,1,0.98187,0.99659,1,1
3892,0,C,0,0.01116,0.00287,0,0
3893,3,C,0,0.04612,0.02431,0,0
3894,4,E,0,0.03924,0.01678,0,0
3895,2,C,0,0.01533,0.00321,0,0
3896,3,B,1,0.73606,0.92192,1,1
3897,2,B,0,0.13209,0.03516,0,0
3898,3,A,0,0.22791,0.29926,0,0
3899,3,A,1,0.97398,0.99692,1,1
3900,1,A,1,0.97489,0.99712,1,1
3901,0,D,1,0.98617,0.99692,1,1
3902,3,D,1,0.99307,0.9961,1,1
3903,0,C,1,0.70826,0.6677,1,1
3904,0,B,0,0.21796,0.09049,0,0
3905,2,D,1,0.73152,0.53856,1,1
3906,0,D,0,0.11672,0.04223,0,0
3907,1,E,1,0.88626,0.94671,1,1
3908,3,C,1,0.9913,0.99704,1,1
3909,3,D,0,0.02303,0.0028,0,0
3910,4,C,0,0.0114,0.00318,0,0
3911,4,C,1,0.98577,0.99746,1,1
3912,4,E,0,0.00874,0.00281,0,0
3913,2,B,1,0.88839,0.99321,1,1
3914,3,B,1,0.92393,0.99358,1,1
3915,1,B,1,0.83567,0.98131,1,1
3916,0,C,1,0.9676,0.99543,1,1
3917,1,C,1,0.97956,0.99674,1,1
3918,4,D,0,0.65478,0.2505,1,0
3919,1,B,1,0.9448,0.99649,1,1
3920,4,A,1,0.78558,0.96951,1,1
3921,2,E,1,0.75003,0.65264,1,1
3922,2,B,0,0.06246,0.02321,0,0
3923,3,E,0,0.01272,0.0034,0,0
3924,2,A,1,0.99293,0.99749,1,1
3925,0,C,0,0.01736,0.00191,0,0
3926,1,C,1,0.94633,0.98702,1,1
3927,0,D,1,0.65759,0.58302,1,1
3928,4,A,0,0.06205,0.00417,0,0
3929,1,E,1,0.90025,0.99085,1,1
3930,3,C,0,0.00198,0.00332,0,0
3931,4,C,0,0.03297,0.00377,0,0
3932,0,C,1,0.97809,0.99714,1,1
3933,1,A,1,0.84402,0.99238,1,1
3934,2,C,1,0.99503,0.99735,1,1
3935,2,B,0,0.01652,0.00254,0,0
3936,1,B,0,0.20766,0.01138,0,0
3937,0,C,0,0.02402,0.00294,0,0
3938,1,C,1,0.9358,0.99349,1,1
3939,2,A,0,0.0557,0.00175,0,0
3940,0,A,1,0.96595,0.9887,1,1
3941,2,A,1,0.95102,0.99219,1,1
3942,4,A,0,0.02522,0.00314,0,0
3943,4,C,1,0.87469,0.94388,1,1
3944,1,A,0,0.05545,0.00417,0,0
3945,2,E,1,0.97465,0.99615,1,1
3946,2,A,1,0.99401,0.99748,1,1
3947,2,A,0,0.06075,0.01264,0,0
3948,2,E,0,0.00945,0.0025,0,0
3949,4,B,0,0.27834,0.21147,0,0
3950,2,B,0,0.01457,0.00612,0,0
3951,3,E,1,0.99169,0.99726,1,1
3952,0,E,0,0.11847,0.01256,0,0
3953,0,D,0,0.0553,0.00337,0,0
3954,0,A,0,0.00833,0.00302,0,0
3955,2,C,0,0.01677,0.00318,0,0
3956,0,E,0,0.01182,0.00237,0,0
3957,0,E,0,0.04214,0.00276,0,0
3958,2,A,0,0.46765,0.60929,0,1
3959,2,B,1,0.88175,0.97955,1,1
3960,4,B,1,0.48631,0.6836,0,1
3961,2,A,1,0.99101,0.99741,1,1
3962,3,D,1,0.9397,0.99188,1,1
3963,2,B,1,0.83552,0.90891,1,1
3964,4,B,1,0.99436,0.99711,1,1
3965,0,A,1,0.9544,0.98054,1,1
3966,0,C,0,0.01536,0.00254,0,0
3967,3,A,0,0.03116,0.00503,0,0
3968,3,B,0,0.25581,0.00874,0,0
3969,4,A,0,0.01132,0.00361,0,0
3970,2,E,1,0.98232,0.99719,1,1
3971,4,A,0,0.0303,0.00254,0,0
3972,1,C,1,0.75471,0.90444,1,1
3973,3,A,1,0.96438,0.99697,1,1
3974,4,A,1,0.98928,0.99752,1,1
3975,1,A,0,0.02244,0.00252,0,0
3976,3,A,1,0.8773,0.99151,1,1
3977,0,A,1,0.98917,0.99755,1,1
3978,0,C,0,0.5045,0.63212,1,1
3979,4,D,0,0.05965,0.00477,0,0
3980,1,A,0,0.00918,0.0025,0,0
3981,2,B,1,0.74948,0.90825,1,1
3982,1,C,1,0.78153,0.90573,1,1
3983,1,A,1,0.98727,0.99646,1,1
3984,3,B,0,0.06912,0.00839,0,0
3985,1,A,1,0.98992,0.99696,1,1
3986,4,A,0,0.05581,0.00364,0,0
3987,2,C,1,0.97771,0.99698,1,1
3988,3,E,0,0.01769,0.00331,0,0
3989,2,E,1,0.92017,0.98875,1,1
3990,1,E,0,0.02803,0.00232,0,0
3991,0,B,1,0.87767,0.98379,1,1
3992,2,A,0,0.01104,0.00338,0,0
3993,1,B,0,0.01821,0.00258,0,0
3994,4,A,1,0.98557,0.99704,1,1
3995,3,A,1,0.94402,0.9926,1,1
3996,3,A,1,0.99775,0.99697,1,1
3997,2,C,1,0.98379,0.99636,1,1
3998,1,B,1,0.94134,0.99658,1,1
3999,0,A,0,0.0594,0.00531,0,0
4000,1,D,0,0.01032,0.00266,0,0
4001,2,B,0,0.04015,0.00229,0,0
4002,1,E,1,0.9574,0.99315,1,1
4003,4,A,1,0.98765,0.99601,1,1
4004,4,C,0,0.00415,0.00274,0,0
4005,0,A,0,0.04267,0.00291,0,0
4006,0,C,0,0.29158,0.24717,0,0
4007,3,A,1,0.99627,0.99759,1,1
4008,0,A,0,0.04104,0.00354,0,0
4009,3,C,0,0.01834,0.00192,0,0
4010,4,B,1,0.5693,0.80902,1,1
4011,2,A,0,0.04138,0.00228,0,0
4012,4,E,1,0.95971,0.99772,1,1
4013,4,A,1,0.82215,0.88274,1,1
4014,3,C,0,0.05214,0.00834,0,0
4015,1,C,1,0.96971,0.99617,1,1
4016,0,B,1,0.93187,0.98407,1,1
4017,0,C,1,0.99884,0.99722,1,1
4018,4,A,0,0.16206,0.05446,0,0
4019,4,D,1,0.98254,0.99705,1,1
4020,1,A,1,0.99209,0.99766,1,1
4021,0,A,1,0.97135,0.99403,1,1
4022,2,B,1,0.87623,0.95317,1,1
4023,4,E,1,0.88914,0.98879,1,1
4024,1,D,0,0.0473,0.00349,0,0
4025,3,E,1,0.93413,0.99056,1,1
4026,2,D,1,0.95695,0.96587,1,1
4027,2,D,1,0.9753,0.99666,1,1
4028,3,C,0,0.0519,0.00506,0,0
4029,0,E,1,0.61895,0.75534,1,1
4030,0,C,1,0.98923,0.99695,1,1
4031,3,B,0,0.01075,0.00261,0,0
4032,4,C,0,0.021,0.00282,0,0
4033,3,C,1,0.97753,0.99386,1,1
4034,0,A,1,0.99116,0.99767,1,1
4035,3,B,0,0.01623,0.00344,0,0
4036,2,B,0,0.03707,0.00874,0,0
4037,4,D,1,0.95625,0.99504,1,1
4038,3,B,1,0.82036,0.95213,1,1
4039,2,D,0,0.01048,0.00458,0,0
4040,2,B,1,0.97816,0.99734,1,1
4041,2,D,1,0.87913,0.85626,1,1
4042,4,A,0,0.02528,0.00238,0,0
4043,4,E,1,0.99254,0.99648,1,1
4044,0,C,0,0.38177,0.20236,0,0
4045,3,B,0,0.01916,0.00373,0,0
4046,4,A,0,0.42208,0.36545,0,0
4047,3,B,1,0.95848,0.99378,1,1
4048,2,B,1,0.70695,0.91434,1,1
4049,2,D,1,0.97704,0.99754,1,1
4050,4,E,0,0.51233,0.25653,1,0
4051,1,D,0,0.02155,0.00347,0,0
4052,0,C,0,0.05588,0.01233,0,0
4053,1,B,0,0.03179,0.00389,0,0
4054,2,D,1,0.99359,0.99536,1,1
4055,4,D,1,0.98161,0.997,1,1
4056,3,B,0,0.01522,0.00297,0,0
4057,2,E,0,0.00942,0.00248,0,0
4058,4,B,0,0.62464,0.75816,1,1
4059,3,D,1,0.97721,0.99639,1,1
4060,2,E,1,0.98393,0.99419,1,1
4061,3,D,0,0.11052,0.01548,0,0
4062,1,A,0,0.12106,0.05274,0,0
4063,4,C,0,0.03703,0.0033,0,0
4064,2,A,1,0.97909,0.99735,1,1
4065,1,D,1,0.99363,0.9971,1,1
4066,1,B,1,0.97764,0.99533,1,1
4067,3,D,0,0.52851,0.34707,1,0
4068,0,E,1,0.80713,0.81835,1,1
4069,4,A,0,0.01905,0.00238,0,0
4070,1,B,0,0.02582,0.00378,0,0
4071,1,C,1,0.96453,0.99469,1,1
4072,0,B,0,0.07814,0.00854,0,0
4073,2,A,0,0.06152,0.0029,0,0
4074,4,A,0,0.0115,0.00325,0,0
4075,2,B,0,0.05706,0.00739,0,0
4076,4,C,1,0.98943,0.99692,1,1
4077,2,C,1,0.88676,0.98198,1,1
4078,4,A,1,0.99699,0.99777,1,1
4079,2,C,1,0.97515,0.99578,1,1
4080,4,B,0,0.15321,0.00777,0,0
4081,1,B,1,0.62764,0.86555,1,1
4082,1,D,0,0.27981,0.11786,0,0
4083,4,B,1,0.863,0.99421,1,1
4084,1,C,1,0.95568,0.99201,1,1
4085,2,E,0,0.0463,0.00549,0,0
4086,1,C,0,0.03103,0.01498,0,0
4087,3,C,0,0.63605,0.76476,1,1
4088,2,A,0,0.03192,0.01156,0,0
4089,4,A,0,0.04629,0.00313,0,0
4090,0,A,0,0.00536,0.00323,0,0
4091,2,D,1,0.98689,0.99714,1,1
4092,4,D,0,0.01112,0.00318,0,0
4093,4,A,0,0.68921,0.8572,1,1
4094,2,A,1,0.98751,0.99725,1,1
4095,2,B,0,0.04669,0.00314,0,0
4096,4,C,1,0.99233,0.99618,1,1
4097,1,C,1,0.98999,0.99737,1,1
4098,0,D,1,0.98433,0.99499,1,1
4099,4,E,1,0.97611,0.99673,1,1
4100,0,B,0,0.48747,0.49769,0,0
4101,1,D,1,0.84413,0.88647,1,1
4102,1,C,1,0.99335,0.99518,1,1
4103,4,B,1,0.63243,0.92254,1,1
4104,0,E,1,0.98581,0.99612,1,1
4105,0,A,1,0.99188,0.99741,1,1
4106,0,D,1,0.95143,0.99535,1,1
4107,2,D,0,0.00728,0.00196,0,0
4108,2,E,0,0.0417,0.00575,0,0
4109,4,C,1,0.99583,0.99693,1,1
4110,2,B,0,0.00571,0.00228,0,0
4111,0,D,0,0.01068,0.00276,0,0
4112,4,D,1,0.98965,0.99771,1,1
4113,0,C,1,0.97737,0.99791,1,1
4114,2,D,1,0.70714,0.8028,1,1
4115,4,B,1,0.86738,0.98154,1,1
4116,1,C,0,0.00708,0.00362,0,0
4117,2,E,0,0.55869,0.09694,1,0
4118,0,B,0,0.00994,0.00232,0,0
4119,3,C,0,0.01612,0.00477,0,0
4120,3,E,1,0.96431,0.99409,1,1
4121,2,D,0,0.03587,0.0043,0,0
4122,1,E,1,0.91018,0.9967,1,1
4123,0,B,0,0.58358,0.72205,1,1
4124,3,E,0,0.00652,0.00266,0,0
4125,3,A,0,0.04264,0.00252,0,0
4126,3,C,1,0.77762,0.98814,1,1
4127,2,C,1,0.99119,0.99668,1,1
4128,3,D,1,0.98416,0.99645,1,1
4129,0,E,0,0.26142,0.05189,0,0
4130,1,D,1,0.98992,0.99773,1,1
4131,2,C,0,0.03236,0.00662,0,0
4132,2,B,1,0.8678,0.99458,1,1
4133,1,C,0,0.51487,0.05849,1,0
4134,0,C,1,0.98976,0.99724,1,1
4135,4,A,1,0.99276,0.99769,1,1
4136,4,C,1,0.82833,0.84247,1,1
4137,4,E,0,0.07572,0.00428,0,0
4138,4,D,0,0.02974,0.00364,0,0
4139,4,D,0,0.00242,0.00295,0,0
4140,4,B,0,0.15282,0.09312,0,0
4141,0,C,0,0.01161,0.00246,0,0
4142,4,A,1,0.99517,0.9973,1,1
4143,3,B,0,0.03817,0.0015,0,0
4144,2,C,0,0.02138,0.00352,0,0
4145,0,B,0,0.05491,0.00733,0,0
4146,1,A,1,0.53726,0.95915,1,1
4147,4,D,0,0.02464,0.00458,0,0
4148,1,B,0,0.75558,0.96314,1,1
4149,3,B,0,0.23599,0.21461,0,0
4150,1,A,0,0.03511,0.00321,0,0
4151,2,C,1,0.98894,0.99723,1,1
4152,3,B,0,0.06322,0.02459,0,0
4153,1,C,0,0.01539,0.00332,0,0
4154,1,C,0,0.01279,0.00324,0,0
4155,2,A,1,0.98016,0.99748,1,1
4156,3,E,0,0.02568,0.00271,0,0
4157,3,A,1,0.97976,0.99729,1,1
4158,1,C,1,0.98252,0.99731,1,1
4159,2,A,0,0.01849,0.00524,0,0
4160,3,C,0,0.07385,0.0054,0,0
4161,1,B,1,0.80998,0.97994,1,1
4162,0,E,0,0.06946,0.01442,0,0
4163,0,B,0,0.0132,0.0026,0,0
4164,0,C,1,0.92359,0.99666,1,1
4165,2,A,1,0.97308,0.99757,1,1
4166,3,A,1,0.99226,0.9968,1,1
4167,1,B,1,0.43386,0.32614,0,0
4168,3,C,0,0.18115,0.0598,0,0
4169,2,C,0,0.01208,0.00383,0,0
4170,1,E,1,0.51979,0.73474,1,1
4171,0,D,1,0.7336,0.93596,1,1
4172,4,E,0,0.04302,0.00296,0,0
4173,0,B,1,0.7782,0.96341,1,1
4174,3,D,1,0.97008,0.99663,1,1
4175,4,C,1,0.97893,0.99658,1,1
4176,0,C,1,0.95299,0.99238,1,1
4177,3,E,1,0.94333,0.99472,1,1
4178,0,D,0,0.02971,0.00607,0,0
4179,1,E,0,0.77801,0.83054,1,1
4180,3,D,0,0.02739,0.0044,0,0
4181,1,A,1,0.99332,0.99732,1,1
4182,3,D,1,0.97365,0.99677,1,1
4183,0,C,1,0.9851,0.99666,1,1
4184,0,E,1,0.92332,0.99651,1,1
4185,0,D,0,0.57734,0.48242,1,0
4186,3,A,0,0.48835,0.84289,0,1
4187,1,A,1,0.99729,0.99727,1,1
4188,1,A,0,0.00962,0.00166,0,0
4189,2,C,1,0.95524,0.99082,1,1
4190,2,A,1,0.85523,0.98567,1,1
4191,4,D,1,0.99421,0.99654,1,1
4192,1,C,0,0.007,0.00416,0,0
4193,1,D,0,0.20692,0.01352,0,0
4194,4,B,1,0.75659,0.95835,1,1
4195,4,C,1,0.92491,0.98143,1,1
4196,2,A,1,0.99687,0.9973,1,1
4197,0,E,0,0.01888,0.00284,0,0
4198,4,A,1,0.84482,0.98627,1,1
4199,3,A,1,0.98824,0.99522,1,1
4200,1,A,0,0.0128,0.00267,0,0
4201,1,D,1,0.92424,0.99569,1,1
4202,2,A,0,0.35606,0.2225,0,0
4203,2,C,0,0.0152,0.00496,0,0
4204,4,D,0,0.0106,0.00321,0,0
4205,2,D,0,0.00758,0.00265,0,0
4206,0,A,0,0.12141,0.00917,0,0
4207,2,A,0,0.06799,0.00343,0,0
4208,4,B,1,0.61919,0.92324,1,1
4209,1,A,1,0.99164,0.99734,1,1
4210,0,D,1,0.81692,0.97514,1,1
4211,1,B,0,0.26734,0.03208,0,0
4212,1,B,0,0.19981,0.03434,0,0
4213,3,A,0,0.24666,0.11045,0,0
4214,3,C,1,0.86107,0.99443,1,1
4215,3,A,0,0.14598,0.02491,0,0
4216,4,D,0,0.06408,0.00654,0,0
4217,0,A,1,0.99209,0.99781,1,1
4218,0,E,1,0.992,0.99709,1,1
4219,1,D,0,0.00908,0.00375,0,0
4220,2,A,1,0.64165,0.86569,1,1
4221,3,A,0,0.06419,0.04051,0,0
4222,2,B,0,0.01285,0.00243,0,0
4223,1,A,1,0.99099,0.99751,1,1
4224,4,A,0,0.07114,0.00412,0,0
4225,4,E,0,0.0568,0.00335,0,0
4226,1,C,0,0.02199,0.00372,0,0
4227,1,A,0,0.04065,0.00327,0,0
4228,3,C,0,0.02398,0.00235,0,0
4229,0,B,0,0.08699,0.03617,0,0
4230,4,E,1,0.96401,0.98904,1,1
4231,3,A,1,0.96281,0.9917,1,1
4232,0,D,0,0.09751,0.02711,0,0
4233,3,D,1,0.98268,0.99685,1,1
4234,3,A,0,0.00898,0.00257,0,0
4235,0,A,0,0.0114,0.00437,0,0
4236,3,B,0,0.05942,0.00403,0,0
4237,3,E,1,0.94703,0.99322,1,1
4238,0,C,1,0.98901,0.99692,1,1
4239,3,D,0,0.03531,0.00315,0,0
4240,4,D,1,0.99202,0.99712,1,1
4241,3,D,0,0.37499,0.44585,0,0
4242,4,C,0,0.0573,0.003,0,0
4243,2,C,1,0.99122,0.99698,1,1
4244,3,D,1,0.96126,0.99657,1,1
4245,1,B,1,0.71963,0.96817,1,1
4246,1,E,0,0.00969,0.00352,0,0
4247,4,A,1,0.99812,0.99754,1,1
4248,2,A,1,0.60204,0.85742,1,1
4249,4,D,1,0.98124,0.99692,1,1
4250,0,B,0,0.16074,0.07956,0,0
4251,1,A,0,0.04401,0.00594,0,0
4252,1,A,1,0.9857,0.99564,1,1
4253,4,C,0,0.08949,0.00952,0,0
4254,3,D,1,0.98426,0.99771,1,1
4255,3,A,1,0.97014,0.99783,1,1
4256,1,A,1,0.99842,0.99737,1,1
4257,2,C,1,0.975,0.99732,1,1
4258,4,E,1,0.97029,0.99574,1,1
4259,4,B,0,0.15773,0.08495,0,0
4260,3,E,0,0.13363,0.05818,0,0
4261,3,E,0,0.28519,0.17042,0,0
4262,1,B,1,0.91279,0.9919,1,1
4263,3,D,1,0.97424,0.99597,1,1
4264,0,D,0,0.02271,0.0025,0,0
4265,2,C,0,0.06265,0.00463,0,0
4266,4,B,0,0.23517,0.05371,0,0
4267,0,D,1,0.96833,0.99531,1,1
4268,1,D,1,0.96849,0.99698,1,1
4269,2,D,0,0.05948,0.00359,0,0
4270,3,E,0,0.83916,0.97334,1,1
4271,2,C,1,0.98767,0.99752,1,1
4272,1,D,1,0.98766,0.99559,1,1
4273,3,E,0,0.43197,0.69336,0,1
4274,2,A,0,0.02717,0.00618,0,0
4275,2,A,1,0.98777,0.99668,1,1
4276,2,B,0,0.13169,0.01121,0,0
4277,1,E,1,0.93772,0.99489,1,1
4278,0,B,1,0.87775,0.98605,1,1
4279,1,D,1,0.99132,0.99746,1,1
4280,2,A,1,0.80667,0.96822,1,1
4281,0,B,0,0.0873,0.00275,0,0
4282,2,C,1,0.91389,0.99217,1,1
4283,0,A,1,0.97705,0.99521,1,1
4284,1,E,1,0.94451,0.99674,1,1
4285,2,A,0,0.18174,0.12769,0,0
4286,4,E,1,0.9172,0.98407,1,1
4287,0,A,0,0.01059,0.00265,0,0
4288,3,E,0,0.00848,0.00301,0,0
4289,1,C,0,0.022,0.00721,0,0
4290,1,A,0,0.03166,0.00316,0,0
4291,3,A,1,0.99807,0.99763,1,1
4292,1,A,1,0.90434,0.90698,1,1
4293,3,C,1,0.98724,0.99688,1,1
4294,2,D,1,0.9776,0.99801,1,1
4295,4,B,0,0.02706,0.00329,0,0
4296,0,B,0,0.16794,0.09875,0,0
4297,3,C,0,0.00771,0.00235,0,0
4298,1,C,0,0.42113,0.12266,0,0
4299,4,D,1,0.83374,0.99164,1,1
4300,1,C,0,0.03707,0.01099,0,0
4301,0,D,1,0.86682,0.98236,1,1
4302,0,E,0,0.11413,0.03759,0,0
4303,3,B,0,0.03,0.00499,0,0
4304,1,A,1,0.98755,0.99771,1,1
4305,4,A,1,0.99651,0.99749,1,1
4306,3,C,1,0.98972,0.9955,1,1
4307,3,B,0,0.28786,0.03497,0,0
4308,2,E,1,0.94386,0.99424,1,1
4309,3,C,1,0.97749,0.99671,1,1
4310,1,C,1,0.93624,0.99158,1,1
4311,0,D,0,0.02717,0.00322,0,0
4312,0,B,0,0.05857,0.00329,0,0
4313,3,D,0,0.0218,0.00421,0,0
4314,0,A,1,0.99276,0.99493,1,1
4315,1,C,0,0.00882,0.00294,0,0
4316,3,E,0,0.01668,0.00321,0,0
4317,3,D,0,0.01923,0.00356,0,0
4318,3,E,0,0.00955,0.0025,0,0
4319,4,B,0,0.03673,0.00476,0,0
4320,1,D,1,0.98173,0.98878,1,1
4321,0,C,0,0.0108,0.00253,0,0
4322,0,C,0,0.15654,0.03709,0,0
4323,1,A,0,0.0433,0.00298,0,0
4324,4,A,1,0.66094,0.96554,1,1
4325,1,C,0,0.59625,0.63089,1,1
4326,0,A,0,0.18161,0.07908,0,0
4327,1,D,0,0.02628,0.00798,0,0
4328,4,D,0,0.48705,0.6483,0,1
4329,4,E,1,0.86877,0.99093,1,1
4330,4,A,1,0.9929,0.99744,1,1
4331,1,E,0,0.8063,0.9661,1,1
4332,1,A,1,0.99941,0.99754,1,1
4333,0,C,1,0.9949,0.99675,1,1
4334,0,D,1,0.85111,0.98286,1,1
4335,0,A,1,0.99219,0.99603,1,1
4336,1,A,1,0.95984,0.98742,1,1
4337,1,A,1,0.99301,0.99689,1,1
4338,1,C,1,0.98739,0.99701,1,1
4339,2,D,1,0.99629,0.99721,1,1
4340,2,A,1,0.594,0.39498,1,0
4341,0,A,1,0.59226,0.94021,1,1
4342,2,C,1,0.98388,0.99666,1,1
4343,4,A,0,0.05761,0.00282,0,0
4344,0,D,0,0.01121,0.00302,0,0
4345,4,E,1,0.97206,0.99498,1,1
4346,2,D,1,0.98778,0.99754,1,1
4347,3,E,0,0.01644,0.00226,0,0
4348,1,C,1,0.9882,0.99728,1,1
4349,0,D,0,0.0113,0.00265,0,0
4350,0,A,0,0.02201,0.00329,0,0
4351,1,A,1,0.97766,0.99455,1,1
4352,3,D,0,0.41201,0.29777,0,0
4353,3,A,1,0.98761,0.99604,1,1
4354,3,E,0,0.01523,0.00328,0,0
4355,0,D,0,0.0399,0.00743,0,0
4356,2,E,0,0.03956,0.00594,0,0
4357,4,B,1,0.94763,0.99399,1,1
4358,2,C,0,0.01757,0.00476,0,0
4359,2,D,0,0.00483,0.00329,0,0
4360,2,A,1,0.9043,0.99164,1,1
4361,1,C,1,0.99243,0.99676,1,1
4362,0,D,1,0.79351,0.97557,1,1
4363,1,E,1,0.98572,0.99532,1,1
4364,3,D,1,0.86605,0.98715,1,1
4365,1,A,0,0.01344,0.00246,0,0
4366,3,C,1,0.95978,0.95808,1,1
4367,1,C,0,0.00553,0.00357,0,0
4368,1,A,0,0.0263,0.03797,0,0
4369,2,B,0,0.02203,0.00311,0,0
4370,4,B,0,0.53514,0.84759,1,1
4371,1,A,1,0.99797,0.99681,1,1
4372,2,C,1,0.95349,0.99635,1,1
4373,2,A,0,0.01783,0.00307,0,0
4374,2,C,1,0.85773,0.93772,1,1
4375,4,A,0,0.01821,0.00242,0,0
4376,3,D,0,0.16769,0.02141,0,0
4377,3,A,1,0.98085,0.99724,1,1
4378,1,E,1,0.98106,0.99679,1,1
4379,2,A,0,0.02076,0.00245,0,0
4380,4,C,0,0.01321,0.003,0,0
4381,4,B,0,0.10144,0.02562,0,0
4382,0,A,1,0.99758,0.99746,1,1
4383,3,C,0,0.04813,0.00379,0,0
4384,0,D,1,0.50233,0.30316,1,0
4385,4,E,0,0.00441,0.00172,0,0
4386,4,B,0,0.37885,0.05778,0,0
4387,1,A,1,0.8201,0.81568,1,1
4388,0,D,1,0.98968,0.99517,1,1
4389,4,C,1,0.99076,0.99574,1,1
4390,2,A,0,0.01498,0.00272,0,0
4391,2,D,0,0.01424,0.00311,0,0
4392,2,C,0,0.01982,0.00558,0,0
4393,1,D,0,0.56786,0.75351,1,1
4394,0,B,1,0.98585,0.99683,1,1
4395,3,B,0,0.01038,0.00443,0,0
4396,1,A,1,0.99921,0.9962,1,1
4397,3,D,1,0.98833,0.99732,1,1
4398,3,A,0,0.09785,0.00424,0,0
4399,3,D,1,0.18494,0.0369,0,0
4400,1,D,1,0.24139,0.09899,0,0
4401,3,D,1,0.93287,0.99509,1,1
4402,3,A,0,0.01812,0.00224,0,0
4403,4,B,1,0.48649,0.67625,0,1
4404,1,C,0,0.21902,0.19376,0,0
4405,0,C,1,0.99315,0.99769,1,1
4406,4,E,0,0.00965,0.00274,0,0
4407,2,B,0,0.02294,0.00159,0,0
4408,1,E,1,0.97673,0.99608,1,1
4409,2,A,1,0.98015,0.9973,1,1
4410,0,B,1,0.81561,0.88988,1,1
4411,3,A,0,0.08645,0.00566,0,0
4412,2,D,0,0.00583,0.00371,0,0
4413,1,A,0,0.01004,0.00376,0,0
4414,3,B,1,0.66421,0.82254,1,1
4415,1,D,1,0.49323,0.3636,0,0
4416,2,C,0,0.06878,0.00839,0,0
4417,4,A,1,0.99871,0.9975,1,1
4418,3,A,0,0.04273,0.00597,0,0
4419,3,C,0,0.01388,0.00897,0,0
4420,3,B,0,0.02939,0.01663,0,0
4421,2,A,1,0.86281,0.87879,1,1
4422,1,C,1,0.99459,0.99717,1,1
4423,2,A,0,0.02198,0.00421,0,0
4424,0,C,0,0.03457,0.00262,0,0
4425,3,B,1,0.97607,0.99507,1,1
4426,3,A,1,0.99427,0.99721,1,1
4427,3,A,0,0.00956,0.00228,0,0
4428,4,A,0,0.00731,0.00303,0,0
4429,3,A,1,0.98593,0.9968,1,1
4430,3,B,0,0.10456,0.01006,0,0
4431,0,E,1,0.99006,0.99715,1,1
4432,1,D,0,0.01055,0.00338,0,0
4433,4,B,1,0.84876,0.97974,1,1
4434,2,C,0,0.009,0.0041,0,0
4435,3,C,0,0.514,0.37281,1,0
4436,3,D,1,0.98576,0.9967,1,1
4437,1,A,1,0.75016,0.68429,1,1
4438,4,B,1,0.78736,0.90865,1,1
4439,0,B,1,0.70031,0.88186,1,1
4440,2,A,1,0.98207,0.99644,1,1
4441,4,B,0,0.03372,0.01958,0,0
4442,1,E,1,0.98356,0.99737,1,1
4443,1,E,1,0.97237,0.99671,1,1
4444,0,A,0,0.03757,0.00354,0,0
4445,1,C,1,0.97947,0.99754,1,1
4446,3,B,0,0.05122,0.00296,0,0
4447,3,C,0,0.00574,0.0045,0,0
4448,0,C,1,0.9402,0.98887,1,1
4449,0,A,1,0.98685,0.99668,1,1
4450,2,D,0,0.01038,0.00197,0,0
4451,2,E,0,0.00974,0.0031,0,0
4452,0,D,0,0.29659,0.07595,0,0
4453,4,D,1,0.95081,0.99606,1,1
4454,1,C,1,0.96351,0.99497,1,1
4455,1,B,0,0.12958,0.00349,0,0
4456,3,A,0,0.02129,0.00269,0,0
4457,4,C,1,0.98784,0.99734,1,1
4458,4,A,1,0.99404,0.99628,1,1
4459,1,D,1,0.98493,0.99687,1,1
4460,1,B,0,0.00567,0.00245,0,0
4461,3,B,0,0.02599,0.01035,0,0
4462,3,B,0,0.11978,0.02069,0,0
4463,4,E,1,0.99226,0.99651,1,1
4464,2,A,0,0.06589,0.00373,0,0
4465,2,A,1,0.99771,0.9972,1,1
4466,2,A,0,0.04003,0.00345,0,0
4467,0,D,1,0.99274,0.99751,1,1
4468,4,E,1,0.94857,0.99299,1,1
4469,1,A,1,0.62689,0.78087,1,1
4470,1,E,1,0.8493,0.97493,1,1
4471,4,B,0,0.195,0.06887,0,0
4472,4,C,1,0.80198,0.84151,1,1
4473,4,A,1,0.99829,0.99736,1,1
4474,2,C,1,0.94149,0.98588,1,1
4475,1,D,1,0.99789,0.99747,1,1
4476,0,C,0,0.01599,0.00259,0,0
4477,4,A,0,0.06677,0.00313,0,0
4478,1,D,0,0.02542,0.00354,0,0
4479,4,E,1,0.90047,0.99489,1,1
4480,1,C,1,0.995,0.99611,1,1
4481,0,C,1,0.89051,0.97889,1,1
4482,3,D,0,0.00988,0.00355,0,0
4483,3,A,1,0.41472,0.49116,0,0
4484,3,E,1,0.98465,0.99655,1,1
4485,4,B,1,0.92342,0.99264,1,1
4486,0,D,0,0.05103,0.00418,0,0
4487,4,A,0,0.01119,0.00311,0,0
4488,0,B,0,0.09029,0.00789,0,0
4489,4,C,1,0.98755,0.99697,1,1
4490,0,C,0,0.012,0.00255,0,0
4491,3,E,1,0.50727,0.15633,1,0
4492,3,E,1,0.87954,0.98426,1,1
4493,4,A,0,0.00789,0.00269,0,0
4494,1,B,0,0.18971,0.02832,0,0
4495,3,B,0,0.08085,0.01307,0,0
4496,4,C,0,0.05041,0.00916,0,0
4497,1,C,1,0.98113,0.99742,1,1
4498,0,E,1,0.95607,0.99518,1,1
4499,1,D,1,0.88719,0.97339,1,1
4500,3,A,0,0.03596,0.00228,0,0
4501,4,C,1,0.89412,0.9899,1,1
4502,1,C,1,0.42092,0.04427,0,0
4503,4,C,1,0.99534,0.9968,1,1
4504,3,A,0,0.00913,0.00221,0,0
4505,1,B,0,0.03509,0.00321,0,0
4506,2,B,1,0.53749,0.7076,1,1
4507,2,A,1,0.80351,0.95395,1,1
4508,1,D,0,0.11031,0.0203,0,0
4509,2,B,1,0.96911,0.99758,1,1
4510,4,C,1,0.95539,0.9956,1,1
4511,2,C,1,0.98305,0.99724,1,1
4512,0,E,0,0.01895,0.00372,0,0
4513,2,A,0,0.0133,0.00358,0,0
4514,3,A,0,0.17311,0.0042,0,0
4515,4,B,0,0.15854,0.02655,0,0
4516,2,B,0,0.08931,0.01497,0,0
4517,1,B,0,0.11611,0.08829,0,0
4518,3,D,0,0.30222,0.15654,0,0
4519,0,A,0,0.02358,0.00345,0,0
4520,4,A,1,0.42834,0.89252,0,1
4521,1,B,0,0.02239,0.00528,0,0
4522,2,D,1,0.9216,0.99451,1,1
4523,0,E,0,0.01701,0.00265,0,0
4524,4,D,1,0.95323,0.99645,1,1
4525,4,C,0,0.03046,0.00416,0,0
4526,2,D,0,0.043,0.01134,0,0
4527,4,D,0,0.0261,0.00263,0,0
4528,1,A,0,0.00956,0.00371,0,0
4529,2,C,1,0.99378,0.99748,1,1
4530,3,D,0,0.29973,0.19339,0,0
4531,3,B,0,0.04754,0.0188,0,0
4532,0,D,1,0.98938,0.99607,1,1
4533,3,C,1,0.99156,0.99549,1,1
4534,4,C,0,0.01155,0.00268,0,0
4535,1,A,1,0.99721,0.99741,1,1
4536,0,D,0,0.06378,0.00736,0,0
4537,3,E,0,0.02489,0.0027,0,0
4538,4,A,1,0.97974,0.99598,1,1
4539,1,B,1,0.87128,0.98572,1,1
4540,1,A,0,0.02616,0.00569,0,0
4541,1,A,0,0.04037,0.00312,0,0
4542,2,E,0,0.01154,0.00119,0,0
4543,3,C,1,0.75944,0.78785,1,1
4544,3,B,1,0.79938,0.97492,1,1
4545,4,B,0,0.01832,0.00303,0,0
4546,4,E,1,0.73976,0.97094,1,1
4547,0,B,0,0.18842,0.09084,0,0
4548,0,D,1,0.89532,0.96309,1,1
4549,4,B,1,0.95427,0.99636,1,1
4550,0,A,1,0.99641,0.99726,1,1
4551,0,D,1,0.99386,0.99754,1,1
4552,2,A,1,0.98134,0.99716,1,1
4553,3,D,0,0.31834,0.03922,0,0
4554,4,B,0,0.02852,0.00463,0,0
4555,2,D,1,0.95457,0.9974,1,1
4556,3,D,1,0.98544,0.99637,1,1
4557,2,D,0,0.01375,0.00353,0,0
4558,1,A,1,0.42909,0.81879,0,1
4559,0,D,0,0.03359,0.00618,0,0
4560,2,E,0,0.09224,0.0055,0,0
4561,1,A,0,0.01235,0.00285,0,0
4562,2,B,0,0.1112,0.0252,0,0
4563,1,D,1,0.99254,0.99692,1,1
4564,3,A,1,0.97996,0.99593,1,1
4565,3,D,1,0.98286,0.99667,1,1
4566,4,D,1,0.9904,0.99654,1,1
4567,0,A,1,0.99603,0.99712,1,1
4568,2,C,1,0.91395,0.99365,1,1
4569,4,C,0,0.01026,0.00407,0,0
4570,1,B,0,0.08836,0.01427,0,0
4571,0,E,0,0.02358,0.00381,0,0
4572,4,A,1,0.99038,0.99783,1,1
4573,3,B,1,0.92184,0.99307,1,1
4574,3,D,1,0.9877,0.99743,1,1
4575,2,A,0,0.0079,0.00238,0,0
4576,4,D,1,0.90903,0.98803,1,1
4577,3,A,0,0.02789,0.00259,0,0
4578,0,C,1,0.89254,0.98651,1,1
4579,4,A,0,0.05511,0.00234,0,0
4580,4,D,1,0.97437,0.99729,1,1
4581,2,D,1,0.92545,0.9505,1,1
4582,3,D,1,0.91941,0.99009,1,1
4583,2,E,0,0.03691,0.00295,0,0
4584,2,D,0,0.0738,0.00252,0,0
4585,1,D,1,0.99507,0.99765,1,1
4586,0,C,0,0.05939,0.0062,0,0
4587,4,E,1,0.99282,0.99635,1,1
4588,2,C,0,0.03948,0.00264,0,0
4589,0,E,0,0.54634,0.60292,1,1
4590,3,A,0,0.08236,0.01061,0,0
4591,1,C,1,0.99135,0.9974,1,1
4592,3,D,0,0.03988,0.00667,0,0
4593,2,A,0,0.03215,0.00363,0,0
4594,4,A,1,0.95596,0.98549,1,1
4595,3,E,0,0.89212,0.93112,1,1
4596,0,B,0,0.08303,0.00558,0,0
4597,4,A,1,0.99563,0.99774,1,1
4598,2,B,0,0.0415,0.00351,0,0
4599,3,B,1,0.94152,0.99201,1,1
4600,0,C,1,0.98372,0.99717,1,1
4601,2,E,0,0.0258,0.00206,0,0
4602,3,E,1,0.71557,0.94367,1,1
4603,2,D,1,0.98826,0.99759,1,1
4604,3,D,0,0.39079,0.17895,0,0
4605,4,B,1,0.89668,0.97118,1,1
4606,4,E,0,0.01871,0.0031,0,0
4607,3,A,1,0.99503,0.9965,1,1
4608,4,A,0,0.0533,0.00375,0,0
4609,3,E,1,0.98919,0.99585,1,1
4610,2,E,0,0.09105,0.00203,0,0
4611,1,B,1,0.68286,0.87605,1,1
4612,2,D,0,0.04249,0.00275,0,0
4613,2,C,0,0.01013,0.00432,0,0
4614,4,B,1,0.7852,0.97922,1,1
4615,4,B,0,0.01281,0.00242,0,0
4616,4,A,1,0.99195,0.99728,1,1
4617,2,C,0,0.05626,0.00852,0,0
4618,3,B,1,0.67304,0.89985,1,1
4619,3,C,0,0.07199,0.01213,0,0
4620,0,A,1,0.99709,0.99671,1,1
4621,3,E,1,0.98111,0.99481,1,1
4622,3,C,1,0.87501,0.99614,1,1
4623,3,E,0,0.01771,0.00293,0,0
4624,0,A,1,0.10924,0.00209,0,0
4625,2,C,1,0.98263,0.99696,1,1
4626,1,D,0,0.02799,0.0056,0,0
4627,3,B,0,0.30054,0.00283,0,0
4628,3,A,1,0.95335,0.99666,1,1
4629,3,B,0,0.10373,0.0075,0,0
4630,2,B,1,0.73229,0.85745,1,1
4631,0,B,0,0.18971,0.03853,0,0
4632,4,B,1,0.97955,0.99684,1,1
4633,4,B,1,0.64219,0.94002,1,1
4634,0,C,0,0.0474,0.00816,0,0
4635,2,A,0,0.06249,0.04262,0,0
4636,4,B,0,0.07243,0.00997,0,0
4637,1,D,1,0.91905,0.98361,1,1
4638,3,A,0,0.03106,0.00232,0,0
4639,3,A,1,0.98914,0.99655,1,1
4640,0,A,1,0.98943,0.99738,1,1
4641,0,A,0,0.00716,0.00238,0,0
4642,2,C,1,0.96365,0.99638,1,1
4643,3,A,0,0.03153,0.00198,0,0
4644,1,B,1,0.71058,0.84623,1,1
4645,4,E,1,0.74454,0.7486,1,1
4646,3,E,0,0.0152,0.00332,0,0
4647,3,A,1,0.70847,0.58337,1,1
4648,0,B,1,0.98651,0.99714,1,1
4649,3,C,0,0.01875,0.00402,0,0
4650,2,D,0,0.02768,0.00327,0,0
4651,4,D,1,0.99873,0.99759,1,1
4652,0,A,1,0.71261,0.95089,1,1
4653,1,A,1,0.99808,0.9973,1,1
4654,1,B,0,0.04957,0.00932,0,0
4655,0,E,1,0.98608,0.99674,1,1
4656,2,E,0,0.03518,0.00363,0,0
4657,0,A,0,0.10125,0.05413,0,0
4658,0,C,1,0.79985,0.9073,1,1
4659,1,A,0,0.03187,0.00392,0,0
4660,0,D,1,0.98502,0.99684,1,1
4661,1,E,1,0.97529,0.99515,1,1
4662,4,C,1,0.98064,0.9942,1,1
4663,2,A,0,0.13715,0.01384,0,0
4664,2,C,1,0.96771,0.99602,1,1
4665,3,B,1,0.75535,0.99132,1,1
4666,3,D,1,0.79558,0.94224,1,1
4667,4,B,0,0.03178,0.00451,0,0
4668,3,E,1,0.8829,0.96482,1,1
4669,4,B,1,0.8712,0.99197,1,1
4670,2,A,1,0.97578,0.99606,1,1
4671,3,B,1,0.96507,0.99519,1,1
4672,1,A,0,0.01211,0.00295,0,0
4673,2,B,0,0.24089,0.08687,0,0
4674,4,D,1,0.96806,0.9971,1,1
4675,3,A,1,0.94204,0.99155,1,1
4676,4,A,0,0.00937,0.00264,0,0
4677,1,A,1,0.97289,0.99131,1,1
4678,2,A,1,0.98466,0.99756,1,1
4679,4,E,1,0.78803,0.97302,1,1
4680,1,E,1,0.88545,0.98763,1,1
4681,3,A,0,0.04036,0.00223,0,0
4682,3,D,0,0.11446,0.01303,0,0
4683,0,D,1,0.98304,0.99685,1,1
4684,3,E,0,0.02468,0.00253,0,0
4685,4,B,0,0.54289,0.91773,1,1
4686,1,B,0,0.12325,0.00791,0,0
4687,4,C,1,0.68977,0.90131,1,1
4688,4,E,0,0.009,0.00236,0,0
4689,1,D,1,0.98633,0.99774,1,1
4690,1,C,0,0.05827,0.02471,0,0
4691,3,A,1,0.99076,0.9967,1,1
4692,2,D,0,0.39261,0.11365,0,0
4693,2,E,1,0.9851,0.9971,1,1
4694,0,B,0,0.03789,0.00586,0,0
4695,4,D,1,0.84391,0.99244,1,1
4696,4,B,0,0.10986,0.00776,0,0
4697,4,C,1,0.9905,0.99726,1,1
4698,2,C,1,0.98311,0.99725,1,1
4699,3,D,0,0.01988,0.00352,0,0
4700,3,E,1,0.98502,0.99389,1,1
4701,2,B,1,0.95975,0.99644,1,1
4702,0,B,0,0.1178,0.02239,0,0
4703,4,B,1,0.80897,0.98573,1,1
4704,0,A,0,0.02763,0.00381,0,0
4705,1,B,0,0.02337,0.00492,0,0
4706,1,A,0,0.03128,0.00379,0,0
4707,2,B,0,0.03705,0.00687,0,0
4708,3,A,1,0.99075,0.99632,1,1
4709,3,B,1,0.96961,0.99652,1,1
4710,2,D,0,0.01414,0.00455,0,0
4711,1,A,1,0.94525,0.99663,1,1
4712,4,C,0,0.02882,0.00266,0,0
4713,1,E,1,0.92509,0.99697,1,1
4714,2,C,1,0.98015,0.99766,1,1
4715,0,A,1,0.99988,0.99752,1,1
4716,1,B,0,0.00587,0.00266,0,0
4717,1,C,1,0.98206,0.99683,1,1
4718,2,C,1,0.94669,0.99567,1,1
4719,2,A,1,0.96921,0.99464,1,1
4720,1,B,1,0.93338,0.99717,1,1
4721,2,C,1,0.98787,0.99666,1,1
4722,1,B,0,0.0464,0.01086,0,0
4723,1,C,0,0.01022,0.00247,0,0
4724,2,A,0,0.01374,0.00329,0,0
4725,1,B,0,0.30457,0.19756,0,0
4726,0,D,0,0.09956,0.0041,0,0
4727,1,B,0,0.01757,0.0027,0,0
4728,0,C,0,0.45597,0.23865,0,0
4729,3,B,1,0.64004,0.808,1,1
4730,1,B,1,0.98302,0.99531,1,1
4731,3,E,0,0.00988,0.0035,0,0
4732,2,B,1,0.72097,0.91706,1,1
4733,2,A,1,0.99141,0.99719,1,1
4734,2,E,0,0.0233,0.00776,0,0
4735,2,D,1,0.79832,0.93408,1,1
4736,4,D,1,0.89802,0.97755,1,1
4737,2,A,1,0.99875,0.99756,1,1
4738,3,A,1,0.67338,0.96192,1,1
4739,2,C,1,0.95038,0.98427,1,1
4740,3,A,1,0.99486,0.99713,1,1
4741,3,A,0,0.22598,0.06934,0,0
4742,1,D,0,0.15661,0.02501,0,0
4743,2,B,1,0.85038,0.9893,1,1
4744,4,A,1,0.99993,0.99758,1,1
4745,4,A,1,0.99299,0.99746,1,1
4746,2,B,0,0.09687,0.00889,0,0
4747,3,C,0,0.00968,0.00252,0,0
4748,2,E,0,0.12086,0.00638,0,0
4749,4,A,0,0.01597,0.00245,0,0
4750,3,A,1,0.78418,0.95734,1,1
4751,2,C,0,0.01482,0.00435,0,0
4752,1,B,1,0.92302,0.99413,1,1
4753,3,C,0,0.10056,0.00809,0,0
4754,4,E,0,0.01182,0.00336,0,0
4755,0,C,0,0.03815,0.0057,0,0
4756,1,B,0,0.00653,0.00214,0,0
4757,4,E,0,0.01651,0.00526,0,0
4758,1,A,0,0.02372,0.0044,0,0
4759,3,E,0,0.07341,0.01706,0,0
4760,4,C,0,0.02001,0.00451,0,0
4761,3,C,0,0.09036,0.01772,0,0
4762,1,E,0,0.07338,0.01337,0,0
4763,4,C,0,0.08406,0.00961,0,0
4764,2,B,0,0.05613,0.00759,0,0
4765,2,B,0,0.04934,0.00505,0,0
4766,1,D,1,0.97995,0.99696,1,1
4767,1,C,0,0.03813,0.0065,0,0
4768,4,A,0,0.06958,0.01278,0,0
4769,2,D,1,0.91041,0.99418,1,1
4770,3,C,1,0.98938,0.99629,1,1
4771,3,B,1,0.43085,0.57537,0,1
4772,2,A,1,0.9539,0.99686,1,1
4773,2,B,0,0.09385,0.00278,0,0
4774,1,A,1,0.99313,0.99744,1,1
4775,1,A,1,0.80979,0.90283,1,1
4776,3,B,1,0.91754,0.99093,1,1
4777,4,A,1,0.99996,0.99757,1,1
4778,3,B,0,0.02584,0.00231,0,0
4779,4,D,1,0.89818,0.95913,1,1
4780,3,B,1,0.94417,0.99692,1,1
4781,3,E,1,0.94458,0.99617,1,1
4782,3,E,0,0.01998,0.00176,0,0
4783,0,C,1,0.99673,0.99727,1,1
4784,1,E,0,0.01996,0.00335,0,0
4785,1,E,1,0.56404,0.18467,1,0
4786,1,B,0,0.00751,0.00259,0,0
4787,1,D,1,0.99995,0.99732,1,1
4788,1,A,1,0.96433,0.99683,1,1
4789,4,D,0,0.01601,0.00245,0,0
4790,2,C,1,0.99022,0.99716,1,1
4791,3,A,1,0.96437,0.99441,1,1
4792,1,B,1,0.58708,0.57692,1,1
4793,2,E,0,0.02891,0.00585,0,0
4794,0,B,0,0.08917,0.01493,0,0
4795,1,A,0,0.01694,0.00191,0,0
4796,0,A,1,0.97064,0.99759,1,1
4797,0,C,1,0.96685,0.99671,1,1
4798,1,D,1,0.98673,0.99728,1,1
4799,1,D,0,0.01231,0.00368,0,0
4800,0,B,0,0.08225,0.00453,0,0
4801,4,A,0,0.04126,0.00298,0,0
4802,0,A,0,0.00776,0.00255,0,0
4803,2,C,0,0.0157,0.00297,0,0
4804,4,D,0,0.02542,0.00281,0,0
4805,0,D,1,0.9589,0.98714,1,1
4806,3,B,0,0.64674,0.71779,1,1
4807,4,C,1,0.9904,0.99736,1,1
4808,4,B,0,0.05454,0.01758,0,0
4809,0,C,0,0.00877,0.00299,0,0
4810,1,C,1,0.99673,0.99707,1,1
4811,2,D,1,0.87608,0.94023,1,1
4812,1,C,1,0.98382,0.98983,1,1
4813,2,E,1,0.85636,0.97498,1,1
4814,3,B,0,0.20304,0.10926,0,0
4815,2,A,0,0.0168,0.0049,0,0
4816,3,A,0,0.02081,0.00267,0,0
4817,3,C,1,0.93054,0.9923,1,1
4818,1,C,0,0.0114,0.00305,0,0
4819,4,C,1,0.71235,0.96929,1,1
4820,1,D,1,0.47397,0.54026,0,1
4821,3,B,1,0.90275,0.92017,1,1
4822,4,D,1,0.96853,0.99682,1,1
4823,0,D,0,0.03044,0.00347,0,0
4824,3,B,0,0.02393,0.00202,0,0
4825,4,B,0,0.04553,0.00446,0,0
4826,0,A,1,0.97196,0.99384,1,1
4827,4,B,0,0.08816,0.01398,0,0
4828,1,D,0,0.12023,0.06383,0,0
4829,1,E,1,0.98247,0.9962,1,1
4830,4,C,0,0.018,0.00281,0,0
4831,3,B,1,0.88704,0.97938,1,1
4832,0,D,1,0.94011,0.99357,1,1
4833,4,D,1,0.99486,0.99732,1,1
4834,3,B,1,0.70379,0.87195,1,1
4835,4,D,1,0.96394,0.9956,1,1
4836,1,A,0,0.01885,0.00431,0,0
4837,3,A,1,0.98655,0.99728,1,1
4838,1,A,0,0.00585,0.00297,0,0
4839,1,A,0,0.42422,0.48448,0,0
4840,0,E,1,0.97117,0.99693,1,1
4841,1,B,0,0.01776,0.00301,0,0
4842,4,B,1,0.90714,0.9865,1,1
4843,4,B,0,0.08609,0.02209,0,0
4844,0,B,0,0.02267,0.00258,0,0
4845,4,B,0,0.22003,0.05257,0,0
4846,0,A,1,0.93443,0.99085,1,1
4847,0,D,0,0.45788,0.23872,0,0
4848,3,A,1,0.99495,0.99659,1,1
4849,1,D,0,0.05201,0.0074,0,0
4850,4,A,0,0.01743,0.00394,0,0
4851,0,D,0,0.01069,0.00219,0,0
4852,0,D,1,0.99733,0.9973,1,1
4853,2,A,1,0.99551,0.99675,1,1
4854,4,A,0,0.02103,0.0021,0,0
4855,3,E,0,0.01259,0.00589,0,0
4856,2,C,0,0.00497,0.00227,0,0
4857,4,C,0,0.04451,0.00443,0,0
4858,2,A,1,0.97668,0.99593,1,1
4859,0,B,0,0.2862,0.07733,0,0
4860,2,C,1,0.98425,0.99678,1,1
4861,3,E,1,0.86541,0.92742,1,1
4862,2,B,1,0.83648,0.9642,1,1
4863,2,D,0,0.03373,0.00254,0,0
4864,2,D,1,0.90638,0.99093,1,1
4865,4,A,1,0.98963,0.99625,1,1
4866,0,B,1,0.88658,0.989,1,1
4867,3,A,1,0.98014,0.99678,1,1
4868,4,B,0,0.05694,0.00272,0,0
4869,2,C,1,0.76435,0.70741,1,1
4870,0,B,1,0.93948,0.99568,1,1
4871,1,A,0,0.02127,0.00338,0,0
4872,0,D,1,0.9809,0.99629,1,1
4873,4,C,1,0.98647,0.99696,1,1
4874,3,C,0,0.02652,0.00268,0,0
4875,4,C,0,0.02388,0.0048,0,0
4876,1,A,1,0.97654,0.99724,1,1
4877,4,D,1,0.98252,0.99389,1,1
4878,1,B,1,0.89356,0.98514,1,1
4879,2,B,0,0.04044,0.0043,0,0
4880,2,A,1,0.99339,0.9978,1,1
4881,1,C,1,0.94975,0.99552,1,1
4882,3,C,0,0.36253,0.04601,0,0
4883,2,B,0,0.0457,0.00444,0,0
4884,0,E,1,0.98635,0.9942,1,1
4885,1,D,0,0.0787,0.0081,0,0
4886,4,A,0,0.01717,0.00266,0,0
4887,4,D,1,0.98946,0.99749,1,1
4888,1,B,1,0.75011,0.85949,1,1
4889,2,E,1,0.86516,0.90661,1,1
4890,0,A,1,0.46052,0.39594,0,0
4891,1,B,1,0.85648,0.99181,1,1
4892,4,B,1,0.98238,0.99759,1,1
4893,1,B,1,0.58265,0.5192,1,1
4894,3,D,1,0.92229,0.99351,1,1
4895,0,C,1,0.95275,0.99639,1,1
4896,0,A,1,0.99998,0.99703,1,1
4897,3,C,0,0.01473,0.00387,0,0
4898,2,E,1,0.8961,0.97812,1,1
4899,4,D,1,0.96969,0.99669,1,1
4900,1,C,1,0.97069,0.99437,1,1
4901,2,B,1,0.94747,0.98492,1,1
4902,2,A,1,0.97062,0.99329,1,1
4903,4,E,0,0.8446,0.94473,1,1
4904,4,D,1,0.98736,0.99755,1,1
4905,1,C,1,0.99885,0.99743,1,1
4906,2,E,1,0.94587,0.99399,1,1
4907,3,A,1,0.99574,0.99716,1,1
4908,1,D,0,0.58556,0.46972,1,0
4909,4,A,1,0.97043,0.99593,1,1
4910,0,A,1,0.98695,0.99595,1,1
4911,4,C,0,0.04828,0.00965,0,0
4912,1,B,1,0.52359,0.22224,1,0
4913,3,E,0,0.07019,0.01123,0,0
4914,4,B,1,0.87968,0.98444,1,1
4915,2,D,1,0.93915,0.99513,1,1
4916,1,D,0,0.00439,0.00372,0,0
4917,3,D,0,0.02048,0.00529,0,0
4918,3,E,0,0.03389,0.00488,0,0
4919,2,B,1,0.59876,0.95539,1,1
4920,3,B,1,0.92577,0.99364,1,1
4921,2,A,1,0.97748,0.99721,1,1
4922,2,B,0,0.01998,0.0029,0,0
4923,4,E,1,0.95775,0.99622,1,1
4924,3,C,1,0.99255,0.99652,1,1
4925,3,B,0,0.03688,0.00322,0,0
4926,1,A,0,0.00016,0.00376,0,0
4927,3,C,0,0.0078,0.00557,0,0
4928,0,D,1,0.75842,0.9759,1,1
4929,3,B,1,0.94354,0.98824,1,1
4930,4,D,1,0.99228,0.99779,1,1
4931,1,C,1,0.95731,0.99349,1,1
4932,4,D,1,0.9744,0.99785,1,1
4933,2,B,1,0.96185,0.99621,1,1
4934,1,C,0,0.00403,0.00369,0,0
4935,4,A,1,0.93617,0.99128,1,1
4936,3,B,1,0.84957,0.97228,1,1
4937,0,D,0,0.00804,0.00336,0,0
4938,3,C,0,0.01116,0.00406,0,0
4939,1,A,1,0.88136,0.99252,1,1
4940,2,E,1,0.95915,0.99602,1,1
4941,4,A,0,0.02709,0.00251,0,0
4942,2,C,1,0.99757,0.99741,1,1
4943,1,E,0,0.04493,0.00306,0,0
4944,1,C,0,0.08039,0.00236,0,0
4945,3,D,1,0.9468,0.97965,1,1
4946,0,C,0,0.07443,0.00521,0,0
4947,1,D,1,0.99465,0.99763,1,1
4948,0,D,1,0.9521,0.99789,1,1
4949,3,D,1,0.97777,0.99657,1,1
4950,1,A,1,0.99989,0.9975,1,1
4951,3,D,1,0.96798,0.99687,1,1
4952,4,A,0,0.05421,0.003,0,0
4953,4,E,1,0.96854,0.99807,1,1
4954,2,A,1,0.98413,0.99578,1,1
4955,0,A,1,0.99826,0.99726,1,1
4956,1,E,1,0.90255,0.9789,1,1
4957,0,A,0,0.52878,0.81988,1,1
4958,4,B,1,0.05365,0.01778,0,0
4959,0,D,1,0.99004,0.99752,1,1
4960,1,A,0,0.11487,0.00891,0,0
4961,0,A,1,0.99683,0.99609,1,1
4962,2,C,1,0.93217,0.99206,1,1
4963,4,A,1,0.92571,0.99585,1,1
4964,2,A,0,0.11967,0.00786,0,0
4965,1,A,1,0.99476,0.99684,1,1
4966,2,B,0,0.11474,0.00748,0,0
4967,2,B,1,0.88566,0.99694,1,1
4968,4,A,1,0.96815,0.98793,1,1
4969,2,C,1,0.96098,0.99592,1,1
4970,4,C,1,0.77412,0.91712,1,1
4971,1,A,1,0.99997,0.99553,1,1
4972,3,B,1,0.84989,0.97192,1,1
4973,1,E,0,0.01479,0.003,0,0
4974,0,C,1,0.99205,0.99711,1,1
4975,3,B,1,0.94478,0.99405,1,1
4976,2,C,1,0.9744,0.99455,1,1
4977,1,A,0,0.04698,0.00225,0,0
4978,0,D,1,0.95186,0.99464,1,1
4979,3,E,0,0.19265,0.01902,0,0
4980,1,E,0,0.04084,0.00377,0,0
4981,2,A,1,0.98086,0.99638,1,1
4982,2,B,0,0.14912,0.0919,0,0
4983,3,A,0,0.00918,0.00536,0,0
4984,0,B,1,0.96563,0.99374,1,1
4985,4,B,1,0.8156,0.9812,1,1
4986,3,C,1,0.26815,0.07863,0,0
4987,3,A,0,0.02853,0.00325,0,0
4988,2,E,1,0.99181,0.99663,1,1
4989,2,A,1,0.95555,0.98576,1,1
4990,0,A,0,0.00744,0.00255,0,0
4991,3,E,0,0.04273,0.00709,0,0
4992,1,D,0,0.04072,0.00948,0,0
4993,2,B,0,0.0482,0.0022,0,0
4994,2,C,1,0.79881,0.96919,1,1
4995,4,A,0,0.02072,0.00264,0,0
4996,1,A,0,0.05106,0.02432,0,0
4997,1,C,1,0.9894,0.99486,1,1
4998,2,B,0,0.00666,0.00232,0,0
4999,1,C,0,0.23873,0.29259,0,0
